[
  {
    "domain": "Event Management Software",
    "turns": [
      [
        "Hey, I'm looking for event management software; any suggestions for something in the $250 to $600 range?",
        {
          "name": null,
          "price_range": "$250 to $600",
          "features": null,
          "user_reviews": null,
          "support_level": null,
          "deployment_type": null,
          "integration_capabilities": null,
          "user_limit": null,
          "trial_availability": null,
          "setup_complexity": null,
          "data_security": null,
          "customization_options": null,
          "mobile_accessibility": null
        },
        "Sure! How about \"EventTrack\" or \"EventSphere\"? What features are you looking for?"
      ],
      [
        "I need exhibitor management and networking tools. Do those options have those features?",
        {
          "name": null,
          "price_range": "$250 to $600",
          "features": [
            "exhibitor management",
            "networking tools"
          ],
          "user_reviews": null,
          "support_level": null,
          "deployment_type": null,
          "integration_capabilities": null,
          "user_limit": null,
          "trial_availability": null,
          "setup_complexity": null,
          "data_security": null,
          "customization_options": null,
          "mobile_accessibility": null
        },
        "\"EventTrack\" has sponsorship management, but \"EventSphere\" has exhibitor management and networking tools. Would you like to know more about \"EventSphere\"?"
      ],
      [
        "Yes, please! What's the user review rating for \"EventSphere\"?",
        {
          "name": "EventSphere",
          "price_range": "$250 to $600",
          "features": [
            "exhibitor management",
            "networking tools"
          ],
          "user_reviews": null,
          "support_level": null,
          "deployment_type": null,
          "integration_capabilities": null,
          "user_limit": null,
          "trial_availability": null,
          "setup_complexity": null,
          "data_security": null,
          "customization_options": null,
          "mobile_accessibility": null
        },
        "\"EventSphere\" has a user review rating of 4.1. Does that work for you?"
      ],
      [
        "That sounds good! What level of customer support does it offer?",
        {
          "name": "EventSphere",
          "price_range": "$250 to $600",
          "features": [
            "exhibitor management",
            "networking tools"
          ],
          "user_reviews": 4.1,
          "support_level": null,
          "deployment_type": null,
          "integration_capabilities": null,
          "user_limit": null,
          "trial_availability": null,
          "setup_complexity": null,
          "data_security": null,
          "customization_options": null,
          "mobile_accessibility": null
        },
        "\"EventSphere\" offers basic support. Is that acceptable for your needs?"
      ],
      [
        "Yes, that's fine. What deployment type does it use?",
        {
          "name": "EventSphere",
          "price_range": "$$",
          "features": [
            "exhibitor management",
            "networking tools"
          ],
          "user_reviews": 4.1,
          "support_level": "basic",
          "deployment_type": null,
          "integration_capabilities": null,
          "user_limit": null,
          "trial_availability": null,
          "setup_complexity": null,
          "data_security": null,
          "customization_options": null,
          "mobile_accessibility": null
        },
        "\"EventSphere\" uses a hybrid deployment type. Does that meet your requirements?"
      ],
      [
        "Yes, it does! Can you tell me about its integration capabilities?",
        {
          "name": "EventSphere",
          "price_range": "$250 to $600",
          "features": [
            "exhibitor management",
            "networking tools"
          ],
          "user_reviews": 4.1,
          "support_level": "basic",
          "deployment_type": "hybrid",
          "integration_capabilities": null,
          "user_limit": null,
          "trial_availability": null,
          "setup_complexity": null,
          "data_security": null,
          "customization_options": null,
          "mobile_accessibility": null
        },
        "\"EventSphere\" integrates with HubSpot and Mailchimp. Would you like to proceed with this option?"
      ],
      [
        "That works for me! What's the maximum user limit for \"EventSphere\"?",
        {
          "name": "EventSphere",
          "price_range": "$250 to $600",
          "features": [
            "exhibitor management",
            "networking tools"
          ],
          "user_reviews": 4.1,
          "support_level": "basic",
          "deployment_type": "hybrid",
          "integration_capabilities": [
            "HubSpot",
            "Mailchimp"
          ],
          "user_limit": null,
          "trial_availability": null,
          "setup_complexity": null,
          "data_security": null,
          "customization_options": null,
          "mobile_accessibility": null
        },
        "\"EventSphere\" supports up to 1200 users. Are you ready to go with it?"
      ],
      [
        "Yes, I'm ready! Does it offer a free trial?",
        {
          "name": "EventSphere",
          "price_range": "$250 to $600",
          "features": [
            "exhibitor management",
            "networking tools"
          ],
          "user_reviews": 4.1,
          "support_level": "basic",
          "deployment_type": "hybrid",
          "integration_capabilities": [
            "HubSpot",
            "Mailchimp"
          ],
          "user_limit": 1200,
          "trial_availability": null,
          "setup_complexity": null,
          "data_security": null,
          "customization_options": null,
          "mobile_accessibility": null
        },
        "Yes, \"EventSphere\" offers a free trial. Would you like to finalize your choice?"
      ]
    ],
    "preferences_code": "```python\npreferences = EventManagementSoftwareCriteria(\n    name='EventSphere',\n    price_range='$250 - $600',\n    features=['Exhibitor Management', 'Networking Tools'],\n    user_reviews=4.0,\n    support_level='basic',\n    deployment_type='hybrid',\n    integration_capabilities=['HubSpot', 'Mailchimp'],\n    user_limit=1200,\n    trial_availability=True,\n    setup_complexity='medium',\n    data_security='basic',\n    customization_options=True,\n    mobile_accessibility=False,\n)\n```",
    "red_herrings_code": "```python\n# Global variable representing a list of similar Event Management Software examples\nsimilar_event_management_softwares = [\n    EventManagementSoftware(\n        name='EventMaster Pro',\n        price_range='$300 - $800',\n        features=['Sponsorship Management', 'Exhibitor Management', 'Ticketing'],\n        user_reviews=4.5,\n        support_level='premium',\n        deployment_type='cloud',\n        integration_capabilities=['HubSpot', 'Salesforce'],\n        user_limit=2000,\n        trial_availability=True,\n        setup_complexity='high',\n        data_security='enterprise',\n        customization_options=True,\n        mobile_accessibility=True,\n    ),\n    EventManagementSoftware(\n        name='EventTrack',\n        price_range='$200 - $700',\n        features=['Sponsorship Management'],\n        user_reviews=4.2,\n        support_level='standard',\n        deployment_type='cloud',\n        integration_capabilities=['HubSpot'],\n        user_limit=1000,\n        trial_availability=False,\n        setup_complexity='medium',\n        data_security='enhanced',\n        customization_options=False,\n        mobile_accessibility=True,\n    ),\n    EventManagementSoftware(\n        name='EventSphere',\n        price_range='$250 - $600',\n        features=['Exhibitor Management', 'Networking Tools'],\n        user_reviews=4.1,\n        support_level='basic',\n        deployment_type='hybrid',\n        integration_capabilities=['HubSpot', 'Mailchimp'],\n        user_limit=1200,\n        trial_availability=True,\n        setup_complexity='medium',\n        data_security='basic',\n        customization_options=True,\n        mobile_accessibility=False,\n    ),\n]\n```",
    "database_code": "```python\n# Global variable representing a list of Event Management Software examples\nevent_management_software_list = [\n    EventManagementSoftware(\n        name=\"EventPro\",\n        price_range=\"$100 - $500\",\n        features=[\"Registration\", \"Ticketing\", \"Analytics\"],\n        user_reviews=4.5,\n        support_level='premium',\n        deployment_type='cloud',\n        integration_capabilities=[\"Zoom\", \"Slack\"],\n        user_limit=1000,\n        trial_availability=True,\n        setup_complexity='low',\n        data_security='enhanced',\n        customization_options=True,\n        mobile_accessibility=True\n    ),\n    EventManagementSoftware(\n        name=\"PlanIt\",\n        price_range=\"$50 - $300\",\n        features=[\"Registration\", \"Check-in\", \"Feedback\"],\n        user_reviews=4.0,\n        support_level='standard',\n        deployment_type='cloud',\n        integration_capabilities=[\"Google Calendar\", \"MailChimp\"],\n        user_limit=500,\n        trial_availability=False,\n        setup_complexity='medium',\n        data_security='basic',\n        customization_options=False,\n        mobile_accessibility=True\n    ),\n    EventManagementSoftware(\n        name=\"Gather\",\n        price_range=\"$200 - $800\",\n        features=[\"Virtual Rooms\", \"Networking\", \"Live Polling\"],\n        user_reviews=4.8,\n        support_level='premium',\n        deployment_type='hybrid',\n        integration_capabilities=[\"Microsoft Teams\", \"Salesforce\"],\n        user_limit=2000,\n        trial_availability=True,\n        setup_complexity='high',\n        data_security='enterprise',\n        customization_options=True,\n        mobile_accessibility=True\n    ),\n    EventManagementSoftware(\n        name=\"Eventify\",\n        price_range=\"$0 - $100\",\n        features=[\"Basic Registration\", \"Email Notifications\"],\n        user_reviews=3.5,\n        support_level='basic',\n        deployment_type='cloud',\n        integration_capabilities=[\"Zapier\"],\n        user_limit=100,\n        trial_availability=True,\n        setup_complexity='low',\n        data_security='basic',\n        customization_options=False,\n        mobile_accessibility=False\n    ),\n    EventManagementSoftware(\n        name=\"Convene\",\n        price_range=\"$150 - $600\",\n        features=[\"Agenda Management\", \"Speaker Management\"],\n        user_reviews=4.2,\n        support_level='standard',\n        deployment_type='on-premise',\n        integration_capabilities=[\"Eventbrite\"],\n        user_limit=750,\n        trial_availability=False,\n        setup_complexity='medium',\n        data_security='enhanced',\n        customization_options=True,\n        mobile_accessibility=True\n    ),\n    EventManagementSoftware(\n        name=\"Symposium\",\n        price_range=\"$300 - $900\",\n        features=[\"Live Streaming\", \"Audience Engagement\"],\n        user_reviews=4.7,\n        support_level='premium',\n        deployment_type='cloud',\n        integration_capabilities=[\"YouTube\", \"Facebook Live\"],\n        user_limit=3000,\n        trial_availability=True,\n        setup_complexity='high',\n        data_security='enterprise',\n        customization_options=True,\n        mobile_accessibility=True\n    ),\n    EventManagementSoftware(\n        name=\"MeetHub\",\n        price_range=\"$100 - $400\",\n        features=[\"Virtual Check-in\", \"Feedback Collection\"],\n        user_reviews=4.1,\n        support_level='standard',\n        deployment_type='hybrid',\n        integration_capabilities=[\"Google Meet\", \"Trello\"],\n        user_limit=1200,\n        trial_availability=True,\n        setup_complexity='medium',\n        data_security='enhanced',\n        customization_options=False,\n        mobile_accessibility=True\n    ),\n    EventManagementSoftware(\n        name=\"EventMaster\",\n        price_range=\"$250 - $750\",\n        features=[\"Sponsorship Management\", \"Exhibitor Management\"],\n        user_reviews=4.3,\n        support_level='premium',\n        deployment_type='cloud',\n        integration_capabilities=[\"HubSpot\"],\n        user_limit=1500,\n        trial_availability=False,\n        setup_complexity='high',\n        data_security='enterprise',\n        customization_options=True,\n        mobile_accessibility=True\n    ),\n    EventManagementSoftware(\n        name=\"Rally\",\n        price_range=\"$80 - $350\",\n        features=[\"Social Media Integration\", \"Event Promotion\"],\n        user_reviews=3.8,\n        support_level='basic',\n        deployment_type='cloud',\n        integration_capabilities=[\"Instagram\", \"Twitter\"],\n        user_limit=400,\n        trial_availability=True,\n        setup_complexity='low',\n        data_security='basic',\n        customization_options=False,\n        mobile_accessibility=False\n    ),\n    EventManagementSoftware(\n        name=\"ConnectNow\",\n        price_range=\"$200 - $600\",\n        features=[\"Networking\", \"Live Q&A\"],\n        user_reviews=4.6,\n        support_level='premium',\n        deployment_type='hybrid',\n        integration_capabilities=[\"Discord\", \"LinkedIn\"],\n        user_limit=2500,\n        trial_availability=True,\n        setup_complexity='medium',\n        data_security='enhanced',\n        customization_options=True,\n        mobile_accessibility=True\n    )\n]\n```",
    "goal": {
      "name": null,
      "price_range": "$250 - $600",
      "features": [
        "Exhibitor Management",
        "Networking Tools"
      ],
      "user_reviews": 4.0,
      "support_level": "basic",
      "deployment_type": "hybrid",
      "integration_capabilities": [
        "HubSpot",
        "Mailchimp"
      ],
      "user_limit": 1200,
      "trial_availability": true,
      "setup_complexity": "medium",
      "data_security": "basic",
      "customization_options": true,
      "mobile_accessibility": false
    },
    "database": [
      {
        "name": "Convene",
        "price_range": "$150 - $600",
        "features": [
          "Agenda Management",
          "Speaker Management"
        ],
        "user_reviews": 4.2,
        "support_level": "standard",
        "deployment_type": "on-premise",
        "integration_capabilities": [
          "Eventbrite"
        ],
        "user_limit": 750,
        "trial_availability": false,
        "setup_complexity": "medium",
        "data_security": "enhanced",
        "customization_options": true,
        "mobile_accessibility": true
      },
      {
        "name": "ConnectNow",
        "price_range": "$200 - $600",
        "features": [
          "Networking",
          "Live Q&A"
        ],
        "user_reviews": 4.6,
        "support_level": "premium",
        "deployment_type": "hybrid",
        "integration_capabilities": [
          "Discord",
          "LinkedIn"
        ],
        "user_limit": 2500,
        "trial_availability": true,
        "setup_complexity": "medium",
        "data_security": "enhanced",
        "customization_options": true,
        "mobile_accessibility": true
      },
      {
        "name": "EventMaster Pro",
        "price_range": "$300 - $800",
        "features": [
          "Sponsorship Management",
          "Exhibitor Management",
          "Ticketing"
        ],
        "user_reviews": 4.5,
        "support_level": "premium",
        "deployment_type": "cloud",
        "integration_capabilities": [
          "HubSpot",
          "Salesforce"
        ],
        "user_limit": 2000,
        "trial_availability": true,
        "setup_complexity": "high",
        "data_security": "enterprise",
        "customization_options": true,
        "mobile_accessibility": true
      },
      {
        "name": "MeetHub",
        "price_range": "$100 - $400",
        "features": [
          "Virtual Check-in",
          "Feedback Collection"
        ],
        "user_reviews": 4.1,
        "support_level": "standard",
        "deployment_type": "hybrid",
        "integration_capabilities": [
          "Google Meet",
          "Trello"
        ],
        "user_limit": 1200,
        "trial_availability": true,
        "setup_complexity": "medium",
        "data_security": "enhanced",
        "customization_options": false,
        "mobile_accessibility": true
      },
      {
        "name": "Symposium",
        "price_range": "$300 - $900",
        "features": [
          "Live Streaming",
          "Audience Engagement"
        ],
        "user_reviews": 4.7,
        "support_level": "premium",
        "deployment_type": "cloud",
        "integration_capabilities": [
          "YouTube",
          "Facebook Live"
        ],
        "user_limit": 3000,
        "trial_availability": true,
        "setup_complexity": "high",
        "data_security": "enterprise",
        "customization_options": true,
        "mobile_accessibility": true
      },
      {
        "name": "EventPro",
        "price_range": "$100 - $500",
        "features": [
          "Registration",
          "Ticketing",
          "Analytics"
        ],
        "user_reviews": 4.5,
        "support_level": "premium",
        "deployment_type": "cloud",
        "integration_capabilities": [
          "Zoom",
          "Slack"
        ],
        "user_limit": 1000,
        "trial_availability": true,
        "setup_complexity": "low",
        "data_security": "enhanced",
        "customization_options": true,
        "mobile_accessibility": true
      },
      {
        "name": "Eventify",
        "price_range": "$0 - $100",
        "features": [
          "Basic Registration",
          "Email Notifications"
        ],
        "user_reviews": 3.5,
        "support_level": "basic",
        "deployment_type": "cloud",
        "integration_capabilities": [
          "Zapier"
        ],
        "user_limit": 100,
        "trial_availability": true,
        "setup_complexity": "low",
        "data_security": "basic",
        "customization_options": false,
        "mobile_accessibility": false
      },
      {
        "name": "Rally",
        "price_range": "$80 - $350",
        "features": [
          "Social Media Integration",
          "Event Promotion"
        ],
        "user_reviews": 3.8,
        "support_level": "basic",
        "deployment_type": "cloud",
        "integration_capabilities": [
          "Instagram",
          "Twitter"
        ],
        "user_limit": 400,
        "trial_availability": true,
        "setup_complexity": "low",
        "data_security": "basic",
        "customization_options": false,
        "mobile_accessibility": false
      },
      {
        "name": "Gather",
        "price_range": "$200 - $800",
        "features": [
          "Virtual Rooms",
          "Networking",
          "Live Polling"
        ],
        "user_reviews": 4.8,
        "support_level": "premium",
        "deployment_type": "hybrid",
        "integration_capabilities": [
          "Microsoft Teams",
          "Salesforce"
        ],
        "user_limit": 2000,
        "trial_availability": true,
        "setup_complexity": "high",
        "data_security": "enterprise",
        "customization_options": true,
        "mobile_accessibility": true
      },
      {
        "name": "EventTrack",
        "price_range": "$200 - $700",
        "features": [
          "Sponsorship Management"
        ],
        "user_reviews": 4.2,
        "support_level": "standard",
        "deployment_type": "cloud",
        "integration_capabilities": [
          "HubSpot"
        ],
        "user_limit": 1000,
        "trial_availability": false,
        "setup_complexity": "medium",
        "data_security": "enhanced",
        "customization_options": false,
        "mobile_accessibility": true
      },
      {
        "name": "EventSphere",
        "price_range": "$250 - $600",
        "features": [
          "Exhibitor Management",
          "Networking Tools"
        ],
        "user_reviews": 4.1,
        "support_level": "basic",
        "deployment_type": "hybrid",
        "integration_capabilities": [
          "HubSpot",
          "Mailchimp"
        ],
        "user_limit": 1200,
        "trial_availability": true,
        "setup_complexity": "medium",
        "data_security": "basic",
        "customization_options": true,
        "mobile_accessibility": false
      },
      {
        "name": "PlanIt",
        "price_range": "$50 - $300",
        "features": [
          "Registration",
          "Check-in",
          "Feedback"
        ],
        "user_reviews": 4.0,
        "support_level": "standard",
        "deployment_type": "cloud",
        "integration_capabilities": [
          "Google Calendar",
          "MailChimp"
        ],
        "user_limit": 500,
        "trial_availability": false,
        "setup_complexity": "medium",
        "data_security": "basic",
        "customization_options": false,
        "mobile_accessibility": true
      },
      {
        "name": "EventMaster",
        "price_range": "$250 - $750",
        "features": [
          "Sponsorship Management",
          "Exhibitor Management"
        ],
        "user_reviews": 4.3,
        "support_level": "premium",
        "deployment_type": "cloud",
        "integration_capabilities": [
          "HubSpot"
        ],
        "user_limit": 1500,
        "trial_availability": false,
        "setup_complexity": "high",
        "data_security": "enterprise",
        "customization_options": true,
        "mobile_accessibility": true
      }
    ],
    "status": "complete"
  },
  {
    "domain": "Online Communication Tools",
    "turns": [
      [
        "Yes, let's finalize that! Now, can you help me find an online communication tool?",
        {
          "name": null,
          "integration": null,
          "user_limit": null,
          "ease_of_use": null,
          "security_level": null,
          "cost": null,
          "platform_support": null,
          "customer_support": null,
          "feature_set": null
        },
        "Absolutely! What specific features or characteristics are you looking for in an online communication tool?"
      ],
      [
        "I'm looking for high integration capabilities and an easy-to-use interface. What do you recommend?",
        {
          "name": null,
          "integration": "High",
          "user_limit": null,
          "ease_of_use": "Easy",
          "security_level": null,
          "cost": null,
          "platform_support": null,
          "customer_support": null,
          "feature_set": null
        },
        "I recommend \"Google Meet\" or \"Microsoft Teams.\" Do you have a user limit in mind?"
      ],
      [
        "Yes, I need a tool that can support up to 300 users. Which one fits that?",
        {
          "name": null,
          "integration": "High",
          "user_limit": 300,
          "ease_of_use": "Easy",
          "security_level": null,
          "cost": null,
          "platform_support": null,
          "customer_support": null,
          "feature_set": null
        },
        "\"Microsoft Teams\" fits your requirement with a 300 user limit. Does that sound good?"
      ],
      [
        "That sounds great! What about its security level?",
        {
          "name": "Microsoft Teams",
          "integration": "High",
          "user_limit": 300,
          "ease_of_use": "Easy",
          "security_level": null,
          "cost": null,
          "platform_support": null,
          "customer_support": null,
          "feature_set": null
        },
        "\"Microsoft Teams\" has a high security level. Are you ready to go with it?"
      ],
      [
        "Yes, I'm on board! What's the cost model for \"Microsoft Teams\"?",
        {
          "name": "Microsoft Teams",
          "integration": "High",
          "user_limit": 300,
          "ease_of_use": "Easy",
          "security_level": "High",
          "cost": "Subscription",
          "platform_support": null,
          "customer_support": null,
          "feature_set": null
        },
        "\"Microsoft Teams\" uses a subscription cost model. Would you like to finalize this choice?"
      ]
    ],
    "preferences_code": "```python\npreferences = OnlineCommunicationToolCriteria(\n    name='Microsoft Teams',\n    integration='High',\n    user_limit=300,\n    ease_of_use='Easy',\n    security_level='High',\n    cost='Free',\n    platform_support='Windows, macOS, Web, iOS, Android',\n    customer_support='Business Hours',\n    feature_set='Advanced',\n)\n```",
    "red_herrings_code": "```python\ntarget_onlinecommunicationtoolinfo = OnlineCommunicationToolInfo(\n    name='Slack',\n    integration='High',\n    user_limit=100,\n    ease_of_use='Easy',\n    security_level='Medium',\n    cost='Free',\n    platform_support='Windows, macOS, Linux, Web, iOS, Android',\n    customer_support='Business Hours',\n    feature_set='Advanced',\n)\n\nonline_communication_tools = [\n    OnlineCommunicationToolInfo(\n        name='Microsoft Teams',\n        integration='High',\n        user_limit=300,\n        ease_of_use='Easy',\n        security_level='High',\n        cost='Free',\n        platform_support='Windows, macOS, Web, iOS, Android',\n        customer_support='Business Hours',\n        feature_set='Advanced',\n    ),\n    OnlineCommunicationToolInfo(\n        name='Zoom',\n        integration='Medium',\n        user_limit=100,\n        ease_of_use='Easy',\n        security_level='Medium',\n        cost='Paid',\n        platform_support='Windows, macOS, Linux, Web, iOS, Android',\n        customer_support='24/7',\n        feature_set='Basic',\n    ),\n    OnlineCommunicationToolInfo(\n        name='Google Meet',\n        integration='High',\n        user_limit=250,\n        ease_of_use='Easy',\n        security_level='High',\n        cost='Free',\n        platform_support='Web, iOS, Android',\n        customer_support='None',\n        feature_set='Basic',\n    ),\n]\n```",
    "database_code": "```python\n# Global variable to hold examples of online communication tools\nonline_communication_tools = [\n    OnlineCommunicationToolInfo(\n        name=\"Zoom\",\n        integration='High',\n        user_limit=1000,\n        ease_of_use='Easy',\n        security_level='High',\n        cost='Subscription',\n        platform_support='Windows, macOS, Linux, Web, iOS, Android',\n        customer_support='24/7',\n        feature_set='Advanced'\n    ),\n    OnlineCommunicationToolInfo(\n        name=\"Microsoft Teams\",\n        integration='High',\n        user_limit=300,\n        ease_of_use='Moderate',\n        security_level='High',\n        cost='Subscription',\n        platform_support='Windows, macOS, Linux, Web, iOS, Android',\n        customer_support='Business Hours',\n        feature_set='Enterprise'\n    ),\n    OnlineCommunicationToolInfo(\n        name=\"Slack\",\n        integration='High',\n        user_limit=100,\n        ease_of_use='Easy',\n        security_level='Medium',\n        cost='Free',\n        platform_support='Windows, macOS, Linux, Web, iOS, Android',\n        customer_support='Business Hours',\n        feature_set='Advanced'\n    ),\n    OnlineCommunicationToolInfo(\n        name=\"Google Meet\",\n        integration='High',\n        user_limit=250,\n        ease_of_use='Easy',\n        security_level='High',\n        cost='Free',\n        platform_support='Web, iOS, Android',\n        customer_support='None',\n        feature_set='Basic'\n    ),\n    OnlineCommunicationToolInfo(\n        name=\"Cisco Webex\",\n        integration='Medium',\n        user_limit=1000,\n        ease_of_use='Moderate',\n        security_level='High',\n        cost='Subscription',\n        platform_support='Windows, macOS, Linux, Web, iOS, Android',\n        customer_support='24/7',\n        feature_set='Advanced'\n    ),\n    OnlineCommunicationToolInfo(\n        name=\"Skype\",\n        integration='Medium',\n        user_limit=50,\n        ease_of_use='Easy',\n        security_level='Medium',\n        cost='Free',\n        platform_support='Windows, macOS, Linux, Web, iOS, Android',\n        customer_support='Business Hours',\n        feature_set='Basic'\n    ),\n    OnlineCommunicationToolInfo(\n        name=\"Discord\",\n        integration='Medium',\n        user_limit=250,\n        ease_of_use='Easy',\n        security_level='Medium',\n        cost='Free',\n        platform_support='Windows, macOS, Linux, Web, iOS, Android',\n        customer_support='None',\n        feature_set='Advanced'\n    ),\n    OnlineCommunicationToolInfo(\n        name=\"GoToMeeting\",\n        integration='Medium',\n        user_limit=150,\n        ease_of_use='Moderate',\n        security_level='High',\n        cost='Subscription',\n        platform_support='Windows, macOS, Linux, Web, iOS, Android',\n        customer_support='Business Hours',\n        feature_set='Advanced'\n    ),\n    OnlineCommunicationToolInfo(\n        name=\"BlueJeans\",\n        integration='Medium',\n        user_limit=200,\n        ease_of_use='Moderate',\n        security_level='High',\n        cost='Subscription',\n        platform_support='Windows, macOS, Linux, Web, iOS, Android',\n        customer_support='Business Hours',\n        feature_set='Advanced'\n    ),\n    OnlineCommunicationToolInfo(\n        name=\"Jitsi Meet\",\n        integration='Low',\n        user_limit=75,\n        ease_of_use='Easy',\n        security_level='Medium',\n        cost='Free',\n        platform_support='Web, iOS, Android',\n        customer_support='None',\n        feature_set='Basic'\n    )\n]\n```",
    "goal": {
      "name": null,
      "integration": "High",
      "user_limit": 300,
      "ease_of_use": "Easy",
      "security_level": "High",
      "cost": "Free",
      "platform_support": "Windows, macOS, Web, iOS, Android",
      "customer_support": "Business Hours",
      "feature_set": "Advanced"
    },
    "database": [
      {
        "name": "Google Meet",
        "integration": "High",
        "user_limit": 250,
        "ease_of_use": "Easy",
        "security_level": "High",
        "cost": "Free",
        "platform_support": "Web, iOS, Android",
        "customer_support": "None",
        "feature_set": "Basic"
      },
      {
        "name": "Cisco Webex",
        "integration": "Medium",
        "user_limit": 1000,
        "ease_of_use": "Moderate",
        "security_level": "High",
        "cost": "Subscription",
        "platform_support": "Windows, macOS, Linux, Web, iOS, Android",
        "customer_support": "24/7",
        "feature_set": "Advanced"
      },
      {
        "name": "Skype",
        "integration": "Medium",
        "user_limit": 50,
        "ease_of_use": "Easy",
        "security_level": "Medium",
        "cost": "Free",
        "platform_support": "Windows, macOS, Linux, Web, iOS, Android",
        "customer_support": "Business Hours",
        "feature_set": "Basic"
      },
      {
        "name": "Zoom",
        "integration": "Medium",
        "user_limit": 100,
        "ease_of_use": "Easy",
        "security_level": "Medium",
        "cost": "Paid",
        "platform_support": "Windows, macOS, Linux, Web, iOS, Android",
        "customer_support": "24/7",
        "feature_set": "Basic"
      },
      {
        "name": "Google Meet",
        "integration": "High",
        "user_limit": 250,
        "ease_of_use": "Easy",
        "security_level": "High",
        "cost": "Free",
        "platform_support": "Web, iOS, Android",
        "customer_support": "None",
        "feature_set": "Basic"
      },
      {
        "name": "Slack",
        "integration": "High",
        "user_limit": 100,
        "ease_of_use": "Easy",
        "security_level": "Medium",
        "cost": "Free",
        "platform_support": "Windows, macOS, Linux, Web, iOS, Android",
        "customer_support": "Business Hours",
        "feature_set": "Advanced"
      },
      {
        "name": "BlueJeans",
        "integration": "Medium",
        "user_limit": 200,
        "ease_of_use": "Moderate",
        "security_level": "High",
        "cost": "Subscription",
        "platform_support": "Windows, macOS, Linux, Web, iOS, Android",
        "customer_support": "Business Hours",
        "feature_set": "Advanced"
      },
      {
        "name": "Microsoft Teams",
        "integration": "High",
        "user_limit": 300,
        "ease_of_use": "Moderate",
        "security_level": "High",
        "cost": "Subscription",
        "platform_support": "Windows, macOS, Linux, Web, iOS, Android",
        "customer_support": "Business Hours",
        "feature_set": "Enterprise"
      },
      {
        "name": "GoToMeeting",
        "integration": "Medium",
        "user_limit": 150,
        "ease_of_use": "Moderate",
        "security_level": "High",
        "cost": "Subscription",
        "platform_support": "Windows, macOS, Linux, Web, iOS, Android",
        "customer_support": "Business Hours",
        "feature_set": "Advanced"
      },
      {
        "name": "Discord",
        "integration": "Medium",
        "user_limit": 250,
        "ease_of_use": "Easy",
        "security_level": "Medium",
        "cost": "Free",
        "platform_support": "Windows, macOS, Linux, Web, iOS, Android",
        "customer_support": "None",
        "feature_set": "Advanced"
      },
      {
        "name": "Zoom",
        "integration": "High",
        "user_limit": 1000,
        "ease_of_use": "Easy",
        "security_level": "High",
        "cost": "Subscription",
        "platform_support": "Windows, macOS, Linux, Web, iOS, Android",
        "customer_support": "24/7",
        "feature_set": "Advanced"
      },
      {
        "name": "Microsoft Teams",
        "integration": "High",
        "user_limit": 300,
        "ease_of_use": "Easy",
        "security_level": "High",
        "cost": "Free",
        "platform_support": "Windows, macOS, Web, iOS, Android",
        "customer_support": "Business Hours",
        "feature_set": "Advanced"
      },
      {
        "name": "Jitsi Meet",
        "integration": "Low",
        "user_limit": 75,
        "ease_of_use": "Easy",
        "security_level": "Medium",
        "cost": "Free",
        "platform_support": "Web, iOS, Android",
        "customer_support": "None",
        "feature_set": "Basic"
      }
    ],
    "status": "complete"
  },
  {
    "domain": "Virtual Engagement Strategies",
    "turns": [
      [
        "Yes, let's finalize that! Now, can you help me find a Virtual Engagement Strategy?",
        {
          "name": null,
          "interactivity": "high",
          "audience_size": 300,
          "cost": "free",
          "platform_compatibility": "both",
          "technical_support": true,
          "ease_of_use": "easy"
        },
        "Of course! What specific characteristics are you looking for in a Virtual Engagement Strategy?"
      ],
      [
        "I'm interested in a high interactivity strategy for about 250 participants. Any suggestions?",
        {
          "name": null,
          "interactivity": "high",
          "audience_size": 250,
          "cost": null,
          "platform_compatibility": null,
          "technical_support": null,
          "ease_of_use": null
        },
        "I recommend the \"Interactive Workshop\" or \"Gamified Experience.\" Which one sounds better to you?"
      ],
      [
        "I'm leaning towards \"Interactive Workshop.\" What can you tell me about its cost?",
        {
          "name": "Interactive Workshop",
          "interactivity": "high",
          "audience_size": 250,
          "cost": null,
          "platform_compatibility": null,
          "technical_support": null,
          "ease_of_use": null
        },
        "The \"Interactive Workshop\" has a high cost. Does that fit your budget?"
      ],
      [
        "Yes, that fits! What about its platform compatibility?",
        {
          "name": "Interactive Workshop",
          "interactivity": "high",
          "audience_size": 250,
          "cost": "high",
          "platform_compatibility": null,
          "technical_support": null,
          "ease_of_use": null
        },
        "The \"Interactive Workshop\" is compatible with both web and mobile platforms. Ready to finalize this choice?"
      ],
      [
        "Yes, let's finalize the \"Interactive Workshop\"! Is there anything else we need to discuss?",
        {
          "name": "Interactive Workshop",
          "interactivity": "high",
          "audience_size": 250,
          "cost": "high",
          "platform_compatibility": "both",
          "technical_support": null,
          "ease_of_use": null
        },
        "Nope, that's all set! You're all good to go!"
      ]
    ],
    "preferences_code": "```python\npreferences = VirtualEngagementCriteria(\n    name='Interactive Workshop',\n    interactivity='high',\n    audience_size=250,\n    cost='high',\n    platform_compatibility='both',\n    technical_support=True,\n    ease_of_use='complex',\n)\n```",
    "red_herrings_code": "```python\nvirtual_engagement_strategies = [\n    VirtualEngagementStrategy(\n        name='Live Webinar Series',\n        interactivity='medium',\n        audience_size=500,\n        cost='medium',\n        platform_compatibility='web',\n        technical_support=True,\n        ease_of_use='moderate',\n    ),\n    VirtualEngagementStrategy(\n        name='Interactive Workshop',\n        interactivity='high',\n        audience_size=250,\n        cost='high',\n        platform_compatibility='both',\n        technical_support=True,\n        ease_of_use='complex',\n    ),\n    VirtualEngagementStrategy(\n        name='Pre-recorded Tutorial',\n        interactivity='low',\n        audience_size=2000,\n        cost='low',\n        platform_compatibility='web',\n        technical_support=False,\n        ease_of_use='easy',\n    ),\n]\n```",
    "database_code": "```python\n# Global variable representing a list of Virtual Engagement Strategies\nvirtual_engagement_strategies = [\n    VirtualEngagementStrategy(\n        name=\"Interactive Webinar\",\n        interactivity='high',\n        audience_size=500,\n        cost='medium',\n        platform_compatibility='web',\n        technical_support=True,\n        ease_of_use='easy'\n    ),\n    VirtualEngagementStrategy(\n        name=\"Virtual Workshop\",\n        interactivity='medium',\n        audience_size=100,\n        cost='high',\n        platform_compatibility='both',\n        technical_support=True,\n        ease_of_use='moderate'\n    ),\n    VirtualEngagementStrategy(\n        name=\"Live Q&A Session\",\n        interactivity='high',\n        audience_size=300,\n        cost='low',\n        platform_compatibility='web',\n        technical_support=False,\n        ease_of_use='easy'\n    ),\n    VirtualEngagementStrategy(\n        name=\"Online Networking Event\",\n        interactivity='medium',\n        audience_size=200,\n        cost='medium',\n        platform_compatibility='both',\n        technical_support=True,\n        ease_of_use='moderate'\n    ),\n    VirtualEngagementStrategy(\n        name=\"Virtual Trade Show\",\n        interactivity='high',\n        audience_size=1000,\n        cost='high',\n        platform_compatibility='web',\n        technical_support=True,\n        ease_of_use='complex'\n    ),\n    VirtualEngagementStrategy(\n        name=\"Panel Discussion\",\n        interactivity='medium',\n        audience_size=150,\n        cost='low',\n        platform_compatibility='web',\n        technical_support=False,\n        ease_of_use='easy'\n    ),\n    VirtualEngagementStrategy(\n        name=\"Gamified Experience\",\n        interactivity='high',\n        audience_size=400,\n        cost='medium',\n        platform_compatibility='both',\n        technical_support=True,\n        ease_of_use='moderate'\n    ),\n    VirtualEngagementStrategy(\n        name=\"Virtual Roundtable\",\n        interactivity='medium',\n        audience_size=50,\n        cost='low',\n        platform_compatibility='web',\n        technical_support=False,\n        ease_of_use='easy'\n    ),\n    VirtualEngagementStrategy(\n        name=\"On-demand Video Series\",\n        interactivity='low',\n        audience_size=1000,\n        cost='medium',\n        platform_compatibility='both',\n        technical_support=False,\n        ease_of_use='easy'\n    ),\n    VirtualEngagementStrategy(\n        name=\"Hybrid Conference\",\n        interactivity='high',\n        audience_size=1200,\n        cost='high',\n        platform_compatibility='both',\n        technical_support=True,\n        ease_of_use='complex'\n    )\n]\n```",
    "goal": {
      "name": "Interactive Workshop",
      "interactivity": "high",
      "audience_size": 250,
      "cost": "high",
      "platform_compatibility": "both",
      "technical_support": true,
      "ease_of_use": "complex"
    },
    "database": [
      {
        "name": "Virtual Workshop",
        "interactivity": "medium",
        "audience_size": 100,
        "cost": "high",
        "platform_compatibility": "both",
        "technical_support": true,
        "ease_of_use": "moderate"
      },
      {
        "name": "Virtual Roundtable",
        "interactivity": "medium",
        "audience_size": 50,
        "cost": "low",
        "platform_compatibility": "web",
        "technical_support": false,
        "ease_of_use": "easy"
      },
      {
        "name": "Interactive Webinar",
        "interactivity": "high",
        "audience_size": 500,
        "cost": "medium",
        "platform_compatibility": "web",
        "technical_support": true,
        "ease_of_use": "easy"
      },
      {
        "name": "Pre-recorded Tutorial",
        "interactivity": "low",
        "audience_size": 2000,
        "cost": "low",
        "platform_compatibility": "web",
        "technical_support": false,
        "ease_of_use": "easy"
      },
      {
        "name": "Online Networking Event",
        "interactivity": "medium",
        "audience_size": 200,
        "cost": "medium",
        "platform_compatibility": "both",
        "technical_support": true,
        "ease_of_use": "moderate"
      },
      {
        "name": "Hybrid Conference",
        "interactivity": "high",
        "audience_size": 1200,
        "cost": "high",
        "platform_compatibility": "both",
        "technical_support": true,
        "ease_of_use": "complex"
      },
      {
        "name": "Live Webinar Series",
        "interactivity": "medium",
        "audience_size": 500,
        "cost": "medium",
        "platform_compatibility": "web",
        "technical_support": true,
        "ease_of_use": "moderate"
      },
      {
        "name": "Gamified Experience",
        "interactivity": "high",
        "audience_size": 400,
        "cost": "medium",
        "platform_compatibility": "both",
        "technical_support": true,
        "ease_of_use": "moderate"
      },
      {
        "name": "Interactive Workshop",
        "interactivity": "high",
        "audience_size": 250,
        "cost": "high",
        "platform_compatibility": "both",
        "technical_support": true,
        "ease_of_use": "complex"
      },
      {
        "name": "Live Q&A Session",
        "interactivity": "high",
        "audience_size": 300,
        "cost": "low",
        "platform_compatibility": "web",
        "technical_support": false,
        "ease_of_use": "easy"
      },
      {
        "name": "Virtual Trade Show",
        "interactivity": "high",
        "audience_size": 1000,
        "cost": "high",
        "platform_compatibility": "web",
        "technical_support": true,
        "ease_of_use": "complex"
      },
      {
        "name": "On-demand Video Series",
        "interactivity": "low",
        "audience_size": 1000,
        "cost": "medium",
        "platform_compatibility": "both",
        "technical_support": false,
        "ease_of_use": "easy"
      },
      {
        "name": "Panel Discussion",
        "interactivity": "medium",
        "audience_size": 150,
        "cost": "low",
        "platform_compatibility": "web",
        "technical_support": false,
        "ease_of_use": "easy"
      }
    ],
    "status": "complete"
  }
]