[
  {
    "domain": "Advocacy Techniques",
    "turns": [
      [
        "Hey, do you know any advocacy techniques that are medium in effectiveness and low in cost?",
        {
          "name": null,
          "effectiveness": "Medium",
          "cost": "Low",
          "community_engagement": null,
          "time_commitment": null,
          "scalability": null,
          "target_audience": null
        },
        "Yes, there are a couple of options like Community Forums and Petition Drives. Would you like to know more about them?"
      ],
      [
        "Sure! How do Community Forums engage the community?",
        {
          "name": null,
          "effectiveness": "Medium",
          "cost": "Low",
          "community_engagement": null,
          "time_commitment": null,
          "scalability": null,
          "target_audience": null
        },
        "Community Forums encourage dialogue, gather feedback, and foster collaboration among community members. Interested in how they might fit your goals?"
      ],
      [
        "Yes, do they require a long-term time commitment, or is it more short-term?",
        {
          "name": null,
          "effectiveness": "Medium",
          "cost": "Low",
          "community_engagement": null,
          "time_commitment": null,
          "scalability": null,
          "target_audience": null
        },
        "They typically require a medium-term time commitment. Does that work for you?"
      ],
      [
        "I\u2019d prefer something with a short-term commitment. Are there any other options?",
        {
          "name": null,
          "effectiveness": "Medium",
          "cost": "Low",
          "community_engagement": null,
          "time_commitment": "Short-term",
          "scalability": null,
          "target_audience": null
        },
        "You might consider Community Workshops; they have a short-term commitment and are low in cost. Interested in that?"
      ],
      [
        "Yes, how effective are Community Workshops compared to other techniques?",
        {
          "name": "Community Workshops",
          "effectiveness": null,
          "cost": "Low",
          "community_engagement": null,
          "time_commitment": "Short-term",
          "scalability": null,
          "target_audience": null
        },
        "Community Workshops have medium effectiveness, which is lower than some high-effectiveness options. Would you like to explore other techniques with higher effectiveness?"
      ],
      [
        "I think I\u2019ll stick with the Community Workshops since they fit my other criteria. Can you tell me about their scalability?",
        {
          "name": "Community Workshops",
          "effectiveness": "Medium",
          "cost": "Low",
          "community_engagement": null,
          "time_commitment": "Short-term",
          "scalability": null,
          "target_audience": null
        },
        "Community Workshops are easily scalable, allowing for expansion as needed. Does that sound good to you?"
      ],
      [
        "Yes, that sounds perfect! I\u2019ll go with Community Workshops. Thanks for your help!",
        {
          "name": "Community Workshops",
          "effectiveness": "Medium",
          "cost": "Low",
          "community_engagement": null,
          "time_commitment": "Short-term",
          "scalability": "Easily Scalable",
          "target_audience": null
        },
        "You're welcome! Community Workshops are a great choice. Good luck with your advocacy!"
      ]
    ],
    "preferences_code": "```python\npreferences = AdvocacyTechniqueCriteria(\n    name='Community Workshops',\n    effectiveness='Medium',\n    cost='Low',\n    community_engagement='High',\n    time_commitment='Short-term',\n    scalability='Easily Scalable',\n    target_audience='Community members and activists',\n)\n```",
    "red_herrings_code": "```python\n# Global variable representing a list of Advocacy Techniques examples\nsimilar_advocacy_techniques = [\n    AdvocacyTechnique(\n        name='Community Workshops',\n        effectiveness='Medium',\n        cost='Low',\n        community_engagement='High',\n        time_commitment='Short-term',\n        scalability='Easily Scalable',\n        target_audience='Community members and activists',\n    ),\n    AdvocacyTechnique(\n        name='Public Awareness Campaigns',\n        effectiveness='High',\n        cost='Moderate',\n        community_engagement='Medium',\n        time_commitment='Medium-term',\n        scalability='Moderately Scalable',\n        target_audience='General public and stakeholders',\n    ),\n    AdvocacyTechnique(\n        name='Advocacy Training Sessions',\n        effectiveness='Medium',\n        cost='High',\n        community_engagement='High',\n        time_commitment='Long-term',\n        scalability='Not Scalable',\n        target_audience='Advocacy groups and organizations',\n    )\n]\n```",
    "database_code": "```python\n# Global variable to store a list of Advocacy Technique examples\nadvocacy_techniques: list[AdvocacyTechnique] = [\n    AdvocacyTechnique(\n        name=\"Public Awareness Campaign\",\n        effectiveness=\"High\",\n        cost=\"Moderate\",\n        community_engagement=\"High\",\n        time_commitment=\"Medium-term\",\n        scalability=\"Easily Scalable\",\n        target_audience=\"General public\"\n    ),\n    AdvocacyTechnique(\n        name=\"Legal Workshops\",\n        effectiveness=\"Medium\",\n        cost=\"Low\",\n        community_engagement=\"Medium\",\n        time_commitment=\"Short-term\",\n        scalability=\"Moderately Scalable\",\n        target_audience=\"Community members\"\n    ),\n    AdvocacyTechnique(\n        name=\"Social Media Advocacy\",\n        effectiveness=\"High\",\n        cost=\"Low\",\n        community_engagement=\"High\",\n        time_commitment=\"Short-term\",\n        scalability=\"Easily Scalable\",\n        target_audience=\"Youth and tech-savvy individuals\"\n    ),\n    AdvocacyTechnique(\n        name=\"Petition Drives\",\n        effectiveness=\"Medium\",\n        cost=\"Low\",\n        community_engagement=\"High\",\n        time_commitment=\"Medium-term\",\n        scalability=\"Moderately Scalable\",\n        target_audience=\"Local residents\"\n    ),\n    AdvocacyTechnique(\n        name=\"Lobbying Legislators\",\n        effectiveness=\"High\",\n        cost=\"High\",\n        community_engagement=\"Low\",\n        time_commitment=\"Long-term\",\n        scalability=\"Not Scalable\",\n        target_audience=\"Lawmakers and policy influencers\"\n    ),\n    AdvocacyTechnique(\n        name=\"Legal Aid Clinics\",\n        effectiveness=\"High\",\n        cost=\"Moderate\",\n        community_engagement=\"Medium\",\n        time_commitment=\"Long-term\",\n        scalability=\"Moderately Scalable\",\n        target_audience=\"Low-income individuals\"\n    ),\n    AdvocacyTechnique(\n        name=\"Community Forums\",\n        effectiveness=\"Medium\",\n        cost=\"Low\",\n        community_engagement=\"High\",\n        time_commitment=\"Medium-term\",\n        scalability=\"Easily Scalable\",\n        target_audience=\"Community leaders and residents\"\n    ),\n    AdvocacyTechnique(\n        name=\"Media Outreach\",\n        effectiveness=\"High\",\n        cost=\"Moderate\",\n        community_engagement=\"Medium\",\n        time_commitment=\"Short-term\",\n        scalability=\"Easily Scalable\",\n        target_audience=\"Media professionals and journalists\"\n    ),\n    AdvocacyTechnique(\n        name=\"Collaborative Partnerships\",\n        effectiveness=\"Medium\",\n        cost=\"Moderate\",\n        community_engagement=\"High\",\n        time_commitment=\"Long-term\",\n        scalability=\"Moderately Scalable\",\n        target_audience=\"Non-profit organizations\"\n    ),\n    AdvocacyTechnique(\n        name=\"Grassroots Mobilization\",\n        effectiveness=\"High\",\n        cost=\"Low\",\n        community_engagement=\"High\",\n        time_commitment=\"Medium-term\",\n        scalability=\"Easily Scalable\",\n        target_audience=\"Activists and community groups\"\n    )\n]\n```",
    "goal": {
      "name": null,
      "effectiveness": "Medium",
      "cost": "Low",
      "community_engagement": "High",
      "time_commitment": "Short-term",
      "scalability": "Easily Scalable",
      "target_audience": "Community members and activists"
    },
    "database": [
      {
        "name": "Social Media Advocacy",
        "effectiveness": "High",
        "cost": "Low",
        "community_engagement": "High",
        "time_commitment": "Short-term",
        "scalability": "Easily Scalable",
        "target_audience": "Youth and tech-savvy individuals"
      },
      {
        "name": "Advocacy Training Sessions",
        "effectiveness": "Medium",
        "cost": "High",
        "community_engagement": "High",
        "time_commitment": "Long-term",
        "scalability": "Not Scalable",
        "target_audience": "Advocacy groups and organizations"
      },
      {
        "name": "Public Awareness Campaign",
        "effectiveness": "High",
        "cost": "Moderate",
        "community_engagement": "High",
        "time_commitment": "Medium-term",
        "scalability": "Easily Scalable",
        "target_audience": "General public"
      },
      {
        "name": "Media Outreach",
        "effectiveness": "High",
        "cost": "Moderate",
        "community_engagement": "Medium",
        "time_commitment": "Short-term",
        "scalability": "Easily Scalable",
        "target_audience": "Media professionals and journalists"
      },
      {
        "name": "Grassroots Mobilization",
        "effectiveness": "High",
        "cost": "Low",
        "community_engagement": "High",
        "time_commitment": "Medium-term",
        "scalability": "Easily Scalable",
        "target_audience": "Activists and community groups"
      },
      {
        "name": "Community Forums",
        "effectiveness": "Medium",
        "cost": "Low",
        "community_engagement": "High",
        "time_commitment": "Medium-term",
        "scalability": "Easily Scalable",
        "target_audience": "Community leaders and residents"
      },
      {
        "name": "Public Awareness Campaigns",
        "effectiveness": "High",
        "cost": "Moderate",
        "community_engagement": "Medium",
        "time_commitment": "Medium-term",
        "scalability": "Moderately Scalable",
        "target_audience": "General public and stakeholders"
      },
      {
        "name": "Petition Drives",
        "effectiveness": "Medium",
        "cost": "Low",
        "community_engagement": "High",
        "time_commitment": "Medium-term",
        "scalability": "Moderately Scalable",
        "target_audience": "Local residents"
      },
      {
        "name": "Legal Aid Clinics",
        "effectiveness": "High",
        "cost": "Moderate",
        "community_engagement": "Medium",
        "time_commitment": "Long-term",
        "scalability": "Moderately Scalable",
        "target_audience": "Low-income individuals"
      },
      {
        "name": "Lobbying Legislators",
        "effectiveness": "High",
        "cost": "High",
        "community_engagement": "Low",
        "time_commitment": "Long-term",
        "scalability": "Not Scalable",
        "target_audience": "Lawmakers and policy influencers"
      },
      {
        "name": "Community Workshops",
        "effectiveness": "Medium",
        "cost": "Low",
        "community_engagement": "High",
        "time_commitment": "Short-term",
        "scalability": "Easily Scalable",
        "target_audience": "Community members and activists"
      },
      {
        "name": "Legal Workshops",
        "effectiveness": "Medium",
        "cost": "Low",
        "community_engagement": "Medium",
        "time_commitment": "Short-term",
        "scalability": "Moderately Scalable",
        "target_audience": "Community members"
      },
      {
        "name": "Collaborative Partnerships",
        "effectiveness": "Medium",
        "cost": "Moderate",
        "community_engagement": "High",
        "time_commitment": "Long-term",
        "scalability": "Moderately Scalable",
        "target_audience": "Non-profit organizations"
      }
    ],
    "status": "complete"
  },
  {
    "domain": "Legal Frameworks",
    "turns": [
      [
        "Thanks! Now, could you help me find a Legal Framework related to Consumer Rights in Australia?",
        {
          "name": null,
          "relevance": null,
          "jurisdiction": "Australia",
          "complexity": null,
          "scope": "Consumer Rights",
          "applicability": null,
          "update_frequency": null,
          "source_reliability": null
        },
        "Sure! Are you looking for something with high relevance or is medium relevance acceptable?"
      ],
      [
        "Medium relevance is acceptable. What do you suggest?",
        {
          "name": null,
          "relevance": "Medium",
          "jurisdiction": "Australia",
          "complexity": null,
          "scope": "Consumer Rights",
          "applicability": null,
          "update_frequency": null,
          "source_reliability": null
        },
        "I suggest the Consumer Protection Act; it has medium relevance and applies to Australia. Does that work for you?"
      ],
      [
        "Yes, what\u2019s the complexity level of the Consumer Protection Act?",
        {
          "name": "Consumer Protection Act",
          "relevance": "Medium",
          "jurisdiction": "Australia",
          "complexity": null,
          "scope": null,
          "applicability": null,
          "update_frequency": null,
          "source_reliability": null
        },
        "The complexity level of the Consumer Protection Act is medium. Does that meet your needs?"
      ]
    ],
    "preferences_code": "```python\npreferences = LegalFrameworkCriteria(\n    name='Consumer Rights Act',\n    relevance='Medium',\n    jurisdiction='Australia',\n    complexity='Medium',\n    scope='Consumer Rights',\n    applicability='Immediate',\n    update_frequency='Occasional',\n    source_reliability='Medium',\n)\n```",
    "red_herrings_code": "```python\n# Global variable representing a list of similar Legal Frameworks examples\nsimilar_legal_frameworks = [\n    LegalFrameworkKnowledge(\n        name='Consumer Rights Act',\n        relevance='Medium',\n        jurisdiction='Australia',\n        complexity='Medium',\n        scope='Consumer Rights',\n        applicability='Immediate',\n        update_frequency='Occasional',\n        source_reliability='Medium',\n    ),\n    LegalFrameworkKnowledge(\n        name='Trade Practices Act',\n        relevance='Medium',\n        jurisdiction='Australia',\n        complexity='High',\n        scope='Consumer Rights',\n        applicability='Immediate',\n        update_frequency='Frequent',\n        source_reliability='High',\n    ),\n    LegalFrameworkKnowledge(\n        name='Fair Trading Act',\n        relevance='Medium',\n        jurisdiction='New Zealand',\n        complexity='Low',\n        scope='Consumer Rights',\n        applicability='Ongoing',\n        update_frequency='Occasional',\n        source_reliability='Medium',\n    ),\n]\n```",
    "database_code": "```python\n# Global variable to hold examples of Legal Frameworks\nlegal_frameworks_examples = [\n    LegalFrameworkKnowledge(\n        name=\"Civil Rights Act\",\n        relevance='High',\n        jurisdiction=\"United States\",\n        complexity='Medium',\n        scope=\"Civil Rights\",\n        applicability='Immediate',\n        update_frequency='Occasional',\n        source_reliability='High'\n    ),\n    LegalFrameworkKnowledge(\n        name=\"Data Protection Regulation\",\n        relevance='High',\n        jurisdiction=\"European Union\",\n        complexity='High',\n        scope=\"Data Privacy\",\n        applicability='Ongoing',\n        update_frequency='Frequent',\n        source_reliability='High'\n    ),\n    LegalFrameworkKnowledge(\n        name=\"Affordable Care Act\",\n        relevance='Medium',\n        jurisdiction=\"United States\",\n        complexity='Medium',\n        scope=\"Healthcare\",\n        applicability='Ongoing',\n        update_frequency='Occasional',\n        source_reliability='Medium'\n    ),\n    LegalFrameworkKnowledge(\n        name=\"Freedom of Information Act\",\n        relevance='Medium',\n        jurisdiction=\"United States\",\n        complexity='Low',\n        scope=\"Transparency\",\n        applicability='Immediate',\n        update_frequency='Rare',\n        source_reliability='High'\n    ),\n    LegalFrameworkKnowledge(\n        name=\"Human Rights Act\",\n        relevance='High',\n        jurisdiction=\"United Kingdom\",\n        complexity='Medium',\n        scope=\"Human Rights\",\n        applicability='Ongoing',\n        update_frequency='Occasional',\n        source_reliability='High'\n    ),\n    LegalFrameworkKnowledge(\n        name=\"Consumer Protection Act\",\n        relevance='Medium',\n        jurisdiction=\"Australia\",\n        complexity='Medium',\n        scope=\"Consumer Rights\",\n        applicability='Immediate',\n        update_frequency='Occasional',\n        source_reliability='Medium'\n    ),\n    LegalFrameworkKnowledge(\n        name=\"Intellectual Property Law\",\n        relevance='High',\n        jurisdiction=\"United States\",\n        complexity='High',\n        scope=\"Intellectual Property\",\n        applicability='Ongoing',\n        update_frequency='Frequent',\n        source_reliability='High'\n    ),\n    LegalFrameworkKnowledge(\n        name=\"Environmental Protection Act\",\n        relevance='Medium',\n        jurisdiction=\"Canada\",\n        complexity='Medium',\n        scope=\"Environmental Law\",\n        applicability='Ongoing',\n        update_frequency='Occasional',\n        source_reliability='Medium'\n    ),\n    LegalFrameworkKnowledge(\n        name=\"Employment Standards Act\",\n        relevance='Medium',\n        jurisdiction=\"Canada\",\n        complexity='Low',\n        scope=\"Labor Rights\",\n        applicability='Immediate',\n        update_frequency='Rare',\n        source_reliability='Medium'\n    ),\n    LegalFrameworkKnowledge(\n        name=\"International Covenant on Civil and Political Rights\",\n        relevance='High',\n        jurisdiction=\"International\",\n        complexity='High',\n        scope=\"Human Rights\",\n        applicability='Ongoing',\n        update_frequency='Rare',\n        source_reliability='High'\n    )\n]\n```",
    "goal": {
      "name": null,
      "relevance": "Medium",
      "jurisdiction": "Australia",
      "complexity": "Medium",
      "scope": "Consumer Rights",
      "applicability": "Immediate",
      "update_frequency": "Occasional",
      "source_reliability": null
    },
    "database": [
      {
        "name": "Human Rights Act",
        "relevance": "High",
        "jurisdiction": "United Kingdom",
        "complexity": "Medium",
        "scope": "Human Rights",
        "applicability": "Ongoing",
        "update_frequency": "Occasional",
        "source_reliability": "High"
      },
      {
        "name": "Employment Standards Act",
        "relevance": "Medium",
        "jurisdiction": "Canada",
        "complexity": "Low",
        "scope": "Labor Rights",
        "applicability": "Immediate",
        "update_frequency": "Rare",
        "source_reliability": "Medium"
      },
      {
        "name": "Freedom of Information Act",
        "relevance": "Medium",
        "jurisdiction": "United States",
        "complexity": "Low",
        "scope": "Transparency",
        "applicability": "Immediate",
        "update_frequency": "Rare",
        "source_reliability": "High"
      },
      {
        "name": "International Covenant on Civil and Political Rights",
        "relevance": "High",
        "jurisdiction": "International",
        "complexity": "High",
        "scope": "Human Rights",
        "applicability": "Ongoing",
        "update_frequency": "Rare",
        "source_reliability": "High"
      },
      {
        "name": "Trade Practices Act",
        "relevance": "Medium",
        "jurisdiction": "Australia",
        "complexity": "High",
        "scope": "Consumer Rights",
        "applicability": "Immediate",
        "update_frequency": "Frequent",
        "source_reliability": "High"
      },
      {
        "name": "Environmental Protection Act",
        "relevance": "Medium",
        "jurisdiction": "Canada",
        "complexity": "Medium",
        "scope": "Environmental Law",
        "applicability": "Ongoing",
        "update_frequency": "Occasional",
        "source_reliability": "Medium"
      },
      {
        "name": "Consumer Protection Act",
        "relevance": "Medium",
        "jurisdiction": "Australia",
        "complexity": "Medium",
        "scope": "Consumer Rights",
        "applicability": "Immediate",
        "update_frequency": "Occasional",
        "source_reliability": "Medium"
      },
      {
        "name": "Civil Rights Act",
        "relevance": "High",
        "jurisdiction": "United States",
        "complexity": "Medium",
        "scope": "Civil Rights",
        "applicability": "Immediate",
        "update_frequency": "Occasional",
        "source_reliability": "High"
      },
      {
        "name": "Fair Trading Act",
        "relevance": "Medium",
        "jurisdiction": "New Zealand",
        "complexity": "Low",
        "scope": "Consumer Rights",
        "applicability": "Ongoing",
        "update_frequency": "Occasional",
        "source_reliability": "Medium"
      },
      {
        "name": "Consumer Rights Act",
        "relevance": "Medium",
        "jurisdiction": "Australia",
        "complexity": "Medium",
        "scope": "Consumer Rights",
        "applicability": "Immediate",
        "update_frequency": "Occasional",
        "source_reliability": "Medium"
      },
      {
        "name": "Affordable Care Act",
        "relevance": "Medium",
        "jurisdiction": "United States",
        "complexity": "Medium",
        "scope": "Healthcare",
        "applicability": "Ongoing",
        "update_frequency": "Occasional",
        "source_reliability": "Medium"
      },
      {
        "name": "Intellectual Property Law",
        "relevance": "High",
        "jurisdiction": "United States",
        "complexity": "High",
        "scope": "Intellectual Property",
        "applicability": "Ongoing",
        "update_frequency": "Frequent",
        "source_reliability": "High"
      },
      {
        "name": "Data Protection Regulation",
        "relevance": "High",
        "jurisdiction": "European Union",
        "complexity": "High",
        "scope": "Data Privacy",
        "applicability": "Ongoing",
        "update_frequency": "Frequent",
        "source_reliability": "High"
      }
    ],
    "status": "complete"
  },
  {
    "domain": "Awareness Campaigns",
    "turns": [
      [
        "Yes, that works for me. Now, can you help me find an Awareness Campaign that targets young adults?",
        {
          "name": null,
          "target_audience": [
            "young adults"
          ],
          "medium": null,
          "duration": null,
          "focus_area": null,
          "geographical_scope": null,
          "budget_range": null,
          "purpose": null,
          "partners": null
        },
        "Sure! Are you looking for a specific medium, like online or print, for the campaign?"
      ],
      [
        "I prefer social media for the campaign. Any suggestions?",
        {
          "name": null,
          "target_audience": [
            "young adults"
          ],
          "medium": "social media",
          "duration": null,
          "focus_area": null,
          "geographical_scope": null,
          "budget_range": null,
          "purpose": null,
          "partners": null
        },
        "Yes, there's the \"Digital Privacy Campaign,\" which targets young adults and uses social media. Does that interest you?"
      ],
      [
        "Not quite; I'm looking for something focused on financial rights. Any campaigns like that?",
        {
          "name": null,
          "target_audience": [
            "young adults"
          ],
          "medium": "social media",
          "duration": null,
          "focus_area": [
            "financial rights"
          ],
          "geographical_scope": null,
          "budget_range": null,
          "purpose": null,
          "partners": null
        },
        "Yes, \"Smart Money Management\" focuses on financial rights for young adults and uses social media. Would that work for you?"
      ],
      [
        "That sounds great! What\u2019s the duration of the \"Smart Money Management\" campaign?",
        {
          "name": "Smart Money Management",
          "target_audience": [
            "young adults"
          ],
          "medium": "social media",
          "duration": null,
          "focus_area": [
            "financial rights"
          ],
          "geographical_scope": null,
          "budget_range": null,
          "purpose": null,
          "partners": null
        },
        "The \"Smart Money Management\" campaign lasts for 15 days. Does that fit your timeline?"
      ]
    ],
    "preferences_code": "```python\npreferences = AwarenessCampaignCriteria(\n    name=None,\n    target_audience=['young adults'],\n    medium='social media',\n    duration=15,\n    focus_area=['financial rights', 'money management'],\n    geographical_scope='national',\n    budget_range='$1200-$2800',\n    purpose='To teach young adults about managing their finances effectively.',\n    partners=['Finance for All Initiative']\n)\n```",
    "red_herrings_code": "```python\n# Global variable to store a list of example Awareness Campaigns\nawareness_campaigns = [\n    AwarenessCampaign(\n        name='Youth Financial Empowerment',\n        target_audience=['high school students'],\n        medium='online',\n        duration=20,\n        focus_area=['financial rights', 'empowerment'],\n        geographical_scope='national',\n        budget_range='$1500-$3500',\n        purpose='To empower youth with knowledge about financial rights.',\n        partners=['Youth Empowerment Coalition'],\n    ),\n    AwarenessCampaign(\n        name='Financial Literacy for Teens',\n        target_audience=['high school students', 'college students'],\n        medium='print',\n        duration=10,\n        focus_area=['financial rights', 'education'],\n        geographical_scope='regional',\n        budget_range='$800-$2500',\n        purpose='To promote financial literacy among teens.',\n        partners=['Local Education Authority'],\n    ),\n    AwarenessCampaign(\n        name='Smart Money Management',\n        target_audience=['young adults'],\n        medium='social media',\n        duration=15,\n        focus_area=['financial rights', 'money management'],\n        geographical_scope='national',\n        budget_range='$1200-$2800',\n        purpose='To teach young adults about managing their finances effectively.',\n        partners=['Finance for All Initiative'],\n    ),\n]\n```",
    "database_code": "```python\nawareness_campaigns: List[AwarenessCampaign] = [\n    AwarenessCampaign(\n        name=\"Consumer Rights Awareness\",\n        target_audience=[\"general public\", \"students\"],\n        medium=\"online\",\n        duration=30,\n        focus_area=[\"consumer rights\", \"legal education\"],\n        geographical_scope=\"national\",\n        budget_range=\"$1000-$5000\",\n        purpose=\"To educate consumers about their rights.\",\n        partners=[\"Consumer Advocacy Group\"]\n    ),\n    AwarenessCampaign(\n        name=\"Digital Privacy Campaign\",\n        target_audience=[\"young adults\", \"tech users\"],\n        medium=\"social media\",\n        duration=14,\n        focus_area=[\"digital rights\", \"privacy\"],\n        geographical_scope=\"national\",\n        budget_range=\"$500-$2000\",\n        purpose=\"To raise awareness about digital privacy issues.\",\n        partners=[\"Tech for Good\"]\n    ),\n    AwarenessCampaign(\n        name=\"Fair Trade Awareness\",\n        target_audience=[\"consumers\", \"ethical shoppers\"],\n        medium=\"print\",\n        duration=21,\n        focus_area=[\"fair trade\", \"ethical consumption\"],\n        geographical_scope=\"regional\",\n        budget_range=\"$2000-$4000\",\n        purpose=\"To promote fair trade practices.\",\n        partners=[\"Fair Trade Association\"]\n    ),\n    AwarenessCampaign(\n        name=\"Consumer Protection Week\",\n        target_audience=[\"families\", \"seniors\"],\n        medium=\"events\",\n        duration=7,\n        focus_area=[\"consumer protection\", \"scam awareness\"],\n        geographical_scope=\"local\",\n        budget_range=\"$3000-$6000\",\n        purpose=\"To inform consumers about protections against scams.\",\n        partners=[\"Local Government\"]\n    ),\n    AwarenessCampaign(\n        name=\"Youth Financial Literacy\",\n        target_audience=[\"high school students\"],\n        medium=\"online\",\n        duration=15,\n        focus_area=[\"financial rights\", \"education\"],\n        geographical_scope=\"national\",\n        budget_range=\"$1000-$3000\",\n        purpose=\"To educate youth on financial literacy and rights.\",\n        partners=[\"Financial Education Network\"]\n    ),\n    AwarenessCampaign(\n        name=\"Elder Rights Initiative\",\n        target_audience=[\"seniors\", \"caregivers\"],\n        medium=\"broadcast\",\n        duration=30,\n        focus_area=[\"elder rights\", \"legal assistance\"],\n        geographical_scope=\"national\",\n        budget_range=\"$4000-$7000\",\n        purpose=\"To support elder rights and provide legal resources.\",\n        partners=[\"Aging Advocacy Group\"]\n    ),\n    AwarenessCampaign(\n        name=\"Health Care Consumer Rights\",\n        target_audience=[\"patients\", \"healthcare providers\"],\n        medium=\"events\",\n        duration=10,\n        focus_area=[\"healthcare rights\", \"patient advocacy\"],\n        geographical_scope=\"regional\",\n        budget_range=\"$2000-$5000\",\n        purpose=\"To promote awareness of patients' rights in healthcare.\",\n        partners=[\"Health Advocacy Coalition\"]\n    ),\n    AwarenessCampaign(\n        name=\"Sustainable Consumption\",\n        target_audience=[\"environmental activists\", \"general public\"],\n        medium=\"social media\",\n        duration=20,\n        focus_area=[\"sustainability\", \"consumer habits\"],\n        geographical_scope=\"national\",\n        budget_range=\"$1500-$3500\",\n        purpose=\"To encourage sustainable consumer practices.\",\n        partners=[\"Environmental Protection Agency\"]\n    ),\n    AwarenessCampaign(\n        name=\"Consumer Fraud Prevention\",\n        target_audience=[\"business owners\", \"consumers\"],\n        medium=\"print\",\n        duration=14,\n        focus_area=[\"fraud prevention\", \"consumer education\"],\n        geographical_scope=\"local\",\n        budget_range=\"$1000-$2500\",\n        purpose=\"To educate about consumer fraud and prevention strategies.\",\n        partners=[\"Local Chamber of Commerce\"]\n    ),\n    AwarenessCampaign(\n        name=\"Accessibility Awareness\",\n        target_audience=[\"disabled individuals\", \"advocates\"],\n        medium=\"online\",\n        duration=28,\n        focus_area=[\"accessibility rights\", \"disability advocacy\"],\n        geographical_scope=\"national\",\n        budget_range=\"$2000-$4000\",\n        purpose=\"To raise awareness about accessibility rights.\",\n        partners=[\"Disability Rights Organization\"]\n    )\n]\n```",
    "goal": {
      "name": null,
      "target_audience": [
        "young adults"
      ],
      "medium": "social media",
      "duration": 15,
      "focus_area": [
        "financial rights",
        "money management"
      ],
      "geographical_scope": "national",
      "budget_range": "$1200-$2800",
      "purpose": "To teach young adults about managing their finances effectively.",
      "partners": [
        "Finance for All Initiative"
      ]
    },
    "database": [
      {
        "name": "Consumer Rights Awareness",
        "target_audience": [
          "general public",
          "students"
        ],
        "medium": "online",
        "duration": 30,
        "focus_area": [
          "consumer rights",
          "legal education"
        ],
        "geographical_scope": "national",
        "budget_range": "$1000-$5000",
        "purpose": "To educate consumers about their rights.",
        "partners": [
          "Consumer Advocacy Group"
        ]
      },
      {
        "name": "Fair Trade Awareness",
        "target_audience": [
          "consumers",
          "ethical shoppers"
        ],
        "medium": "print",
        "duration": 21,
        "focus_area": [
          "fair trade",
          "ethical consumption"
        ],
        "geographical_scope": "regional",
        "budget_range": "$2000-$4000",
        "purpose": "To promote fair trade practices.",
        "partners": [
          "Fair Trade Association"
        ]
      },
      {
        "name": "Sustainable Consumption",
        "target_audience": [
          "environmental activists",
          "general public"
        ],
        "medium": "social media",
        "duration": 20,
        "focus_area": [
          "sustainability",
          "consumer habits"
        ],
        "geographical_scope": "national",
        "budget_range": "$1500-$3500",
        "purpose": "To encourage sustainable consumer practices.",
        "partners": [
          "Environmental Protection Agency"
        ]
      },
      {
        "name": "Consumer Protection Week",
        "target_audience": [
          "families",
          "seniors"
        ],
        "medium": "events",
        "duration": 7,
        "focus_area": [
          "consumer protection",
          "scam awareness"
        ],
        "geographical_scope": "local",
        "budget_range": "$3000-$6000",
        "purpose": "To inform consumers about protections against scams.",
        "partners": [
          "Local Government"
        ]
      },
      {
        "name": "Smart Money Management",
        "target_audience": [
          "young adults"
        ],
        "medium": "social media",
        "duration": 15,
        "focus_area": [
          "financial rights",
          "money management"
        ],
        "geographical_scope": "national",
        "budget_range": "$1200-$2800",
        "purpose": "To teach young adults about managing their finances effectively.",
        "partners": [
          "Finance for All Initiative"
        ]
      },
      {
        "name": "Youth Financial Literacy",
        "target_audience": [
          "high school students"
        ],
        "medium": "online",
        "duration": 15,
        "focus_area": [
          "financial rights",
          "education"
        ],
        "geographical_scope": "national",
        "budget_range": "$1000-$3000",
        "purpose": "To educate youth on financial literacy and rights.",
        "partners": [
          "Financial Education Network"
        ]
      },
      {
        "name": "Health Care Consumer Rights",
        "target_audience": [
          "patients",
          "healthcare providers"
        ],
        "medium": "events",
        "duration": 10,
        "focus_area": [
          "healthcare rights",
          "patient advocacy"
        ],
        "geographical_scope": "regional",
        "budget_range": "$2000-$5000",
        "purpose": "To promote awareness of patients' rights in healthcare.",
        "partners": [
          "Health Advocacy Coalition"
        ]
      },
      {
        "name": "Consumer Fraud Prevention",
        "target_audience": [
          "business owners",
          "consumers"
        ],
        "medium": "print",
        "duration": 14,
        "focus_area": [
          "fraud prevention",
          "consumer education"
        ],
        "geographical_scope": "local",
        "budget_range": "$1000-$2500",
        "purpose": "To educate about consumer fraud and prevention strategies.",
        "partners": [
          "Local Chamber of Commerce"
        ]
      },
      {
        "name": "Digital Privacy Campaign",
        "target_audience": [
          "young adults",
          "tech users"
        ],
        "medium": "social media",
        "duration": 14,
        "focus_area": [
          "digital rights",
          "privacy"
        ],
        "geographical_scope": "national",
        "budget_range": "$500-$2000",
        "purpose": "To raise awareness about digital privacy issues.",
        "partners": [
          "Tech for Good"
        ]
      },
      {
        "name": "Elder Rights Initiative",
        "target_audience": [
          "seniors",
          "caregivers"
        ],
        "medium": "broadcast",
        "duration": 30,
        "focus_area": [
          "elder rights",
          "legal assistance"
        ],
        "geographical_scope": "national",
        "budget_range": "$4000-$7000",
        "purpose": "To support elder rights and provide legal resources.",
        "partners": [
          "Aging Advocacy Group"
        ]
      },
      {
        "name": "Financial Literacy for Teens",
        "target_audience": [
          "high school students",
          "college students"
        ],
        "medium": "print",
        "duration": 10,
        "focus_area": [
          "financial rights",
          "education"
        ],
        "geographical_scope": "regional",
        "budget_range": "$800-$2500",
        "purpose": "To promote financial literacy among teens.",
        "partners": [
          "Local Education Authority"
        ]
      },
      {
        "name": "Accessibility Awareness",
        "target_audience": [
          "disabled individuals",
          "advocates"
        ],
        "medium": "online",
        "duration": 28,
        "focus_area": [
          "accessibility rights",
          "disability advocacy"
        ],
        "geographical_scope": "national",
        "budget_range": "$2000-$4000",
        "purpose": "To raise awareness about accessibility rights.",
        "partners": [
          "Disability Rights Organization"
        ]
      },
      {
        "name": "Youth Financial Empowerment",
        "target_audience": [
          "high school students"
        ],
        "medium": "online",
        "duration": 20,
        "focus_area": [
          "financial rights",
          "empowerment"
        ],
        "geographical_scope": "national",
        "budget_range": "$1500-$3500",
        "purpose": "To empower youth with knowledge about financial rights.",
        "partners": [
          "Youth Empowerment Coalition"
        ]
      }
    ],
    "status": "complete"
  }
]