[
  {
    "domain": "Dietary Plans",
    "turns": [
      [
        "Hey, I\u2019m looking for a Mediterranean dietary plan, ideally around 2000 calories a day. What do you think?",
        {
          "name": null,
          "type": "mediterranean",
          "caloric_intake": 2000,
          "meal_frequency": null,
          "protein_percentage": null,
          "carbohydrate_percentage": null,
          "fat_percentage": null,
          "is_gluten_free": null,
          "is_dairy_free": null,
          "is_nut_free": null,
          "contains_supplements": null,
          "hydration_strategy": null
        },
        "I have a couple of Mediterranean options around 2000 calories; do you have any preferences for meal frequency or protein percentage?"
      ],
      [
        "I\u2019d prefer three meals a day with about 25% of calories from protein.",
        {
          "name": null,
          "type": "mediterranean",
          "caloric_intake": 2000,
          "meal_frequency": 3,
          "protein_percentage": 25.0,
          "carbohydrate_percentage": null,
          "fat_percentage": null,
          "is_gluten_free": null,
          "is_dairy_free": null,
          "is_nut_free": null,
          "contains_supplements": null,
          "hydration_strategy": null
        },
        "Great! The \"Balanced Diet Plan\" fits that perfectly with 2000 calories, three meals, and 25% protein. Does that work for you?"
      ],
      [
        "That sounds good! Is it gluten-free or dairy-free?",
        {
          "name": "Balanced Diet Plan",
          "type": "mediterranean",
          "caloric_intake": 2000,
          "meal_frequency": 3,
          "protein_percentage": 25.0,
          "carbohydrate_percentage": null,
          "fat_percentage": null,
          "is_gluten_free": null,
          "is_dairy_free": null,
          "is_nut_free": null,
          "contains_supplements": null,
          "hydration_strategy": null
        },
        "The \"Balanced Diet Plan\" is not gluten-free or dairy-free. Would you like to consider another option?"
      ],
      [
        "Yes, let's look for another plan that meets those criteria.",
        {
          "name": null,
          "type": "mediterranean",
          "caloric_intake": 2000,
          "meal_frequency": 3,
          "protein_percentage": 25.0,
          "carbohydrate_percentage": null,
          "fat_percentage": null,
          "is_gluten_free": null,
          "is_dairy_free": null,
          "is_nut_free": null,
          "contains_supplements": null,
          "hydration_strategy": null
        },
        "How about the \"Mediterranean Health Plan\"? It's 2200 calories, three meals, and doesn't contain gluten or dairy. Would that work for you?"
      ],
      [
        "That\u2019s a bit higher in calories; could we adjust it to around 2000?",
        {
          "name": null,
          "type": "mediterranean",
          "caloric_intake": 2000,
          "meal_frequency": 3,
          "protein_percentage": 25.0,
          "carbohydrate_percentage": null,
          "fat_percentage": null,
          "is_gluten_free": null,
          "is_dairy_free": null,
          "is_nut_free": null,
          "contains_supplements": null,
          "hydration_strategy": null
        },
        "The \"Balanced Diet Plan\" is your best bet at 2000 calories, but it contains gluten and dairy. Should we look for a different type or adjust your preferences?"
      ],
      [
        "I might need to adjust my preferences; could we try a gluten-free option instead?",
        {
          "name": null,
          "type": "mediterranean",
          "caloric_intake": 2000,
          "meal_frequency": 3,
          "protein_percentage": 25.0,
          "carbohydrate_percentage": null,
          "fat_percentage": null,
          "is_gluten_free": true,
          "is_dairy_free": null,
          "is_nut_free": null,
          "contains_supplements": null,
          "hydration_strategy": null
        },
        "Sure! The \"Paleo Performance Plan\" is gluten-free, has 3000 calories, and includes supplements. Would you like to explore that?"
      ],
      [
        "3000 calories is too high for me; can we find a gluten-free option closer to 2000 calories?",
        {
          "name": null,
          "type": "mediterranean",
          "caloric_intake": 2000,
          "meal_frequency": 3,
          "protein_percentage": 25.0,
          "carbohydrate_percentage": null,
          "fat_percentage": null,
          "is_gluten_free": true,
          "is_dairy_free": null,
          "is_nut_free": null,
          "contains_supplements": null,
          "hydration_strategy": null
        },
        "The \"Weight Management Plan\" is gluten-free and has 2000 calories, but it's paleo. Would that work for you?"
      ],
      [
        "Yes, I can work with a paleo plan if it\u2019s gluten-free and 2000 calories!",
        {
          "name": "Weight Management Plan",
          "type": "paleo",
          "caloric_intake": 2000,
          "meal_frequency": 3,
          "protein_percentage": 25.0,
          "carbohydrate_percentage": null,
          "fat_percentage": null,
          "is_gluten_free": true,
          "is_dairy_free": null,
          "is_nut_free": null,
          "contains_supplements": null,
          "hydration_strategy": null
        },
        "Awesome! The \"Weight Management Plan\" is a perfect fit. Shall I finalize that for you?"
      ],
      [
        "Yes, please finalize the \"Weight Management Plan\"!",
        {
          "name": "Weight Management Plan",
          "type": "paleo",
          "caloric_intake": 2000,
          "meal_frequency": 3,
          "protein_percentage": 25.0,
          "carbohydrate_percentage": null,
          "fat_percentage": null,
          "is_gluten_free": true,
          "is_dairy_free": null,
          "is_nut_free": null,
          "contains_supplements": null,
          "hydration_strategy": null
        },
        "Great choice! The \"Weight Management Plan\" is finalized for you."
      ]
    ],
    "preferences_code": "```python\npreferences = DietaryPlanCriteria(\n    name='Balanced Diet Plan',\n    type='mediterranean',\n    caloric_intake=2000,\n    meal_frequency=3,\n    protein_percentage=25.0,\n    carbohydrate_percentage=50.0,\n    fat_percentage=25.0,\n    is_gluten_free=False,\n    is_dairy_free=False,\n    is_nut_free=True,\n    contains_supplements=False,\n    hydration_strategy='standard',\n)\n```",
    "red_herrings_code": "```python\n# Global variable containing a list of DietaryPlan examples\nsimilar_dietary_plans = [\n    DietaryPlan(\n        name='Weight Loss Plan',\n        type='paleo',\n        caloric_intake=1800,\n        meal_frequency=3,\n        protein_percentage=35.0,\n        carbohydrate_percentage=35.0,\n        fat_percentage=30.0,\n        is_gluten_free=True,\n        is_dairy_free=True,\n        is_nut_free=True,\n        contains_supplements=False,\n        hydration_strategy='standard',\n    ),\n    DietaryPlan(\n        name='Muscle Gain Plan',\n        type='paleo',\n        caloric_intake=2500,\n        meal_frequency=4,\n        protein_percentage=40.0,\n        carbohydrate_percentage=30.0,\n        fat_percentage=30.0,\n        is_gluten_free=True,\n        is_dairy_free=True,\n        is_nut_free=True,\n        contains_supplements=True,\n        hydration_strategy='high',\n    ),\n    DietaryPlan(\n        name='Balanced Diet Plan',\n        type='mediterranean',\n        caloric_intake=2000,\n        meal_frequency=3,\n        protein_percentage=25.0,\n        carbohydrate_percentage=50.0,\n        fat_percentage=25.0,\n        is_gluten_free=False,\n        is_dairy_free=False,\n        is_nut_free=True,\n        contains_supplements=False,\n        hydration_strategy='standard',\n    )\n]\n```",
    "database_code": "```python\n# Global variable representing a list of Dietary Plans examples\ndietary_plans_examples = [\n    DietaryPlan(\n        name=\"Vegan Athlete Plan\",\n        type='vegan',\n        caloric_intake=2500,\n        meal_frequency=5,\n        protein_percentage=20.0,\n        carbohydrate_percentage=60.0,\n        fat_percentage=20.0,\n        is_gluten_free=True,\n        is_dairy_free=True,\n        is_nut_free=False,\n        contains_supplements=True,\n        hydration_strategy='high'\n    ),\n    DietaryPlan(\n        name=\"Keto Weight Loss Plan\",\n        type='keto',\n        caloric_intake=1800,\n        meal_frequency=3,\n        protein_percentage=30.0,\n        carbohydrate_percentage=5.0,\n        fat_percentage=65.0,\n        is_gluten_free=True,\n        is_dairy_free=False,\n        is_nut_free=True,\n        contains_supplements=False,\n        hydration_strategy='standard'\n    ),\n    DietaryPlan(\n        name=\"Paleo Performance Plan\",\n        type='paleo',\n        caloric_intake=3000,\n        meal_frequency=4,\n        protein_percentage=25.0,\n        carbohydrate_percentage=40.0,\n        fat_percentage=35.0,\n        is_gluten_free=True,\n        is_dairy_free=True,\n        is_nut_free=False,\n        contains_supplements=True,\n        hydration_strategy='custom'\n    ),\n    DietaryPlan(\n        name=\"Mediterranean Health Plan\",\n        type='mediterranean',\n        caloric_intake=2200,\n        meal_frequency=3,\n        protein_percentage=25.0,\n        carbohydrate_percentage=50.0,\n        fat_percentage=25.0,\n        is_gluten_free=False,\n        is_dairy_free=False,\n        is_nut_free=False,\n        contains_supplements=False,\n        hydration_strategy='standard'\n    ),\n    DietaryPlan(\n        name=\"Vegetarian Muscle Gain Plan\",\n        type='vegetarian',\n        caloric_intake=2800,\n        meal_frequency=5,\n        protein_percentage=30.0,\n        carbohydrate_percentage=50.0,\n        fat_percentage=20.0,\n        is_gluten_free=False,\n        is_dairy_free=False,\n        is_nut_free=False,\n        contains_supplements=True,\n        hydration_strategy='high'\n    ),\n    DietaryPlan(\n        name=\"Gluten-Free Diet Plan\",\n        type='vegan',\n        caloric_intake=2000,\n        meal_frequency=4,\n        protein_percentage=15.0,\n        carbohydrate_percentage=70.0,\n        fat_percentage=15.0,\n        is_gluten_free=True,\n        is_dairy_free=True,\n        is_nut_free=True,\n        contains_supplements=False,\n        hydration_strategy='standard'\n    ),\n    DietaryPlan(\n        name=\"High Protein Diet Plan\",\n        type='keto',\n        caloric_intake=2300,\n        meal_frequency=3,\n        protein_percentage=40.0,\n        carbohydrate_percentage=10.0,\n        fat_percentage=50.0,\n        is_gluten_free=True,\n        is_dairy_free=False,\n        is_nut_free=False,\n        contains_supplements=True,\n        hydration_strategy='custom'\n    ),\n    DietaryPlan(\n        name=\"Balanced Diet Plan\",\n        type='mediterranean',\n        caloric_intake=2500,\n        meal_frequency=4,\n        protein_percentage=20.0,\n        carbohydrate_percentage=45.0,\n        fat_percentage=35.0,\n        is_gluten_free=False,\n        is_dairy_free=False,\n        is_nut_free=True,\n        contains_supplements=False,\n        hydration_strategy='high'\n    ),\n    DietaryPlan(\n        name=\"Endurance Athlete Plan\",\n        type='vegetarian',\n        caloric_intake=3000,\n        meal_frequency=6,\n        protein_percentage=20.0,\n        carbohydrate_percentage=65.0,\n        fat_percentage=15.0,\n        is_gluten_free=False,\n        is_dairy_free=True,\n        is_nut_free=False,\n        contains_supplements=True,\n        hydration_strategy='high'\n    ),\n    DietaryPlan(\n        name=\"Weight Management Plan\",\n        type='paleo',\n        caloric_intake=2000,\n        meal_frequency=3,\n        protein_percentage=30.0,\n        carbohydrate_percentage=40.0,\n        fat_percentage=30.0,\n        is_gluten_free=True,\n        is_dairy_free=True,\n        is_nut_free=True,\n        contains_supplements=False,\n        hydration_strategy='standard'\n    )\n]\n```",
    "goal": {
      "name": null,
      "type": "mediterranean",
      "caloric_intake": 2000,
      "meal_frequency": 3,
      "protein_percentage": 25.0,
      "carbohydrate_percentage": 50.0,
      "fat_percentage": 25.0,
      "is_gluten_free": false,
      "is_dairy_free": false,
      "is_nut_free": true,
      "contains_supplements": false,
      "hydration_strategy": "standard"
    },
    "database": [
      {
        "name": "Gluten-Free Diet Plan",
        "type": "vegan",
        "caloric_intake": 2000,
        "meal_frequency": 4,
        "protein_percentage": 15.0,
        "carbohydrate_percentage": 70.0,
        "fat_percentage": 15.0,
        "is_gluten_free": true,
        "is_dairy_free": true,
        "is_nut_free": true,
        "contains_supplements": false,
        "hydration_strategy": "standard"
      },
      {
        "name": "Weight Management Plan",
        "type": "paleo",
        "caloric_intake": 2000,
        "meal_frequency": 3,
        "protein_percentage": 30.0,
        "carbohydrate_percentage": 40.0,
        "fat_percentage": 30.0,
        "is_gluten_free": true,
        "is_dairy_free": true,
        "is_nut_free": true,
        "contains_supplements": false,
        "hydration_strategy": "standard"
      },
      {
        "name": "Keto Weight Loss Plan",
        "type": "keto",
        "caloric_intake": 1800,
        "meal_frequency": 3,
        "protein_percentage": 30.0,
        "carbohydrate_percentage": 5.0,
        "fat_percentage": 65.0,
        "is_gluten_free": true,
        "is_dairy_free": false,
        "is_nut_free": true,
        "contains_supplements": false,
        "hydration_strategy": "standard"
      },
      {
        "name": "Endurance Athlete Plan",
        "type": "vegetarian",
        "caloric_intake": 3000,
        "meal_frequency": 6,
        "protein_percentage": 20.0,
        "carbohydrate_percentage": 65.0,
        "fat_percentage": 15.0,
        "is_gluten_free": false,
        "is_dairy_free": true,
        "is_nut_free": false,
        "contains_supplements": true,
        "hydration_strategy": "high"
      },
      {
        "name": "High Protein Diet Plan",
        "type": "keto",
        "caloric_intake": 2300,
        "meal_frequency": 3,
        "protein_percentage": 40.0,
        "carbohydrate_percentage": 10.0,
        "fat_percentage": 50.0,
        "is_gluten_free": true,
        "is_dairy_free": false,
        "is_nut_free": false,
        "contains_supplements": true,
        "hydration_strategy": "custom"
      },
      {
        "name": "Paleo Performance Plan",
        "type": "paleo",
        "caloric_intake": 3000,
        "meal_frequency": 4,
        "protein_percentage": 25.0,
        "carbohydrate_percentage": 40.0,
        "fat_percentage": 35.0,
        "is_gluten_free": true,
        "is_dairy_free": true,
        "is_nut_free": false,
        "contains_supplements": true,
        "hydration_strategy": "custom"
      },
      {
        "name": "Balanced Diet Plan",
        "type": "mediterranean",
        "caloric_intake": 2000,
        "meal_frequency": 3,
        "protein_percentage": 25.0,
        "carbohydrate_percentage": 50.0,
        "fat_percentage": 25.0,
        "is_gluten_free": false,
        "is_dairy_free": false,
        "is_nut_free": true,
        "contains_supplements": false,
        "hydration_strategy": "standard"
      },
      {
        "name": "Balanced Diet Plan",
        "type": "mediterranean",
        "caloric_intake": 2500,
        "meal_frequency": 4,
        "protein_percentage": 20.0,
        "carbohydrate_percentage": 45.0,
        "fat_percentage": 35.0,
        "is_gluten_free": false,
        "is_dairy_free": false,
        "is_nut_free": true,
        "contains_supplements": false,
        "hydration_strategy": "high"
      },
      {
        "name": "Vegan Athlete Plan",
        "type": "vegan",
        "caloric_intake": 2500,
        "meal_frequency": 5,
        "protein_percentage": 20.0,
        "carbohydrate_percentage": 60.0,
        "fat_percentage": 20.0,
        "is_gluten_free": true,
        "is_dairy_free": true,
        "is_nut_free": false,
        "contains_supplements": true,
        "hydration_strategy": "high"
      },
      {
        "name": "Mediterranean Health Plan",
        "type": "mediterranean",
        "caloric_intake": 2200,
        "meal_frequency": 3,
        "protein_percentage": 25.0,
        "carbohydrate_percentage": 50.0,
        "fat_percentage": 25.0,
        "is_gluten_free": false,
        "is_dairy_free": false,
        "is_nut_free": false,
        "contains_supplements": false,
        "hydration_strategy": "standard"
      },
      {
        "name": "Muscle Gain Plan",
        "type": "paleo",
        "caloric_intake": 2500,
        "meal_frequency": 4,
        "protein_percentage": 40.0,
        "carbohydrate_percentage": 30.0,
        "fat_percentage": 30.0,
        "is_gluten_free": true,
        "is_dairy_free": true,
        "is_nut_free": true,
        "contains_supplements": true,
        "hydration_strategy": "high"
      },
      {
        "name": "Weight Loss Plan",
        "type": "paleo",
        "caloric_intake": 1800,
        "meal_frequency": 3,
        "protein_percentage": 35.0,
        "carbohydrate_percentage": 35.0,
        "fat_percentage": 30.0,
        "is_gluten_free": true,
        "is_dairy_free": true,
        "is_nut_free": true,
        "contains_supplements": false,
        "hydration_strategy": "standard"
      },
      {
        "name": "Vegetarian Muscle Gain Plan",
        "type": "vegetarian",
        "caloric_intake": 2800,
        "meal_frequency": 5,
        "protein_percentage": 30.0,
        "carbohydrate_percentage": 50.0,
        "fat_percentage": 20.0,
        "is_gluten_free": false,
        "is_dairy_free": false,
        "is_nut_free": false,
        "contains_supplements": true,
        "hydration_strategy": "high"
      }
    ],
    "status": "complete"
  }
]