[
  {
    "domain": "Market Positioning Strategies",
    "turns": [
      [
        "I'm thinking of a differentiation strategy; what do you think?",
        {
          "name": null,
          "strategy_type": "Differentiation",
          "target_market": null,
          "unique_selling_proposition": null,
          "price_range": null,
          "brand_image": null,
          "customer_experience_focus": null,
          "innovation_level": null,
          "distribution_channels": null
        },
        "A differentiation strategy can really help you stand out! What target market are you considering?"
      ],
      [
        "I'm focusing on coffee enthusiasts and remote workers.",
        {
          "name": null,
          "strategy_type": "Differentiation",
          "target_market": "coffee enthusiasts and remote workers",
          "unique_selling_proposition": null,
          "price_range": null,
          "brand_image": null,
          "customer_experience_focus": null,
          "innovation_level": null,
          "distribution_channels": null
        },
        "Great choice! How about offering specialty brews and artisanal snacks?"
      ],
      [
        "Yes, that unique selling proposition sounds perfect!",
        {
          "name": null,
          "strategy_type": "Differentiation",
          "target_market": "coffee enthusiasts and remote workers",
          "unique_selling_proposition": "specialty brews and artisanal snacks",
          "price_range": null,
          "brand_image": null,
          "customer_experience_focus": null,
          "innovation_level": null,
          "distribution_channels": null
        },
        "Awesome! Would you prefer a medium price range for this concept?"
      ],
      [
        "Definitely, a medium price range fits well.",
        {
          "name": null,
          "strategy_type": "Differentiation",
          "target_market": "coffee enthusiasts and remote workers",
          "unique_selling_proposition": "specialty brews and artisanal snacks",
          "price_range": "Medium",
          "brand_image": null,
          "customer_experience_focus": null,
          "innovation_level": null,
          "distribution_channels": null
        },
        "Perfect! This aligns with the \"Gourmet Coffee Shop\" strategy. Shall we go with that?"
      ],
      [
        "Yes, let's go with the Gourmet Coffee Shop strategy!",
        {
          "name": "Gourmet Coffee Shop",
          "strategy_type": "Differentiation",
          "target_market": "Coffee enthusiasts and remote workers",
          "unique_selling_proposition": "Specialty brews and artisanal snacks",
          "price_range": "Medium",
          "brand_image": null,
          "customer_experience_focus": null,
          "innovation_level": null,
          "distribution_channels": null
        },
        "Fantastic choice! You're all set with the Gourmet Coffee Shop strategy!"
      ]
    ],
    "preferences_code": "```python\npreferences = MarketPositioningCriteria(\n    name='Gourmet Coffee Shop',\n    strategy_type='Differentiation',\n    target_market='Coffee enthusiasts and remote workers',\n    unique_selling_proposition='Specialty brews and artisanal snacks',\n    price_range='Medium',\n    brand_image='Sophisticated and artisanal',\n    customer_experience_focus='High',\n    innovation_level='Innovative',\n    distribution_channels='Dine-in, Takeout, Online',\n)\n```",
    "red_herrings_code": "```python\n# Global variable containing a list of Market Positioning Strategy examples\nmarket_positioning_strategies = [\n    MarketPositioningStrategy(\n        name='Trendy Bistro',\n        strategy_type='Focus',\n        target_market='Young professionals and creatives',\n        unique_selling_proposition='A stylish environment with gourmet coffee and pastries',\n        price_range='Medium',\n        brand_image='Chic and modern',\n        customer_experience_focus='High',\n        innovation_level='Innovative',\n        distribution_channels='Dine-in, Takeout'\n    ),\n    MarketPositioningStrategy(\n        name='Family-Friendly Diner',\n        strategy_type='Focus',\n        target_market='Families with children',\n        unique_selling_proposition='A welcoming space with a diverse menu for all ages',\n        price_range='Low',\n        brand_image='Warm and inviting',\n        customer_experience_focus='Moderate',\n        innovation_level='Balanced',\n        distribution_channels='Dine-in, Takeout'\n    ),\n    MarketPositioningStrategy(\n        name='Gourmet Coffee Shop',\n        strategy_type='Differentiation',\n        target_market='Coffee enthusiasts and remote workers',\n        unique_selling_proposition='Specialty brews and artisanal snacks',\n        price_range='Medium',\n        brand_image='Sophisticated and artisanal',\n        customer_experience_focus='High',\n        innovation_level='Innovative',\n        distribution_channels='Dine-in, Takeout, Online'\n    )\n]\n```",
    "database_code": "```python\n# Global variable to store examples of Market Positioning Strategies\nmarket_positioning_strategies = [\n    MarketPositioningStrategy(\n        name=\"Budget Bistro\",\n        strategy_type=\"Cost Leadership\",\n        target_market=\"Price-sensitive customers\",\n        unique_selling_proposition=\"Affordable meals without sacrificing quality\",\n        price_range=\"Low\",\n        brand_image=\"Value-focused\",\n        customer_experience_focus=\"Low\",\n        innovation_level=\"Conservative\",\n        distribution_channels=\"Dine-in, Takeout\"\n    ),\n    MarketPositioningStrategy(\n        name=\"Gourmet Grill\",\n        strategy_type=\"Differentiation\",\n        target_market=\"Food enthusiasts\",\n        unique_selling_proposition=\"Unique grilled dishes with gourmet ingredients\",\n        price_range=\"High\",\n        brand_image=\"Premium quality\",\n        customer_experience_focus=\"High\",\n        innovation_level=\"Innovative\",\n        distribution_channels=\"Dine-in, Delivery\"\n    ),\n    MarketPositioningStrategy(\n        name=\"Family Feast\",\n        strategy_type=\"Focus\",\n        target_market=\"Families with children\",\n        unique_selling_proposition=\"Family-friendly dining with a large menu\",\n        price_range=\"Medium\",\n        brand_image=\"Family-oriented\",\n        customer_experience_focus=\"Moderate\",\n        innovation_level=\"Balanced\",\n        distribution_channels=\"Dine-in, Takeout\"\n    ),\n    MarketPositioningStrategy(\n        name=\"Quick Eats\",\n        strategy_type=\"Cost Leadership\",\n        target_market=\"Busy professionals\",\n        unique_selling_proposition=\"Fast service with healthy options\",\n        price_range=\"Medium\",\n        brand_image=\"Convenient and healthy\",\n        customer_experience_focus=\"Moderate\",\n        innovation_level=\"Conservative\",\n        distribution_channels=\"Takeout, Delivery\"\n    ),\n    MarketPositioningStrategy(\n        name=\"Vegan Delights\",\n        strategy_type=\"Differentiation\",\n        target_market=\"Health-conscious individuals\",\n        unique_selling_proposition=\"Creative vegan dishes that appeal to all\",\n        price_range=\"Medium\",\n        brand_image=\"Healthy and sustainable\",\n        customer_experience_focus=\"High\",\n        innovation_level=\"Innovative\",\n        distribution_channels=\"Dine-in, Takeout\"\n    ),\n    MarketPositioningStrategy(\n        name=\"Culinary Classics\",\n        strategy_type=\"Differentiation\",\n        target_market=\"Traditional food lovers\",\n        unique_selling_proposition=\"Classic dishes made with authentic recipes\",\n        price_range=\"Medium\",\n        brand_image=\"Heritage-focused\",\n        customer_experience_focus=\"Moderate\",\n        innovation_level=\"Balanced\",\n        distribution_channels=\"Dine-in\"\n    ),\n    MarketPositioningStrategy(\n        name=\"Street Food Fusion\",\n        strategy_type=\"Focus\",\n        target_market=\"Adventurous eaters\",\n        unique_selling_proposition=\"Fusion street food from around the world\",\n        price_range=\"Low\",\n        brand_image=\"Trendy and fun\",\n        customer_experience_focus=\"High\",\n        innovation_level=\"Innovative\",\n        distribution_channels=\"Food trucks, Festivals\"\n    ),\n    MarketPositioningStrategy(\n        name=\"Elegant Dining\",\n        strategy_type=\"Differentiation\",\n        target_market=\"Couples and special occasions\",\n        unique_selling_proposition=\"Fine dining experience with exquisite dishes\",\n        price_range=\"High\",\n        brand_image=\"Sophisticated\",\n        customer_experience_focus=\"High\",\n        innovation_level=\"Balanced\",\n        distribution_channels=\"Dine-in\"\n    ),\n    MarketPositioningStrategy(\n        name=\"Local Farm Table\",\n        strategy_type=\"Differentiation\",\n        target_market=\"Locavores\",\n        unique_selling_proposition=\"Seasonal dishes sourced from local farms\",\n        price_range=\"Medium\",\n        brand_image=\"Sustainable and local\",\n        customer_experience_focus=\"Moderate\",\n        innovation_level=\"Innovative\",\n        distribution_channels=\"Dine-in, Takeout\"\n    ),\n    MarketPositioningStrategy(\n        name=\"Casual Caf\u00e9\",\n        strategy_type=\"Focus\",\n        target_market=\"Students and young adults\",\n        unique_selling_proposition=\"A relaxed atmosphere with coffee and light bites\",\n        price_range=\"Low\",\n        brand_image=\"Casual and friendly\",\n        customer_experience_focus=\"High\",\n        innovation_level=\"Balanced\",\n        distribution_channels=\"Dine-in, Takeout\"\n    )\n]\n```",
    "goal": {
      "name": null,
      "strategy_type": "Differentiation",
      "target_market": "Coffee enthusiasts and remote workers",
      "unique_selling_proposition": "Specialty brews and artisanal snacks",
      "price_range": "Medium",
      "brand_image": "Sophisticated and artisanal",
      "customer_experience_focus": "High",
      "innovation_level": "Innovative",
      "distribution_channels": "Dine-in, Takeout, Online"
    },
    "database": [
      {
        "name": "Casual Caf\u00e9",
        "strategy_type": "Focus",
        "target_market": "Students and young adults",
        "unique_selling_proposition": "A relaxed atmosphere with coffee and light bites",
        "price_range": "Low",
        "brand_image": "Casual and friendly",
        "customer_experience_focus": "High",
        "innovation_level": "Balanced",
        "distribution_channels": "Dine-in, Takeout"
      },
      {
        "name": "Culinary Classics",
        "strategy_type": "Differentiation",
        "target_market": "Traditional food lovers",
        "unique_selling_proposition": "Classic dishes made with authentic recipes",
        "price_range": "Medium",
        "brand_image": "Heritage-focused",
        "customer_experience_focus": "Moderate",
        "innovation_level": "Balanced",
        "distribution_channels": "Dine-in"
      },
      {
        "name": "Street Food Fusion",
        "strategy_type": "Focus",
        "target_market": "Adventurous eaters",
        "unique_selling_proposition": "Fusion street food from around the world",
        "price_range": "Low",
        "brand_image": "Trendy and fun",
        "customer_experience_focus": "High",
        "innovation_level": "Innovative",
        "distribution_channels": "Food trucks, Festivals"
      },
      {
        "name": "Quick Eats",
        "strategy_type": "Cost Leadership",
        "target_market": "Busy professionals",
        "unique_selling_proposition": "Fast service with healthy options",
        "price_range": "Medium",
        "brand_image": "Convenient and healthy",
        "customer_experience_focus": "Moderate",
        "innovation_level": "Conservative",
        "distribution_channels": "Takeout, Delivery"
      },
      {
        "name": "Trendy Bistro",
        "strategy_type": "Focus",
        "target_market": "Young professionals and creatives",
        "unique_selling_proposition": "A stylish environment with gourmet coffee and pastries",
        "price_range": "Medium",
        "brand_image": "Chic and modern",
        "customer_experience_focus": "High",
        "innovation_level": "Innovative",
        "distribution_channels": "Dine-in, Takeout"
      },
      {
        "name": "Vegan Delights",
        "strategy_type": "Differentiation",
        "target_market": "Health-conscious individuals",
        "unique_selling_proposition": "Creative vegan dishes that appeal to all",
        "price_range": "Medium",
        "brand_image": "Healthy and sustainable",
        "customer_experience_focus": "High",
        "innovation_level": "Innovative",
        "distribution_channels": "Dine-in, Takeout"
      },
      {
        "name": "Gourmet Coffee Shop",
        "strategy_type": "Differentiation",
        "target_market": "Coffee enthusiasts and remote workers",
        "unique_selling_proposition": "Specialty brews and artisanal snacks",
        "price_range": "Medium",
        "brand_image": "Sophisticated and artisanal",
        "customer_experience_focus": "High",
        "innovation_level": "Innovative",
        "distribution_channels": "Dine-in, Takeout, Online"
      },
      {
        "name": "Family Feast",
        "strategy_type": "Focus",
        "target_market": "Families with children",
        "unique_selling_proposition": "Family-friendly dining with a large menu",
        "price_range": "Medium",
        "brand_image": "Family-oriented",
        "customer_experience_focus": "Moderate",
        "innovation_level": "Balanced",
        "distribution_channels": "Dine-in, Takeout"
      },
      {
        "name": "Family-Friendly Diner",
        "strategy_type": "Focus",
        "target_market": "Families with children",
        "unique_selling_proposition": "A welcoming space with a diverse menu for all ages",
        "price_range": "Low",
        "brand_image": "Warm and inviting",
        "customer_experience_focus": "Moderate",
        "innovation_level": "Balanced",
        "distribution_channels": "Dine-in, Takeout"
      },
      {
        "name": "Elegant Dining",
        "strategy_type": "Differentiation",
        "target_market": "Couples and special occasions",
        "unique_selling_proposition": "Fine dining experience with exquisite dishes",
        "price_range": "High",
        "brand_image": "Sophisticated",
        "customer_experience_focus": "High",
        "innovation_level": "Balanced",
        "distribution_channels": "Dine-in"
      },
      {
        "name": "Local Farm Table",
        "strategy_type": "Differentiation",
        "target_market": "Locavores",
        "unique_selling_proposition": "Seasonal dishes sourced from local farms",
        "price_range": "Medium",
        "brand_image": "Sustainable and local",
        "customer_experience_focus": "Moderate",
        "innovation_level": "Innovative",
        "distribution_channels": "Dine-in, Takeout"
      },
      {
        "name": "Budget Bistro",
        "strategy_type": "Cost Leadership",
        "target_market": "Price-sensitive customers",
        "unique_selling_proposition": "Affordable meals without sacrificing quality",
        "price_range": "Low",
        "brand_image": "Value-focused",
        "customer_experience_focus": "Low",
        "innovation_level": "Conservative",
        "distribution_channels": "Dine-in, Takeout"
      },
      {
        "name": "Gourmet Grill",
        "strategy_type": "Differentiation",
        "target_market": "Food enthusiasts",
        "unique_selling_proposition": "Unique grilled dishes with gourmet ingredients",
        "price_range": "High",
        "brand_image": "Premium quality",
        "customer_experience_focus": "High",
        "innovation_level": "Innovative",
        "distribution_channels": "Dine-in, Delivery"
      }
    ],
    "status": "complete"
  },
  {
    "domain": "Signature Dishes",
    "turns": [
      [
        "Thanks! Now, can you help me find a signature dish that fits my criteria?",
        {
          "name": null,
          "cuisine_type": null,
          "dish_feature": null,
          "flavor_profile": null,
          "main_ingredient": null,
          "cooking_method": null
        },
        "Sure! What specific characteristics are you looking for in a signature dish?"
      ],
      [
        "I'm looking for a Mexican, vegan dish that features bell peppers and is baked.",
        {
          "name": null,
          "cuisine_type": "Mexican",
          "dish_feature": "Vegan",
          "flavor_profile": null,
          "main_ingredient": "bell peppers",
          "cooking_method": "Baked"
        },
        "I have the perfect match for you: Stuffed Bell Peppers! Would you like to go with that?"
      ],
      [
        "Stuffed Bell Peppers sound great; let's finalize that as our signature dish!",
        {
          "name": "Stuffed Bell Peppers",
          "cuisine_type": "Mexican",
          "dish_feature": "Vegan",
          "flavor_profile": null,
          "main_ingredient": "Bell Peppers",
          "cooking_method": "Baked"
        },
        "Awesome choice! Stuffed Bell Peppers it is!"
      ]
    ],
    "preferences_code": "```python\npreferences = SignatureDishCriteria(\n    name='Stuffed Bell Peppers',\n    cuisine_type='Mexican',\n    dish_feature='Vegan',\n    flavor_profile='Savory',\n    main_ingredient='Bell Peppers',\n    cooking_method='Baked'\n)\n```",
    "red_herrings_code": "```python\n# Global variable to hold a list of example Signature Dishes\nsignature_dishes_examples = [\n    SignatureDish(\n        name='Grilled Eggplant Steaks',\n        cuisine_type='Mediterranean',\n        dish_feature='Vegan',\n        flavor_profile='Savory',\n        main_ingredient='Eggplant',\n        cooking_method='Grilled',\n    ),\n    SignatureDish(\n        name='Mushroom Steaks',\n        cuisine_type='American',\n        dish_feature='Vegan',\n        flavor_profile='Umami',\n        main_ingredient='Mushrooms',\n        cooking_method='Grilled',\n    ),\n    SignatureDish(\n        name='Stuffed Bell Peppers',\n        cuisine_type='Mexican',\n        dish_feature='Vegan',\n        flavor_profile='Savory',\n        main_ingredient='Bell Peppers',\n        cooking_method='Baked',\n    ),\n]\n```",
    "database_code": "```python\n# Global variable representing a list of example Signature Dishes\nsignature_dishes = [\n    SignatureDish(\n        name=\"Margherita Pizza\",\n        cuisine_type=\"Italian\",\n        dish_feature=\"Vegan\",\n        flavor_profile=\"Savory\",\n        main_ingredient=\"Tomato\",\n        cooking_method=\"Baked\"\n    ),\n    SignatureDish(\n        name=\"Kung Pao Chicken\",\n        cuisine_type=\"Chinese\",\n        dish_feature=\"Spicy\",\n        flavor_profile=\"Savory\",\n        main_ingredient=\"Chicken\",\n        cooking_method=\"Fried\"\n    ),\n    SignatureDish(\n        name=\"Butter Chicken\",\n        cuisine_type=\"Indian\",\n        dish_feature=\"Gluten-Free\",\n        flavor_profile=\"Savory\",\n        main_ingredient=\"Chicken\",\n        cooking_method=\"Baked\"\n    ),\n    SignatureDish(\n        name=\"Ratatouille\",\n        cuisine_type=\"French\",\n        dish_feature=\"Vegan\",\n        flavor_profile=\"Savory\",\n        main_ingredient=\"Vegetables\",\n        cooking_method=\"Steamed\"\n    ),\n    SignatureDish(\n        name=\"Tacos al Pastor\",\n        cuisine_type=\"Mexican\",\n        dish_feature=\"Spicy\",\n        flavor_profile=\"Savory\",\n        main_ingredient=\"Pork\",\n        cooking_method=\"Grilled\"\n    ),\n    SignatureDish(\n        name=\"Chocolate Lava Cake\",\n        cuisine_type=\"French\",\n        dish_feature=\"Gluten-Free\",\n        flavor_profile=\"Sweet\",\n        main_ingredient=\"Chocolate\",\n        cooking_method=\"Baked\"\n    ),\n    SignatureDish(\n        name=\"Sushi Rolls\",\n        cuisine_type=\"Japanese\",\n        dish_feature=\"Raw\",\n        flavor_profile=\"Umami\",\n        main_ingredient=\"Fish\",\n        cooking_method=\"Raw\"\n    ),\n    SignatureDish(\n        name=\"Chili Con Carne\",\n        cuisine_type=\"Mexican\",\n        dish_feature=\"Spicy\",\n        flavor_profile=\"Savory\",\n        main_ingredient=\"Beef\",\n        cooking_method=\"Stewed\"\n    ),\n    SignatureDish(\n        name=\"Cauliflower Steaks\",\n        cuisine_type=\"American\",\n        dish_feature=\"Vegan\",\n        flavor_profile=\"Savory\",\n        main_ingredient=\"Cauliflower\",\n        cooking_method=\"Grilled\"\n    ),\n    SignatureDish(\n        name=\"Pavlova\",\n        cuisine_type=\"Australian\",\n        dish_feature=\"Gluten-Free\",\n        flavor_profile=\"Sweet\",\n        main_ingredient=\"Meringue\",\n        cooking_method=\"Baked\"\n    )\n]\n```",
    "goal": {
      "name": null,
      "cuisine_type": "Mexican",
      "dish_feature": "Vegan",
      "flavor_profile": "Savory",
      "main_ingredient": "Bell Peppers",
      "cooking_method": "Baked"
    },
    "database": [
      {
        "name": "Tacos al Pastor",
        "cuisine_type": "Mexican",
        "dish_feature": "Spicy",
        "flavor_profile": "Savory",
        "main_ingredient": "Pork",
        "cooking_method": "Grilled"
      },
      {
        "name": "Ratatouille",
        "cuisine_type": "French",
        "dish_feature": "Vegan",
        "flavor_profile": "Savory",
        "main_ingredient": "Vegetables",
        "cooking_method": "Steamed"
      },
      {
        "name": "Grilled Eggplant Steaks",
        "cuisine_type": "Mediterranean",
        "dish_feature": "Vegan",
        "flavor_profile": "Savory",
        "main_ingredient": "Eggplant",
        "cooking_method": "Grilled"
      },
      {
        "name": "Sushi Rolls",
        "cuisine_type": "Japanese",
        "dish_feature": "Raw",
        "flavor_profile": "Umami",
        "main_ingredient": "Fish",
        "cooking_method": "Raw"
      },
      {
        "name": "Chili Con Carne",
        "cuisine_type": "Mexican",
        "dish_feature": "Spicy",
        "flavor_profile": "Savory",
        "main_ingredient": "Beef",
        "cooking_method": "Stewed"
      },
      {
        "name": "Margherita Pizza",
        "cuisine_type": "Italian",
        "dish_feature": "Vegan",
        "flavor_profile": "Savory",
        "main_ingredient": "Tomato",
        "cooking_method": "Baked"
      },
      {
        "name": "Chocolate Lava Cake",
        "cuisine_type": "French",
        "dish_feature": "Gluten-Free",
        "flavor_profile": "Sweet",
        "main_ingredient": "Chocolate",
        "cooking_method": "Baked"
      },
      {
        "name": "Kung Pao Chicken",
        "cuisine_type": "Chinese",
        "dish_feature": "Spicy",
        "flavor_profile": "Savory",
        "main_ingredient": "Chicken",
        "cooking_method": "Fried"
      },
      {
        "name": "Stuffed Bell Peppers",
        "cuisine_type": "Mexican",
        "dish_feature": "Vegan",
        "flavor_profile": "Savory",
        "main_ingredient": "Bell Peppers",
        "cooking_method": "Baked"
      },
      {
        "name": "Mushroom Steaks",
        "cuisine_type": "American",
        "dish_feature": "Vegan",
        "flavor_profile": "Umami",
        "main_ingredient": "Mushrooms",
        "cooking_method": "Grilled"
      },
      {
        "name": "Pavlova",
        "cuisine_type": "Australian",
        "dish_feature": "Gluten-Free",
        "flavor_profile": "Sweet",
        "main_ingredient": "Meringue",
        "cooking_method": "Baked"
      },
      {
        "name": "Cauliflower Steaks",
        "cuisine_type": "American",
        "dish_feature": "Vegan",
        "flavor_profile": "Savory",
        "main_ingredient": "Cauliflower",
        "cooking_method": "Grilled"
      },
      {
        "name": "Butter Chicken",
        "cuisine_type": "Indian",
        "dish_feature": "Gluten-Free",
        "flavor_profile": "Savory",
        "main_ingredient": "Chicken",
        "cooking_method": "Baked"
      }
    ],
    "status": "complete"
  },
  {
    "domain": "Customer Loyalty Programs",
    "turns": [
      [
        "Thanks! Now, can you help me find a Customer Loyalty Program?",
        {
          "name": null,
          "program_type": null,
          "reward_feature": null,
          "target_audience": "Young Adults",
          "enrollment_fee": null,
          "digital_platform": null,
          "expiration_policy": null,
          "geographical_scope": null,
          "customer_support": null
        },
        "Of course! What are your key preferences for the loyalty program?"
      ],
      [
        "I'm looking for a points-based program with free item rewards.",
        {
          "name": null,
          "program_type": "Points",
          "reward_feature": "Free Items",
          "target_audience": null,
          "enrollment_fee": null,
          "digital_platform": null,
          "expiration_policy": null,
          "geographical_scope": null,
          "customer_support": null
        },
        "Got it! Do you prefer the program to be digital and have no enrollment fee?"
      ],
      [
        "Yes, a digital program with no enrollment fee is ideal!",
        {
          "name": null,
          "program_type": "Points",
          "reward_feature": "Free Items",
          "target_audience": null,
          "enrollment_fee": false,
          "digital_platform": true,
          "expiration_policy": null,
          "geographical_scope": null,
          "customer_support": null
        },
        "I recommend the \"Family Rewards\" program; it fits your criteria perfectly! Would you like to go with that?"
      ],
      [
        "Actually, I was thinking of something called \"Rewards Club.\" Does that work?",
        {
          "name": "Rewards Club",
          "program_type": "Points",
          "reward_feature": "Free Items",
          "target_audience": null,
          "enrollment_fee": false,
          "digital_platform": true,
          "expiration_policy": null,
          "geographical_scope": null,
          "customer_support": null
        },
        "Yes, the \"Rewards Club\" also fits your criteria! Would you like to finalize that?"
      ],
      [
        "Yes, let's finalize the \"Rewards Club\" as our Customer Loyalty Program!",
        {
          "name": "Rewards Club",
          "program_type": "Points",
          "reward_feature": "Free Items",
          "target_audience": null,
          "enrollment_fee": false,
          "digital_platform": true,
          "expiration_policy": null,
          "geographical_scope": null,
          "customer_support": null
        },
        "Great choice! The \"Rewards Club\" is all set for your restaurant!"
      ]
    ],
    "preferences_code": "```python\npreferences = CustomerLoyaltyProgramCriteria(\n    name='Rewards Club',\n    program_type='Points',\n    reward_feature='Free Items',\n    target_audience='Young Adults',\n    enrollment_fee=False,\n    digital_platform=True,\n    expiration_policy='Annual',\n    geographical_scope='National',\n    customer_support='24/7',\n)\n```",
    "red_herrings_code": "```python\n# Global variable representing a list of Customer Loyalty Programs examples\ncustomer_loyalty_programs = [\n    ConsultantKnowledge(\n        program_name='Loyalty Plus',\n        program_type='Points',\n        reward_feature='Discounts',\n        target_audience='Young Adults',\n        enrollment_fee=False,\n        digital_platform=True,\n        expiration_policy='Annual',\n        geographical_scope='National',\n        customer_support='24/7',\n    ),\n    ConsultantKnowledge(\n        program_name='Rewards Club',\n        program_type='Points',\n        reward_feature='Free Items',\n        target_audience='Young Adults',\n        enrollment_fee=False,\n        digital_platform=True,\n        expiration_policy='Annual',\n        geographical_scope='National',\n        customer_support='24/7',\n    ),\n    ConsultantKnowledge(\n        program_name='Elite Rewards',\n        program_type='Tiered',\n        reward_feature='Exclusive Access',\n        target_audience='Business Professionals',\n        enrollment_fee=False,\n        digital_platform=True,\n        expiration_policy='No Expiration',\n        geographical_scope='National',\n        customer_support='24/7',\n    )\n]\n```",
    "database_code": "```python\n# Global variable representing a list of Customer Loyalty Programs examples\ncustomer_loyalty_programs = [\n    ConsultantKnowledge(\n        program_name=\"Family Rewards\",\n        program_type=\"Points\",\n        reward_feature=\"Discounts\",\n        target_audience=\"Families\",\n        enrollment_fee=False,\n        digital_platform=True,\n        expiration_policy=\"No Expiration\",\n        geographical_scope=\"Local\",\n        customer_support=\"24/7\"\n    ),\n    ConsultantKnowledge(\n        program_name=\"Young Adult Club\",\n        program_type=\"Tiered\",\n        reward_feature=\"Free Items\",\n        target_audience=\"Young Adults\",\n        enrollment_fee=True,\n        digital_platform=True,\n        expiration_policy=\"Annual\",\n        geographical_scope=\"National\",\n        customer_support=\"Business Hours Only\"\n    ),\n    ConsultantKnowledge(\n        program_name=\"Business Elite\",\n        program_type=\"Paid\",\n        reward_feature=\"Exclusive Access\",\n        target_audience=\"Business Professionals\",\n        enrollment_fee=True,\n        digital_platform=True,\n        expiration_policy=\"No Expiration\",\n        geographical_scope=\"International\",\n        customer_support=\"24/7\"\n    ),\n    ConsultantKnowledge(\n        program_name=\"Traveler's Choice\",\n        program_type=\"Partnered\",\n        reward_feature=\"Discounts\",\n        target_audience=\"Tourists\",\n        enrollment_fee=False,\n        digital_platform=True,\n        expiration_policy=\"Bi-Annual\",\n        geographical_scope=\"National\",\n        customer_support=\"Online Only\"\n    ),\n    ConsultantKnowledge(\n        program_name=\"Eco-Friendly Points\",\n        program_type=\"Points\",\n        reward_feature=\"Free Items\",\n        target_audience=\"Families\",\n        enrollment_fee=False,\n        digital_platform=False,\n        expiration_policy=\"No Expiration\",\n        geographical_scope=\"Local\",\n        customer_support=\"Business Hours Only\"\n    ),\n    ConsultantKnowledge(\n        program_name=\"Gourmet Enthusiasts\",\n        program_type=\"Tiered\",\n        reward_feature=\"Exclusive Access\",\n        target_audience=\"Young Adults\",\n        enrollment_fee=False,\n        digital_platform=True,\n        expiration_policy=\"Annual\",\n        geographical_scope=\"National\",\n        customer_support=\"24/7\"\n    ),\n    ConsultantKnowledge(\n        program_name=\"Corporate Partners\",\n        program_type=\"Paid\",\n        reward_feature=\"Discounts\",\n        target_audience=\"Business Professionals\",\n        enrollment_fee=True,\n        digital_platform=True,\n        expiration_policy=\"Bi-Annual\",\n        geographical_scope=\"International\",\n        customer_support=\"Online Only\"\n    ),\n    ConsultantKnowledge(\n        program_name=\"Cultural Experience\",\n        program_type=\"Partnered\",\n        reward_feature=\"Free Items\",\n        target_audience=\"Tourists\",\n        enrollment_fee=False,\n        digital_platform=False,\n        expiration_policy=\"No Expiration\",\n        geographical_scope=\"Local\",\n        customer_support=\"Business Hours Only\"\n    ),\n    ConsultantKnowledge(\n        program_name=\"Loyalty Plus\",\n        program_type=\"Points\",\n        reward_feature=\"Discounts\",\n        target_audience=\"Young Adults\",\n        enrollment_fee=False,\n        digital_platform=True,\n        expiration_policy=\"Annual\",\n        geographical_scope=\"National\",\n        customer_support=\"24/7\"\n    ),\n    ConsultantKnowledge(\n        program_name=\"Elite Traveler\",\n        program_type=\"Tiered\",\n        reward_feature=\"Exclusive Access\",\n        target_audience=\"Business Professionals\",\n        enrollment_fee=True,\n        digital_platform=True,\n        expiration_policy=\"No Expiration\",\n        geographical_scope=\"International\",\n        customer_support=\"Online Only\"\n    )\n]\n```",
    "goal": {
      "name": "Rewards Club",
      "program_type": "Points",
      "reward_feature": "Free Items",
      "target_audience": "Young Adults",
      "enrollment_fee": false,
      "digital_platform": true,
      "expiration_policy": "Annual",
      "geographical_scope": "National",
      "customer_support": "24/7"
    },
    "database": [
      {
        "program_name": "Eco-Friendly Points",
        "program_type": "Points",
        "reward_feature": "Free Items",
        "target_audience": "Families",
        "enrollment_fee": false,
        "digital_platform": false,
        "expiration_policy": "No Expiration",
        "geographical_scope": "Local",
        "customer_support": "Business Hours Only"
      },
      {
        "program_name": "Loyalty Plus",
        "program_type": "Points",
        "reward_feature": "Discounts",
        "target_audience": "Young Adults",
        "enrollment_fee": false,
        "digital_platform": true,
        "expiration_policy": "Annual",
        "geographical_scope": "National",
        "customer_support": "24/7"
      },
      {
        "program_name": "Business Elite",
        "program_type": "Paid",
        "reward_feature": "Exclusive Access",
        "target_audience": "Business Professionals",
        "enrollment_fee": true,
        "digital_platform": true,
        "expiration_policy": "No Expiration",
        "geographical_scope": "International",
        "customer_support": "24/7"
      },
      {
        "program_name": "Corporate Partners",
        "program_type": "Paid",
        "reward_feature": "Discounts",
        "target_audience": "Business Professionals",
        "enrollment_fee": true,
        "digital_platform": true,
        "expiration_policy": "Bi-Annual",
        "geographical_scope": "International",
        "customer_support": "Online Only"
      },
      {
        "program_name": "Cultural Experience",
        "program_type": "Partnered",
        "reward_feature": "Free Items",
        "target_audience": "Tourists",
        "enrollment_fee": false,
        "digital_platform": false,
        "expiration_policy": "No Expiration",
        "geographical_scope": "Local",
        "customer_support": "Business Hours Only"
      },
      {
        "program_name": "Elite Rewards",
        "program_type": "Tiered",
        "reward_feature": "Exclusive Access",
        "target_audience": "Business Professionals",
        "enrollment_fee": false,
        "digital_platform": true,
        "expiration_policy": "No Expiration",
        "geographical_scope": "National",
        "customer_support": "24/7"
      },
      {
        "program_name": "Young Adult Club",
        "program_type": "Tiered",
        "reward_feature": "Free Items",
        "target_audience": "Young Adults",
        "enrollment_fee": true,
        "digital_platform": true,
        "expiration_policy": "Annual",
        "geographical_scope": "National",
        "customer_support": "Business Hours Only"
      },
      {
        "program_name": "Gourmet Enthusiasts",
        "program_type": "Tiered",
        "reward_feature": "Exclusive Access",
        "target_audience": "Young Adults",
        "enrollment_fee": false,
        "digital_platform": true,
        "expiration_policy": "Annual",
        "geographical_scope": "National",
        "customer_support": "24/7"
      },
      {
        "program_name": "Family Rewards",
        "program_type": "Points",
        "reward_feature": "Discounts",
        "target_audience": "Families",
        "enrollment_fee": false,
        "digital_platform": true,
        "expiration_policy": "No Expiration",
        "geographical_scope": "Local",
        "customer_support": "24/7"
      },
      {
        "program_name": "Rewards Club",
        "program_type": "Points",
        "reward_feature": "Free Items",
        "target_audience": "Young Adults",
        "enrollment_fee": false,
        "digital_platform": true,
        "expiration_policy": "Annual",
        "geographical_scope": "National",
        "customer_support": "24/7"
      },
      {
        "program_name": "Loyalty Plus",
        "program_type": "Points",
        "reward_feature": "Discounts",
        "target_audience": "Young Adults",
        "enrollment_fee": false,
        "digital_platform": true,
        "expiration_policy": "Annual",
        "geographical_scope": "National",
        "customer_support": "24/7"
      },
      {
        "program_name": "Traveler's Choice",
        "program_type": "Partnered",
        "reward_feature": "Discounts",
        "target_audience": "Tourists",
        "enrollment_fee": false,
        "digital_platform": true,
        "expiration_policy": "Bi-Annual",
        "geographical_scope": "National",
        "customer_support": "Online Only"
      },
      {
        "program_name": "Elite Traveler",
        "program_type": "Tiered",
        "reward_feature": "Exclusive Access",
        "target_audience": "Business Professionals",
        "enrollment_fee": true,
        "digital_platform": true,
        "expiration_policy": "No Expiration",
        "geographical_scope": "International",
        "customer_support": "Online Only"
      }
    ],
    "status": "complete"
  }
]