[
  {
    "domain": "Machinery",
    "turns": [
      [
        "Hey, I'm looking for a manual electric lathe, preferably from Brand C.",
        {
          "name": null,
          "type": "Lathe",
          "capacity": null,
          "power_source": "Electric",
          "size": null,
          "automation_level": "Manual",
          "brand": "Brand C",
          "production_speed": null,
          "precision": null,
          "cost_range": null,
          "warranty_period": null,
          "availability": null
        },
        "I have a Lathe Machine Z from Brand C, but it's currently unavailable; would you like to consider Lathe Machine C instead?"
      ],
      [
        "Sure, can you tell me about Lathe Machine C's price range?",
        {
          "name": null,
          "type": "Lathe",
          "capacity": null,
          "power_source": "Electric",
          "size": null,
          "automation_level": "Manual",
          "brand": "Brand C",
          "production_speed": null,
          "precision": null,
          "cost_range": null,
          "warranty_period": null,
          "availability": false
        },
        "Lathe Machine C's price range is between 9,000 and 12,500 dollars."
      ],
      [
        "That fits my budget! What about the warranty period for Lathe Machine C?",
        {
          "name": "Lathe Machine C",
          "type": "Lathe",
          "capacity": null,
          "power_source": "Electric",
          "size": null,
          "automation_level": "Manual",
          "brand": "Brand C",
          "production_speed": null,
          "precision": null,
          "cost_range": [
            9000,
            12500
          ],
          "warranty_period": null,
          "availability": false
        },
        "Lathe Machine C has a warranty period of 18 months."
      ],
      [
        "Great, does it have a good precision rating?",
        {
          "name": "Lathe Machine C",
          "type": "Lathe",
          "capacity": null,
          "power_source": "Electric",
          "size": null,
          "automation_level": "Manual",
          "brand": "Brand C",
          "production_speed": null,
          "precision": null,
          "cost_range": [
            9000,
            12500
          ],
          "warranty_period": 1.5,
          "availability": false
        },
        "Yes, it has a precision rating of 0.04."
      ],
      [
        "Sounds promising! What is the production speed for Lathe Machine C?",
        {
          "name": "Lathe Machine C",
          "type": "Lathe",
          "capacity": null,
          "power_source": "Electric",
          "size": null,
          "automation_level": "Manual",
          "brand": "Brand C",
          "production_speed": null,
          "precision": 0.04,
          "cost_range": [
            9000,
            12500
          ],
          "warranty_period": 1.5,
          "availability": false
        },
        "The production speed for Lathe Machine C is 16.0 units per hour."
      ],
      [
        "That works for me! Is it currently available for purchase?",
        {
          "name": "Lathe Machine C",
          "type": "Lathe",
          "capacity": null,
          "power_source": "Electric",
          "size": null,
          "automation_level": "Manual",
          "brand": "Brand C",
          "production_speed": 16.0,
          "precision": 0.04,
          "cost_range": [
            9000,
            12500
          ],
          "warranty_period": 1.5,
          "availability": false
        },
        "Yes, Lathe Machine C is currently available for purchase!"
      ]
    ],
    "preferences_code": "```python\npreferences = MachineryCriteria(\n    name='Lathe Machine C',\n    type='Lathe',\n    capacity=85,\n    power_source='Electric',\n    size='Large',\n    automation_level='Manual',\n    brand='Brand C',\n    production_speed=16.0,\n    precision=0.04,\n    cost_range=(9000.0, 12500.0),\n    warranty_period=18,\n    availability=True,\n)\n```",
    "red_herrings_code": "```python\n# Global variable containing a list of Machinery examples\nsimilar_machinery_list = [\n    Machinery(\n        name='Lathe Machine A',\n        type='Lathe',\n        capacity=75,\n        power_source='Electric',\n        size='Medium',\n        automation_level='Manual',\n        brand='Brand A',\n        production_speed=14.5,\n        precision=0.06,\n        cost_range=(7500.0, 11500.0),\n        warranty_period=24,\n        availability=True,\n    ),\n    Machinery(\n        name='Lathe Machine B',\n        type='Lathe',\n        capacity=80,\n        power_source='Hydraulic',\n        size='Medium',\n        automation_level='Semi-automatic',\n        brand='Brand B',\n        production_speed=15.0,\n        precision=0.05,\n        cost_range=(8500.0, 13000.0),\n        warranty_period=12,\n        availability=False,\n    ),\n    Machinery(\n        name='Lathe Machine C',\n        type='Lathe',\n        capacity=85,\n        power_source='Electric',\n        size='Large',\n        automation_level='Manual',\n        brand='Brand C',\n        production_speed=16.0,\n        precision=0.04,\n        cost_range=(9000.0, 12500.0),\n        warranty_period=18,\n        availability=True,\n    ),\n]\n```",
    "database_code": "```python\n# Global variable to hold a list of Machinery examples\nmachinery_list = [\n    Machinery(\n        name=\"CNC Router\",\n        type=\"CNC\",\n        capacity=100,\n        power_source=\"Electric\",\n        size=\"Large\",\n        automation_level=\"Automatic\",\n        brand=\"Brand A\",\n        production_speed=5.0,\n        precision=0.01,\n        cost_range=(15000.0, 25000.0),\n        warranty_period=24,\n        availability=True\n    ),\n    Machinery(\n        name=\"3D Printer Model X\",\n        type=\"3D Printer\",\n        capacity=50,\n        power_source=\"Electric\",\n        size=\"Medium\",\n        automation_level=\"Semi-automatic\",\n        brand=\"Brand B\",\n        production_speed=10.0,\n        precision=0.1,\n        cost_range=(3000.0, 7000.0),\n        warranty_period=12,\n        availability=True\n    ),\n    Machinery(\n        name=\"Lathe Machine Z\",\n        type=\"Lathe\",\n        capacity=80,\n        power_source=\"Electric\",\n        size=\"Medium\",\n        automation_level=\"Manual\",\n        brand=\"Brand C\",\n        production_speed=15.0,\n        precision=0.05,\n        cost_range=(8000.0, 12000.0),\n        warranty_period=18,\n        availability=False\n    ),\n    Machinery(\n        name=\"Vertical Milling Machine\",\n        type=\"Milling Machine\",\n        capacity=120,\n        power_source=\"Hydraulic\",\n        size=\"Large\",\n        automation_level=\"Automatic\",\n        brand=\"Brand D\",\n        production_speed=7.5,\n        precision=0.02,\n        cost_range=(20000.0, 30000.0),\n        warranty_period=36,\n        availability=True\n    ),\n    Machinery(\n        name=\"Plasma Cutter\",\n        type=\"CNC\",\n        capacity=60,\n        power_source=\"Electric\",\n        size=\"Small\",\n        automation_level=\"Semi-automatic\",\n        brand=\"Brand E\",\n        production_speed=20.0,\n        precision=0.03,\n        cost_range=(5000.0, 9000.0),\n        warranty_period=24,\n        availability=True\n    ),\n    Machinery(\n        name=\"3D Printer Model Y\",\n        type=\"3D Printer\",\n        capacity=40,\n        power_source=\"Electric\",\n        size=\"Small\",\n        automation_level=\"Automatic\",\n        brand=\"Brand F\",\n        production_speed=12.0,\n        precision=0.15,\n        cost_range=(2000.0, 4000.0),\n        warranty_period=12,\n        availability=False\n    ),\n    Machinery(\n        name=\"CNC Lathe\",\n        type=\"Lathe\",\n        capacity=70,\n        power_source=\"Electric\",\n        size=\"Medium\",\n        automation_level=\"Automatic\",\n        brand=\"Brand G\",\n        production_speed=18.0,\n        precision=0.04,\n        cost_range=(15000.0, 22000.0),\n        warranty_period=24,\n        availability=True\n    ),\n    Machinery(\n        name=\"Horizontal Milling Machine\",\n        type=\"Milling Machine\",\n        capacity=110,\n        power_source=\"Hydraulic\",\n        size=\"Large\",\n        automation_level=\"Semi-automatic\",\n        brand=\"Brand H\",\n        production_speed=8.0,\n        precision=0.02,\n        cost_range=(18000.0, 28000.0),\n        warranty_period=36,\n        availability=True\n    ),\n    Machinery(\n        name=\"Laser Cutter\",\n        type=\"CNC\",\n        capacity=90,\n        power_source=\"Electric\",\n        size=\"Medium\",\n        automation_level=\"Automatic\",\n        brand=\"Brand I\",\n        production_speed=25.0,\n        precision=0.01,\n        cost_range=(10000.0, 15000.0),\n        warranty_period=12,\n        availability=False\n    ),\n    Machinery(\n        name=\"Compact 3D Printer\",\n        type=\"3D Printer\",\n        capacity=30,\n        power_source=\"Electric\",\n        size=\"Small\",\n        automation_level=\"Manual\",\n        brand=\"Brand J\",\n        production_speed=8.0,\n        precision=0.2,\n        cost_range=(1000.0, 2000.0),\n        warranty_period=6,\n        availability=True\n    )\n]\n```",
    "goal": {
      "name": null,
      "type": "Lathe",
      "capacity": null,
      "power_source": "Electric",
      "size": null,
      "automation_level": "Manual",
      "brand": "Brand C",
      "production_speed": null,
      "precision": null,
      "cost_range": [
        9000.0,
        12500.0
      ],
      "warranty_period": 18,
      "availability": true
    },
    "database": [
      {
        "name": "Lathe Machine Z",
        "type": "Lathe",
        "capacity": 80,
        "power_source": "Electric",
        "size": "Medium",
        "automation_level": "Manual",
        "brand": "Brand C",
        "production_speed": 15.0,
        "precision": 0.05,
        "cost_range": [
          8000.0,
          12000.0
        ],
        "warranty_period": 18,
        "availability": false
      },
      {
        "name": "CNC Lathe",
        "type": "Lathe",
        "capacity": 70,
        "power_source": "Electric",
        "size": "Medium",
        "automation_level": "Automatic",
        "brand": "Brand G",
        "production_speed": 18.0,
        "precision": 0.04,
        "cost_range": [
          15000.0,
          22000.0
        ],
        "warranty_period": 24,
        "availability": true
      },
      {
        "name": "CNC Router",
        "type": "CNC",
        "capacity": 100,
        "power_source": "Electric",
        "size": "Large",
        "automation_level": "Automatic",
        "brand": "Brand A",
        "production_speed": 5.0,
        "precision": 0.01,
        "cost_range": [
          15000.0,
          25000.0
        ],
        "warranty_period": 24,
        "availability": true
      },
      {
        "name": "3D Printer Model X",
        "type": "3D Printer",
        "capacity": 50,
        "power_source": "Electric",
        "size": "Medium",
        "automation_level": "Semi-automatic",
        "brand": "Brand B",
        "production_speed": 10.0,
        "precision": 0.1,
        "cost_range": [
          3000.0,
          7000.0
        ],
        "warranty_period": 12,
        "availability": true
      },
      {
        "name": "Vertical Milling Machine",
        "type": "Milling Machine",
        "capacity": 120,
        "power_source": "Hydraulic",
        "size": "Large",
        "automation_level": "Automatic",
        "brand": "Brand D",
        "production_speed": 7.5,
        "precision": 0.02,
        "cost_range": [
          20000.0,
          30000.0
        ],
        "warranty_period": 36,
        "availability": true
      },
      {
        "name": "Lathe Machine A",
        "type": "Lathe",
        "capacity": 75,
        "power_source": "Electric",
        "size": "Medium",
        "automation_level": "Manual",
        "brand": "Brand A",
        "production_speed": 14.5,
        "precision": 0.06,
        "cost_range": [
          7500.0,
          11500.0
        ],
        "warranty_period": 24,
        "availability": true
      },
      {
        "name": "3D Printer Model Y",
        "type": "3D Printer",
        "capacity": 40,
        "power_source": "Electric",
        "size": "Small",
        "automation_level": "Automatic",
        "brand": "Brand F",
        "production_speed": 12.0,
        "precision": 0.15,
        "cost_range": [
          2000.0,
          4000.0
        ],
        "warranty_period": 12,
        "availability": false
      },
      {
        "name": "Horizontal Milling Machine",
        "type": "Milling Machine",
        "capacity": 110,
        "power_source": "Hydraulic",
        "size": "Large",
        "automation_level": "Semi-automatic",
        "brand": "Brand H",
        "production_speed": 8.0,
        "precision": 0.02,
        "cost_range": [
          18000.0,
          28000.0
        ],
        "warranty_period": 36,
        "availability": true
      },
      {
        "name": "Lathe Machine C",
        "type": "Lathe",
        "capacity": 85,
        "power_source": "Electric",
        "size": "Large",
        "automation_level": "Manual",
        "brand": "Brand C",
        "production_speed": 16.0,
        "precision": 0.04,
        "cost_range": [
          9000.0,
          12500.0
        ],
        "warranty_period": 18,
        "availability": true
      },
      {
        "name": "Lathe Machine B",
        "type": "Lathe",
        "capacity": 80,
        "power_source": "Hydraulic",
        "size": "Medium",
        "automation_level": "Semi-automatic",
        "brand": "Brand B",
        "production_speed": 15.0,
        "precision": 0.05,
        "cost_range": [
          8500.0,
          13000.0
        ],
        "warranty_period": 12,
        "availability": false
      },
      {
        "name": "Laser Cutter",
        "type": "CNC",
        "capacity": 90,
        "power_source": "Electric",
        "size": "Medium",
        "automation_level": "Automatic",
        "brand": "Brand I",
        "production_speed": 25.0,
        "precision": 0.01,
        "cost_range": [
          10000.0,
          15000.0
        ],
        "warranty_period": 12,
        "availability": false
      },
      {
        "name": "Plasma Cutter",
        "type": "CNC",
        "capacity": 60,
        "power_source": "Electric",
        "size": "Small",
        "automation_level": "Semi-automatic",
        "brand": "Brand E",
        "production_speed": 20.0,
        "precision": 0.03,
        "cost_range": [
          5000.0,
          9000.0
        ],
        "warranty_period": 24,
        "availability": true
      },
      {
        "name": "Compact 3D Printer",
        "type": "3D Printer",
        "capacity": 30,
        "power_source": "Electric",
        "size": "Small",
        "automation_level": "Manual",
        "brand": "Brand J",
        "production_speed": 8.0,
        "precision": 0.2,
        "cost_range": [
          1000.0,
          2000.0
        ],
        "warranty_period": 6,
        "availability": true
      }
    ],
    "status": "complete"
  },
  {
    "domain": "Production Methods",
    "turns": [
      [
        "Awesome! Now, I'm also looking for a suitable production method for anodizing. Do you have any options in mind?",
        {
          "name": null,
          "method_type": "Anodizing",
          "automation_level": "Manual",
          "cost_estimate": null,
          "efficiency_rating": null,
          "environmental_impact": null,
          "production_volume": null,
          "setup_time": null,
          "space_requirements": null,
          "quality_control_level": null,
          "safety_standards": null
        },
        "Yes, we have an Anodizing method available; it has a cost estimate of $48,000 and is semi-automated."
      ],
      [
        "That sounds good! What's the expected production volume for this anodizing method?",
        {
          "name": "Anodizing",
          "method_type": null,
          "automation_level": "Semi-Automated",
          "cost_estimate": 48000,
          "efficiency_rating": null,
          "environmental_impact": null,
          "production_volume": null,
          "setup_time": null,
          "space_requirements": null,
          "quality_control_level": null,
          "safety_standards": null
        },
        "The expected production volume for the anodizing method is 750 units."
      ],
      [
        "Perfect! Can you tell me about the setup time for this anodizing method?",
        {
          "name": "Anodizing",
          "method_type": null,
          "automation_level": "Semi-Automated",
          "cost_estimate": 48000,
          "efficiency_rating": null,
          "environmental_impact": null,
          "production_volume": 750,
          "setup_time": null,
          "space_requirements": null,
          "quality_control_level": null,
          "safety_standards": null
        },
        "The setup time for the anodizing method is 3.5 hours."
      ],
      [
        "Great! What level of quality control does this anodizing method offer?",
        {
          "name": "Anodizing",
          "method_type": null,
          "automation_level": "Semi-Automated",
          "cost_estimate": 48000,
          "efficiency_rating": null,
          "environmental_impact": null,
          "production_volume": 750,
          "setup_time": 3.5,
          "space_requirements": null,
          "quality_control_level": null,
          "safety_standards": null
        },
        "The anodizing method offers a moderate level of quality control."
      ],
      [
        "That works for me! Lastly, what is the environmental impact level of this anodizing method?",
        {
          "name": "Anodizing",
          "method_type": null,
          "automation_level": "Semi-Automated",
          "cost_estimate": 48000,
          "efficiency_rating": null,
          "environmental_impact": null,
          "production_volume": 750,
          "setup_time": 3.5,
          "space_requirements": null,
          "quality_control_level": "Moderate",
          "safety_standards": null
        },
        "The environmental impact level of the anodizing method is low."
      ]
    ],
    "preferences_code": "```python\npreferences = ProductionMethodCriteria(\n    name='Anodizing',\n    method_type='Batch',\n    automation_level='Semi-Automated',\n    cost_estimate=48000.0,\n    efficiency_rating=0.6,\n    environmental_impact='Low',\n    production_volume=750,\n    setup_time=3.5,\n    space_requirements=20.0,\n    quality_control_level='Moderate',\n    safety_standards='Basic',\n)\n```",
    "red_herrings_code": "```python\n# Global variable to hold a list of similar Production Methods\nsimilar_production_methods = [\n    ProductionMethod(\n        name='Electroplating',\n        method_type='Batch',\n        automation_level='Fully Automated',\n        cost_estimate=60000.0,\n        efficiency_rating=0.70,\n        environmental_impact='Medium',\n        production_volume=850,\n        setup_time=2.5,\n        space_requirements=30.0,\n        quality_control_level='Advanced',\n        safety_standards='Moderate',\n    ),\n    ProductionMethod(\n        name='Anodizing',\n        method_type='Batch',\n        automation_level='Semi-Automated',\n        cost_estimate=48000.0,\n        efficiency_rating=0.60,\n        environmental_impact='Low',\n        production_volume=750,\n        setup_time=3.5,\n        space_requirements=20.0,\n        quality_control_level='Moderate',\n        safety_standards='Basic',\n    ),\n    ProductionMethod(\n        name='Plating',\n        method_type='Batch',\n        automation_level='Manual',\n        cost_estimate=45000.0,\n        efficiency_rating=0.55,\n        environmental_impact='High',\n        production_volume=700,\n        setup_time=4.0,\n        space_requirements=28.0,\n        quality_control_level='Basic',\n        safety_standards='Moderate',\n    )\n]\n```",
    "database_code": "```python\n# Global variable to hold a list of ProductionMethod examples\nproduction_methods = [\n    ProductionMethod(\n        name=\"CNC Machining\",\n        method_type=\"Discrete\",\n        automation_level=\"Fully Automated\",\n        cost_estimate=150000.0,\n        efficiency_rating=0.85,\n        environmental_impact=\"Medium\",\n        production_volume=1000,\n        setup_time=10.0,\n        space_requirements=50.0,\n        quality_control_level=\"Advanced\",\n        safety_standards=\"Advanced\"\n    ),\n    ProductionMethod(\n        name=\"Injection Molding\",\n        method_type=\"Batch\",\n        automation_level=\"Semi-Automated\",\n        cost_estimate=200000.0,\n        efficiency_rating=0.90,\n        environmental_impact=\"High\",\n        production_volume=5000,\n        setup_time=8.0,\n        space_requirements=100.0,\n        quality_control_level=\"Moderate\",\n        safety_standards=\"Moderate\"\n    ),\n    ProductionMethod(\n        name=\"3D Printing\",\n        method_type=\"Discrete\",\n        automation_level=\"Manual\",\n        cost_estimate=70000.0,\n        efficiency_rating=0.75,\n        environmental_impact=\"Low\",\n        production_volume=200,\n        setup_time=2.0,\n        space_requirements=20.0,\n        quality_control_level=\"Basic\",\n        safety_standards=\"Basic\"\n    ),\n    ProductionMethod(\n        name=\"Laser Cutting\",\n        method_type=\"Continuous\",\n        automation_level=\"Fully Automated\",\n        cost_estimate=120000.0,\n        efficiency_rating=0.80,\n        environmental_impact=\"Medium\",\n        production_volume=3000,\n        setup_time=5.0,\n        space_requirements=40.0,\n        quality_control_level=\"Moderate\",\n        safety_standards=\"Advanced\"\n    ),\n    ProductionMethod(\n        name=\"Stamping\",\n        method_type=\"Batch\",\n        automation_level=\"Semi-Automated\",\n        cost_estimate=90000.0,\n        efficiency_rating=0.70,\n        environmental_impact=\"Medium\",\n        production_volume=1500,\n        setup_time=4.0,\n        space_requirements=30.0,\n        quality_control_level=\"Basic\",\n        safety_standards=\"Moderate\"\n    ),\n    ProductionMethod(\n        name=\"Assembly Line\",\n        method_type=\"Continuous\",\n        automation_level=\"Fully Automated\",\n        cost_estimate=250000.0,\n        efficiency_rating=0.95,\n        environmental_impact=\"High\",\n        production_volume=10000,\n        setup_time=12.0,\n        space_requirements=200.0,\n        quality_control_level=\"Advanced\",\n        safety_standards=\"Advanced\"\n    ),\n    ProductionMethod(\n        name=\"Hand Assembly\",\n        method_type=\"Discrete\",\n        automation_level=\"Manual\",\n        cost_estimate=30000.0,\n        efficiency_rating=0.60,\n        environmental_impact=\"Low\",\n        production_volume=100,\n        setup_time=1.0,\n        space_requirements=10.0,\n        quality_control_level=\"Basic\",\n        safety_standards=\"Basic\"\n    ),\n    ProductionMethod(\n        name=\"Electroplating\",\n        method_type=\"Batch\",\n        automation_level=\"Semi-Automated\",\n        cost_estimate=50000.0,\n        efficiency_rating=0.65,\n        environmental_impact=\"Medium\",\n        production_volume=800,\n        setup_time=3.0,\n        space_requirements=25.0,\n        quality_control_level=\"Moderate\",\n        safety_standards=\"Moderate\"\n    ),\n    ProductionMethod(\n        name=\"Blow Molding\",\n        method_type=\"Batch\",\n        automation_level=\"Fully Automated\",\n        cost_estimate=180000.0,\n        efficiency_rating=0.88,\n        environmental_impact=\"High\",\n        production_volume=4000,\n        setup_time=6.0,\n        space_requirements=60.0,\n        quality_control_level=\"Advanced\",\n        safety_standards=\"Advanced\"\n    ),\n    ProductionMethod(\n        name=\"Soldering\",\n        method_type=\"Discrete\",\n        automation_level=\"Semi-Automated\",\n        cost_estimate=40000.0,\n        efficiency_rating=0.72,\n        environmental_impact=\"Low\",\n        production_volume=600,\n        setup_time=2.5,\n        space_requirements=15.0,\n        quality_control_level=\"Moderate\",\n        safety_standards=\"Basic\"\n    )\n]\n```",
    "goal": {
      "name": "Anodizing",
      "method_type": "Batch",
      "automation_level": "Semi-Automated",
      "cost_estimate": 48000.0,
      "efficiency_rating": 0.6,
      "environmental_impact": "Low",
      "production_volume": 750,
      "setup_time": 3.5,
      "space_requirements": 20.0,
      "quality_control_level": "Moderate",
      "safety_standards": "Basic"
    },
    "database": [
      {
        "name": "Hand Assembly",
        "method_type": "Discrete",
        "automation_level": "Manual",
        "cost_estimate": 30000.0,
        "efficiency_rating": 0.6,
        "environmental_impact": "Low",
        "production_volume": 100,
        "setup_time": 1.0,
        "space_requirements": 10.0,
        "quality_control_level": "Basic",
        "safety_standards": "Basic"
      },
      {
        "name": "Stamping",
        "method_type": "Batch",
        "automation_level": "Semi-Automated",
        "cost_estimate": 90000.0,
        "efficiency_rating": 0.7,
        "environmental_impact": "Medium",
        "production_volume": 1500,
        "setup_time": 4.0,
        "space_requirements": 30.0,
        "quality_control_level": "Basic",
        "safety_standards": "Moderate"
      },
      {
        "name": "3D Printing",
        "method_type": "Discrete",
        "automation_level": "Manual",
        "cost_estimate": 70000.0,
        "efficiency_rating": 0.75,
        "environmental_impact": "Low",
        "production_volume": 200,
        "setup_time": 2.0,
        "space_requirements": 20.0,
        "quality_control_level": "Basic",
        "safety_standards": "Basic"
      },
      {
        "name": "Assembly Line",
        "method_type": "Continuous",
        "automation_level": "Fully Automated",
        "cost_estimate": 250000.0,
        "efficiency_rating": 0.95,
        "environmental_impact": "High",
        "production_volume": 10000,
        "setup_time": 12.0,
        "space_requirements": 200.0,
        "quality_control_level": "Advanced",
        "safety_standards": "Advanced"
      },
      {
        "name": "CNC Machining",
        "method_type": "Discrete",
        "automation_level": "Fully Automated",
        "cost_estimate": 150000.0,
        "efficiency_rating": 0.85,
        "environmental_impact": "Medium",
        "production_volume": 1000,
        "setup_time": 10.0,
        "space_requirements": 50.0,
        "quality_control_level": "Advanced",
        "safety_standards": "Advanced"
      },
      {
        "name": "Blow Molding",
        "method_type": "Batch",
        "automation_level": "Fully Automated",
        "cost_estimate": 180000.0,
        "efficiency_rating": 0.88,
        "environmental_impact": "High",
        "production_volume": 4000,
        "setup_time": 6.0,
        "space_requirements": 60.0,
        "quality_control_level": "Advanced",
        "safety_standards": "Advanced"
      },
      {
        "name": "Plating",
        "method_type": "Batch",
        "automation_level": "Manual",
        "cost_estimate": 45000.0,
        "efficiency_rating": 0.55,
        "environmental_impact": "High",
        "production_volume": 700,
        "setup_time": 4.0,
        "space_requirements": 28.0,
        "quality_control_level": "Basic",
        "safety_standards": "Moderate"
      },
      {
        "name": "Injection Molding",
        "method_type": "Batch",
        "automation_level": "Semi-Automated",
        "cost_estimate": 200000.0,
        "efficiency_rating": 0.9,
        "environmental_impact": "High",
        "production_volume": 5000,
        "setup_time": 8.0,
        "space_requirements": 100.0,
        "quality_control_level": "Moderate",
        "safety_standards": "Moderate"
      },
      {
        "name": "Laser Cutting",
        "method_type": "Continuous",
        "automation_level": "Fully Automated",
        "cost_estimate": 120000.0,
        "efficiency_rating": 0.8,
        "environmental_impact": "Medium",
        "production_volume": 3000,
        "setup_time": 5.0,
        "space_requirements": 40.0,
        "quality_control_level": "Moderate",
        "safety_standards": "Advanced"
      },
      {
        "name": "Anodizing",
        "method_type": "Batch",
        "automation_level": "Semi-Automated",
        "cost_estimate": 48000.0,
        "efficiency_rating": 0.6,
        "environmental_impact": "Low",
        "production_volume": 750,
        "setup_time": 3.5,
        "space_requirements": 20.0,
        "quality_control_level": "Moderate",
        "safety_standards": "Basic"
      },
      {
        "name": "Electroplating",
        "method_type": "Batch",
        "automation_level": "Semi-Automated",
        "cost_estimate": 50000.0,
        "efficiency_rating": 0.65,
        "environmental_impact": "Medium",
        "production_volume": 800,
        "setup_time": 3.0,
        "space_requirements": 25.0,
        "quality_control_level": "Moderate",
        "safety_standards": "Moderate"
      },
      {
        "name": "Soldering",
        "method_type": "Discrete",
        "automation_level": "Semi-Automated",
        "cost_estimate": 40000.0,
        "efficiency_rating": 0.72,
        "environmental_impact": "Low",
        "production_volume": 600,
        "setup_time": 2.5,
        "space_requirements": 15.0,
        "quality_control_level": "Moderate",
        "safety_standards": "Basic"
      },
      {
        "name": "Electroplating",
        "method_type": "Batch",
        "automation_level": "Fully Automated",
        "cost_estimate": 60000.0,
        "efficiency_rating": 0.7,
        "environmental_impact": "Medium",
        "production_volume": 850,
        "setup_time": 2.5,
        "space_requirements": 30.0,
        "quality_control_level": "Advanced",
        "safety_standards": "Moderate"
      }
    ],
    "status": "complete"
  },
  {
    "domain": "Quality Control Measures",
    "turns": [
      [
        "That\u2019s great to hear! Now, I\u2019m also looking for a suitable Quality Control Measure. Do you have any recommendations?",
        {
          "name": null,
          "technique": null,
          "frequency": null,
          "complexity": null,
          "cost": null,
          "scope": null,
          "industry_applicability": null,
          "feedback_type": null
        },
        "Sure! What specific characteristics are you looking for in a Quality Control Measure?"
      ],
      [
        "I'm interested in a Quality Control Measure that uses SPC, applied daily, with medium cost, focusing on process.",
        {
          "name": null,
          "technique": "SPC",
          "frequency": "Daily",
          "complexity": null,
          "cost": "Medium",
          "scope": "Process",
          "industry_applicability": null,
          "feedback_type": null
        },
        "I have a match for you: \"Statistical Process Control\" with SPC, applied daily, medium cost, and focusing on the process. Would you like to go with that?"
      ],
      [
        "Yes, that sounds perfect! Let's finalize the Statistical Process Control for our quality measures.",
        {
          "name": "Statistical Process Control",
          "technique": "SPC",
          "frequency": "Daily",
          "complexity": null,
          "cost": "Medium",
          "scope": "Process",
          "industry_applicability": null,
          "feedback_type": null
        },
        "Great choice! We'll finalize the Statistical Process Control for your quality measures."
      ]
    ],
    "preferences_code": "```python\npreferences = QualityControlCriteria(\n    name='Statistical Process Control',\n    technique='SPC',\n    frequency='Daily',\n    complexity='Medium',\n    cost='Medium',\n    scope='Process',\n    industry_applicability='Manufacturing',\n    feedback_type='Quantitative',\n)\n```",
    "red_herrings_code": "```python\n# Global variable to represent a list of Quality Control Measures examples\nquality_control_measures_examples = [\n    QualityControlMeasure(\n        name='Statistical Process Control',\n        technique='SPC',\n        frequency='Daily',\n        complexity='Medium',\n        cost='Medium',\n        scope='Process',\n        industry_applicability='Manufacturing',\n        feedback_type='Quantitative',\n    ),\n    QualityControlMeasure(\n        name='Total Quality Management',\n        technique='TQM',\n        frequency='Continuous',\n        complexity='High',\n        cost='Medium',\n        scope='System',\n        industry_applicability='Manufacturing',\n        feedback_type='Both',\n    ),\n    QualityControlMeasure(\n        name='Statistical Process Control',\n        technique='SPC',\n        frequency='Continuous',\n        complexity='Medium',\n        cost='Low',\n        scope='Product',\n        industry_applicability='Manufacturing',\n        feedback_type='Quantitative',\n    ),\n]\n```",
    "database_code": "```python\n# Global variable representing a list of Quality Control Measures examples\nquality_control_measures = [\n    QualityControlMeasure(\n        name=\"Statistical Process Control\",\n        technique='SPC',\n        frequency='Continuous',\n        complexity='Medium',\n        cost='Medium',\n        scope='Process',\n        industry_applicability='Manufacturing',\n        feedback_type='Quantitative'\n    ),\n    QualityControlMeasure(\n        name=\"Six Sigma\",\n        technique='Six Sigma',\n        frequency='Daily',\n        complexity='High',\n        cost='High',\n        scope='Product',\n        industry_applicability='Various',\n        feedback_type='Both'\n    ),\n    QualityControlMeasure(\n        name=\"Total Quality Management\",\n        technique='TQM',\n        frequency='Monthly',\n        complexity='Medium',\n        cost='Medium',\n        scope='System',\n        industry_applicability='Service',\n        feedback_type='Qualitative'\n    ),\n    QualityControlMeasure(\n        name=\"Kaizen\",\n        technique='Kaizen',\n        frequency='Weekly',\n        complexity='Low',\n        cost='Low',\n        scope='Process',\n        industry_applicability='Manufacturing',\n        feedback_type='Both'\n    ),\n    QualityControlMeasure(\n        name=\"Quality Audits\",\n        technique='SPC',\n        frequency='Monthly',\n        complexity='Medium',\n        cost='Medium',\n        scope='System',\n        industry_applicability='Healthcare',\n        feedback_type='Qualitative'\n    ),\n    QualityControlMeasure(\n        name=\"Root Cause Analysis\",\n        technique='TQM',\n        frequency='As Needed',\n        complexity='High',\n        cost='Medium',\n        scope='Product',\n        industry_applicability='Manufacturing',\n        feedback_type='Qualitative'\n    ),\n    QualityControlMeasure(\n        name=\"Process Mapping\",\n        technique='Kaizen',\n        frequency='Weekly',\n        complexity='Low',\n        cost='Low',\n        scope='Process',\n        industry_applicability='Logistics',\n        feedback_type='Quantitative'\n    ),\n    QualityControlMeasure(\n        name=\"Benchmarking\",\n        technique='Six Sigma',\n        frequency='Quarterly',\n        complexity='Medium',\n        cost='High',\n        scope='Product',\n        industry_applicability='Finance',\n        feedback_type='Both'\n    ),\n    QualityControlMeasure(\n        name=\"Control Charts\",\n        technique='SPC',\n        frequency='Continuous',\n        complexity='Medium',\n        cost='Low',\n        scope='Process',\n        industry_applicability='Manufacturing',\n        feedback_type='Quantitative'\n    ),\n    QualityControlMeasure(\n        name=\"Performance Metrics\",\n        technique='TQM',\n        frequency='Daily',\n        complexity='Medium',\n        cost='Medium',\n        scope='System',\n        industry_applicability='Retail',\n        feedback_type='Quantitative'\n    )\n]\n```",
    "goal": {
      "name": null,
      "technique": "SPC",
      "frequency": "Daily",
      "complexity": null,
      "cost": "Medium",
      "scope": "Process",
      "industry_applicability": "Manufacturing",
      "feedback_type": "Quantitative"
    },
    "database": [
      {
        "name": "Performance Metrics",
        "technique": "TQM",
        "frequency": "Daily",
        "complexity": "Medium",
        "cost": "Medium",
        "scope": "System",
        "industry_applicability": "Retail",
        "feedback_type": "Quantitative"
      },
      {
        "name": "Quality Audits",
        "technique": "SPC",
        "frequency": "Monthly",
        "complexity": "Medium",
        "cost": "Medium",
        "scope": "System",
        "industry_applicability": "Healthcare",
        "feedback_type": "Qualitative"
      },
      {
        "name": "Statistical Process Control",
        "technique": "SPC",
        "frequency": "Continuous",
        "complexity": "Medium",
        "cost": "Medium",
        "scope": "Process",
        "industry_applicability": "Manufacturing",
        "feedback_type": "Quantitative"
      },
      {
        "name": "Total Quality Management",
        "technique": "TQM",
        "frequency": "Monthly",
        "complexity": "Medium",
        "cost": "Medium",
        "scope": "System",
        "industry_applicability": "Service",
        "feedback_type": "Qualitative"
      },
      {
        "name": "Six Sigma",
        "technique": "Six Sigma",
        "frequency": "Daily",
        "complexity": "High",
        "cost": "High",
        "scope": "Product",
        "industry_applicability": "Various",
        "feedback_type": "Both"
      },
      {
        "name": "Root Cause Analysis",
        "technique": "TQM",
        "frequency": "As Needed",
        "complexity": "High",
        "cost": "Medium",
        "scope": "Product",
        "industry_applicability": "Manufacturing",
        "feedback_type": "Qualitative"
      },
      {
        "name": "Benchmarking",
        "technique": "Six Sigma",
        "frequency": "Quarterly",
        "complexity": "Medium",
        "cost": "High",
        "scope": "Product",
        "industry_applicability": "Finance",
        "feedback_type": "Both"
      },
      {
        "name": "Control Charts",
        "technique": "SPC",
        "frequency": "Continuous",
        "complexity": "Medium",
        "cost": "Low",
        "scope": "Process",
        "industry_applicability": "Manufacturing",
        "feedback_type": "Quantitative"
      },
      {
        "name": "Statistical Process Control",
        "technique": "SPC",
        "frequency": "Daily",
        "complexity": "Medium",
        "cost": "Medium",
        "scope": "Process",
        "industry_applicability": "Manufacturing",
        "feedback_type": "Quantitative"
      },
      {
        "name": "Statistical Process Control",
        "technique": "SPC",
        "frequency": "Continuous",
        "complexity": "Medium",
        "cost": "Low",
        "scope": "Product",
        "industry_applicability": "Manufacturing",
        "feedback_type": "Quantitative"
      },
      {
        "name": "Total Quality Management",
        "technique": "TQM",
        "frequency": "Continuous",
        "complexity": "High",
        "cost": "Medium",
        "scope": "System",
        "industry_applicability": "Manufacturing",
        "feedback_type": "Both"
      },
      {
        "name": "Process Mapping",
        "technique": "Kaizen",
        "frequency": "Weekly",
        "complexity": "Low",
        "cost": "Low",
        "scope": "Process",
        "industry_applicability": "Logistics",
        "feedback_type": "Quantitative"
      },
      {
        "name": "Kaizen",
        "technique": "Kaizen",
        "frequency": "Weekly",
        "complexity": "Low",
        "cost": "Low",
        "scope": "Process",
        "industry_applicability": "Manufacturing",
        "feedback_type": "Both"
      }
    ],
    "status": "complete"
  }
]