[
  {
    "domain": "Machinery",
    "turns": [
      [
        "I'm looking for a small electric 3D printer with a capacity of 25 units per hour. Do you have any recommendations?",
        {
          "name": null,
          "type": "3D Printer",
          "capacity": 25,
          "power_source": "Electric",
          "size": "Small",
          "automation_level": null,
          "brand": null,
          "production_speed": null,
          "precision": null,
          "cost_range": null,
          "warranty_period": null,
          "availability": null
        },
        "I have a Compact 3D Printer with a capacity of 25 units per hour; it's electric and small. Would you like more details?"
      ],
      [
        "Yes, please share the production speed and precision of the Compact 3D Printer.",
        {
          "name": null,
          "type": "3D Printer",
          "capacity": 25,
          "power_source": "Electric",
          "size": "Small",
          "automation_level": null,
          "brand": null,
          "production_speed": null,
          "precision": null,
          "cost_range": null,
          "warranty_period": null,
          "availability": null
        },
        "The production speed is 8.0 units per hour, and the precision is 0.2 mm. Does that work for you?"
      ],
      [
        "That sounds good! What's the cost range for the Compact 3D Printer?",
        {
          "name": "Compact 3D Printer",
          "type": "3D Printer",
          "capacity": 25,
          "power_source": "Electric",
          "size": "Small",
          "automation_level": null,
          "brand": null,
          "production_speed": 8.0,
          "precision": 0.2,
          "cost_range": null,
          "warranty_period": null,
          "availability": null
        },
        "The cost range for the Compact 3D Printer is between 950 and 1950 dollars. Would you like to go ahead with it?"
      ],
      [
        "Yes, that fits my budget! What\u2019s the warranty period for the Compact 3D Printer?",
        {
          "name": "Compact 3D Printer",
          "type": "3D Printer",
          "capacity": 25,
          "power_source": "Electric",
          "size": "Small",
          "automation_level": null,
          "brand": null,
          "production_speed": 8.0,
          "precision": 0.2,
          "cost_range": [
            950,
            1950
          ],
          "warranty_period": null,
          "availability": null
        },
        "The warranty period for the Compact 3D Printer is 6 months. Are you ready to confirm your choice?"
      ],
      [
        "Actually, I prefer a warranty period of at least 6 years. Do you have any options that meet that requirement?",
        {
          "name": null,
          "type": "3D Printer",
          "capacity": 25,
          "power_source": "Electric",
          "size": "Small",
          "automation_level": null,
          "brand": null,
          "production_speed": 8.0,
          "precision": 0.2,
          "cost_range": [
            950,
            1950
          ],
          "warranty_period": null,
          "availability": null
        },
        "I don't have any 3D printers with a 6-year warranty; the longest warranty I have is 3 years. Would you like to consider other machinery options?"
      ],
      [
        "Yes, let's explore other options. What other small electric 3D printers do you have available?",
        {
          "name": null,
          "type": "3D Printer",
          "capacity": 25,
          "power_source": "Electric",
          "size": "Small",
          "automation_level": null,
          "brand": null,
          "production_speed": 8.0,
          "precision": 0.2,
          "cost_range": [
            950,
            1950
          ],
          "warranty_period": null,
          "availability": null
        },
        "The only other small electric 3D printer I have is the Mini 3D Printer, with a capacity of 20 units per hour. Would you like more details on that?"
      ],
      [
        "Yes, please provide the production speed and precision for the Mini 3D Printer.",
        {
          "name": null,
          "type": "3D Printer",
          "capacity": 20,
          "power_source": "Electric",
          "size": "Small",
          "automation_level": null,
          "brand": null,
          "production_speed": null,
          "precision": null,
          "cost_range": null,
          "warranty_period": null,
          "availability": null
        },
        "The Mini 3D Printer has a production speed of 7.5 units per hour and a precision of 0.25 mm. Does that meet your needs?"
      ],
      [
        "It's close, but the capacity is a bit lower than I need. Do you have any other options?",
        {
          "name": null,
          "type": "3D Printer",
          "capacity": null,
          "power_source": "Electric",
          "size": "Small",
          "automation_level": null,
          "brand": null,
          "production_speed": null,
          "precision": null,
          "cost_range": null,
          "warranty_period": null,
          "availability": null
        },
        "I have an Advanced 3D Printer with a capacity of 30 units per hour; it's electric and medium-sized. Would you like more details on that?"
      ],
      [
        "Yes, please share the production speed and precision of the Advanced 3D Printer.",
        {
          "name": "Advanced 3D Printer",
          "type": "3D Printer",
          "capacity": 30,
          "power_source": "Electric",
          "size": "Medium",
          "automation_level": null,
          "brand": null,
          "production_speed": 7.5,
          "precision": 0.25,
          "cost_range": null,
          "warranty_period": null,
          "availability": null
        },
        "The Advanced 3D Printer has a production speed of 10.0 units per hour and a precision of 0.1 mm. How does that sound?"
      ],
      [
        "That sounds great! What\u2019s the cost range for the Advanced 3D Printer?",
        {
          "name": "Advanced 3D Printer",
          "type": "3D Printer",
          "capacity": 30,
          "power_source": "Electric",
          "size": "Medium",
          "automation_level": null,
          "brand": null,
          "production_speed": 10.0,
          "precision": 0.1,
          "cost_range": null,
          "warranty_period": 3,
          "availability": null
        },
        "The cost range for the Advanced 3D Printer is between 1500 and 2500 dollars. Would you like to proceed with it?"
      ],
      [
        "It's above my budget. Do you have any other small electric 3D printers within my price range?",
        {
          "name": null,
          "type": "3D Printer",
          "capacity": null,
          "power_source": "Electric",
          "size": "Small",
          "automation_level": null,
          "brand": null,
          "production_speed": null,
          "precision": null,
          "cost_range": null,
          "warranty_period": null,
          "availability": null
        },
        "Unfortunately, the only small electric 3D printers I have are the Compact and Mini models, which are both below your capacity requirement. Would you like to reconsider any of those?"
      ],
      [
        "I appreciate the options, but I need a capacity of at least 25 units per hour. Can you recommend any other types of machinery that might meet my criteria?",
        {
          "name": null,
          "type": "3D Printer",
          "capacity": 25,
          "power_source": "Electric",
          "size": "Small",
          "automation_level": null,
          "brand": null,
          "production_speed": 8.0,
          "precision": 0.2,
          "cost_range": [
            950,
            1950
          ],
          "warranty_period": null,
          "availability": null
        },
        "I have a CNC Router with a capacity of 100 units per hour; it's electric and large. Would you like to know more about it?"
      ],
      [
        "Yes, please tell me the production speed and precision of the CNC Router.",
        {
          "name": null,
          "type": "CNC",
          "capacity": 100,
          "power_source": "Electric",
          "size": "Large",
          "automation_level": null,
          "brand": null,
          "production_speed": null,
          "precision": null,
          "cost_range": null,
          "warranty_period": null,
          "availability": null
        },
        "The CNC Router has a production speed of 5.0 units per hour and a precision of 0.01 mm. Does that work for you?"
      ],
      [
        "The production speed is lower than I need. Do you have any other options that fit my criteria?",
        {
          "name": null,
          "type": "3D Printer",
          "capacity": 25,
          "power_source": "Electric",
          "size": "Small",
          "automation_level": null,
          "brand": null,
          "production_speed": 8.0,
          "precision": 0.2,
          "cost_range": [
            950,
            1950
          ],
          "warranty_period": null,
          "availability": null
        },
        "I have a CNC Lathe with a capacity of 70 units per hour; it's electric and medium-sized. Would you like more details on that?"
      ],
      [
        "Yes, please share the production speed and precision for the CNC Lathe.",
        {
          "name": null,
          "type": "3D Printer",
          "capacity": 25,
          "power_source": "Electric",
          "size": "Small",
          "automation_level": null,
          "brand": null,
          "production_speed": 8.0,
          "precision": 0.2,
          "cost_range": [
            950,
            1950
          ],
          "warranty_period": null,
          "availability": null
        },
        "The CNC Lathe has a production speed of 18.0 units per hour and a precision of 0.04 mm. How does that sound?"
      ],
      [
        "It's still below my required production speed. Do you have any other machinery that might fit my criteria?",
        {
          "name": null,
          "type": "3D Printer",
          "capacity": 25,
          "power_source": "Electric",
          "size": "Small",
          "automation_level": null,
          "brand": null,
          "production_speed": 8.0,
          "precision": 0.2,
          "cost_range": [
            950,
            1950
          ],
          "warranty_period": null,
          "availability": null
        },
        "I have a Laser Cutter with a capacity of 90 units per hour, but it's currently not available. Would you like to explore any other options?"
      ],
      [
        "I appreciate the information, but I need something currently available. Can you check if there's any other machinery that meets my criteria?",
        {
          "name": null,
          "type": "3D Printer",
          "capacity": 25,
          "power_source": "Electric",
          "size": "Small",
          "automation_level": null,
          "brand": null,
          "production_speed": 8.0,
          "precision": 0.2,
          "cost_range": [
            950,
            1950
          ],
          "warranty_period": null,
          "availability": null
        },
        "I also have a Horizontal Milling Machine with a capacity of 110 units per hour; it's electric and large. Would you like more details on that?"
      ],
      [
        "Yes, please provide the production speed and precision of the Horizontal Milling Machine.",
        {
          "name": null,
          "type": "3D Printer",
          "capacity": 25,
          "power_source": "Electric",
          "size": "Small",
          "automation_level": null,
          "brand": null,
          "production_speed": 8.0,
          "precision": 0.2,
          "cost_range": [
            950,
            1950
          ],
          "warranty_period": null,
          "availability": null
        },
        "The Horizontal Milling Machine has a production speed of 8.0 units per hour and a precision of 0.02 mm. Does that meet your needs?"
      ],
      [
        "The production speed is still lower than I require. Do you have any other options available?",
        {
          "name": null,
          "type": "3D Printer",
          "capacity": 25,
          "power_source": "Electric",
          "size": "Small",
          "automation_level": null,
          "brand": null,
          "production_speed": 8.0,
          "precision": 0.2,
          "cost_range": [
            950,
            1950
          ],
          "warranty_period": null,
          "availability": null
        },
        "Unfortunately, those are the only available options I have that meet your criteria. Would you like to reconsider any of the previously mentioned machinery?"
      ],
      [
        "I might have to consider the Compact 3D Printer again. Can you confirm its availability?",
        {
          "name": "Compact 3D Printer",
          "type": "3D Printer",
          "capacity": 25,
          "power_source": "Electric",
          "size": "Small",
          "automation_level": null,
          "brand": null,
          "production_speed": 8.0,
          "precision": 0.2,
          "cost_range": [
            950,
            1950
          ],
          "warranty_period": null,
          "availability": null
        },
        "Yes, the Compact 3D Printer is currently available. Would you like to proceed with that option?"
      ],
      [
        "Yes, let's go with the Compact 3D Printer. Thank you!",
        {
          "name": "Compact 3D Printer",
          "type": "3D Printer",
          "capacity": 25,
          "power_source": "Electric",
          "size": "Small",
          "automation_level": null,
          "brand": null,
          "production_speed": 8.0,
          "precision": 0.2,
          "cost_range": [
            950,
            1950
          ],
          "warranty_period": null,
          "availability": true
        },
        "You're welcome! I'll finalize the Compact 3D Printer for you."
      ]
    ],
    "preferences_code": "```python\npreferences = MachineryCriteria(\n    name='Compact 3D Printer',\n    type='3D Printer',\n    capacity=25,\n    power_source='Electric',\n    size='Small',\n    automation_level='Manual',\n    brand='Brand J',\n    production_speed=8.0,\n    precision=0.2,\n    cost_range=(950.0, 1950.0),\n    warranty_period=6,\n    availability=True,\n)\n```",
    "red_herrings_code": "```python\n# Global variable representing a list of Machinery examples\nsimilar_machinery_list = [\n    Machinery(\n        name='Compact 3D Printer',\n        type='3D Printer',\n        capacity=25,\n        power_source='Electric',\n        size='Small',\n        automation_level='Manual',\n        brand='Brand J',\n        production_speed=8.0,\n        precision=0.2,\n        cost_range=(950.0, 1950.0),\n        warranty_period=6,\n        availability=True,\n    ),\n    Machinery(\n        name='Advanced 3D Printer',\n        type='3D Printer',\n        capacity=30,\n        power_source='Electric',\n        size='Medium',\n        automation_level='Automatic',\n        brand='Brand K',\n        production_speed=10.0,\n        precision=0.1,\n        cost_range=(1500.0, 2500.0),\n        warranty_period=12,\n        availability=True,\n    ),\n    Machinery(\n        name='Mini 3D Printer',\n        type='3D Printer',\n        capacity=20,\n        power_source='Electric',\n        size='Small',\n        automation_level='Semi-automatic',\n        brand='Brand J',\n        production_speed=7.5,\n        precision=0.25,\n        cost_range=(800.0, 1800.0),\n        warranty_period=6,\n        availability=True,\n    ),\n]\n```",
    "database_code": "```python\n# Global variable to hold a list of Machinery examples\nmachinery_list = [\n    Machinery(\n        name=\"CNC Router\",\n        type=\"CNC\",\n        capacity=100,\n        power_source=\"Electric\",\n        size=\"Large\",\n        automation_level=\"Automatic\",\n        brand=\"Brand A\",\n        production_speed=5.0,\n        precision=0.01,\n        cost_range=(15000.0, 25000.0),\n        warranty_period=24,\n        availability=True\n    ),\n    Machinery(\n        name=\"3D Printer Model X\",\n        type=\"3D Printer\",\n        capacity=50,\n        power_source=\"Electric\",\n        size=\"Medium\",\n        automation_level=\"Semi-automatic\",\n        brand=\"Brand B\",\n        production_speed=10.0,\n        precision=0.1,\n        cost_range=(3000.0, 7000.0),\n        warranty_period=12,\n        availability=True\n    ),\n    Machinery(\n        name=\"Lathe Machine Z\",\n        type=\"Lathe\",\n        capacity=80,\n        power_source=\"Electric\",\n        size=\"Medium\",\n        automation_level=\"Manual\",\n        brand=\"Brand C\",\n        production_speed=15.0,\n        precision=0.05,\n        cost_range=(8000.0, 12000.0),\n        warranty_period=18,\n        availability=False\n    ),\n    Machinery(\n        name=\"Vertical Milling Machine\",\n        type=\"Milling Machine\",\n        capacity=120,\n        power_source=\"Hydraulic\",\n        size=\"Large\",\n        automation_level=\"Automatic\",\n        brand=\"Brand D\",\n        production_speed=7.5,\n        precision=0.02,\n        cost_range=(20000.0, 30000.0),\n        warranty_period=36,\n        availability=True\n    ),\n    Machinery(\n        name=\"Plasma Cutter\",\n        type=\"CNC\",\n        capacity=60,\n        power_source=\"Electric\",\n        size=\"Small\",\n        automation_level=\"Semi-automatic\",\n        brand=\"Brand E\",\n        production_speed=20.0,\n        precision=0.03,\n        cost_range=(5000.0, 9000.0),\n        warranty_period=24,\n        availability=True\n    ),\n    Machinery(\n        name=\"3D Printer Model Y\",\n        type=\"3D Printer\",\n        capacity=40,\n        power_source=\"Electric\",\n        size=\"Small\",\n        automation_level=\"Automatic\",\n        brand=\"Brand F\",\n        production_speed=12.0,\n        precision=0.15,\n        cost_range=(2000.0, 4000.0),\n        warranty_period=12,\n        availability=False\n    ),\n    Machinery(\n        name=\"CNC Lathe\",\n        type=\"Lathe\",\n        capacity=70,\n        power_source=\"Electric\",\n        size=\"Medium\",\n        automation_level=\"Automatic\",\n        brand=\"Brand G\",\n        production_speed=18.0,\n        precision=0.04,\n        cost_range=(15000.0, 22000.0),\n        warranty_period=24,\n        availability=True\n    ),\n    Machinery(\n        name=\"Horizontal Milling Machine\",\n        type=\"Milling Machine\",\n        capacity=110,\n        power_source=\"Hydraulic\",\n        size=\"Large\",\n        automation_level=\"Semi-automatic\",\n        brand=\"Brand H\",\n        production_speed=8.0,\n        precision=0.02,\n        cost_range=(18000.0, 28000.0),\n        warranty_period=36,\n        availability=True\n    ),\n    Machinery(\n        name=\"Laser Cutter\",\n        type=\"CNC\",\n        capacity=90,\n        power_source=\"Electric\",\n        size=\"Medium\",\n        automation_level=\"Automatic\",\n        brand=\"Brand I\",\n        production_speed=25.0,\n        precision=0.01,\n        cost_range=(10000.0, 15000.0),\n        warranty_period=12,\n        availability=False\n    ),\n    Machinery(\n        name=\"Compact 3D Printer\",\n        type=\"3D Printer\",\n        capacity=30,\n        power_source=\"Electric\",\n        size=\"Small\",\n        automation_level=\"Manual\",\n        brand=\"Brand J\",\n        production_speed=8.0,\n        precision=0.2,\n        cost_range=(1000.0, 2000.0),\n        warranty_period=6,\n        availability=True\n    )\n]\n```",
    "goal": {
      "name": null,
      "type": "3D Printer",
      "capacity": 25,
      "power_source": "Electric",
      "size": "Small",
      "automation_level": "Manual",
      "brand": "Brand J",
      "production_speed": 8.0,
      "precision": 0.2,
      "cost_range": [
        950.0,
        1950.0
      ],
      "warranty_period": 6,
      "availability": true
    },
    "database": [
      {
        "name": "Vertical Milling Machine",
        "type": "Milling Machine",
        "capacity": 120,
        "power_source": "Hydraulic",
        "size": "Large",
        "automation_level": "Automatic",
        "brand": "Brand D",
        "production_speed": 7.5,
        "precision": 0.02,
        "cost_range": [
          20000.0,
          30000.0
        ],
        "warranty_period": 36,
        "availability": true
      },
      {
        "name": "CNC Lathe",
        "type": "Lathe",
        "capacity": 70,
        "power_source": "Electric",
        "size": "Medium",
        "automation_level": "Automatic",
        "brand": "Brand G",
        "production_speed": 18.0,
        "precision": 0.04,
        "cost_range": [
          15000.0,
          22000.0
        ],
        "warranty_period": 24,
        "availability": true
      },
      {
        "name": "CNC Router",
        "type": "CNC",
        "capacity": 100,
        "power_source": "Electric",
        "size": "Large",
        "automation_level": "Automatic",
        "brand": "Brand A",
        "production_speed": 5.0,
        "precision": 0.01,
        "cost_range": [
          15000.0,
          25000.0
        ],
        "warranty_period": 24,
        "availability": true
      },
      {
        "name": "Compact 3D Printer",
        "type": "3D Printer",
        "capacity": 25,
        "power_source": "Electric",
        "size": "Small",
        "automation_level": "Manual",
        "brand": "Brand J",
        "production_speed": 8.0,
        "precision": 0.2,
        "cost_range": [
          950.0,
          1950.0
        ],
        "warranty_period": 6,
        "availability": true
      },
      {
        "name": "Lathe Machine Z",
        "type": "Lathe",
        "capacity": 80,
        "power_source": "Electric",
        "size": "Medium",
        "automation_level": "Manual",
        "brand": "Brand C",
        "production_speed": 15.0,
        "precision": 0.05,
        "cost_range": [
          8000.0,
          12000.0
        ],
        "warranty_period": 18,
        "availability": false
      },
      {
        "name": "Compact 3D Printer",
        "type": "3D Printer",
        "capacity": 30,
        "power_source": "Electric",
        "size": "Small",
        "automation_level": "Manual",
        "brand": "Brand J",
        "production_speed": 8.0,
        "precision": 0.2,
        "cost_range": [
          1000.0,
          2000.0
        ],
        "warranty_period": 6,
        "availability": true
      },
      {
        "name": "3D Printer Model X",
        "type": "3D Printer",
        "capacity": 50,
        "power_source": "Electric",
        "size": "Medium",
        "automation_level": "Semi-automatic",
        "brand": "Brand B",
        "production_speed": 10.0,
        "precision": 0.1,
        "cost_range": [
          3000.0,
          7000.0
        ],
        "warranty_period": 12,
        "availability": true
      },
      {
        "name": "Laser Cutter",
        "type": "CNC",
        "capacity": 90,
        "power_source": "Electric",
        "size": "Medium",
        "automation_level": "Automatic",
        "brand": "Brand I",
        "production_speed": 25.0,
        "precision": 0.01,
        "cost_range": [
          10000.0,
          15000.0
        ],
        "warranty_period": 12,
        "availability": false
      },
      {
        "name": "Horizontal Milling Machine",
        "type": "Milling Machine",
        "capacity": 110,
        "power_source": "Hydraulic",
        "size": "Large",
        "automation_level": "Semi-automatic",
        "brand": "Brand H",
        "production_speed": 8.0,
        "precision": 0.02,
        "cost_range": [
          18000.0,
          28000.0
        ],
        "warranty_period": 36,
        "availability": true
      },
      {
        "name": "Plasma Cutter",
        "type": "CNC",
        "capacity": 60,
        "power_source": "Electric",
        "size": "Small",
        "automation_level": "Semi-automatic",
        "brand": "Brand E",
        "production_speed": 20.0,
        "precision": 0.03,
        "cost_range": [
          5000.0,
          9000.0
        ],
        "warranty_period": 24,
        "availability": true
      },
      {
        "name": "Mini 3D Printer",
        "type": "3D Printer",
        "capacity": 20,
        "power_source": "Electric",
        "size": "Small",
        "automation_level": "Semi-automatic",
        "brand": "Brand J",
        "production_speed": 7.5,
        "precision": 0.25,
        "cost_range": [
          800.0,
          1800.0
        ],
        "warranty_period": 6,
        "availability": true
      },
      {
        "name": "Advanced 3D Printer",
        "type": "3D Printer",
        "capacity": 30,
        "power_source": "Electric",
        "size": "Medium",
        "automation_level": "Automatic",
        "brand": "Brand K",
        "production_speed": 10.0,
        "precision": 0.1,
        "cost_range": [
          1500.0,
          2500.0
        ],
        "warranty_period": 12,
        "availability": true
      },
      {
        "name": "3D Printer Model Y",
        "type": "3D Printer",
        "capacity": 40,
        "power_source": "Electric",
        "size": "Small",
        "automation_level": "Automatic",
        "brand": "Brand F",
        "production_speed": 12.0,
        "precision": 0.15,
        "cost_range": [
          2000.0,
          4000.0
        ],
        "warranty_period": 12,
        "availability": false
      }
    ],
    "status": "complete"
  },
  {
    "domain": "Production Methods",
    "turns": [
      [
        "Thanks! Now, could you help me find suitable production methods that are fully automated?",
        {
          "name": null,
          "method_type": null,
          "automation_level": "Fully Automated",
          "cost_estimate": null,
          "efficiency_rating": null,
          "environmental_impact": null,
          "production_volume": null,
          "setup_time": null,
          "space_requirements": null,
          "quality_control_level": null,
          "safety_standards": null
        },
        "Sure! I have several fully automated production methods available. Would you like to know about their names and capacities?"
      ],
      [
        "Yes, please share the names and capacities of the fully automated production methods.",
        {
          "name": null,
          "method_type": null,
          "automation_level": "Fully Automated",
          "cost_estimate": null,
          "efficiency_rating": null,
          "environmental_impact": null,
          "production_volume": null,
          "setup_time": null,
          "space_requirements": null,
          "quality_control_level": null,
          "safety_standards": null
        },
        "Here are the fully automated production methods: \n\n1. Laser Cutter - 90 units per hour\n2. Advanced 3D Printer - 30 units per hour\n3. CNC Lathe - 70 units per hour\n4. Injection Molding Machine - 150 units per hour\n5. Vertical Milling Machine - 105 units per hour\n\nWould you like more details on any of these?"
      ],
      [
        "Yes, please provide details on the Injection Molding Machine.",
        {
          "name": "Injection Molding Machine",
          "method_type": null,
          "automation_level": "Fully Automated",
          "cost_estimate": null,
          "efficiency_rating": null,
          "environmental_impact": null,
          "production_volume": 150,
          "setup_time": null,
          "space_requirements": null,
          "quality_control_level": null,
          "safety_standards": null
        },
        "The Injection Molding Machine has a cost estimate of $3000, an efficiency rating of 0.92, medium environmental impact, a setup time of 6 hours, and requires 5.0 square meters of space. Interested in this option?"
      ],
      [
        "It's slightly above my budget. Can you tell me more about the Vertical Milling Machine instead?",
        {
          "name": null,
          "method_type": null,
          "automation_level": "Fully Automated",
          "cost_estimate": null,
          "efficiency_rating": null,
          "environmental_impact": null,
          "production_volume": 30,
          "setup_time": null,
          "space_requirements": null,
          "quality_control_level": null,
          "safety_standards": null
        },
        "The Vertical Milling Machine costs $2400, has an efficiency rating of 0.85, medium environmental impact, a setup time of 4.5 hours, and requires 4.5 square meters of space. Does that fit your needs?"
      ],
      [
        "Yes, that fits my needs! Can you confirm the availability of the Vertical Milling Machine?",
        {
          "name": "Vertical Milling Machine",
          "method_type": null,
          "automation_level": "Fully Automated",
          "cost_estimate": 2400,
          "efficiency_rating": 0.85,
          "environmental_impact": "Medium",
          "production_volume": 105,
          "setup_time": 4.5,
          "space_requirements": 4.5,
          "quality_control_level": null,
          "safety_standards": null
        },
        "Yes, the Vertical Milling Machine is available. Would you like to proceed with that option?"
      ],
      [
        "Yes, let's finalize the Vertical Milling Machine. Thank you!",
        {
          "name": "Vertical Milling Machine",
          "method_type": null,
          "automation_level": "Fully Automated",
          "cost_estimate": 2400,
          "efficiency_rating": 0.85,
          "environmental_impact": "Medium",
          "production_volume": 105,
          "setup_time": 4.5,
          "space_requirements": 4.5,
          "quality_control_level": null,
          "safety_standards": null
        },
        "You're welcome! I'll finalize the Vertical Milling Machine for you."
      ]
    ],
    "preferences_code": "```python\npreferences = ProductionMethodCriteria(\n    name='Vertical Milling Machine',\n    method_type='Batch',\n    automation_level='Fully Automated',\n    cost_estimate=2400.0,\n    efficiency_rating=0.85,\n    environmental_impact='Medium',\n    production_volume=105,\n    setup_time=4.5,\n    space_requirements=4.5,\n    quality_control_level='Moderate',\n    safety_standards='Advanced',\n)\n```",
    "red_herrings_code": "```python\nproduction_methods_examples = [\n    ProductionMethod(\n        name='Vertical Milling Machine',\n        method_type='Batch',\n        automation_level='Fully Automated',\n        cost_estimate=2400.0,\n        efficiency_rating=0.85,\n        environmental_impact='Medium',\n        production_volume=105,\n        setup_time=4.5,\n        space_requirements=4.5,\n        quality_control_level='Moderate',\n        safety_standards='Advanced',\n    ),\n    ProductionMethod(\n        name='CNC Milling Machine',\n        method_type='Batch',\n        automation_level='Semi-Automated',\n        cost_estimate=2100.0,\n        efficiency_rating=0.80,\n        environmental_impact='Low',\n        production_volume=115,\n        setup_time=6.0,\n        space_requirements=3.5,\n        quality_control_level='Advanced',\n        safety_standards='Advanced',\n    ),\n    ProductionMethod(\n        name='Horizontal Boring Machine',\n        method_type='Batch',\n        automation_level='Manual',\n        cost_estimate=2000.0,\n        efficiency_rating=0.78,\n        environmental_impact='Medium',\n        production_volume=100,\n        setup_time=5.5,\n        space_requirements=5.0,\n        quality_control_level='Basic',\n        safety_standards='Moderate',\n    ),\n]\n```",
    "database_code": "```python\n# Global variable containing a list of ProductionMethod examples\nproduction_methods = [\n    ProductionMethod(\n        name=\"Compact 3D Printer\",\n        method_type=\"Discrete\",\n        automation_level=\"Semi-Automated\",\n        cost_estimate=1200.0,\n        efficiency_rating=0.85,\n        environmental_impact=\"Medium\",\n        production_volume=25,\n        setup_time=2.0,\n        space_requirements=1.5,\n        quality_control_level=\"Moderate\",\n        safety_standards=\"Basic\"\n    ),\n    ProductionMethod(\n        name=\"Mini 3D Printer\",\n        method_type=\"Discrete\",\n        automation_level=\"Manual\",\n        cost_estimate=800.0,\n        efficiency_rating=0.75,\n        environmental_impact=\"Low\",\n        production_volume=20,\n        setup_time=1.5,\n        space_requirements=1.0,\n        quality_control_level=\"Basic\",\n        safety_standards=\"Basic\"\n    ),\n    ProductionMethod(\n        name=\"Advanced 3D Printer\",\n        method_type=\"Discrete\",\n        automation_level=\"Fully Automated\",\n        cost_estimate=2000.0,\n        efficiency_rating=0.90,\n        environmental_impact=\"Medium\",\n        production_volume=30,\n        setup_time=3.0,\n        space_requirements=2.0,\n        quality_control_level=\"Advanced\",\n        safety_standards=\"Moderate\"\n    ),\n    ProductionMethod(\n        name=\"CNC Router\",\n        method_type=\"Continuous\",\n        automation_level=\"Semi-Automated\",\n        cost_estimate=1500.0,\n        efficiency_rating=0.80,\n        environmental_impact=\"High\",\n        production_volume=100,\n        setup_time=4.0,\n        space_requirements=3.0,\n        quality_control_level=\"Moderate\",\n        safety_standards=\"Advanced\"\n    ),\n    ProductionMethod(\n        name=\"CNC Lathe\",\n        method_type=\"Continuous\",\n        automation_level=\"Fully Automated\",\n        cost_estimate=1800.0,\n        efficiency_rating=0.88,\n        environmental_impact=\"Medium\",\n        production_volume=70,\n        setup_time=3.5,\n        space_requirements=2.5,\n        quality_control_level=\"Advanced\",\n        safety_standards=\"Moderate\"\n    ),\n    ProductionMethod(\n        name=\"Laser Cutter\",\n        method_type=\"Continuous\",\n        automation_level=\"Fully Automated\",\n        cost_estimate=2500.0,\n        efficiency_rating=0.95,\n        environmental_impact=\"Low\",\n        production_volume=90,\n        setup_time=2.5,\n        space_requirements=3.5,\n        quality_control_level=\"Advanced\",\n        safety_standards=\"Advanced\"\n    ),\n    ProductionMethod(\n        name=\"Horizontal Milling Machine\",\n        method_type=\"Batch\",\n        automation_level=\"Semi-Automated\",\n        cost_estimate=2200.0,\n        efficiency_rating=0.82,\n        environmental_impact=\"Medium\",\n        production_volume=110,\n        setup_time=5.0,\n        space_requirements=4.0,\n        quality_control_level=\"Moderate\",\n        safety_standards=\"Advanced\"\n    ),\n    ProductionMethod(\n        name=\"Vertical Milling Machine\",\n        method_type=\"Batch\",\n        automation_level=\"Manual\",\n        cost_estimate=1300.0,\n        efficiency_rating=0.78,\n        environmental_impact=\"High\",\n        production_volume=50,\n        setup_time=3.0,\n        space_requirements=2.0,\n        quality_control_level=\"Basic\",\n        safety_standards=\"Basic\"\n    ),\n    ProductionMethod(\n        name=\"Injection Molding Machine\",\n        method_type=\"Continuous\",\n        automation_level=\"Fully Automated\",\n        cost_estimate=3000.0,\n        efficiency_rating=0.92,\n        environmental_impact=\"Medium\",\n        production_volume=150,\n        setup_time=6.0,\n        space_requirements=5.0,\n        quality_control_level=\"Advanced\",\n        safety_standards=\"Advanced\"\n    ),\n    ProductionMethod(\n        name=\"Assembly Line\",\n        method_type=\"Continuous\",\n        automation_level=\"Semi-Automated\",\n        cost_estimate=2500.0,\n        efficiency_rating=0.85,\n        environmental_impact=\"Medium\",\n        production_volume=120,\n        setup_time=4.0,\n        space_requirements=4.5,\n        quality_control_level=\"Moderate\",\n        safety_standards=\"Moderate\"\n    )\n]\n```",
    "goal": {
      "name": null,
      "method_type": "Batch",
      "automation_level": "Fully Automated",
      "cost_estimate": 2400.0,
      "efficiency_rating": 0.85,
      "environmental_impact": "Medium",
      "production_volume": 105,
      "setup_time": 4.5,
      "space_requirements": 4.5,
      "quality_control_level": "Moderate",
      "safety_standards": "Advanced"
    },
    "database": [
      {
        "name": "Laser Cutter",
        "method_type": "Continuous",
        "automation_level": "Fully Automated",
        "cost_estimate": 2500.0,
        "efficiency_rating": 0.95,
        "environmental_impact": "Low",
        "production_volume": 90,
        "setup_time": 2.5,
        "space_requirements": 3.5,
        "quality_control_level": "Advanced",
        "safety_standards": "Advanced"
      },
      {
        "name": "Advanced 3D Printer",
        "method_type": "Discrete",
        "automation_level": "Fully Automated",
        "cost_estimate": 2000.0,
        "efficiency_rating": 0.9,
        "environmental_impact": "Medium",
        "production_volume": 30,
        "setup_time": 3.0,
        "space_requirements": 2.0,
        "quality_control_level": "Advanced",
        "safety_standards": "Moderate"
      },
      {
        "name": "CNC Lathe",
        "method_type": "Continuous",
        "automation_level": "Fully Automated",
        "cost_estimate": 1800.0,
        "efficiency_rating": 0.88,
        "environmental_impact": "Medium",
        "production_volume": 70,
        "setup_time": 3.5,
        "space_requirements": 2.5,
        "quality_control_level": "Advanced",
        "safety_standards": "Moderate"
      },
      {
        "name": "Injection Molding Machine",
        "method_type": "Continuous",
        "automation_level": "Fully Automated",
        "cost_estimate": 3000.0,
        "efficiency_rating": 0.92,
        "environmental_impact": "Medium",
        "production_volume": 150,
        "setup_time": 6.0,
        "space_requirements": 5.0,
        "quality_control_level": "Advanced",
        "safety_standards": "Advanced"
      },
      {
        "name": "Assembly Line",
        "method_type": "Continuous",
        "automation_level": "Semi-Automated",
        "cost_estimate": 2500.0,
        "efficiency_rating": 0.85,
        "environmental_impact": "Medium",
        "production_volume": 120,
        "setup_time": 4.0,
        "space_requirements": 4.5,
        "quality_control_level": "Moderate",
        "safety_standards": "Moderate"
      },
      {
        "name": "Vertical Milling Machine",
        "method_type": "Batch",
        "automation_level": "Fully Automated",
        "cost_estimate": 2400.0,
        "efficiency_rating": 0.85,
        "environmental_impact": "Medium",
        "production_volume": 105,
        "setup_time": 4.5,
        "space_requirements": 4.5,
        "quality_control_level": "Moderate",
        "safety_standards": "Advanced"
      },
      {
        "name": "CNC Router",
        "method_type": "Continuous",
        "automation_level": "Semi-Automated",
        "cost_estimate": 1500.0,
        "efficiency_rating": 0.8,
        "environmental_impact": "High",
        "production_volume": 100,
        "setup_time": 4.0,
        "space_requirements": 3.0,
        "quality_control_level": "Moderate",
        "safety_standards": "Advanced"
      },
      {
        "name": "Horizontal Boring Machine",
        "method_type": "Batch",
        "automation_level": "Manual",
        "cost_estimate": 2000.0,
        "efficiency_rating": 0.78,
        "environmental_impact": "Medium",
        "production_volume": 100,
        "setup_time": 5.5,
        "space_requirements": 5.0,
        "quality_control_level": "Basic",
        "safety_standards": "Moderate"
      },
      {
        "name": "Horizontal Milling Machine",
        "method_type": "Batch",
        "automation_level": "Semi-Automated",
        "cost_estimate": 2200.0,
        "efficiency_rating": 0.82,
        "environmental_impact": "Medium",
        "production_volume": 110,
        "setup_time": 5.0,
        "space_requirements": 4.0,
        "quality_control_level": "Moderate",
        "safety_standards": "Advanced"
      },
      {
        "name": "CNC Milling Machine",
        "method_type": "Batch",
        "automation_level": "Semi-Automated",
        "cost_estimate": 2100.0,
        "efficiency_rating": 0.8,
        "environmental_impact": "Low",
        "production_volume": 115,
        "setup_time": 6.0,
        "space_requirements": 3.5,
        "quality_control_level": "Advanced",
        "safety_standards": "Advanced"
      },
      {
        "name": "Vertical Milling Machine",
        "method_type": "Batch",
        "automation_level": "Manual",
        "cost_estimate": 1300.0,
        "efficiency_rating": 0.78,
        "environmental_impact": "High",
        "production_volume": 50,
        "setup_time": 3.0,
        "space_requirements": 2.0,
        "quality_control_level": "Basic",
        "safety_standards": "Basic"
      },
      {
        "name": "Compact 3D Printer",
        "method_type": "Discrete",
        "automation_level": "Semi-Automated",
        "cost_estimate": 1200.0,
        "efficiency_rating": 0.85,
        "environmental_impact": "Medium",
        "production_volume": 25,
        "setup_time": 2.0,
        "space_requirements": 1.5,
        "quality_control_level": "Moderate",
        "safety_standards": "Basic"
      },
      {
        "name": "Mini 3D Printer",
        "method_type": "Discrete",
        "automation_level": "Manual",
        "cost_estimate": 800.0,
        "efficiency_rating": 0.75,
        "environmental_impact": "Low",
        "production_volume": 20,
        "setup_time": 1.5,
        "space_requirements": 1.0,
        "quality_control_level": "Basic",
        "safety_standards": "Basic"
      }
    ],
    "status": "complete"
  },
  {
    "domain": "Quality Control Measures",
    "turns": [
      [
        "Thanks! Now, can we discuss some Quality Control Measures? I'm looking for something specific.",
        {
          "name": null,
          "technique": null,
          "frequency": null,
          "complexity": null,
          "cost": null,
          "scope": null,
          "industry_applicability": null,
          "feedback_type": null
        },
        "Of course! What specific characteristics are you looking for in Quality Control Measures?"
      ],
      [
        "I'm interested in using the Kaizen technique with a focus on process improvement.",
        {
          "name": null,
          "technique": "Kaizen",
          "frequency": null,
          "complexity": null,
          "cost": null,
          "scope": "Process",
          "industry_applicability": null,
          "feedback_type": null
        },
        "I have two options that match your criteria: \n\n1. **Kaizen Events** - Frequency: Weekly, Complexity: Low, Cost: Low.\n2. **Process Improvement** - Frequency: Weekly, Complexity: Low, Cost: Low.\n\nWould you like more details on either of these?"
      ],
      [
        "I'd like to know more about the Kaizen Events option.",
        {
          "name": "Kaizen Events",
          "technique": "Kaizen",
          "frequency": "Weekly",
          "complexity": "Low",
          "cost": "Low",
          "scope": null,
          "industry_applicability": null,
          "feedback_type": null
        },
        "Kaizen Events focus on process improvement, occur weekly, have low complexity, and low cost. It's applicable in manufacturing and services, providing both quantitative and qualitative feedback. Does that sound good to you?"
      ],
      [
        "Yes, that sounds perfect! Let's go with Kaizen Events for Quality Control Measures.",
        {
          "name": "Kaizen Events",
          "technique": "Kaizen",
          "frequency": "Weekly",
          "complexity": "Low",
          "cost": "Low",
          "scope": "Process",
          "industry_applicability": "Manufacturing and Services",
          "feedback_type": "Both"
        },
        "Great choice! I'll finalize the Kaizen Events for your Quality Control Measures."
      ]
    ],
    "preferences_code": "```python\npreferences = QualityControlCriteria(\n    name='Process Improvement',\n    technique='Kaizen',\n    frequency='Weekly',\n    complexity='Low',\n    cost='Low',\n    scope='Process',\n    industry_applicability='Manufacturing',\n    feedback_type='Qualitative',\n)\n```",
    "red_herrings_code": "```python\nquality_control_measures = [\n    QualityControlMeasure(\n        name='Statistical Process Control',\n        technique='SPC',\n        frequency='Daily',\n        complexity='Medium',\n        cost='Medium',\n        scope='Process',\n        industry_applicability='Manufacturing',\n        feedback_type='Quantitative',\n    ),\n    QualityControlMeasure(\n        name='Quality Assurance',\n        technique='TQM',\n        frequency='Continuous',\n        complexity='High',\n        cost='Medium',\n        scope='Product',\n        industry_applicability='Manufacturing',\n        feedback_type='Both',\n    ),\n    QualityControlMeasure(\n        name='Process Improvement',\n        technique='Kaizen',\n        frequency='Weekly',\n        complexity='Low',\n        cost='Low',\n        scope='Process',\n        industry_applicability='Manufacturing',\n        feedback_type='Qualitative',\n    ),\n]\n```",
    "database_code": "```python\nquality_control_measures = [\n    QualityControlMeasure(\n        name=\"Statistical Process Control\",\n        technique=\"SPC\",\n        frequency=\"Continuous\",\n        complexity=\"Medium\",\n        cost=\"Medium\",\n        scope=\"Process\",\n        industry_applicability=\"Manufacturing\",\n        feedback_type=\"Quantitative\"\n    ),\n    QualityControlMeasure(\n        name=\"Six Sigma Implementation\",\n        technique=\"Six Sigma\",\n        frequency=\"Monthly\",\n        complexity=\"High\",\n        cost=\"High\",\n        scope=\"Process\",\n        industry_applicability=\"Manufacturing, Services\",\n        feedback_type=\"Both\"\n    ),\n    QualityControlMeasure(\n        name=\"Total Quality Management\",\n        technique=\"TQM\",\n        frequency=\"Daily\",\n        complexity=\"High\",\n        cost=\"Medium\",\n        scope=\"System\",\n        industry_applicability=\"Manufacturing, Healthcare\",\n        feedback_type=\"Qualitative\"\n    ),\n    QualityControlMeasure(\n        name=\"Kaizen Events\",\n        technique=\"Kaizen\",\n        frequency=\"Weekly\",\n        complexity=\"Low\",\n        cost=\"Low\",\n        scope=\"Process\",\n        industry_applicability=\"Manufacturing, Services\",\n        feedback_type=\"Both\"\n    ),\n    QualityControlMeasure(\n        name=\"Quality Audits\",\n        technique=\"TQM\",\n        frequency=\"Monthly\",\n        complexity=\"Medium\",\n        cost=\"Medium\",\n        scope=\"System\",\n        industry_applicability=\"Manufacturing, Food Industry\",\n        feedback_type=\"Qualitative\"\n    ),\n    QualityControlMeasure(\n        name=\"Root Cause Analysis\",\n        technique=\"Six Sigma\",\n        frequency=\"As Needed\",\n        complexity=\"Medium\",\n        cost=\"Low\",\n        scope=\"Process\",\n        industry_applicability=\"Manufacturing, Engineering\",\n        feedback_type=\"Quantitative\"\n    ),\n    QualityControlMeasure(\n        name=\"Process Capability Analysis\",\n        technique=\"SPC\",\n        frequency=\"Quarterly\",\n        complexity=\"Medium\",\n        cost=\"Medium\",\n        scope=\"Product\",\n        industry_applicability=\"Manufacturing\",\n        feedback_type=\"Quantitative\"\n    ),\n    QualityControlMeasure(\n        name=\"Benchmarking\",\n        technique=\"TQM\",\n        frequency=\"Yearly\",\n        complexity=\"High\",\n        cost=\"Medium\",\n        scope=\"System\",\n        industry_applicability=\"Various\",\n        feedback_type=\"Qualitative\"\n    ),\n    QualityControlMeasure(\n        name=\"Failure Mode and Effects Analysis\",\n        technique=\"Six Sigma\",\n        frequency=\"As Needed\",\n        complexity=\"High\",\n        cost=\"High\",\n        scope=\"Product\",\n        industry_applicability=\"Manufacturing, Automotive\",\n        feedback_type=\"Both\"\n    ),\n    QualityControlMeasure(\n        name=\"Customer Feedback Analysis\",\n        technique=\"TQM\",\n        frequency=\"Continuous\",\n        complexity=\"Low\",\n        cost=\"Low\",\n        scope=\"Product\",\n        industry_applicability=\"Retail, Services\",\n        feedback_type=\"Qualitative\"\n    )\n]\n```",
    "goal": {
      "name": null,
      "technique": "Kaizen",
      "frequency": "Weekly",
      "complexity": "Low",
      "cost": "Low",
      "scope": "Process",
      "industry_applicability": "Manufacturing",
      "feedback_type": "Qualitative"
    },
    "database": [
      {
        "name": "Benchmarking",
        "technique": "TQM",
        "frequency": "Yearly",
        "complexity": "High",
        "cost": "Medium",
        "scope": "System",
        "industry_applicability": "Various",
        "feedback_type": "Qualitative"
      },
      {
        "name": "Kaizen Events",
        "technique": "Kaizen",
        "frequency": "Weekly",
        "complexity": "Low",
        "cost": "Low",
        "scope": "Process",
        "industry_applicability": "Manufacturing, Services",
        "feedback_type": "Both"
      },
      {
        "name": "Statistical Process Control",
        "technique": "SPC",
        "frequency": "Daily",
        "complexity": "Medium",
        "cost": "Medium",
        "scope": "Process",
        "industry_applicability": "Manufacturing",
        "feedback_type": "Quantitative"
      },
      {
        "name": "Process Improvement",
        "technique": "Kaizen",
        "frequency": "Weekly",
        "complexity": "Low",
        "cost": "Low",
        "scope": "Process",
        "industry_applicability": "Manufacturing",
        "feedback_type": "Qualitative"
      },
      {
        "name": "Process Capability Analysis",
        "technique": "SPC",
        "frequency": "Quarterly",
        "complexity": "Medium",
        "cost": "Medium",
        "scope": "Product",
        "industry_applicability": "Manufacturing",
        "feedback_type": "Quantitative"
      },
      {
        "name": "Quality Assurance",
        "technique": "TQM",
        "frequency": "Continuous",
        "complexity": "High",
        "cost": "Medium",
        "scope": "Product",
        "industry_applicability": "Manufacturing",
        "feedback_type": "Both"
      },
      {
        "name": "Failure Mode and Effects Analysis",
        "technique": "Six Sigma",
        "frequency": "As Needed",
        "complexity": "High",
        "cost": "High",
        "scope": "Product",
        "industry_applicability": "Manufacturing, Automotive",
        "feedback_type": "Both"
      },
      {
        "name": "Root Cause Analysis",
        "technique": "Six Sigma",
        "frequency": "As Needed",
        "complexity": "Medium",
        "cost": "Low",
        "scope": "Process",
        "industry_applicability": "Manufacturing, Engineering",
        "feedback_type": "Quantitative"
      },
      {
        "name": "Quality Audits",
        "technique": "TQM",
        "frequency": "Monthly",
        "complexity": "Medium",
        "cost": "Medium",
        "scope": "System",
        "industry_applicability": "Manufacturing, Food Industry",
        "feedback_type": "Qualitative"
      },
      {
        "name": "Total Quality Management",
        "technique": "TQM",
        "frequency": "Daily",
        "complexity": "High",
        "cost": "Medium",
        "scope": "System",
        "industry_applicability": "Manufacturing, Healthcare",
        "feedback_type": "Qualitative"
      },
      {
        "name": "Statistical Process Control",
        "technique": "SPC",
        "frequency": "Continuous",
        "complexity": "Medium",
        "cost": "Medium",
        "scope": "Process",
        "industry_applicability": "Manufacturing",
        "feedback_type": "Quantitative"
      },
      {
        "name": "Six Sigma Implementation",
        "technique": "Six Sigma",
        "frequency": "Monthly",
        "complexity": "High",
        "cost": "High",
        "scope": "Process",
        "industry_applicability": "Manufacturing, Services",
        "feedback_type": "Both"
      },
      {
        "name": "Customer Feedback Analysis",
        "technique": "TQM",
        "frequency": "Continuous",
        "complexity": "Low",
        "cost": "Low",
        "scope": "Product",
        "industry_applicability": "Retail, Services",
        "feedback_type": "Qualitative"
      }
    ],
    "status": "complete"
  }
]