[
  {
    "domain": "Artifacts",
    "turns": [
      [
        "Hey, I'm looking for a ceramic artifact from the Edo Period, preferably with provenance from an auction house. Any suggestions?",
        {
          "name": null,
          "type": "Ceramic",
          "period": "Edo Period",
          "origin": null,
          "material": null,
          "condition": null,
          "provenance": null,
          "estimated_value_range": null,
          "auction_house": null
        },
        "I have a Japanese Porcelain Plate from the Edo Period with provenance from an auction house. Would that work for you?"
      ],
      [
        "That sounds great! What's the estimated value range for the plate?",
        {
          "name": null,
          "type": "Ceramic",
          "period": "Edo Period",
          "origin": null,
          "material": null,
          "condition": null,
          "provenance": "from an auction house",
          "estimated_value_range": null,
          "auction_house": null
        },
        "The estimated value of the Japanese Porcelain Plate is 28,000 dollars."
      ],
      [
        "Perfect, that fits my budget! What condition is the plate in?",
        {
          "name": "Japanese Porcelain Plate",
          "type": "Ceramic",
          "period": "Edo Period",
          "origin": null,
          "material": null,
          "condition": null,
          "provenance": "from an auction house",
          "estimated_value_range": [
            28000,
            28000
          ],
          "auction_house": null
        },
        "The plate is in excellent condition. Would you like to proceed with this choice?"
      ],
      [
        "Yes, let's go with the Japanese Porcelain Plate! Thank you!",
        {
          "name": "Japanese Porcelain Plate",
          "type": "Ceramic",
          "period": "Edo Period",
          "origin": "Japan",
          "material": "Clay",
          "condition": "Excellent",
          "provenance": "Auction House",
          "estimated_value_range": [
            28000,
            28000
          ],
          "auction_house": null
        },
        "You're welcome! Enjoy your new artifact!"
      ]
    ],
    "preferences_code": "```python\npreferences = ArtifactSearchCriteria(\n    name='Japanese Porcelain Plate',\n    type='Ceramic',\n    period='Edo Period',\n    origin='Japan',\n    material='Porcelain',\n    condition='Excellent',\n    provenance='Auction House',\n    estimated_value_range=(25000.0, 30000.0),\n    auction_house=\"Sotheby's\"\n)\n```",
    "red_herrings_code": "```python\n# Global variable representing a list of similar ArtifactKnowledge objects\nsimilar_artifacts = [\n    ArtifactKnowledge(\n        name='Chinese Porcelain Bowl',\n        type='Ceramic',\n        period='Ming Dynasty',\n        origin='China',\n        material='Porcelain',\n        condition='Good',\n        provenance='Private Collection',\n        estimated_value=25000.0,\n        auction_house=\"Christie's\",\n    ),\n    ArtifactKnowledge(\n        name='Japanese Porcelain Plate',\n        type='Ceramic',\n        period='Edo Period',\n        origin='Japan',\n        material='Porcelain',\n        condition='Excellent',\n        provenance='Auction House',\n        estimated_value=28000.0,\n        auction_house=\"Sotheby's\",\n    ),\n    ArtifactKnowledge(\n        name='Chinese Celadon Vase',\n        type='Ceramic',\n        period='Song Dynasty',\n        origin='China',\n        material='Celadon',\n        condition='Fair',\n        provenance='Antique Dealer',\n        estimated_value=15000.0,\n        auction_house=\"Bonhams\",\n    ),\n]\n```",
    "database_code": "```python\n# Global variable representing a list of artifact examples known by the historian\nartifact_knowledge_list = [\n    ArtifactKnowledge(\n        name=\"Mona Lisa\",\n        type='Painting',\n        period=\"Renaissance\",\n        origin=\"Italy\",\n        material=\"Wood\",\n        condition=\"Excellent\",\n        provenance=\"Louvre Museum\",\n        estimated_value=850000000.0,\n        auction_house=\"Christie's\"\n    ),\n    ArtifactKnowledge(\n        name=\"David\",\n        type='Sculpture',\n        period=\"Renaissance\",\n        origin=\"Italy\",\n        material=\"Marble\",\n        condition=\"Good\",\n        provenance=\"Accademia Gallery\",\n        estimated_value=150000000.0,\n        auction_house=\"Sotheby's\"\n    ),\n    ArtifactKnowledge(\n        name=\"Ancient Greek Vase\",\n        type='Ceramic',\n        period=\"Classical\",\n        origin=\"Greece\",\n        material=\"Clay\",\n        condition=\"Fair\",\n        provenance=\"Private Collection\",\n        estimated_value=25000.0,\n        auction_house=\"Bonhams\"\n    ),\n    ArtifactKnowledge(\n        name=\"Art Deco Chair\",\n        type='Furniture',\n        period=\"20th Century\",\n        origin=\"France\",\n        material=\"Wood\",\n        condition=\"Good\",\n        provenance=\"Vintage Shop\",\n        estimated_value=1500.0,\n        auction_house=\"Christie's\"\n    ),\n    ArtifactKnowledge(\n        name=\"Victorian Brooch\",\n        type='Jewelry',\n        period=\"Victorian\",\n        origin=\"England\",\n        material=\"Gold\",\n        condition=\"Excellent\",\n        provenance=\"Family Heirloom\",\n        estimated_value=20000.0,\n        auction_house=\"Sotheby's\"\n    ),\n    ArtifactKnowledge(\n        name=\"Terracotta Warrior\",\n        type='Sculpture',\n        period=\"Qin Dynasty\",\n        origin=\"China\",\n        material=\"Clay\",\n        condition=\"Good\",\n        provenance=\"Archaeological Site\",\n        estimated_value=500000.0,\n        auction_house=\"Christie's\"\n    ),\n    ArtifactKnowledge(\n        name=\"Rococo Mirror\",\n        type='Furniture',\n        period=\"Rococo\",\n        origin=\"France\",\n        material=\"Wood\",\n        condition=\"Fair\",\n        provenance=\"Antique Store\",\n        estimated_value=8000.0,\n        auction_house=\"Bonhams\"\n    ),\n    ArtifactKnowledge(\n        name=\"Roman Coin\",\n        type='Jewelry',\n        period=\"Roman Empire\",\n        origin=\"Italy\",\n        material=\"Metal\",\n        condition=\"Good\",\n        provenance=\"Coin Collection\",\n        estimated_value=150.0,\n        auction_house=\"Heritage Auctions\"\n    ),\n    ArtifactKnowledge(\n        name=\"Chinese Porcelain Plate\",\n        type='Ceramic',\n        period=\"Ming Dynasty\",\n        origin=\"China\",\n        material=\"Porcelain\",\n        condition=\"Excellent\",\n        provenance=\"Auction House\",\n        estimated_value=30000.0,\n        auction_house=\"Sotheby's\"\n    ),\n    ArtifactKnowledge(\n        name=\"Impressionist Landscape\",\n        type='Painting',\n        period=\"Impressionism\",\n        origin=\"France\",\n        material=\"Canvas\",\n        condition=\"Good\",\n        provenance=\"Private Collection\",\n        estimated_value=1000000.0,\n        auction_house=\"Christie's\"\n    )\n]\n```",
    "goal": {
      "name": null,
      "type": "Ceramic",
      "period": "Edo Period",
      "origin": null,
      "material": null,
      "condition": null,
      "provenance": "Auction House",
      "estimated_value_range": [
        25000.0,
        30000.0
      ],
      "auction_house": "Sotheby's"
    },
    "database": [
      {
        "name": "Roman Coin",
        "type": "Jewelry",
        "period": "Roman Empire",
        "origin": "Italy",
        "material": "Metal",
        "condition": "Good",
        "provenance": "Coin Collection",
        "estimated_value": 150.0,
        "auction_house": "Heritage Auctions"
      },
      {
        "name": "Rococo Mirror",
        "type": "Furniture",
        "period": "Rococo",
        "origin": "France",
        "material": "Wood",
        "condition": "Fair",
        "provenance": "Antique Store",
        "estimated_value": 8000.0,
        "auction_house": "Bonhams"
      },
      {
        "name": "Art Deco Chair",
        "type": "Furniture",
        "period": "20th Century",
        "origin": "France",
        "material": "Wood",
        "condition": "Good",
        "provenance": "Vintage Shop",
        "estimated_value": 1500.0,
        "auction_house": "Christie's"
      },
      {
        "name": "Terracotta Warrior",
        "type": "Sculpture",
        "period": "Qin Dynasty",
        "origin": "China",
        "material": "Clay",
        "condition": "Good",
        "provenance": "Archaeological Site",
        "estimated_value": 500000.0,
        "auction_house": "Christie's"
      },
      {
        "name": "Mona Lisa",
        "type": "Painting",
        "period": "Renaissance",
        "origin": "Italy",
        "material": "Wood",
        "condition": "Excellent",
        "provenance": "Louvre Museum",
        "estimated_value": 850000000.0,
        "auction_house": "Christie's"
      },
      {
        "name": "Chinese Celadon Vase",
        "type": "Ceramic",
        "period": "Song Dynasty",
        "origin": "China",
        "material": "Celadon",
        "condition": "Fair",
        "provenance": "Antique Dealer",
        "estimated_value": 15000.0,
        "auction_house": "Bonhams"
      },
      {
        "name": "Chinese Porcelain Plate",
        "type": "Ceramic",
        "period": "Ming Dynasty",
        "origin": "China",
        "material": "Porcelain",
        "condition": "Excellent",
        "provenance": "Auction House",
        "estimated_value": 30000.0,
        "auction_house": "Sotheby's"
      },
      {
        "name": "Japanese Porcelain Plate",
        "type": "Ceramic",
        "period": "Edo Period",
        "origin": "Japan",
        "material": "Porcelain",
        "condition": "Excellent",
        "provenance": "Auction House",
        "estimated_value": 28000.0,
        "auction_house": "Sotheby's"
      },
      {
        "name": "Ancient Greek Vase",
        "type": "Ceramic",
        "period": "Classical",
        "origin": "Greece",
        "material": "Clay",
        "condition": "Fair",
        "provenance": "Private Collection",
        "estimated_value": 25000.0,
        "auction_house": "Bonhams"
      },
      {
        "name": "Victorian Brooch",
        "type": "Jewelry",
        "period": "Victorian",
        "origin": "England",
        "material": "Gold",
        "condition": "Excellent",
        "provenance": "Family Heirloom",
        "estimated_value": 20000.0,
        "auction_house": "Sotheby's"
      },
      {
        "name": "David",
        "type": "Sculpture",
        "period": "Renaissance",
        "origin": "Italy",
        "material": "Marble",
        "condition": "Good",
        "provenance": "Accademia Gallery",
        "estimated_value": 150000000.0,
        "auction_house": "Sotheby's"
      },
      {
        "name": "Impressionist Landscape",
        "type": "Painting",
        "period": "Impressionism",
        "origin": "France",
        "material": "Canvas",
        "condition": "Good",
        "provenance": "Private Collection",
        "estimated_value": 1000000.0,
        "auction_house": "Christie's"
      },
      {
        "name": "Chinese Porcelain Bowl",
        "type": "Ceramic",
        "period": "Ming Dynasty",
        "origin": "China",
        "material": "Porcelain",
        "condition": "Good",
        "provenance": "Private Collection",
        "estimated_value": 25000.0,
        "auction_house": "Christie's"
      }
    ],
    "status": "complete"
  },
  {
    "domain": "Appraisal Techniques",
    "turns": [
      [
        "Thanks! Now, I need help finding an appraisal technique. What would you recommend for an expert level?",
        {
          "name": null,
          "method": null,
          "expertise_level": "expert",
          "resource_requirements": null,
          "time_efficiency": null,
          "cost_efficiency": null,
          "historical_accuracy": null,
          "legal_compliance": null
        },
        "For expert-level appraisal, I recommend the Comparative Analysis technique. Would you like more details about it?"
      ],
      [
        "Yes, please share the resource requirements for the Comparative Analysis technique.",
        {
          "name": "Comparative Analysis",
          "method": "comparative",
          "expertise_level": "expert",
          "resource_requirements": null,
          "time_efficiency": null,
          "cost_efficiency": null,
          "historical_accuracy": null,
          "legal_compliance": null
        },
        "The Comparative Analysis technique requires medium resource requirements. Does that work for you?"
      ],
      [
        "Yes, that fits! How time-efficient is the Comparative Analysis technique?",
        {
          "name": "Comparative Analysis",
          "method": "comparative",
          "expertise_level": "expert",
          "resource_requirements": "medium",
          "time_efficiency": null,
          "cost_efficiency": null,
          "historical_accuracy": null,
          "legal_compliance": null
        },
        "The Comparative Analysis technique is fast in terms of time efficiency. Would you like to proceed with this technique?"
      ],
      [
        "Actually, I prefer a slower method for thoroughness. Do you have another technique that is slow?",
        {
          "name": null,
          "method": null,
          "expertise_level": "expert",
          "resource_requirements": "medium",
          "time_efficiency": "slow",
          "cost_efficiency": null,
          "historical_accuracy": null,
          "legal_compliance": null
        },
        "I recommend Provenance Research, which is a slow method and thorough. Would you like to know more about it?"
      ],
      [
        "Yes, please tell me about its cost efficiency.",
        {
          "name": "Provenance Research",
          "method": null,
          "expertise_level": "expert",
          "resource_requirements": "medium",
          "time_efficiency": "slow",
          "cost_efficiency": null,
          "historical_accuracy": null,
          "legal_compliance": null
        },
        "Provenance Research has moderate cost efficiency. Does that meet your needs?"
      ],
      [
        "Yes, that works! What about its historical accuracy?",
        {
          "name": "Provenance Research",
          "method": null,
          "expertise_level": "expert",
          "resource_requirements": "medium",
          "time_efficiency": "slow",
          "cost_efficiency": "moderate",
          "historical_accuracy": null,
          "legal_compliance": null
        },
        "Provenance Research has high historical accuracy. Are you ready to choose this technique?"
      ],
      [
        "Absolutely! Does Provenance Research comply with legal standards?",
        {
          "name": "Provenance Research",
          "method": null,
          "expertise_level": "expert",
          "resource_requirements": "medium",
          "time_efficiency": "slow",
          "cost_efficiency": "moderate",
          "historical_accuracy": "high",
          "legal_compliance": null
        },
        "Yes, Provenance Research is legally compliant. Would you like to finalize this choice?"
      ]
    ],
    "preferences_code": "```python\npreferences = AppraisalTechniqueCriteria(\n    name='Provenance Research',\n    method='comparative',\n    expertise_level='expert',\n    resource_requirements='medium',\n    time_efficiency='slow',\n    cost_efficiency='moderate',\n    historical_accuracy='high',\n    legal_compliance=True,\n)\n```",
    "red_herrings_code": "```python\n# Global variable containing a list of similar Appraisal Techniques examples\nsimilar_appraisal_techniques = [\n    HistorianAppraisalTechniqueKnowledge(\n        name='Provenance Research',\n        method='comparative',\n        expertise_level='expert',\n        resource_requirements='medium',\n        time_efficiency='slow',\n        cost_efficiency='moderate',\n        historical_accuracy='high',\n        legal_compliance=True,\n    ),\n    HistorianAppraisalTechniqueKnowledge(\n        name='Historical Analysis',\n        method='historical',\n        expertise_level='intermediate',\n        resource_requirements='high',\n        time_efficiency='moderate',\n        cost_efficiency='economical',\n        historical_accuracy='high',\n        legal_compliance=True,\n    ),\n    HistorianAppraisalTechniqueKnowledge(\n        name='Documentary Research',\n        method='historical',\n        expertise_level='expert',\n        resource_requirements='low',\n        time_efficiency='slow',\n        cost_efficiency='moderate',\n        historical_accuracy='medium',\n        legal_compliance=True,\n    ),\n]\n```",
    "database_code": "```python\n# Global variable to store a list of appraisal technique examples\nappraisal_techniques = [\n    HistorianAppraisalTechniqueKnowledge(\n        name=\"Comparative Analysis\",\n        method='comparative',\n        expertise_level='expert',\n        resource_requirements='medium',\n        time_efficiency='fast',\n        cost_efficiency='economical',\n        historical_accuracy='high',\n        legal_compliance=True\n    ),\n    HistorianAppraisalTechniqueKnowledge(\n        name=\"Cost Approach\",\n        method='cost',\n        expertise_level='intermediate',\n        resource_requirements='high',\n        time_efficiency='moderate',\n        cost_efficiency='moderate',\n        historical_accuracy='medium',\n        legal_compliance=True\n    ),\n    HistorianAppraisalTechniqueKnowledge(\n        name=\"Income Approach\",\n        method='income',\n        expertise_level='expert',\n        resource_requirements='high',\n        time_efficiency='slow',\n        cost_efficiency='expensive',\n        historical_accuracy='high',\n        legal_compliance=True\n    ),\n    HistorianAppraisalTechniqueKnowledge(\n        name=\"Historical Method\",\n        method='historical',\n        expertise_level='beginner',\n        resource_requirements='low',\n        time_efficiency='fast',\n        cost_efficiency='economical',\n        historical_accuracy='medium',\n        legal_compliance=False\n    ),\n    HistorianAppraisalTechniqueKnowledge(\n        name=\"Scientific Analysis\",\n        method='scientific',\n        expertise_level='intermediate',\n        resource_requirements='high',\n        time_efficiency='slow',\n        cost_efficiency='expensive',\n        historical_accuracy='high',\n        legal_compliance=True\n    ),\n    HistorianAppraisalTechniqueKnowledge(\n        name=\"Market Comparison\",\n        method='comparative',\n        expertise_level='expert',\n        resource_requirements='medium',\n        time_efficiency='moderate',\n        cost_efficiency='economical',\n        historical_accuracy='high',\n        legal_compliance=True\n    ),\n    HistorianAppraisalTechniqueKnowledge(\n        name=\"Expert Opinion\",\n        method='historical',\n        expertise_level='intermediate',\n        resource_requirements='low',\n        time_efficiency='fast',\n        cost_efficiency='moderate',\n        historical_accuracy='medium',\n        legal_compliance=True\n    ),\n    HistorianAppraisalTechniqueKnowledge(\n        name=\"Auction Results Analysis\",\n        method='comparative',\n        expertise_level='expert',\n        resource_requirements='medium',\n        time_efficiency='moderate',\n        cost_efficiency='economical',\n        historical_accuracy='high',\n        legal_compliance=True\n    ),\n    HistorianAppraisalTechniqueKnowledge(\n        name=\"Condition Report\",\n        method='scientific',\n        expertise_level='beginner',\n        resource_requirements='low',\n        time_efficiency='fast',\n        cost_efficiency='economical',\n        historical_accuracy='medium',\n        legal_compliance=True\n    ),\n    HistorianAppraisalTechniqueKnowledge(\n        name=\"Provenance Research\",\n        method='historical',\n        expertise_level='expert',\n        resource_requirements='medium',\n        time_efficiency='slow',\n        cost_efficiency='moderate',\n        historical_accuracy='high',\n        legal_compliance=True\n    ),\n]\n```",
    "goal": {
      "name": null,
      "method": null,
      "expertise_level": "expert",
      "resource_requirements": "medium",
      "time_efficiency": "slow",
      "cost_efficiency": "moderate",
      "historical_accuracy": "high",
      "legal_compliance": true
    },
    "database": [
      {
        "name": "Cost Approach",
        "method": "cost",
        "expertise_level": "intermediate",
        "resource_requirements": "high",
        "time_efficiency": "moderate",
        "cost_efficiency": "moderate",
        "historical_accuracy": "medium",
        "legal_compliance": true
      },
      {
        "name": "Historical Analysis",
        "method": "historical",
        "expertise_level": "intermediate",
        "resource_requirements": "high",
        "time_efficiency": "moderate",
        "cost_efficiency": "economical",
        "historical_accuracy": "high",
        "legal_compliance": true
      },
      {
        "name": "Comparative Analysis",
        "method": "comparative",
        "expertise_level": "expert",
        "resource_requirements": "medium",
        "time_efficiency": "fast",
        "cost_efficiency": "economical",
        "historical_accuracy": "high",
        "legal_compliance": true
      },
      {
        "name": "Provenance Research",
        "method": "historical",
        "expertise_level": "expert",
        "resource_requirements": "medium",
        "time_efficiency": "slow",
        "cost_efficiency": "moderate",
        "historical_accuracy": "high",
        "legal_compliance": true
      },
      {
        "name": "Expert Opinion",
        "method": "historical",
        "expertise_level": "intermediate",
        "resource_requirements": "low",
        "time_efficiency": "fast",
        "cost_efficiency": "moderate",
        "historical_accuracy": "medium",
        "legal_compliance": true
      },
      {
        "name": "Income Approach",
        "method": "income",
        "expertise_level": "expert",
        "resource_requirements": "high",
        "time_efficiency": "slow",
        "cost_efficiency": "expensive",
        "historical_accuracy": "high",
        "legal_compliance": true
      },
      {
        "name": "Documentary Research",
        "method": "historical",
        "expertise_level": "expert",
        "resource_requirements": "low",
        "time_efficiency": "slow",
        "cost_efficiency": "moderate",
        "historical_accuracy": "medium",
        "legal_compliance": true
      },
      {
        "name": "Market Comparison",
        "method": "comparative",
        "expertise_level": "expert",
        "resource_requirements": "medium",
        "time_efficiency": "moderate",
        "cost_efficiency": "economical",
        "historical_accuracy": "high",
        "legal_compliance": true
      },
      {
        "name": "Condition Report",
        "method": "scientific",
        "expertise_level": "beginner",
        "resource_requirements": "low",
        "time_efficiency": "fast",
        "cost_efficiency": "economical",
        "historical_accuracy": "medium",
        "legal_compliance": true
      },
      {
        "name": "Auction Results Analysis",
        "method": "comparative",
        "expertise_level": "expert",
        "resource_requirements": "medium",
        "time_efficiency": "moderate",
        "cost_efficiency": "economical",
        "historical_accuracy": "high",
        "legal_compliance": true
      },
      {
        "name": "Historical Method",
        "method": "historical",
        "expertise_level": "beginner",
        "resource_requirements": "low",
        "time_efficiency": "fast",
        "cost_efficiency": "economical",
        "historical_accuracy": "medium",
        "legal_compliance": false
      },
      {
        "name": "Scientific Analysis",
        "method": "scientific",
        "expertise_level": "intermediate",
        "resource_requirements": "high",
        "time_efficiency": "slow",
        "cost_efficiency": "expensive",
        "historical_accuracy": "high",
        "legal_compliance": true
      },
      {
        "name": "Provenance Research",
        "method": "comparative",
        "expertise_level": "expert",
        "resource_requirements": "medium",
        "time_efficiency": "slow",
        "cost_efficiency": "moderate",
        "historical_accuracy": "high",
        "legal_compliance": true
      }
    ],
    "status": "complete"
  },
  {
    "domain": "Trading Markets",
    "turns": [
      [
        "Yes, let's finalize that! Now, can you help me find a suitable Trading Market for ceramics?",
        {
          "name": null,
          "location": null,
          "audience": null,
          "medium": null,
          "artifact_type": "ceramics",
          "price_range": null,
          "reputation": null,
          "accessibility": null
        },
        "Sure! What specific characteristics are you looking for in a Trading Market for ceramics?"
      ],
      [
        "I'm looking for an online, members-only market located in Adelaide, Australia, with a national audience.",
        {
          "name": null,
          "location": "Adelaide, Australia",
          "audience": "national",
          "medium": "online",
          "artifact_type": "ceramics",
          "price_range": null,
          "reputation": null,
          "accessibility": "members-only"
        },
        "I recommend the Adelaide Antique Expo; it fits all your criteria perfectly! Would you like to proceed with this choice?"
      ],
      [
        "That sounds perfect! What are the membership requirements for the Adelaide Antique Expo?",
        {
          "name": "Adelaide Antique Expo",
          "location": "Adelaide, Australia",
          "audience": "national",
          "medium": "online",
          "artifact_type": null,
          "price_range": null,
          "reputation": null,
          "accessibility": "members-only"
        },
        "Membership typically requires a small fee and verification of your antique dealing status. Would you like to proceed with this market?"
      ],
      [
        "Yes, let's proceed with the Adelaide Antique Expo! Thank you for your help!",
        {
          "name": "Adelaide Antique Expo",
          "location": "Adelaide, Australia",
          "audience": "national",
          "medium": "online",
          "artifact_type": "ceramics",
          "price_range": null,
          "reputation": null,
          "accessibility": "members-only"
        },
        "You're welcome! Enjoy the Adelaide Antique Expo!"
      ]
    ],
    "preferences_code": "```python\npreferences = TradingMarketCriteria(\n    name='Adelaide Antique Expo',\n    location='Adelaide, Australia',\n    audience='national',\n    medium='online',\n    artifact_type='ceramics',\n    price_range='$300 - $25000',\n    reputation=7,\n    accessibility='members-only',\n)\n```",
    "red_herrings_code": "```python\n# Global variable to represent a list of similar Trading Markets\nsimilar_trading_markets = [\n    TradingMarketKnowledge(\n        name='Melbourne Antique Fair',\n        location='Melbourne, Australia',\n        audience='national',\n        medium='hybrid',\n        artifact_type='ceramics',\n        price_range='$150 - $18000',\n        reputation=8,\n        accessibility='members-only',\n    ),\n    TradingMarketKnowledge(\n        name='Brisbane Antique Show',\n        location='Brisbane, Australia',\n        audience='national',\n        medium='physical',\n        artifact_type='ceramics',\n        price_range='$250 - $15000',\n        reputation=6,\n        accessibility='public',\n    ),\n    TradingMarketKnowledge(\n        name='Adelaide Antique Expo',\n        location='Adelaide, Australia',\n        audience='national',\n        medium='online',\n        artifact_type='ceramics',\n        price_range='$300 - $25000',\n        reputation=7,\n        accessibility='members-only',\n    )\n]\n```",
    "database_code": "```python\n# Global variable representing a list of Trading Markets examples\ntrading_markets = [\n    TradingMarketKnowledge(\n        name=\"Tokyo Art Market\",\n        location=\"Tokyo, Japan\",\n        audience=\"international\",\n        medium=\"physical\",\n        artifact_type=\"ceramics\",\n        price_range=\"$500 - $5000\",\n        reputation=9,\n        accessibility=\"public\"\n    ),\n    TradingMarketKnowledge(\n        name=\"London Antique Fair\",\n        location=\"London, UK\",\n        audience=\"national\",\n        medium=\"hybrid\",\n        artifact_type=\"furniture\",\n        price_range=\"$1000 - $20000\",\n        reputation=8,\n        accessibility=\"members-only\"\n    ),\n    TradingMarketKnowledge(\n        name=\"New York Fine Arts\",\n        location=\"New York, USA\",\n        audience=\"international\",\n        medium=\"online\",\n        artifact_type=\"paintings\",\n        price_range=\"$200 - $100000\",\n        reputation=10,\n        accessibility=\"public\"\n    ),\n    TradingMarketKnowledge(\n        name=\"Paris Vintage Market\",\n        location=\"Paris, France\",\n        audience=\"local\",\n        medium=\"physical\",\n        artifact_type=\"jewelry\",\n        price_range=\"$100 - $15000\",\n        reputation=7,\n        accessibility=\"public\"\n    ),\n    TradingMarketKnowledge(\n        name=\"Beijing Antique Auction\",\n        location=\"Beijing, China\",\n        audience=\"international\",\n        medium=\"hybrid\",\n        artifact_type=\"bronzes\",\n        price_range=\"$300 - $30000\",\n        reputation=9,\n        accessibility=\"members-only\"\n    ),\n    TradingMarketKnowledge(\n        name=\"Berlin Art Exchange\",\n        location=\"Berlin, Germany\",\n        audience=\"national\",\n        medium=\"online\",\n        artifact_type=\"sculptures\",\n        price_range=\"$1500 - $25000\",\n        reputation=8,\n        accessibility=\"public\"\n    ),\n    TradingMarketKnowledge(\n        name=\"Toronto Collectors Show\",\n        location=\"Toronto, Canada\",\n        audience=\"local\",\n        medium=\"physical\",\n        artifact_type=\"textiles\",\n        price_range=\"$50 - $5000\",\n        reputation=6,\n        accessibility=\"public\"\n    ),\n    TradingMarketKnowledge(\n        name=\"Sydney Antique Fair\",\n        location=\"Sydney, Australia\",\n        audience=\"national\",\n        medium=\"hybrid\",\n        artifact_type=\"ceramics\",\n        price_range=\"$200 - $20000\",\n        reputation=7,\n        accessibility=\"members-only\"\n    ),\n    TradingMarketKnowledge(\n        name=\"Dubai Art Market\",\n        location=\"Dubai, UAE\",\n        audience=\"international\",\n        medium=\"online\",\n        artifact_type=\"modern art\",\n        price_range=\"$1000 - $50000\",\n        reputation=9,\n        accessibility=\"public\"\n    ),\n    TradingMarketKnowledge(\n        name=\"Milan Vintage Expo\",\n        location=\"Milan, Italy\",\n        audience=\"international\",\n        medium=\"physical\",\n        artifact_type=\"fashion\",\n        price_range=\"$300 - $30000\",\n        reputation=8,\n        accessibility=\"members-only\"\n    )\n]\n```",
    "goal": {
      "name": null,
      "location": "Adelaide, Australia",
      "audience": "national",
      "medium": "online",
      "artifact_type": "ceramics",
      "price_range": "$300 - $25000",
      "reputation": 7,
      "accessibility": "members-only"
    },
    "database": [
      {
        "name": "Sydney Antique Fair",
        "location": "Sydney, Australia",
        "audience": "national",
        "medium": "hybrid",
        "artifact_type": "ceramics",
        "price_range": "$200 - $20000",
        "reputation": 7,
        "accessibility": "members-only"
      },
      {
        "name": "Tokyo Art Market",
        "location": "Tokyo, Japan",
        "audience": "international",
        "medium": "physical",
        "artifact_type": "ceramics",
        "price_range": "$500 - $5000",
        "reputation": 9,
        "accessibility": "public"
      },
      {
        "name": "Melbourne Antique Fair",
        "location": "Melbourne, Australia",
        "audience": "national",
        "medium": "hybrid",
        "artifact_type": "ceramics",
        "price_range": "$150 - $18000",
        "reputation": 8,
        "accessibility": "members-only"
      },
      {
        "name": "London Antique Fair",
        "location": "London, UK",
        "audience": "national",
        "medium": "hybrid",
        "artifact_type": "furniture",
        "price_range": "$1000 - $20000",
        "reputation": 8,
        "accessibility": "members-only"
      },
      {
        "name": "Milan Vintage Expo",
        "location": "Milan, Italy",
        "audience": "international",
        "medium": "physical",
        "artifact_type": "fashion",
        "price_range": "$300 - $30000",
        "reputation": 8,
        "accessibility": "members-only"
      },
      {
        "name": "New York Fine Arts",
        "location": "New York, USA",
        "audience": "international",
        "medium": "online",
        "artifact_type": "paintings",
        "price_range": "$200 - $100000",
        "reputation": 10,
        "accessibility": "public"
      },
      {
        "name": "Adelaide Antique Expo",
        "location": "Adelaide, Australia",
        "audience": "national",
        "medium": "online",
        "artifact_type": "ceramics",
        "price_range": "$300 - $25000",
        "reputation": 7,
        "accessibility": "members-only"
      },
      {
        "name": "Dubai Art Market",
        "location": "Dubai, UAE",
        "audience": "international",
        "medium": "online",
        "artifact_type": "modern art",
        "price_range": "$1000 - $50000",
        "reputation": 9,
        "accessibility": "public"
      },
      {
        "name": "Paris Vintage Market",
        "location": "Paris, France",
        "audience": "local",
        "medium": "physical",
        "artifact_type": "jewelry",
        "price_range": "$100 - $15000",
        "reputation": 7,
        "accessibility": "public"
      },
      {
        "name": "Beijing Antique Auction",
        "location": "Beijing, China",
        "audience": "international",
        "medium": "hybrid",
        "artifact_type": "bronzes",
        "price_range": "$300 - $30000",
        "reputation": 9,
        "accessibility": "members-only"
      },
      {
        "name": "Berlin Art Exchange",
        "location": "Berlin, Germany",
        "audience": "national",
        "medium": "online",
        "artifact_type": "sculptures",
        "price_range": "$1500 - $25000",
        "reputation": 8,
        "accessibility": "public"
      },
      {
        "name": "Toronto Collectors Show",
        "location": "Toronto, Canada",
        "audience": "local",
        "medium": "physical",
        "artifact_type": "textiles",
        "price_range": "$50 - $5000",
        "reputation": 6,
        "accessibility": "public"
      },
      {
        "name": "Brisbane Antique Show",
        "location": "Brisbane, Australia",
        "audience": "national",
        "medium": "physical",
        "artifact_type": "ceramics",
        "price_range": "$250 - $15000",
        "reputation": 6,
        "accessibility": "public"
      }
    ],
    "status": "complete"
  }
]