[
  {
    "domain": "Songs",
    "turns": [
      [
        "Hey, can you help me find a song called \"Vivir Mi Vida\"?",
        {
          "name": "Vivir Mi Vida",
          "genre": null,
          "tempo": null,
          "theme": null,
          "language": null,
          "release_year": null,
          "artist": null
        },
        "Sure! \"Vivir Mi Vida\" is a Pop song by Marc Anthony, released in 2013."
      ],
      [
        "Great! Does it have a medium tempo?",
        {
          "name": "Vivir Mi Vida",
          "genre": "Pop",
          "tempo": "Medium",
          "theme": null,
          "language": "Spanish",
          "release_year": 2013,
          "artist": "Marc Anthony"
        },
        "Yes, it has a medium tempo!"
      ],
      [
        "Awesome! Is it motivational in theme?",
        {
          "name": "Vivir Mi Vida",
          "genre": "Pop",
          "tempo": "Medium",
          "theme": "Motivation",
          "language": "Spanish",
          "release_year": 2013,
          "artist": "Marc Anthony"
        },
        "Yes, it's definitely motivational in theme!"
      ],
      [
        "Perfect! Is it in Spanish?",
        {
          "name": "Vivir Mi Vida",
          "genre": "Pop",
          "tempo": "Medium",
          "theme": "Motivation",
          "language": "Spanish",
          "release_year": 2013,
          "artist": "Marc Anthony"
        },
        "Yes, it's in Spanish!"
      ],
      [
        "Fantastic! I think \"Vivir Mi Vida\" is the one for my album.",
        {
          "name": "Vivir Mi Vida",
          "genre": "Pop",
          "tempo": "Medium",
          "theme": "Motivation",
          "language": "Spanish",
          "release_year": 2013,
          "artist": "Marc Anthony"
        },
        "Great choice! \"Vivir Mi Vida\" will be a wonderful addition to your album!"
      ]
    ],
    "preferences_code": "```python\npreferences = SongCriteria(\n    name='Vivir Mi Vida',\n    genre='Pop',\n    tempo='Medium',\n    theme='Motivation',\n    language='Spanish',\n    release_year=2013,\n    artist='Marc Anthony'\n)\n```",
    "red_herrings_code": "```python\n# Global variable representing a list of similar Song examples\nsimilar_songs = [\n    Song(\n        name='Bailando',\n        genre='Pop',\n        tempo='Medium',\n        theme='Love',\n        language='Spanish',\n        release_year=2014,\n        artist='Enrique Iglesias',\n    ),\n    Song(\n        name='Vivir Mi Vida',\n        genre='Pop',\n        tempo='Medium',\n        theme='Motivation',\n        language='Spanish',\n        release_year=2013,\n        artist='Marc Anthony',\n    ),\n    Song(\n        name='La Bicicleta',\n        genre='Pop',\n        tempo='Medium',\n        theme='Chill',\n        language='Spanish',\n        release_year=2016,\n        artist='Carlos Vives',\n    ),\n]\n```",
    "database_code": "```python\n# Global variable representing a list of Song examples known to the Producer.\nsongs_list = [\n    Song(name=\"Love Story\", genre=\"Pop\", tempo=\"Medium\", theme=\"Love\", language=\"English\", release_year=2008, artist=\"Taylor Swift\"),\n    Song(name=\"Bohemian Rhapsody\", genre=\"Rock\", tempo=\"Medium\", theme=\"Motivation\", language=\"English\", release_year=1975, artist=\"Queen\"),\n    Song(name=\"Take Five\", genre=\"Jazz\", tempo=\"Slow\", theme=\"Chill\", language=\"English\", release_year=1959, artist=\"Dave Brubeck\"),\n    Song(name=\"Clair de Lune\", genre=\"Classical\", tempo=\"Slow\", theme=\"Chill\", language=\"French\", release_year=1905, artist=\"Claude Debussy\"),\n    Song(name=\"Sicko Mode\", genre=\"Hip-Hop\", tempo=\"Fast\", theme=\"Party\", language=\"English\", release_year=2018, artist=\"Travis Scott\"),\n    Song(name=\"Strobe\", genre=\"Electronic\", tempo=\"Fast\", theme=\"Party\", language=\"English\", release_year=2009, artist=\"Deadmau5\"),\n    Song(name=\"Despacito\", genre=\"Pop\", tempo=\"Medium\", theme=\"Love\", language=\"Spanish\", release_year=2017, artist=\"Luis Fonsi\"),\n    Song(name=\"Someone Like You\", genre=\"Pop\", tempo=\"Slow\", theme=\"Sadness\", language=\"English\", release_year=2011, artist=\"Adele\"),\n    Song(name=\"Shape of You\", genre=\"Pop\", tempo=\"Medium\", theme=\"Party\", language=\"English\", release_year=2017, artist=\"Ed Sheeran\"),\n    Song(name=\"Nocturne in E-flat major, Op. 9 No. 2\", genre=\"Classical\", tempo=\"Slow\", theme=\"Chill\", language=\"Polish\", release_year=1830, artist=\"Fr\u00e9d\u00e9ric Chopin\"),\n]\n```",
    "goal": {
      "name": "Vivir Mi Vida",
      "genre": "Pop",
      "tempo": "Medium",
      "theme": "Motivation",
      "language": "Spanish",
      "release_year": 2013,
      "artist": "Marc Anthony"
    },
    "database": [
      {
        "name": "Clair de Lune",
        "genre": "Classical",
        "tempo": "Slow",
        "theme": "Chill",
        "language": "French",
        "release_year": 1905,
        "artist": "Claude Debussy"
      },
      {
        "name": "Vivir Mi Vida",
        "genre": "Pop",
        "tempo": "Medium",
        "theme": "Motivation",
        "language": "Spanish",
        "release_year": 2013,
        "artist": "Marc Anthony"
      },
      {
        "name": "Nocturne in E-flat major, Op. 9 No. 2",
        "genre": "Classical",
        "tempo": "Slow",
        "theme": "Chill",
        "language": "Polish",
        "release_year": 1830,
        "artist": "Fr\u00e9d\u00e9ric Chopin"
      },
      {
        "name": "Someone Like You",
        "genre": "Pop",
        "tempo": "Slow",
        "theme": "Sadness",
        "language": "English",
        "release_year": 2011,
        "artist": "Adele"
      },
      {
        "name": "Take Five",
        "genre": "Jazz",
        "tempo": "Slow",
        "theme": "Chill",
        "language": "English",
        "release_year": 1959,
        "artist": "Dave Brubeck"
      },
      {
        "name": "Strobe",
        "genre": "Electronic",
        "tempo": "Fast",
        "theme": "Party",
        "language": "English",
        "release_year": 2009,
        "artist": "Deadmau5"
      },
      {
        "name": "La Bicicleta",
        "genre": "Pop",
        "tempo": "Medium",
        "theme": "Chill",
        "language": "Spanish",
        "release_year": 2016,
        "artist": "Carlos Vives"
      },
      {
        "name": "Bailando",
        "genre": "Pop",
        "tempo": "Medium",
        "theme": "Love",
        "language": "Spanish",
        "release_year": 2014,
        "artist": "Enrique Iglesias"
      },
      {
        "name": "Shape of You",
        "genre": "Pop",
        "tempo": "Medium",
        "theme": "Party",
        "language": "English",
        "release_year": 2017,
        "artist": "Ed Sheeran"
      },
      {
        "name": "Despacito",
        "genre": "Pop",
        "tempo": "Medium",
        "theme": "Love",
        "language": "Spanish",
        "release_year": 2017,
        "artist": "Luis Fonsi"
      },
      {
        "name": "Bohemian Rhapsody",
        "genre": "Rock",
        "tempo": "Medium",
        "theme": "Motivation",
        "language": "English",
        "release_year": 1975,
        "artist": "Queen"
      },
      {
        "name": "Love Story",
        "genre": "Pop",
        "tempo": "Medium",
        "theme": "Love",
        "language": "English",
        "release_year": 2008,
        "artist": "Taylor Swift"
      },
      {
        "name": "Sicko Mode",
        "genre": "Hip-Hop",
        "tempo": "Fast",
        "theme": "Party",
        "language": "English",
        "release_year": 2018,
        "artist": "Travis Scott"
      }
    ],
    "status": "complete"
  },
  {
    "domain": "Studio Space",
    "turns": [
      [
        "Thanks! Now, can you help me find a studio space?",
        {
          "name": null,
          "location": null,
          "size": null,
          "equipment": null,
          "acoustics": null,
          "budget": null,
          "availability": null,
          "amenities": null
        },
        "Of course! What specific features are you looking for in a studio space?"
      ],
      [
        "I'm interested in a medium-sized studio with balanced acoustics.",
        {
          "name": null,
          "location": null,
          "size": "medium",
          "equipment": null,
          "acoustics": "balanced",
          "budget": null,
          "availability": null,
          "amenities": null
        },
        "Got it! Do you have a preferred location or budget for the studio?"
      ],
      [
        "I have a budget of $90 and no specific location preference.",
        {
          "name": null,
          "location": null,
          "size": "medium",
          "equipment": null,
          "acoustics": "balanced",
          "budget": 90.0,
          "availability": null,
          "amenities": null
        },
        "With a budget of $90, I found \"Chill Zone\" in Chicago. It\u2019s medium-sized with balanced acoustics. Would you like to know more about it?"
      ],
      [
        "Yes, please! What equipment does \"Chill Zone\" have?",
        {
          "name": "Chill Zone",
          "location": "Chicago",
          "size": "medium",
          "equipment": null,
          "acoustics": "balanced",
          "budget": 90,
          "availability": null,
          "amenities": null
        },
        "\"Chill Zone\" has microphones available for recording. Would you like to check its availability?"
      ],
      [
        "Yes, could you see if it's available in the afternoon?",
        {
          "name": "Chill Zone",
          "location": "Chicago",
          "size": "medium",
          "equipment": [
            "microphones"
          ],
          "acoustics": "balanced",
          "budget": 90,
          "availability": "afternoon",
          "amenities": null
        },
        "Yes, \"Chill Zone\" is available in the afternoon! Would you like to book it?"
      ],
      [
        "Yes, let's book \"Chill Zone\"!",
        {
          "name": "Chill Zone",
          "location": "Chicago",
          "size": "medium",
          "equipment": [
            "microphones"
          ],
          "acoustics": "balanced",
          "budget": 90,
          "availability": "afternoon",
          "amenities": null
        },
        "Awesome! \"Chill Zone\" is booked for you! Enjoy your recording session!"
      ]
    ],
    "preferences_code": "```python\npreferences = StudioSpaceCriteria(\n    name='Chill Zone',\n    location='Chicago',\n    size='medium',\n    equipment=['microphones'],\n    acoustics='balanced',\n    budget=90.0,\n    availability='afternoon',\n    amenities=['kitchen', 'lounge']\n)\n```",
    "red_herrings_code": "```python\n# List of example Studio Space objects representing similar search results\nstudio_spaces = [\n    StudioSpace(\n        name='Cozy Studio',\n        location='Chicago',\n        size='small',\n        equipment=['microphones', 'monitors'],\n        acoustics='dry',\n        cost_per_hour=75.0,\n        availability=['morning', 'night'],\n        amenities=['lounge']\n    ),\n    StudioSpace(\n        name='Chill Zone',\n        location='Chicago',\n        size='medium',\n        equipment=['microphones'],\n        acoustics='balanced',\n        cost_per_hour=90.0,\n        availability=['afternoon', 'night'],\n        amenities=['kitchen', 'lounge']\n    ),\n    StudioSpace(\n        name='Sound Haven',\n        location='Chicago',\n        size='small',\n        equipment=['microphones', 'piano'],\n        acoustics='dry',\n        cost_per_hour=85.0,\n        availability=['morning', 'afternoon'],\n        amenities=['lounge', 'internet']\n    )\n]\n```",
    "database_code": "```python\n# Global variable to hold a list of StudioSpace examples\nstudio_spaces = [\n    StudioSpace(\n        name=\"The Sound Lab\",\n        location=\"Los Angeles\",\n        size='large',\n        equipment=[\"mixing console\", \"microphones\", \"instruments\"],\n        acoustics='balanced',\n        cost_per_hour=150.0,\n        availability=['morning', 'afternoon'],\n        amenities=['kitchen', 'lounge']\n    ),\n    StudioSpace(\n        name=\"Echo Chamber\",\n        location=\"New York\",\n        size='medium',\n        equipment=[\"drum kit\", \"guitar amps\"],\n        acoustics='live',\n        cost_per_hour=100.0,\n        availability=['afternoon', 'evening'],\n        amenities=['internet', 'parking']\n    ),\n    StudioSpace(\n        name=\"Quiet Room\",\n        location=\"Chicago\",\n        size='small',\n        equipment=[\"microphones\"],\n        acoustics='dry',\n        cost_per_hour=80.0,\n        availability=['morning', 'night'],\n        amenities=['lounge']\n    ),\n    StudioSpace(\n        name=\"The Music Factory\",\n        location=\"Nashville\",\n        size='large',\n        equipment=[\"mixing console\", \"piano\", \"guitar\"],\n        acoustics='balanced',\n        cost_per_hour=200.0,\n        availability=['morning', 'afternoon', 'evening'],\n        amenities=['kitchen', 'internet']\n    ),\n    StudioSpace(\n        name=\"Harmony Studio\",\n        location=\"Miami\",\n        size='medium',\n        equipment=[\"microphones\", \"keyboard\"],\n        acoustics='live',\n        cost_per_hour=120.0,\n        availability=['afternoon', 'evening'],\n        amenities=['parking']\n    ),\n    StudioSpace(\n        name=\"Creative Space\",\n        location=\"Seattle\",\n        size='small',\n        equipment=[\"guitar amps\", \"microphones\"],\n        acoustics='dry',\n        cost_per_hour=90.0,\n        availability=['morning', 'night'],\n        amenities=['internet', 'lounge']\n    ),\n    StudioSpace(\n        name=\"Dream Studio\",\n        location=\"Austin\",\n        size='large',\n        equipment=[\"mixing console\", \"drum kit\", \"instruments\"],\n        acoustics='balanced',\n        cost_per_hour=180.0,\n        availability=['afternoon', 'evening'],\n        amenities=['kitchen', 'parking']\n    ),\n    StudioSpace(\n        name=\"Soundwave Studio\",\n        location=\"San Francisco\",\n        size='medium',\n        equipment=[\"microphones\", \"keyboard\"],\n        acoustics='live',\n        cost_per_hour=110.0,\n        availability=['morning', 'afternoon'],\n        amenities=['internet', 'lounge']\n    ),\n    StudioSpace(\n        name=\"Bassline Studio\",\n        location=\"Orlando\",\n        size='small',\n        equipment=[\"guitar amps\"],\n        acoustics='dry',\n        cost_per_hour=70.0,\n        availability=['evening', 'night'],\n        amenities=['parking']\n    ),\n    StudioSpace(\n        name=\"Vibe Room\",\n        location=\"Boston\",\n        size='medium',\n        equipment=[\"mixing console\", \"drum kit\"],\n        acoustics='balanced',\n        cost_per_hour=130.0,\n        availability=['morning', 'afternoon'],\n        amenities=['kitchen', 'internet']\n    )\n]\n```",
    "goal": {
      "name": "Chill Zone",
      "location": null,
      "size": "medium",
      "equipment": [
        "microphones"
      ],
      "acoustics": "balanced",
      "budget": 90.0,
      "availability": "afternoon",
      "amenities": [
        "kitchen",
        "lounge"
      ]
    },
    "database": [
      {
        "name": "Sound Haven",
        "location": "Chicago",
        "size": "small",
        "equipment": [
          "microphones",
          "piano"
        ],
        "acoustics": "dry",
        "cost_per_hour": 85.0,
        "availability": [
          "morning",
          "afternoon"
        ],
        "amenities": [
          "lounge",
          "internet"
        ]
      },
      {
        "name": "The Music Factory",
        "location": "Nashville",
        "size": "large",
        "equipment": [
          "mixing console",
          "piano",
          "guitar"
        ],
        "acoustics": "balanced",
        "cost_per_hour": 200.0,
        "availability": [
          "morning",
          "afternoon",
          "evening"
        ],
        "amenities": [
          "kitchen",
          "internet"
        ]
      },
      {
        "name": "The Sound Lab",
        "location": "Los Angeles",
        "size": "large",
        "equipment": [
          "mixing console",
          "microphones",
          "instruments"
        ],
        "acoustics": "balanced",
        "cost_per_hour": 150.0,
        "availability": [
          "morning",
          "afternoon"
        ],
        "amenities": [
          "kitchen",
          "lounge"
        ]
      },
      {
        "name": "Chill Zone",
        "location": "Chicago",
        "size": "medium",
        "equipment": [
          "microphones"
        ],
        "acoustics": "balanced",
        "cost_per_hour": 90.0,
        "availability": [
          "afternoon",
          "night"
        ],
        "amenities": [
          "kitchen",
          "lounge"
        ]
      },
      {
        "name": "Quiet Room",
        "location": "Chicago",
        "size": "small",
        "equipment": [
          "microphones"
        ],
        "acoustics": "dry",
        "cost_per_hour": 80.0,
        "availability": [
          "morning",
          "night"
        ],
        "amenities": [
          "lounge"
        ]
      },
      {
        "name": "Vibe Room",
        "location": "Boston",
        "size": "medium",
        "equipment": [
          "mixing console",
          "drum kit"
        ],
        "acoustics": "balanced",
        "cost_per_hour": 130.0,
        "availability": [
          "morning",
          "afternoon"
        ],
        "amenities": [
          "kitchen",
          "internet"
        ]
      },
      {
        "name": "Soundwave Studio",
        "location": "San Francisco",
        "size": "medium",
        "equipment": [
          "microphones",
          "keyboard"
        ],
        "acoustics": "live",
        "cost_per_hour": 110.0,
        "availability": [
          "morning",
          "afternoon"
        ],
        "amenities": [
          "internet",
          "lounge"
        ]
      },
      {
        "name": "Creative Space",
        "location": "Seattle",
        "size": "small",
        "equipment": [
          "guitar amps",
          "microphones"
        ],
        "acoustics": "dry",
        "cost_per_hour": 90.0,
        "availability": [
          "morning",
          "night"
        ],
        "amenities": [
          "internet",
          "lounge"
        ]
      },
      {
        "name": "Cozy Studio",
        "location": "Chicago",
        "size": "small",
        "equipment": [
          "microphones",
          "monitors"
        ],
        "acoustics": "dry",
        "cost_per_hour": 75.0,
        "availability": [
          "morning",
          "night"
        ],
        "amenities": [
          "lounge"
        ]
      },
      {
        "name": "Dream Studio",
        "location": "Austin",
        "size": "large",
        "equipment": [
          "mixing console",
          "drum kit",
          "instruments"
        ],
        "acoustics": "balanced",
        "cost_per_hour": 180.0,
        "availability": [
          "afternoon",
          "evening"
        ],
        "amenities": [
          "kitchen",
          "parking"
        ]
      },
      {
        "name": "Echo Chamber",
        "location": "New York",
        "size": "medium",
        "equipment": [
          "drum kit",
          "guitar amps"
        ],
        "acoustics": "live",
        "cost_per_hour": 100.0,
        "availability": [
          "afternoon",
          "evening"
        ],
        "amenities": [
          "internet",
          "parking"
        ]
      },
      {
        "name": "Bassline Studio",
        "location": "Orlando",
        "size": "small",
        "equipment": [
          "guitar amps"
        ],
        "acoustics": "dry",
        "cost_per_hour": 70.0,
        "availability": [
          "evening",
          "night"
        ],
        "amenities": [
          "parking"
        ]
      },
      {
        "name": "Harmony Studio",
        "location": "Miami",
        "size": "medium",
        "equipment": [
          "microphones",
          "keyboard"
        ],
        "acoustics": "live",
        "cost_per_hour": 120.0,
        "availability": [
          "afternoon",
          "evening"
        ],
        "amenities": [
          "parking"
        ]
      }
    ],
    "status": "complete"
  },
  {
    "domain": "Session Musicians",
    "turns": [
      [
        "Thanks! Now, can you help me find a bass session musician?",
        {
          "name": null,
          "instrument": "bass",
          "experience_level": null,
          "style": null,
          "availability": null,
          "location": null,
          "hourly_rate": null,
          "references": null
        },
        "Sure! What specific qualities are you looking for in a bass session musician?"
      ],
      [
        "I'm looking for someone advanced in rock style, available on weekdays.",
        {
          "name": null,
          "instrument": "bass",
          "experience_level": "advanced",
          "style": "rock",
          "availability": "weekdays",
          "location": null,
          "hourly_rate": null,
          "references": null
        },
        "I have a great option for you: Emily Davis. She's advanced, plays rock, and is available on weekdays. Does she sound good?"
      ],
      [
        "That sounds promising! What\u2019s her hourly rate?",
        {
          "name": "Emily Davis",
          "instrument": "bass",
          "experience_level": "advanced",
          "style": "rock",
          "availability": "weekdays",
          "location": null,
          "hourly_rate": null,
          "references": null
        },
        "Emily Davis has an hourly rate of $60. Would you like to proceed with her?"
      ],
      [
        "Yes, but does she have references?",
        {
          "name": "Emily Davis",
          "instrument": "bass",
          "experience_level": "advanced",
          "style": "rock",
          "availability": "weekdays",
          "location": null,
          "hourly_rate": 60,
          "references": null
        },
        "Yes, Emily Davis has references! Would you like to book her?"
      ],
      [
        "Absolutely, let's book Emily Davis!",
        {
          "name": "Emily Davis",
          "instrument": "bass",
          "experience_level": "advanced",
          "style": "rock",
          "availability": "weekdays",
          "location": null,
          "hourly_rate": 60,
          "references": true
        },
        "Great! Emily Davis is booked for your session! Enjoy working with her!"
      ]
    ],
    "preferences_code": "```python\npreferences = SessionMusicianCriteria(\n    name='Emily Davis',\n    instrument='Bass',\n    experience_level='advanced',\n    style='rock',\n    availability='Weekdays',\n    location='Los Angeles',\n    hourly_rate=60.0,\n    references=True,\n)\n```",
    "red_herrings_code": "```python\n# Global variable to represent a list of similar Session Musicians\nsimilar_session_musicians = [\n    SessionMusician(\n        name='Jane Smith',\n        instrument='Guitar',\n        experience_level='advanced',\n        style='blues',\n        availability='Weekdays',\n        location='New York',\n        hourly_rate=55.0,\n        references=True,\n    ),\n    SessionMusician(\n        name='Mike Johnson',\n        instrument='Guitar',\n        experience_level='intermediate',\n        style='rock',\n        availability='Weekends',\n        location='New York',\n        hourly_rate=45.0,\n        references=False,\n    ),\n    SessionMusician(\n        name='Emily Davis',\n        instrument='Bass',\n        experience_level='advanced',\n        style='rock',\n        availability='Weekdays',\n        location='Los Angeles',\n        hourly_rate=60.0,\n        references=True,\n    ),\n]\n```",
    "database_code": "```python\n# Global variable representing a list of Session Musicians examples\nsession_musicians = [\n    SessionMusician(name=\"John Doe\", instrument=\"Guitar\", experience_level=\"advanced\", style=\"rock\", availability=\"Weekdays\", location=\"New York\", hourly_rate=50.0, references=True),\n    SessionMusician(name=\"Jane Smith\", instrument=\"Piano\", experience_level=\"expert\", style=\"jazz\", availability=\"Weekends\", location=\"Los Angeles\", hourly_rate=75.0, references=True),\n    SessionMusician(name=\"Alice Johnson\", instrument=\"Violin\", experience_level=\"intermediate\", style=\"classical\", availability=\"Weekdays\", location=\"Chicago\", hourly_rate=40.0, references=False),\n    SessionMusician(name=\"Bob Brown\", instrument=\"Drums\", experience_level=\"beginner\", style=\"rock\", availability=\"Evenings\", location=\"Miami\", hourly_rate=30.0, references=True),\n    SessionMusician(name=\"Charlie Davis\", instrument=\"Bass\", experience_level=\"intermediate\", style=\"blues\", availability=\"Weekdays\", location=\"Austin\", hourly_rate=45.0, references=False),\n    SessionMusician(name=\"Diana Evans\", instrument=\"Vocals\", experience_level=\"advanced\", style=\"pop\", availability=\"Flexible\", location=\"Nashville\", hourly_rate=60.0, references=True),\n    SessionMusician(name=\"Ethan Green\", instrument=\"Trumpet\", experience_level=\"expert\", style=\"jazz\", availability=\"Weekends\", location=\"New Orleans\", hourly_rate=80.0, references=True),\n    SessionMusician(name=\"Fiona White\", instrument=\"Cello\", experience_level=\"intermediate\", style=\"classical\", availability=\"Weekdays\", location=\"Seattle\", hourly_rate=55.0, references=False),\n    SessionMusician(name=\"George Black\", instrument=\"Saxophone\", experience_level=\"advanced\", style=\"blues\", availability=\"Evenings\", location=\"Chicago\", hourly_rate=70.0, references=True),\n    SessionMusician(name=\"Hannah Blue\", instrument=\"Guitar\", experience_level=\"beginner\", style=\"country\", availability=\"Weekends\", location=\"Nashville\", hourly_rate=25.0, references=False),\n]\n```",
    "goal": {
      "name": null,
      "instrument": "Bass",
      "experience_level": "advanced",
      "style": "rock",
      "availability": "Weekdays",
      "location": "Los Angeles",
      "hourly_rate": 60.0,
      "references": true
    },
    "database": [
      {
        "name": "Hannah Blue",
        "instrument": "Guitar",
        "experience_level": "beginner",
        "style": "country",
        "availability": "Weekends",
        "location": "Nashville",
        "hourly_rate": 25.0,
        "references": false
      },
      {
        "name": "John Doe",
        "instrument": "Guitar",
        "experience_level": "advanced",
        "style": "rock",
        "availability": "Weekdays",
        "location": "New York",
        "hourly_rate": 50.0,
        "references": true
      },
      {
        "name": "Jane Smith",
        "instrument": "Guitar",
        "experience_level": "advanced",
        "style": "blues",
        "availability": "Weekdays",
        "location": "New York",
        "hourly_rate": 55.0,
        "references": true
      },
      {
        "name": "Bob Brown",
        "instrument": "Drums",
        "experience_level": "beginner",
        "style": "rock",
        "availability": "Evenings",
        "location": "Miami",
        "hourly_rate": 30.0,
        "references": true
      },
      {
        "name": "Alice Johnson",
        "instrument": "Violin",
        "experience_level": "intermediate",
        "style": "classical",
        "availability": "Weekdays",
        "location": "Chicago",
        "hourly_rate": 40.0,
        "references": false
      },
      {
        "name": "Emily Davis",
        "instrument": "Bass",
        "experience_level": "advanced",
        "style": "rock",
        "availability": "Weekdays",
        "location": "Los Angeles",
        "hourly_rate": 60.0,
        "references": true
      },
      {
        "name": "Ethan Green",
        "instrument": "Trumpet",
        "experience_level": "expert",
        "style": "jazz",
        "availability": "Weekends",
        "location": "New Orleans",
        "hourly_rate": 80.0,
        "references": true
      },
      {
        "name": "Fiona White",
        "instrument": "Cello",
        "experience_level": "intermediate",
        "style": "classical",
        "availability": "Weekdays",
        "location": "Seattle",
        "hourly_rate": 55.0,
        "references": false
      },
      {
        "name": "Diana Evans",
        "instrument": "Vocals",
        "experience_level": "advanced",
        "style": "pop",
        "availability": "Flexible",
        "location": "Nashville",
        "hourly_rate": 60.0,
        "references": true
      },
      {
        "name": "Mike Johnson",
        "instrument": "Guitar",
        "experience_level": "intermediate",
        "style": "rock",
        "availability": "Weekends",
        "location": "New York",
        "hourly_rate": 45.0,
        "references": false
      },
      {
        "name": "Jane Smith",
        "instrument": "Piano",
        "experience_level": "expert",
        "style": "jazz",
        "availability": "Weekends",
        "location": "Los Angeles",
        "hourly_rate": 75.0,
        "references": true
      },
      {
        "name": "George Black",
        "instrument": "Saxophone",
        "experience_level": "advanced",
        "style": "blues",
        "availability": "Evenings",
        "location": "Chicago",
        "hourly_rate": 70.0,
        "references": true
      },
      {
        "name": "Charlie Davis",
        "instrument": "Bass",
        "experience_level": "intermediate",
        "style": "blues",
        "availability": "Weekdays",
        "location": "Austin",
        "hourly_rate": 45.0,
        "references": false
      }
    ],
    "status": "complete"
  }
]