[
  {
    "domain": "Songs",
    "turns": [
      [
        "Hey, I'm looking for a slow rock song from 1975 with a theme of sadness. Any ideas?",
        {
          "name": null,
          "genre": "Rock",
          "tempo": "Slow",
          "theme": "Sadness",
          "language": null,
          "release_year": 1975,
          "artist": null
        },
        "How about \"Wish You Were Here\" by Pink Floyd? It fits your criteria perfectly!"
      ],
      [
        "That sounds great! Let's go with \"Wish You Were Here.\"",
        {
          "name": "Wish You Were Here",
          "genre": "Rock",
          "tempo": "Slow",
          "theme": "Sadness",
          "language": null,
          "release_year": 1975,
          "artist": "Pink Floyd"
        },
        "Awesome choice! \"Wish You Were Here\" is a classic."
      ]
    ],
    "preferences_code": "```python\npreferences = SongCriteria(\n    name='Wish You Were Here',\n    genre='Rock',\n    tempo='Slow',\n    theme='Sadness',\n    language='English',\n    release_year=1975,\n    artist='Pink Floyd'\n)\n```",
    "red_herrings_code": "```python\n# Global variable representing a list of similar Song examples\nsimilar_songs = [\n    Song(\n        name='Somebody to Love',\n        genre='Rock',\n        tempo='Medium',\n        theme='Motivation',\n        language='English',\n        release_year=1976,\n        artist='Queen',\n    ),\n    Song(\n        name='Hotel California',\n        genre='Rock',\n        tempo='Medium',\n        theme='Chill',\n        language='English',\n        release_year=1976,\n        artist='Eagles',\n    ),\n    Song(\n        name='Wish You Were Here',\n        genre='Rock',\n        tempo='Slow',\n        theme='Sadness',\n        language='English',\n        release_year=1975,\n        artist='Pink Floyd',\n    ),\n]\n```",
    "database_code": "```python\n# Global variable representing a list of Song examples known to the Producer.\nsongs_list = [\n    Song(name=\"Love Story\", genre=\"Pop\", tempo=\"Medium\", theme=\"Love\", language=\"English\", release_year=2008, artist=\"Taylor Swift\"),\n    Song(name=\"Bohemian Rhapsody\", genre=\"Rock\", tempo=\"Medium\", theme=\"Motivation\", language=\"English\", release_year=1975, artist=\"Queen\"),\n    Song(name=\"Take Five\", genre=\"Jazz\", tempo=\"Slow\", theme=\"Chill\", language=\"English\", release_year=1959, artist=\"Dave Brubeck\"),\n    Song(name=\"Clair de Lune\", genre=\"Classical\", tempo=\"Slow\", theme=\"Chill\", language=\"French\", release_year=1905, artist=\"Claude Debussy\"),\n    Song(name=\"Sicko Mode\", genre=\"Hip-Hop\", tempo=\"Fast\", theme=\"Party\", language=\"English\", release_year=2018, artist=\"Travis Scott\"),\n    Song(name=\"Strobe\", genre=\"Electronic\", tempo=\"Fast\", theme=\"Party\", language=\"English\", release_year=2009, artist=\"Deadmau5\"),\n    Song(name=\"Despacito\", genre=\"Pop\", tempo=\"Medium\", theme=\"Love\", language=\"Spanish\", release_year=2017, artist=\"Luis Fonsi\"),\n    Song(name=\"Someone Like You\", genre=\"Pop\", tempo=\"Slow\", theme=\"Sadness\", language=\"English\", release_year=2011, artist=\"Adele\"),\n    Song(name=\"Shape of You\", genre=\"Pop\", tempo=\"Medium\", theme=\"Party\", language=\"English\", release_year=2017, artist=\"Ed Sheeran\"),\n    Song(name=\"Nocturne in E-flat major, Op. 9 No. 2\", genre=\"Classical\", tempo=\"Slow\", theme=\"Chill\", language=\"Polish\", release_year=1830, artist=\"Fr\u00e9d\u00e9ric Chopin\"),\n]\n```",
    "goal": {
      "name": null,
      "genre": "Rock",
      "tempo": "Slow",
      "theme": "Sadness",
      "language": "English",
      "release_year": 1975,
      "artist": "Pink Floyd"
    },
    "database": [
      {
        "name": "Nocturne in E-flat major, Op. 9 No. 2",
        "genre": "Classical",
        "tempo": "Slow",
        "theme": "Chill",
        "language": "Polish",
        "release_year": 1830,
        "artist": "Fr\u00e9d\u00e9ric Chopin"
      },
      {
        "name": "Take Five",
        "genre": "Jazz",
        "tempo": "Slow",
        "theme": "Chill",
        "language": "English",
        "release_year": 1959,
        "artist": "Dave Brubeck"
      },
      {
        "name": "Clair de Lune",
        "genre": "Classical",
        "tempo": "Slow",
        "theme": "Chill",
        "language": "French",
        "release_year": 1905,
        "artist": "Claude Debussy"
      },
      {
        "name": "Someone Like You",
        "genre": "Pop",
        "tempo": "Slow",
        "theme": "Sadness",
        "language": "English",
        "release_year": 2011,
        "artist": "Adele"
      },
      {
        "name": "Despacito",
        "genre": "Pop",
        "tempo": "Medium",
        "theme": "Love",
        "language": "Spanish",
        "release_year": 2017,
        "artist": "Luis Fonsi"
      },
      {
        "name": "Sicko Mode",
        "genre": "Hip-Hop",
        "tempo": "Fast",
        "theme": "Party",
        "language": "English",
        "release_year": 2018,
        "artist": "Travis Scott"
      },
      {
        "name": "Shape of You",
        "genre": "Pop",
        "tempo": "Medium",
        "theme": "Party",
        "language": "English",
        "release_year": 2017,
        "artist": "Ed Sheeran"
      },
      {
        "name": "Bohemian Rhapsody",
        "genre": "Rock",
        "tempo": "Medium",
        "theme": "Motivation",
        "language": "English",
        "release_year": 1975,
        "artist": "Queen"
      },
      {
        "name": "Love Story",
        "genre": "Pop",
        "tempo": "Medium",
        "theme": "Love",
        "language": "English",
        "release_year": 2008,
        "artist": "Taylor Swift"
      },
      {
        "name": "Hotel California",
        "genre": "Rock",
        "tempo": "Medium",
        "theme": "Chill",
        "language": "English",
        "release_year": 1976,
        "artist": "Eagles"
      },
      {
        "name": "Somebody to Love",
        "genre": "Rock",
        "tempo": "Medium",
        "theme": "Motivation",
        "language": "English",
        "release_year": 1976,
        "artist": "Queen"
      },
      {
        "name": "Strobe",
        "genre": "Electronic",
        "tempo": "Fast",
        "theme": "Party",
        "language": "English",
        "release_year": 2009,
        "artist": "Deadmau5"
      },
      {
        "name": "Wish You Were Here",
        "genre": "Rock",
        "tempo": "Slow",
        "theme": "Sadness",
        "language": "English",
        "release_year": 1975,
        "artist": "Pink Floyd"
      }
    ],
    "status": "complete"
  },
  {
    "domain": "Studio Space",
    "turns": [
      [
        "Thanks! Now, do you know any good studio spaces in Denver?",
        {
          "name": null,
          "location": "Denver",
          "size": null,
          "equipment": null,
          "acoustics": null,
          "budget": null,
          "availability": null,
          "amenities": null
        },
        "Yes, there are a couple of good options in Denver! What size and budget are you looking for?"
      ],
      [
        "I'm thinking of a medium-sized studio with a budget of around $100 per hour.",
        {
          "name": null,
          "location": "Denver",
          "size": "medium",
          "equipment": null,
          "acoustics": null,
          "budget": 100.0,
          "availability": null,
          "amenities": null
        },
        "In that case, you might like \"The Nest\" or \"Sound Haven.\" Both are medium-sized and within your budget!"
      ],
      [
        "Great! Do either of those have a balanced acoustic setup?",
        {
          "name": null,
          "location": "Denver",
          "size": "medium",
          "equipment": null,
          "acoustics": "balanced",
          "budget": 100.0,
          "availability": null,
          "amenities": null
        },
        "Yes, \"Sound Haven\" has balanced acoustics! Would you like to know more about it?"
      ],
      [
        "Yes, please! What equipment do they have?",
        {
          "name": "Sound Haven",
          "location": "Denver",
          "size": "medium",
          "equipment": null,
          "acoustics": "balanced",
          "budget": 100.0,
          "availability": null,
          "amenities": null
        },
        "\"Sound Haven\" has a piano, microphones, and a lounge. Sounds good?"
      ],
      [
        "That sounds perfect! How about their availability in the evenings?",
        {
          "name": "Sound Haven",
          "location": "Denver",
          "size": "medium",
          "equipment": [
            "piano",
            "microphones"
          ],
          "acoustics": "balanced",
          "budget": 100.0,
          "availability": "evening",
          "amenities": [
            "lounge"
          ]
        },
        "\"Sound Haven\" is available in the evenings. Would you like to book it?"
      ],
      [
        "Yes, let's book \"Sound Haven\" for the evening!",
        {
          "name": "Sound Haven",
          "location": "Denver",
          "size": "medium",
          "equipment": [
            "piano",
            "microphones"
          ],
          "acoustics": "balanced",
          "budget": 100.0,
          "availability": "evening",
          "amenities": [
            "lounge"
          ]
        },
        "Great choice! I'll get that booked for you."
      ]
    ],
    "preferences_code": "```python\npreferences = StudioSpaceCriteria(\n    name='Sound Haven',\n    location='Denver',\n    size='medium',\n    equipment=['piano', 'microphones'],\n    acoustics='balanced',\n    budget=100.0,\n    availability='evening',\n    amenities=['lounge', 'internet']\n)\n```",
    "red_herrings_code": "```python\n# Global variable representing a list of similar Studio Space examples\nsimilar_studiospaces = [\n    StudioSpace(\n        name='The Nest',\n        location='Denver',\n        size='medium',\n        equipment=['drum kit', 'microphones'],\n        acoustics='balanced',\n        cost_per_hour=85.0,\n        availability=['evening'],\n        amenities=['lounge', 'internet']\n    ),\n    StudioSpace(\n        name='Sound Haven',\n        location='Denver',\n        size='medium',\n        equipment=['piano', 'microphones'],\n        acoustics='balanced',\n        cost_per_hour=95.0,\n        availability=['evening'],\n        amenities=['lounge', 'internet']\n    ),\n    StudioSpace(\n        name='Harmony Studio',\n        location='Boulder',\n        size='large',\n        equipment=['drum kit', 'microphones', 'guitar amps'],\n        acoustics='live',\n        cost_per_hour=100.0,\n        availability=['evening'],\n        amenities=['lounge', 'internet', 'parking']\n    )\n]\n```",
    "database_code": "```python\nstudio_spaces: List[StudioSpace] = [\n    StudioSpace(\n        name=\"Sound Haven\",\n        location=\"Los Angeles\",\n        size=\"large\",\n        equipment=[\"mixing console\", \"microphones\", \"instruments\"],\n        acoustics=\"balanced\",\n        cost_per_hour=150.0,\n        availability=[\"morning\", \"afternoon\", \"evening\"],\n        amenities=[\"kitchen\", \"lounge\", \"internet\"]\n    ),\n    StudioSpace(\n        name=\"Echo Chamber\",\n        location=\"New York\",\n        size=\"medium\",\n        equipment=[\"drum kit\", \"guitar amps\"],\n        acoustics=\"live\",\n        cost_per_hour=100.0,\n        availability=[\"afternoon\", \"evening\"],\n        amenities=[\"parking\"]\n    ),\n    StudioSpace(\n        name=\"Quiet Room\",\n        location=\"Chicago\",\n        size=\"small\",\n        equipment=[\"piano\", \"microphones\"],\n        acoustics=\"dry\",\n        cost_per_hour=75.0,\n        availability=[\"morning\", \"night\"],\n        amenities=[\"internet\"]\n    ),\n    StudioSpace(\n        name=\"The Groove\",\n        location=\"Nashville\",\n        size=\"large\",\n        equipment=[\"mixing console\", \"instruments\"],\n        acoustics=\"balanced\",\n        cost_per_hour=200.0,\n        availability=[\"morning\", \"afternoon\"],\n        amenities=[\"kitchen\", \"lounge\"]\n    ),\n    StudioSpace(\n        name=\"Blue Wave Studio\",\n        location=\"Miami\",\n        size=\"medium\",\n        equipment=[\"guitar amps\", \"microphones\"],\n        acoustics=\"live\",\n        cost_per_hour=120.0,\n        availability=[\"evening\", \"night\"],\n        amenities=[\"parking\", \"internet\"]\n    ),\n    StudioSpace(\n        name=\"Harmony House\",\n        location=\"Seattle\",\n        size=\"large\",\n        equipment=[\"drum kit\", \"mixing console\"],\n        acoustics=\"balanced\",\n        cost_per_hour=180.0,\n        availability=[\"morning\", \"afternoon\"],\n        amenities=[\"lounge\"]\n    ),\n    StudioSpace(\n        name=\"The Lab\",\n        location=\"Austin\",\n        size=\"small\",\n        equipment=[\"piano\", \"microphones\"],\n        acoustics=\"dry\",\n        cost_per_hour=70.0,\n        availability=[\"afternoon\", \"evening\"],\n        amenities=[\"internet\"]\n    ),\n    StudioSpace(\n        name=\"Sunset Sound\",\n        location=\"Los Angeles\",\n        size=\"large\",\n        equipment=[\"mixing console\", \"guitar amps\"],\n        acoustics=\"live\",\n        cost_per_hour=250.0,\n        availability=[\"morning\", \"night\"],\n        amenities=[\"kitchen\", \"parking\"]\n    ),\n    StudioSpace(\n        name=\"The Nest\",\n        location=\"Denver\",\n        size=\"medium\",\n        equipment=[\"drum kit\", \"microphones\"],\n        acoustics=\"balanced\",\n        cost_per_hour=90.0,\n        availability=[\"evening\"],\n        amenities=[\"lounge\", \"internet\"]\n    ),\n    StudioSpace(\n        name=\"Soundscape Studio\",\n        location=\"San Francisco\",\n        size=\"small\",\n        equipment=[\"piano\", \"guitar amps\"],\n        acoustics=\"dry\",\n        cost_per_hour=80.0,\n        availability=[\"morning\", \"afternoon\"],\n        amenities=[\"parking\"]\n    )\n]\n```",
    "goal": {
      "name": null,
      "location": "Denver",
      "size": "medium",
      "equipment": [
        "piano",
        "microphones"
      ],
      "acoustics": "balanced",
      "budget": 100.0,
      "availability": "evening",
      "amenities": [
        "lounge",
        "internet"
      ]
    },
    "database": [
      {
        "name": "Sound Haven",
        "location": "Los Angeles",
        "size": "large",
        "equipment": [
          "mixing console",
          "microphones",
          "instruments"
        ],
        "acoustics": "balanced",
        "cost_per_hour": 150.0,
        "availability": [
          "morning",
          "afternoon",
          "evening"
        ],
        "amenities": [
          "kitchen",
          "lounge",
          "internet"
        ]
      },
      {
        "name": "Sunset Sound",
        "location": "Los Angeles",
        "size": "large",
        "equipment": [
          "mixing console",
          "guitar amps"
        ],
        "acoustics": "live",
        "cost_per_hour": 250.0,
        "availability": [
          "morning",
          "night"
        ],
        "amenities": [
          "kitchen",
          "parking"
        ]
      },
      {
        "name": "Blue Wave Studio",
        "location": "Miami",
        "size": "medium",
        "equipment": [
          "guitar amps",
          "microphones"
        ],
        "acoustics": "live",
        "cost_per_hour": 120.0,
        "availability": [
          "evening",
          "night"
        ],
        "amenities": [
          "parking",
          "internet"
        ]
      },
      {
        "name": "Sound Haven",
        "location": "Denver",
        "size": "medium",
        "equipment": [
          "piano",
          "microphones"
        ],
        "acoustics": "balanced",
        "cost_per_hour": 95.0,
        "availability": [
          "evening"
        ],
        "amenities": [
          "lounge",
          "internet"
        ]
      },
      {
        "name": "The Lab",
        "location": "Austin",
        "size": "small",
        "equipment": [
          "piano",
          "microphones"
        ],
        "acoustics": "dry",
        "cost_per_hour": 70.0,
        "availability": [
          "afternoon",
          "evening"
        ],
        "amenities": [
          "internet"
        ]
      },
      {
        "name": "The Groove",
        "location": "Nashville",
        "size": "large",
        "equipment": [
          "mixing console",
          "instruments"
        ],
        "acoustics": "balanced",
        "cost_per_hour": 200.0,
        "availability": [
          "morning",
          "afternoon"
        ],
        "amenities": [
          "kitchen",
          "lounge"
        ]
      },
      {
        "name": "Soundscape Studio",
        "location": "San Francisco",
        "size": "small",
        "equipment": [
          "piano",
          "guitar amps"
        ],
        "acoustics": "dry",
        "cost_per_hour": 80.0,
        "availability": [
          "morning",
          "afternoon"
        ],
        "amenities": [
          "parking"
        ]
      },
      {
        "name": "Quiet Room",
        "location": "Chicago",
        "size": "small",
        "equipment": [
          "piano",
          "microphones"
        ],
        "acoustics": "dry",
        "cost_per_hour": 75.0,
        "availability": [
          "morning",
          "night"
        ],
        "amenities": [
          "internet"
        ]
      },
      {
        "name": "Echo Chamber",
        "location": "New York",
        "size": "medium",
        "equipment": [
          "drum kit",
          "guitar amps"
        ],
        "acoustics": "live",
        "cost_per_hour": 100.0,
        "availability": [
          "afternoon",
          "evening"
        ],
        "amenities": [
          "parking"
        ]
      },
      {
        "name": "The Nest",
        "location": "Denver",
        "size": "medium",
        "equipment": [
          "drum kit",
          "microphones"
        ],
        "acoustics": "balanced",
        "cost_per_hour": 85.0,
        "availability": [
          "evening"
        ],
        "amenities": [
          "lounge",
          "internet"
        ]
      },
      {
        "name": "The Nest",
        "location": "Denver",
        "size": "medium",
        "equipment": [
          "drum kit",
          "microphones"
        ],
        "acoustics": "balanced",
        "cost_per_hour": 90.0,
        "availability": [
          "evening"
        ],
        "amenities": [
          "lounge",
          "internet"
        ]
      },
      {
        "name": "Harmony Studio",
        "location": "Boulder",
        "size": "large",
        "equipment": [
          "drum kit",
          "microphones",
          "guitar amps"
        ],
        "acoustics": "live",
        "cost_per_hour": 100.0,
        "availability": [
          "evening"
        ],
        "amenities": [
          "lounge",
          "internet",
          "parking"
        ]
      },
      {
        "name": "Harmony House",
        "location": "Seattle",
        "size": "large",
        "equipment": [
          "drum kit",
          "mixing console"
        ],
        "acoustics": "balanced",
        "cost_per_hour": 180.0,
        "availability": [
          "morning",
          "afternoon"
        ],
        "amenities": [
          "lounge"
        ]
      }
    ],
    "status": "complete"
  },
  {
    "domain": "Session Musicians",
    "turns": [
      [
        "Thanks! Now, can you help me find a bass player for the sessions?",
        {
          "name": null,
          "instrument": "bass",
          "experience_level": null,
          "style": "rock",
          "availability": "evenings",
          "location": "Denver",
          "hourly_rate": 100.0,
          "references": null
        },
        "Sure! What experience level and style are you looking for in a bass player?"
      ],
      [
        "I'm looking for a beginner bass player who specializes in jazz.",
        {
          "name": null,
          "instrument": "bass",
          "experience_level": "beginner",
          "style": "jazz",
          "availability": null,
          "location": null,
          "hourly_rate": null,
          "references": null
        },
        "I found Alice Johnson, a beginner bass player specializing in jazz. Would you like to go with her?"
      ],
      [
        "Sounds good! Does she have any references?",
        {
          "name": "Alice Johnson",
          "instrument": "bass",
          "experience_level": "beginner",
          "style": "jazz",
          "availability": null,
          "location": null,
          "hourly_rate": null,
          "references": true
        },
        "Alice Johnson does have references! Are you ready to confirm her for your sessions?"
      ],
      [
        "Yes, let's confirm Alice Johnson for the sessions!",
        {
          "name": "Alice Johnson",
          "instrument": "bass",
          "experience_level": "beginner",
          "style": "jazz",
          "availability": null,
          "location": null,
          "hourly_rate": null,
          "references": true
        },
        "Awesome! Alice Johnson is confirmed for your sessions."
      ]
    ],
    "preferences_code": "```python\npreferences = SessionMusicianCriteria(\n    name='Alice Johnson',\n    instrument='Bass',\n    experience_level='beginner',\n    style='jazz',\n    availability='Weekdays',\n    location='Boulder',\n    hourly_rate=100.0,\n    references=True,\n)\n```",
    "red_herrings_code": "```python\n# Global variable representing a list of Session Musicians examples\nsession_musicians_list = [\n    SessionMusician(\n        name='John Doe',\n        instrument='Bass',\n        experience_level='intermediate',\n        style='blues',\n        availability='Weekdays evenings',\n        location='Aurora',\n        hourly_rate=50.0,\n        references=True,\n    ),\n    SessionMusician(\n        name='Jane Smith',\n        instrument='Guitar',\n        experience_level='beginner',\n        style='rock',\n        availability='Weekdays evenings',\n        location='Denver',\n        hourly_rate=35.0,\n        references=False,\n    ),\n    SessionMusician(\n        name='Alice Johnson',\n        instrument='Bass',\n        experience_level='beginner',\n        style='jazz',\n        availability='Weekdays',\n        location='Boulder',\n        hourly_rate=45.0,\n        references=True,\n    ),\n]\n```",
    "database_code": "```python\n# Global variable representing a list of Session Musicians examples\nsession_musicians = [\n    SessionMusician(\n        name=\"Alice Johnson\",\n        instrument=\"Guitar\",\n        experience_level=\"advanced\",\n        style=\"rock\",\n        availability=\"Weekdays evenings\",\n        location=\"Denver\",\n        hourly_rate=75.0,\n        references=True\n    ),\n    SessionMusician(\n        name=\"Bob Smith\",\n        instrument=\"Piano\",\n        experience_level=\"expert\",\n        style=\"jazz\",\n        availability=\"Weekends\",\n        location=\"Denver\",\n        hourly_rate=100.0,\n        references=True\n    ),\n    SessionMusician(\n        name=\"Charlie Brown\",\n        instrument=\"Drums\",\n        experience_level=\"intermediate\",\n        style=\"rock\",\n        availability=\"Weekdays afternoons\",\n        location=\"Boulder\",\n        hourly_rate=50.0,\n        references=False\n    ),\n    SessionMusician(\n        name=\"Diana Prince\",\n        instrument=\"Violin\",\n        experience_level=\"advanced\",\n        style=\"classical\",\n        availability=\"Evenings\",\n        location=\"Denver\",\n        hourly_rate=80.0,\n        references=True\n    ),\n    SessionMusician(\n        name=\"Eddie Murphy\",\n        instrument=\"Bass\",\n        experience_level=\"beginner\",\n        style=\"blues\",\n        availability=\"Weekdays evenings\",\n        location=\"Aurora\",\n        hourly_rate=40.0,\n        references=False\n    ),\n    SessionMusician(\n        name=\"Fiona Apple\",\n        instrument=\"Vocals\",\n        experience_level=\"expert\",\n        style=\"pop\",\n        availability=\"Flexible\",\n        location=\"Denver\",\n        hourly_rate=120.0,\n        references=True\n    ),\n    SessionMusician(\n        name=\"George Harrison\",\n        instrument=\"Guitar\",\n        experience_level=\"advanced\",\n        style=\"rock\",\n        availability=\"Weekends\",\n        location=\"Lakewood\",\n        hourly_rate=90.0,\n        references=True\n    ),\n    SessionMusician(\n        name=\"Hannah Montana\",\n        instrument=\"Vocals\",\n        experience_level=\"intermediate\",\n        style=\"country\",\n        availability=\"Weekdays\",\n        location=\"Denver\",\n        hourly_rate=60.0,\n        references=False\n    ),\n    SessionMusician(\n        name=\"Ian Curtis\",\n        instrument=\"Keyboard\",\n        experience_level=\"expert\",\n        style=\"rock\",\n        availability=\"Weekdays evenings\",\n        location=\"Denver\",\n        hourly_rate=110.0,\n        references=True\n    ),\n    SessionMusician(\n        name=\"Jessica Rabbit\",\n        instrument=\"Cello\",\n        experience_level=\"advanced\",\n        style=\"classical\",\n        availability=\"Weekends\",\n        location=\"Denver\",\n        hourly_rate=85.0,\n        references=True\n    )\n]\n```",
    "goal": {
      "name": null,
      "instrument": "Bass",
      "experience_level": "beginner",
      "style": "jazz",
      "availability": "Weekdays",
      "location": "Boulder",
      "hourly_rate": 100.0,
      "references": true
    },
    "database": [
      {
        "name": "Diana Prince",
        "instrument": "Violin",
        "experience_level": "advanced",
        "style": "classical",
        "availability": "Evenings",
        "location": "Denver",
        "hourly_rate": 80.0,
        "references": true
      },
      {
        "name": "Ian Curtis",
        "instrument": "Keyboard",
        "experience_level": "expert",
        "style": "rock",
        "availability": "Weekdays evenings",
        "location": "Denver",
        "hourly_rate": 110.0,
        "references": true
      },
      {
        "name": "Alice Johnson",
        "instrument": "Guitar",
        "experience_level": "advanced",
        "style": "rock",
        "availability": "Weekdays evenings",
        "location": "Denver",
        "hourly_rate": 75.0,
        "references": true
      },
      {
        "name": "Bob Smith",
        "instrument": "Piano",
        "experience_level": "expert",
        "style": "jazz",
        "availability": "Weekends",
        "location": "Denver",
        "hourly_rate": 100.0,
        "references": true
      },
      {
        "name": "Fiona Apple",
        "instrument": "Vocals",
        "experience_level": "expert",
        "style": "pop",
        "availability": "Flexible",
        "location": "Denver",
        "hourly_rate": 120.0,
        "references": true
      },
      {
        "name": "Jane Smith",
        "instrument": "Guitar",
        "experience_level": "beginner",
        "style": "rock",
        "availability": "Weekdays evenings",
        "location": "Denver",
        "hourly_rate": 35.0,
        "references": false
      },
      {
        "name": "Hannah Montana",
        "instrument": "Vocals",
        "experience_level": "intermediate",
        "style": "country",
        "availability": "Weekdays",
        "location": "Denver",
        "hourly_rate": 60.0,
        "references": false
      },
      {
        "name": "Jessica Rabbit",
        "instrument": "Cello",
        "experience_level": "advanced",
        "style": "classical",
        "availability": "Weekends",
        "location": "Denver",
        "hourly_rate": 85.0,
        "references": true
      },
      {
        "name": "George Harrison",
        "instrument": "Guitar",
        "experience_level": "advanced",
        "style": "rock",
        "availability": "Weekends",
        "location": "Lakewood",
        "hourly_rate": 90.0,
        "references": true
      },
      {
        "name": "Eddie Murphy",
        "instrument": "Bass",
        "experience_level": "beginner",
        "style": "blues",
        "availability": "Weekdays evenings",
        "location": "Aurora",
        "hourly_rate": 40.0,
        "references": false
      },
      {
        "name": "Alice Johnson",
        "instrument": "Bass",
        "experience_level": "beginner",
        "style": "jazz",
        "availability": "Weekdays",
        "location": "Boulder",
        "hourly_rate": 45.0,
        "references": true
      },
      {
        "name": "Charlie Brown",
        "instrument": "Drums",
        "experience_level": "intermediate",
        "style": "rock",
        "availability": "Weekdays afternoons",
        "location": "Boulder",
        "hourly_rate": 50.0,
        "references": false
      },
      {
        "name": "John Doe",
        "instrument": "Bass",
        "experience_level": "intermediate",
        "style": "blues",
        "availability": "Weekdays evenings",
        "location": "Aurora",
        "hourly_rate": 50.0,
        "references": true
      }
    ],
    "status": "complete"
  }
]