[
  {
    "domain": "Planting Schedules",
    "turns": [
      [
        "Hey, I'm looking for a planting schedule for spring, specifically for grains in a continental climate. Any suggestions?",
        {
          "name": null,
          "season": "spring",
          "climate": "continental",
          "crop_type": "grain",
          "soil_type": null,
          "irrigation_system": null
        },
        "You might like the \"Continental Grains\" schedule; it fits perfectly!"
      ],
      [
        "That sounds great! Can you tell me more about the soil type it prefers?",
        {
          "name": "Continental Grains",
          "season": "spring",
          "climate": "continental",
          "crop_type": "grain",
          "soil_type": null,
          "irrigation_system": null
        },
        "It prefers sandy soil, which is ideal for grains."
      ],
      [
        "Sandy soil works for me! What kind of irrigation system does it recommend?",
        {
          "name": "Continental Grains",
          "season": "spring",
          "climate": "continental",
          "crop_type": "grain",
          "soil_type": "sandy",
          "irrigation_system": null
        },
        "It recommends a sprinkler irrigation system."
      ],
      [
        "Perfect! I\u2019ll go with the \"Continental Grains\" schedule with sandy soil and a sprinkler system. Thanks for your help!",
        {
          "name": "Continental Grains",
          "season": "spring",
          "climate": "continental",
          "crop_type": "grain",
          "soil_type": "sandy",
          "irrigation_system": "sprinkler"
        },
        "You're welcome! Happy planting with your \"Continental Grains\"!"
      ]
    ],
    "preferences_code": "```python\npreferences = PlantingScheduleCriteria(\n    name='Continental Grains',\n    season='spring',\n    climate='continental',\n    crop_type='grains',\n    soil_type='sandy',\n    irrigation_system='sprinkler'\n)\n```",
    "red_herrings_code": "```python\n# Global variable containing a list of Planting Schedule examples\nplanting_schedules = [\n    PlantingSchedule(\n        name='Continental Fruits',\n        season='spring',\n        climate='continental',\n        crop_type='fruits',\n        soil_type='sandy',\n        irrigation_system='drip',\n    ),\n    PlantingSchedule(\n        name='Continental Nuts',\n        season='autumn',\n        climate='continental',\n        crop_type='nuts',\n        soil_type='loam',\n        irrigation_system='drip',\n    ),\n    PlantingSchedule(\n        name='Continental Grains',\n        season='spring',\n        climate='continental',\n        crop_type='grains',\n        soil_type='sandy',\n        irrigation_system='sprinkler',\n    ),\n]\n```",
    "database_code": "```python\n# Global variable containing a list of PlantingSchedule examples\nplanting_schedules = [\n    PlantingSchedule(name=\"Spring Veggies\", season=\"spring\", climate=\"temperate\", crop_type=\"vegetables\", soil_type=\"loam\", irrigation_system=\"drip\"),\n    PlantingSchedule(name=\"Summer Fruits\", season=\"summer\", climate=\"tropical\", crop_type=\"fruits\", soil_type=\"sandy\", irrigation_system=\"sprinkler\"),\n    PlantingSchedule(name=\"Autumn Grains\", season=\"autumn\", climate=\"continental\", crop_type=\"grains\", soil_type=\"clay\", irrigation_system=\"surface\"),\n    PlantingSchedule(name=\"Winter Greens\", season=\"winter\", climate=\"polar\", crop_type=\"greens\", soil_type=\"silt\", irrigation_system=\"subsurface\"),\n    PlantingSchedule(name=\"Tropical Spices\", season=\"spring\", climate=\"tropical\", crop_type=\"spices\", soil_type=\"peat\", irrigation_system=\"drip\"),\n    PlantingSchedule(name=\"Dryland Pulses\", season=\"summer\", climate=\"dry\", crop_type=\"pulses\", soil_type=\"chalk\", irrigation_system=\"surface\"),\n    PlantingSchedule(name=\"Temperate Berries\", season=\"autumn\", climate=\"temperate\", crop_type=\"berries\", soil_type=\"loam\", irrigation_system=\"sprinkler\"),\n    PlantingSchedule(name=\"Polar Root Vegetables\", season=\"winter\", climate=\"polar\", crop_type=\"root vegetables\", soil_type=\"clay\", irrigation_system=\"subsurface\"),\n    PlantingSchedule(name=\"Continental Nuts\", season=\"spring\", climate=\"continental\", crop_type=\"nuts\", soil_type=\"sandy\", irrigation_system=\"drip\"),\n    PlantingSchedule(name=\"Tropical Flowers\", season=\"summer\", climate=\"tropical\", crop_type=\"flowers\", soil_type=\"peat\", irrigation_system=\"sprinkler\"),\n]\n```",
    "goal": {
      "name": null,
      "season": "spring",
      "climate": "continental",
      "crop_type": "grains",
      "soil_type": null,
      "irrigation_system": null
    },
    "database": [
      {
        "name": "Continental Grains",
        "season": "spring",
        "climate": "continental",
        "crop_type": "grains",
        "soil_type": "sandy",
        "irrigation_system": "sprinkler"
      },
      {
        "name": "Temperate Berries",
        "season": "autumn",
        "climate": "temperate",
        "crop_type": "berries",
        "soil_type": "loam",
        "irrigation_system": "sprinkler"
      },
      {
        "name": "Dryland Pulses",
        "season": "summer",
        "climate": "dry",
        "crop_type": "pulses",
        "soil_type": "chalk",
        "irrigation_system": "surface"
      },
      {
        "name": "Tropical Spices",
        "season": "spring",
        "climate": "tropical",
        "crop_type": "spices",
        "soil_type": "peat",
        "irrigation_system": "drip"
      },
      {
        "name": "Continental Nuts",
        "season": "autumn",
        "climate": "continental",
        "crop_type": "nuts",
        "soil_type": "loam",
        "irrigation_system": "drip"
      },
      {
        "name": "Winter Greens",
        "season": "winter",
        "climate": "polar",
        "crop_type": "greens",
        "soil_type": "silt",
        "irrigation_system": "subsurface"
      },
      {
        "name": "Continental Fruits",
        "season": "spring",
        "climate": "continental",
        "crop_type": "fruits",
        "soil_type": "sandy",
        "irrigation_system": "drip"
      },
      {
        "name": "Spring Veggies",
        "season": "spring",
        "climate": "temperate",
        "crop_type": "vegetables",
        "soil_type": "loam",
        "irrigation_system": "drip"
      },
      {
        "name": "Summer Fruits",
        "season": "summer",
        "climate": "tropical",
        "crop_type": "fruits",
        "soil_type": "sandy",
        "irrigation_system": "sprinkler"
      },
      {
        "name": "Autumn Grains",
        "season": "autumn",
        "climate": "continental",
        "crop_type": "grains",
        "soil_type": "clay",
        "irrigation_system": "surface"
      },
      {
        "name": "Tropical Flowers",
        "season": "summer",
        "climate": "tropical",
        "crop_type": "flowers",
        "soil_type": "peat",
        "irrigation_system": "sprinkler"
      },
      {
        "name": "Continental Nuts",
        "season": "spring",
        "climate": "continental",
        "crop_type": "nuts",
        "soil_type": "sandy",
        "irrigation_system": "drip"
      },
      {
        "name": "Polar Root Vegetables",
        "season": "winter",
        "climate": "polar",
        "crop_type": "root vegetables",
        "soil_type": "clay",
        "irrigation_system": "subsurface"
      }
    ],
    "status": "complete"
  },
  {
    "domain": "Soil Types",
    "turns": [
      [
        "Thanks! Now, I need help finding a suitable soil type. What do you recommend for a pH of 6.5?",
        {
          "name": null,
          "soil_ph": 6.5,
          "soil_type": "Sandy",
          "nutrient_content": null,
          "drainage": null,
          "organic_matter": null,
          "salinity": null,
          "compaction": null,
          "moisture_retention": null
        },
        "You might consider Sandy Loam or Silty Loam; both have a pH around 6.5."
      ],
      [
        "I like the sound of Silty Loam! How does it perform in terms of drainage?",
        {
          "name": "Silty Loam",
          "soil_ph": 6.5,
          "soil_type": "Loam",
          "nutrient_content": null,
          "drainage": null,
          "organic_matter": null,
          "salinity": null,
          "compaction": null,
          "moisture_retention": null
        },
        "Silty Loam has good drainage."
      ],
      [
        "That's reassuring! How about its nutrient content?",
        {
          "name": "Silty Loam",
          "soil_ph": 6.5,
          "soil_type": "Silt",
          "nutrient_content": null,
          "drainage": "Good",
          "organic_matter": null,
          "salinity": null,
          "compaction": null,
          "moisture_retention": null
        },
        "Silty Loam has high nutrient content."
      ],
      [
        "Awesome! What about its organic matter percentage?",
        {
          "name": "Silty Loam",
          "soil_ph": 6.5,
          "soil_type": "Silt",
          "nutrient_content": "High",
          "drainage": "Good",
          "organic_matter": null,
          "salinity": null,
          "compaction": null,
          "moisture_retention": null
        },
        "Silty Loam contains about 7.5% organic matter."
      ]
    ],
    "preferences_code": "```python\npreferences = SoilTypeCriteria(\n    name='Silty Loam',\n    soil_ph=6.5,\n    soil_type='Loam',\n    nutrient_content='High',\n    drainage='Good',\n    organic_matter=7.5,\n    salinity='Low',\n    compaction=1.2,\n    moisture_retention='High'\n)\n```",
    "red_herrings_code": "```python\n# Global variable representing a list of similar Soil Types examples\nsimilar_soil_types = [\n    SoilTypeKnowledge(\n        name='Silty Loam',\n        soil_ph=6.5,\n        soil_type='Loam',\n        nutrient_content='High',\n        drainage='Good',\n        organic_matter=7.5,\n        salinity='Low',\n        compaction=1.2,\n        moisture_retention='High',\n    ),\n    SoilTypeKnowledge(\n        name='Silty Clay',\n        soil_ph=6.9,\n        soil_type='Clay',\n        nutrient_content='Moderate',\n        drainage='Poor',\n        organic_matter=9.0,\n        salinity='Medium',\n        compaction=1.4,\n        moisture_retention='Moderate',\n    ),\n    SoilTypeKnowledge(\n        name='Sandy Silt',\n        soil_ph=6.7,\n        soil_type='Silt',\n        nutrient_content='Moderate',\n        drainage='Good',\n        organic_matter=6.0,\n        salinity='Low',\n        compaction=1.1,\n        moisture_retention='Low',\n    ),\n]\n```",
    "database_code": "```python\n# Global variable to store examples of Soil Types\nsoil_types_examples = [\n    SoilTypeKnowledge(\n        name=\"Sandy Loam\",\n        soil_ph=6.5,\n        soil_type='Sandy',\n        nutrient_content=\"Moderate\",\n        drainage='Good',\n        organic_matter=5.0,\n        salinity='Low',\n        compaction=1.2,\n        moisture_retention=\"Low\"\n    ),\n    SoilTypeKnowledge(\n        name=\"Clay Soil\",\n        soil_ph=7.0,\n        soil_type='Clay',\n        nutrient_content=\"High\",\n        drainage='Poor',\n        organic_matter=10.0,\n        salinity='Medium',\n        compaction=1.5,\n        moisture_retention=\"High\"\n    ),\n    SoilTypeKnowledge(\n        name=\"Silty Soil\",\n        soil_ph=6.8,\n        soil_type='Silt',\n        nutrient_content=\"High\",\n        drainage='Moderate',\n        organic_matter=8.0,\n        salinity='Low',\n        compaction=1.3,\n        moisture_retention=\"Moderate\"\n    ),\n    SoilTypeKnowledge(\n        name=\"Loamy Soil\",\n        soil_ph=6.0,\n        soil_type='Loam',\n        nutrient_content=\"Very High\",\n        drainage='Good',\n        organic_matter=12.0,\n        salinity='Low',\n        compaction=1.0,\n        moisture_retention=\"High\"\n    ),\n    SoilTypeKnowledge(\n        name=\"Sandy Soil\",\n        soil_ph=6.2,\n        soil_type='Sandy',\n        nutrient_content=\"Low\",\n        drainage='Good',\n        organic_matter=3.0,\n        salinity='Low',\n        compaction=1.1,\n        moisture_retention=\"Low\"\n    ),\n    SoilTypeKnowledge(\n        name=\"Clayey Loam\",\n        soil_ph=7.2,\n        soil_type='Clay',\n        nutrient_content=\"Moderate\",\n        drainage='Poor',\n        organic_matter=7.0,\n        salinity='Medium',\n        compaction=1.4,\n        moisture_retention=\"High\"\n    ),\n    SoilTypeKnowledge(\n        name=\"Peaty Soil\",\n        soil_ph=5.5,\n        soil_type='Loam',\n        nutrient_content=\"High\",\n        drainage='Moderate',\n        organic_matter=20.0,\n        salinity='Low',\n        compaction=0.9,\n        moisture_retention=\"Very High\"\n    ),\n    SoilTypeKnowledge(\n        name=\"Saline Soil\",\n        soil_ph=8.0,\n        soil_type='Clay',\n        nutrient_content=\"Low\",\n        drainage='Poor',\n        organic_matter=2.0,\n        salinity='High',\n        compaction=1.6,\n        moisture_retention=\"Low\"\n    ),\n    SoilTypeKnowledge(\n        name=\"Chalky Soil\",\n        soil_ph=7.5,\n        soil_type='Silt',\n        nutrient_content=\"Moderate\",\n        drainage='Good',\n        organic_matter=4.0,\n        salinity='Medium',\n        compaction=1.2,\n        moisture_retention=\"Moderate\"\n    ),\n    SoilTypeKnowledge(\n        name=\"Rocky Soil\",\n        soil_ph=6.9,\n        soil_type='Sandy',\n        nutrient_content=\"Very Low\",\n        drainage='Good',\n        organic_matter=1.0,\n        salinity='Low',\n        compaction=1.7,\n        moisture_retention=\"Very Low\"\n    )\n]\n```",
    "goal": {
      "name": null,
      "soil_ph": 6.5,
      "soil_type": "Loam",
      "nutrient_content": "High",
      "drainage": "Good",
      "organic_matter": 7.5,
      "salinity": "Low",
      "compaction": 1.2,
      "moisture_retention": "High"
    },
    "database": [
      {
        "name": "Sandy Soil",
        "soil_ph": 6.2,
        "soil_type": "Sandy",
        "nutrient_content": "Low",
        "drainage": "Good",
        "organic_matter": 3.0,
        "salinity": "Low",
        "compaction": 1.1,
        "moisture_retention": "Low"
      },
      {
        "name": "Silty Clay",
        "soil_ph": 6.9,
        "soil_type": "Clay",
        "nutrient_content": "Moderate",
        "drainage": "Poor",
        "organic_matter": 9.0,
        "salinity": "Medium",
        "compaction": 1.4,
        "moisture_retention": "Moderate"
      },
      {
        "name": "Loamy Soil",
        "soil_ph": 6.0,
        "soil_type": "Loam",
        "nutrient_content": "Very High",
        "drainage": "Good",
        "organic_matter": 12.0,
        "salinity": "Low",
        "compaction": 1.0,
        "moisture_retention": "High"
      },
      {
        "name": "Chalky Soil",
        "soil_ph": 7.5,
        "soil_type": "Silt",
        "nutrient_content": "Moderate",
        "drainage": "Good",
        "organic_matter": 4.0,
        "salinity": "Medium",
        "compaction": 1.2,
        "moisture_retention": "Moderate"
      },
      {
        "name": "Saline Soil",
        "soil_ph": 8.0,
        "soil_type": "Clay",
        "nutrient_content": "Low",
        "drainage": "Poor",
        "organic_matter": 2.0,
        "salinity": "High",
        "compaction": 1.6,
        "moisture_retention": "Low"
      },
      {
        "name": "Peaty Soil",
        "soil_ph": 5.5,
        "soil_type": "Loam",
        "nutrient_content": "High",
        "drainage": "Moderate",
        "organic_matter": 20.0,
        "salinity": "Low",
        "compaction": 0.9,
        "moisture_retention": "Very High"
      },
      {
        "name": "Silty Loam",
        "soil_ph": 6.5,
        "soil_type": "Loam",
        "nutrient_content": "High",
        "drainage": "Good",
        "organic_matter": 7.5,
        "salinity": "Low",
        "compaction": 1.2,
        "moisture_retention": "High"
      },
      {
        "name": "Clay Soil",
        "soil_ph": 7.0,
        "soil_type": "Clay",
        "nutrient_content": "High",
        "drainage": "Poor",
        "organic_matter": 10.0,
        "salinity": "Medium",
        "compaction": 1.5,
        "moisture_retention": "High"
      },
      {
        "name": "Sandy Silt",
        "soil_ph": 6.7,
        "soil_type": "Silt",
        "nutrient_content": "Moderate",
        "drainage": "Good",
        "organic_matter": 6.0,
        "salinity": "Low",
        "compaction": 1.1,
        "moisture_retention": "Low"
      },
      {
        "name": "Sandy Loam",
        "soil_ph": 6.5,
        "soil_type": "Sandy",
        "nutrient_content": "Moderate",
        "drainage": "Good",
        "organic_matter": 5.0,
        "salinity": "Low",
        "compaction": 1.2,
        "moisture_retention": "Low"
      },
      {
        "name": "Clayey Loam",
        "soil_ph": 7.2,
        "soil_type": "Clay",
        "nutrient_content": "Moderate",
        "drainage": "Poor",
        "organic_matter": 7.0,
        "salinity": "Medium",
        "compaction": 1.4,
        "moisture_retention": "High"
      },
      {
        "name": "Silty Soil",
        "soil_ph": 6.8,
        "soil_type": "Silt",
        "nutrient_content": "High",
        "drainage": "Moderate",
        "organic_matter": 8.0,
        "salinity": "Low",
        "compaction": 1.3,
        "moisture_retention": "Moderate"
      },
      {
        "name": "Rocky Soil",
        "soil_ph": 6.9,
        "soil_type": "Sandy",
        "nutrient_content": "Very Low",
        "drainage": "Good",
        "organic_matter": 1.0,
        "salinity": "Low",
        "compaction": 1.7,
        "moisture_retention": "Very Low"
      }
    ],
    "status": "complete"
  },
  {
    "domain": "Irrigation Systems",
    "turns": [
      [
        "That\u2019s great! Now, I need your help finding a suitable irrigation system. I prefer using rainwater. Any recommendations?",
        {
          "name": null,
          "water_source": "Rainwater",
          "system_type": "Sprinkler",
          "budget": null,
          "energy_requirement": null,
          "area_coverage": null,
          "maintenance_level": null,
          "installation_complexity": null
        },
        "I recommend a Surface Irrigation system that uses rainwater."
      ],
      [
        "Surface Irrigation sounds good! How does it rank in terms of maintenance?",
        {
          "name": null,
          "water_source": "Rainwater",
          "system_type": "Surface",
          "budget": null,
          "energy_requirement": null,
          "area_coverage": null,
          "maintenance_level": null,
          "installation_complexity": null
        },
        "It has a low maintenance level."
      ]
    ],
    "preferences_code": "```python\npreferences = IrrigationSystemCriteria(\n    name='Surface Irrigation D',\n    water_source='Rainwater',\n    system_type='Surface',\n    budget=800.0,\n    energy_requirement='Solar',\n    area_coverage=2000.0,\n    maintenance_level='Low',\n    installation_complexity='Moderate',\n)\n```",
    "red_herrings_code": "```python\nirrigation_systems = [\n    IrrigationSystem(\n        name='Surface Irrigation A',\n        water_source='Rainwater',\n        system_type='Surface',\n        budget=750.0,\n        energy_requirement='Manual',\n        area_coverage=1800.0,\n        maintenance_level='Low',\n        installation_complexity='Easy',\n    ),\n    IrrigationSystem(\n        name='Surface Irrigation B',\n        water_source='Well',\n        system_type='Surface',\n        budget=850.0,\n        energy_requirement='Manual',\n        area_coverage=2200.0,\n        maintenance_level='Medium',\n        installation_complexity='Easy',\n    ),\n    IrrigationSystem(\n        name='Surface Irrigation D',\n        water_source='Rainwater',\n        system_type='Surface',\n        budget=800.0,\n        energy_requirement='Solar',\n        area_coverage=2000.0,\n        maintenance_level='Low',\n        installation_complexity='Moderate',\n    ),\n]\n```",
    "database_code": "```python\nirrigation_systems = [\n    IrrigationSystem(\n        name=\"Drip Irrigation System A\",\n        water_source=\"Well\",\n        system_type=\"Drip\",\n        budget=1500.0,\n        energy_requirement=\"Solar\",\n        area_coverage=1000.0,\n        maintenance_level=\"Low\",\n        installation_complexity=\"Moderate\"\n    ),\n    IrrigationSystem(\n        name=\"Sprinkler System B\",\n        water_source=\"River\",\n        system_type=\"Sprinkler\",\n        budget=2000.0,\n        energy_requirement=\"Electric\",\n        area_coverage=1500.0,\n        maintenance_level=\"Medium\",\n        installation_complexity=\"Hard\"\n    ),\n    IrrigationSystem(\n        name=\"Surface Irrigation C\",\n        water_source=\"Rainwater\",\n        system_type=\"Surface\",\n        budget=800.0,\n        energy_requirement=\"Manual\",\n        area_coverage=2000.0,\n        maintenance_level=\"Low\",\n        installation_complexity=\"Easy\"\n    ),\n    IrrigationSystem(\n        name=\"Manual Watering D\",\n        water_source=\"Municipal\",\n        system_type=\"Manual\",\n        budget=300.0,\n        energy_requirement=\"Manual\",\n        area_coverage=500.0,\n        maintenance_level=\"High\",\n        installation_complexity=\"Easy\"\n    ),\n    IrrigationSystem(\n        name=\"Advanced Drip System E\",\n        water_source=\"Well\",\n        system_type=\"Drip\",\n        budget=2500.0,\n        energy_requirement=\"Solar\",\n        area_coverage=1200.0,\n        maintenance_level=\"Medium\",\n        installation_complexity=\"Moderate\"\n    ),\n    IrrigationSystem(\n        name=\"High-Efficiency Sprinkler F\",\n        water_source=\"River\",\n        system_type=\"Sprinkler\",\n        budget=1800.0,\n        energy_requirement=\"Electric\",\n        area_coverage=1400.0,\n        maintenance_level=\"Medium\",\n        installation_complexity=\"Hard\"\n    ),\n    IrrigationSystem(\n        name=\"Basic Surface Irrigation G\",\n        water_source=\"Rainwater\",\n        system_type=\"Surface\",\n        budget=600.0,\n        energy_requirement=\"Manual\",\n        area_coverage=1800.0,\n        maintenance_level=\"Low\",\n        installation_complexity=\"Easy\"\n    ),\n    IrrigationSystem(\n        name=\"Portable Manual System H\",\n        water_source=\"Municipal\",\n        system_type=\"Manual\",\n        budget=400.0,\n        energy_requirement=\"Manual\",\n        area_coverage=300.0,\n        maintenance_level=\"High\",\n        installation_complexity=\"Easy\"\n    ),\n    IrrigationSystem(\n        name=\"Eco-Friendly Drip System I\",\n        water_source=\"Well\",\n        system_type=\"Drip\",\n        budget=2200.0,\n        energy_requirement=\"Solar\",\n        area_coverage=1100.0,\n        maintenance_level=\"Low\",\n        installation_complexity=\"Moderate\"\n    ),\n    IrrigationSystem(\n        name=\"Automated Sprinkler System J\",\n        water_source=\"River\",\n        system_type=\"Sprinkler\",\n        budget=2300.0,\n        energy_requirement=\"Electric\",\n        area_coverage=1600.0,\n        maintenance_level=\"Medium\",\n        installation_complexity=\"Hard\"\n    )\n]\n```",
    "goal": {
      "name": null,
      "water_source": "Rainwater",
      "system_type": null,
      "budget": null,
      "energy_requirement": "Solar",
      "area_coverage": null,
      "maintenance_level": "Low",
      "installation_complexity": null
    },
    "database": [
      {
        "name": "Surface Irrigation A",
        "water_source": "Rainwater",
        "system_type": "Surface",
        "budget": 750.0,
        "energy_requirement": "Manual",
        "area_coverage": 1800.0,
        "maintenance_level": "Low",
        "installation_complexity": "Easy"
      },
      {
        "name": "Surface Irrigation D",
        "water_source": "Rainwater",
        "system_type": "Surface",
        "budget": 800.0,
        "energy_requirement": "Solar",
        "area_coverage": 2000.0,
        "maintenance_level": "Low",
        "installation_complexity": "Moderate"
      },
      {
        "name": "Drip Irrigation System A",
        "water_source": "Well",
        "system_type": "Drip",
        "budget": 1500.0,
        "energy_requirement": "Solar",
        "area_coverage": 1000.0,
        "maintenance_level": "Low",
        "installation_complexity": "Moderate"
      },
      {
        "name": "Portable Manual System H",
        "water_source": "Municipal",
        "system_type": "Manual",
        "budget": 400.0,
        "energy_requirement": "Manual",
        "area_coverage": 300.0,
        "maintenance_level": "High",
        "installation_complexity": "Easy"
      },
      {
        "name": "Eco-Friendly Drip System I",
        "water_source": "Well",
        "system_type": "Drip",
        "budget": 2200.0,
        "energy_requirement": "Solar",
        "area_coverage": 1100.0,
        "maintenance_level": "Low",
        "installation_complexity": "Moderate"
      },
      {
        "name": "High-Efficiency Sprinkler F",
        "water_source": "River",
        "system_type": "Sprinkler",
        "budget": 1800.0,
        "energy_requirement": "Electric",
        "area_coverage": 1400.0,
        "maintenance_level": "Medium",
        "installation_complexity": "Hard"
      },
      {
        "name": "Surface Irrigation C",
        "water_source": "Rainwater",
        "system_type": "Surface",
        "budget": 800.0,
        "energy_requirement": "Manual",
        "area_coverage": 2000.0,
        "maintenance_level": "Low",
        "installation_complexity": "Easy"
      },
      {
        "name": "Advanced Drip System E",
        "water_source": "Well",
        "system_type": "Drip",
        "budget": 2500.0,
        "energy_requirement": "Solar",
        "area_coverage": 1200.0,
        "maintenance_level": "Medium",
        "installation_complexity": "Moderate"
      },
      {
        "name": "Manual Watering D",
        "water_source": "Municipal",
        "system_type": "Manual",
        "budget": 300.0,
        "energy_requirement": "Manual",
        "area_coverage": 500.0,
        "maintenance_level": "High",
        "installation_complexity": "Easy"
      },
      {
        "name": "Sprinkler System B",
        "water_source": "River",
        "system_type": "Sprinkler",
        "budget": 2000.0,
        "energy_requirement": "Electric",
        "area_coverage": 1500.0,
        "maintenance_level": "Medium",
        "installation_complexity": "Hard"
      },
      {
        "name": "Surface Irrigation B",
        "water_source": "Well",
        "system_type": "Surface",
        "budget": 850.0,
        "energy_requirement": "Manual",
        "area_coverage": 2200.0,
        "maintenance_level": "Medium",
        "installation_complexity": "Easy"
      },
      {
        "name": "Basic Surface Irrigation G",
        "water_source": "Rainwater",
        "system_type": "Surface",
        "budget": 600.0,
        "energy_requirement": "Manual",
        "area_coverage": 1800.0,
        "maintenance_level": "Low",
        "installation_complexity": "Easy"
      },
      {
        "name": "Automated Sprinkler System J",
        "water_source": "River",
        "system_type": "Sprinkler",
        "budget": 2300.0,
        "energy_requirement": "Electric",
        "area_coverage": 1600.0,
        "maintenance_level": "Medium",
        "installation_complexity": "Hard"
      }
    ],
    "status": "complete"
  }
]