[
  {
    "domain": "Planting Schedules",
    "turns": [
      [
        "I'm looking for a planting schedule for root vegetables in spring.",
        {
          "name": null,
          "season": "spring",
          "climate": null,
          "crop_type": "root vegetables",
          "soil_type": null,
          "irrigation_system": null
        },
        "I have a great option for spring root crops; would you like to know more?"
      ],
      [
        "Yes, please tell me more about it!",
        {
          "name": null,
          "season": "spring",
          "climate": null,
          "crop_type": "root vegetables",
          "soil_type": null,
          "irrigation_system": null
        },
        "It's called \"Spring Root Crops,\" suitable for temperate climate, loam soil, and uses drip irrigation."
      ],
      [
        "That sounds perfect! What specific root vegetables can I grow with this schedule?",
        {
          "name": "Spring Root Crops",
          "season": "spring",
          "climate": "temperate",
          "crop_type": "root vegetables",
          "soil_type": "loam",
          "irrigation_system": "drip"
        },
        "You can grow carrots, beets, and radishes with the Spring Root Crops schedule."
      ],
      [
        "Great! Can you tell me the planting dates for these vegetables?",
        {
          "name": "Spring Root Crops",
          "season": "spring",
          "climate": "temperate",
          "crop_type": "root vegetables",
          "soil_type": "loam",
          "irrigation_system": "drip"
        },
        "Typically, you can plant them in early to mid-spring, around March to April."
      ],
      [
        "That works for me! I think I'll go with the Spring Root Crops schedule. Thank you!",
        {
          "name": "Spring Root Crops",
          "season": "spring",
          "climate": "temperate",
          "crop_type": "root vegetables",
          "soil_type": "loam",
          "irrigation_system": "drip"
        },
        "You're welcome! Happy gardening with your Spring Root Crops!"
      ]
    ],
    "preferences_code": "```python\npreferences = PlantingScheduleCriteria(\n    name='Spring Root Crops',\n    season='spring',\n    climate='temperate',\n    crop_type='root vegetables',\n    soil_type='loam',\n    irrigation_system='drip',\n)\n```",
    "red_herrings_code": "```python\n# Global variable containing a list of similar Planting Schedule examples\nsimilar_planting_schedules = [\n    PlantingSchedule(\n        name='Spring Veggies Deluxe',\n        season='spring',\n        climate='temperate',\n        crop_type='vegetables',\n        soil_type='loam',\n        irrigation_system='sprinkler',\n    ),\n    PlantingSchedule(\n        name='Spring Root Crops',\n        season='spring',\n        climate='temperate',\n        crop_type='root vegetables',\n        soil_type='loam',\n        irrigation_system='drip',\n    ),\n    PlantingSchedule(\n        name='Summer Veggies',\n        season='summer',\n        climate='temperate',\n        crop_type='vegetables',\n        soil_type='loam',\n        irrigation_system='drip',\n    ),\n]\n```",
    "database_code": "```python\n# Global variable containing a list of PlantingSchedule examples\nplanting_schedules = [\n    PlantingSchedule(name=\"Spring Veggies\", season=\"spring\", climate=\"temperate\", crop_type=\"vegetables\", soil_type=\"loam\", irrigation_system=\"drip\"),\n    PlantingSchedule(name=\"Summer Fruits\", season=\"summer\", climate=\"tropical\", crop_type=\"fruits\", soil_type=\"sandy\", irrigation_system=\"sprinkler\"),\n    PlantingSchedule(name=\"Autumn Grains\", season=\"autumn\", climate=\"continental\", crop_type=\"grains\", soil_type=\"clay\", irrigation_system=\"surface\"),\n    PlantingSchedule(name=\"Winter Greens\", season=\"winter\", climate=\"polar\", crop_type=\"greens\", soil_type=\"silt\", irrigation_system=\"subsurface\"),\n    PlantingSchedule(name=\"Tropical Spices\", season=\"spring\", climate=\"tropical\", crop_type=\"spices\", soil_type=\"peat\", irrigation_system=\"drip\"),\n    PlantingSchedule(name=\"Dryland Pulses\", season=\"summer\", climate=\"dry\", crop_type=\"pulses\", soil_type=\"chalk\", irrigation_system=\"surface\"),\n    PlantingSchedule(name=\"Temperate Berries\", season=\"autumn\", climate=\"temperate\", crop_type=\"berries\", soil_type=\"loam\", irrigation_system=\"sprinkler\"),\n    PlantingSchedule(name=\"Polar Root Vegetables\", season=\"winter\", climate=\"polar\", crop_type=\"root vegetables\", soil_type=\"clay\", irrigation_system=\"subsurface\"),\n    PlantingSchedule(name=\"Continental Nuts\", season=\"spring\", climate=\"continental\", crop_type=\"nuts\", soil_type=\"sandy\", irrigation_system=\"drip\"),\n    PlantingSchedule(name=\"Tropical Flowers\", season=\"summer\", climate=\"tropical\", crop_type=\"flowers\", soil_type=\"peat\", irrigation_system=\"sprinkler\"),\n]\n```",
    "goal": {
      "name": null,
      "season": "spring",
      "climate": null,
      "crop_type": "root vegetables",
      "soil_type": "loam",
      "irrigation_system": "drip"
    },
    "database": [
      {
        "name": "Autumn Grains",
        "season": "autumn",
        "climate": "continental",
        "crop_type": "grains",
        "soil_type": "clay",
        "irrigation_system": "surface"
      },
      {
        "name": "Winter Greens",
        "season": "winter",
        "climate": "polar",
        "crop_type": "greens",
        "soil_type": "silt",
        "irrigation_system": "subsurface"
      },
      {
        "name": "Polar Root Vegetables",
        "season": "winter",
        "climate": "polar",
        "crop_type": "root vegetables",
        "soil_type": "clay",
        "irrigation_system": "subsurface"
      },
      {
        "name": "Spring Veggies Deluxe",
        "season": "spring",
        "climate": "temperate",
        "crop_type": "vegetables",
        "soil_type": "loam",
        "irrigation_system": "sprinkler"
      },
      {
        "name": "Temperate Berries",
        "season": "autumn",
        "climate": "temperate",
        "crop_type": "berries",
        "soil_type": "loam",
        "irrigation_system": "sprinkler"
      },
      {
        "name": "Continental Nuts",
        "season": "spring",
        "climate": "continental",
        "crop_type": "nuts",
        "soil_type": "sandy",
        "irrigation_system": "drip"
      },
      {
        "name": "Spring Veggies",
        "season": "spring",
        "climate": "temperate",
        "crop_type": "vegetables",
        "soil_type": "loam",
        "irrigation_system": "drip"
      },
      {
        "name": "Tropical Flowers",
        "season": "summer",
        "climate": "tropical",
        "crop_type": "flowers",
        "soil_type": "peat",
        "irrigation_system": "sprinkler"
      },
      {
        "name": "Summer Veggies",
        "season": "summer",
        "climate": "temperate",
        "crop_type": "vegetables",
        "soil_type": "loam",
        "irrigation_system": "drip"
      },
      {
        "name": "Summer Fruits",
        "season": "summer",
        "climate": "tropical",
        "crop_type": "fruits",
        "soil_type": "sandy",
        "irrigation_system": "sprinkler"
      },
      {
        "name": "Spring Root Crops",
        "season": "spring",
        "climate": "temperate",
        "crop_type": "root vegetables",
        "soil_type": "loam",
        "irrigation_system": "drip"
      },
      {
        "name": "Dryland Pulses",
        "season": "summer",
        "climate": "dry",
        "crop_type": "pulses",
        "soil_type": "chalk",
        "irrigation_system": "surface"
      },
      {
        "name": "Tropical Spices",
        "season": "spring",
        "climate": "tropical",
        "crop_type": "spices",
        "soil_type": "peat",
        "irrigation_system": "drip"
      }
    ],
    "status": "complete"
  },
  {
    "domain": "Soil Types",
    "turns": [
      [
        "Thanks! Now, can you help me find suitable soil types for my garden?",
        {
          "name": null,
          "soil_ph": null,
          "soil_type": "Loam",
          "nutrient_content": null,
          "drainage": null,
          "organic_matter": null,
          "salinity": null,
          "compaction": null,
          "moisture_retention": null
        },
        "Sure! What specific characteristics are you looking for in your soil?"
      ],
      [
        "I'm looking for sandy soil with a pH of around 6.5.",
        {
          "name": null,
          "soil_ph": 6.5,
          "soil_type": "Sandy",
          "nutrient_content": null,
          "drainage": null,
          "organic_matter": null,
          "salinity": null,
          "compaction": null,
          "moisture_retention": null
        },
        "I recommend checking out Sandy Loam with a pH of 6.5; it has good drainage and moderate moisture retention."
      ],
      [
        "That sounds promising! What about the nutrient content of Sandy Loam?",
        {
          "name": null,
          "soil_ph": 6.5,
          "soil_type": "Sandy",
          "nutrient_content": null,
          "drainage": null,
          "organic_matter": null,
          "salinity": null,
          "compaction": null,
          "moisture_retention": "Moderate"
        },
        "The Sandy Loam has moderate nutrient content, which is quite suitable for many plants."
      ],
      [
        "Perfect! How's the drainage capability for Sandy Loam?",
        {
          "name": "Sandy Loam",
          "soil_ph": 6.5,
          "soil_type": "Sandy",
          "nutrient_content": "Moderate",
          "drainage": "Good",
          "organic_matter": null,
          "salinity": null,
          "compaction": null,
          "moisture_retention": null
        },
        "Sandy Loam has good drainage capability, making it ideal for root vegetables."
      ],
      [
        "That\u2019s great to hear! What about the organic matter content?",
        {
          "name": "Sandy Loam",
          "soil_ph": 6.5,
          "soil_type": "Sandy",
          "nutrient_content": "Moderate",
          "drainage": "Good",
          "organic_matter": null,
          "salinity": null,
          "compaction": null,
          "moisture_retention": null
        },
        "Sandy Loam typically has around 4.5 to 5.5% organic matter, which is beneficial for soil health."
      ],
      [
        "Sounds good! Is the salinity level usually low or medium in Sandy Loam?",
        {
          "name": "Sandy Loam",
          "soil_ph": 6.5,
          "soil_type": "Sandy",
          "nutrient_content": "Moderate",
          "drainage": "Good",
          "organic_matter": 5.0,
          "salinity": "Low",
          "compaction": null,
          "moisture_retention": null
        },
        "The salinity level in Sandy Loam is usually low, which is great for most plants."
      ],
      [
        "Awesome! And how about the compaction level?",
        {
          "name": "Sandy Loam",
          "soil_ph": 6.5,
          "soil_type": "Sandy",
          "nutrient_content": "Moderate",
          "drainage": "Good",
          "organic_matter": 5.0,
          "salinity": "Low",
          "compaction": null,
          "moisture_retention": null
        },
        "Sandy Loam generally has a compaction level around 1.1 to 1.3, which is manageable for root growth."
      ]
    ],
    "preferences_code": "```python\npreferences = SoilTypeCriteria(\n    name='Sandy Loam',\n    soil_ph=6.5,\n    soil_type='Sandy',\n    nutrient_content='Moderate',\n    drainage='Good',\n    organic_matter=5.0,\n    salinity='Medium',\n    compaction=1.2,\n    moisture_retention='Moderate'\n)\n```",
    "red_herrings_code": "```python\n# Global variable representing a list of similar Soil Types examples\nsimilar_soil_types = [\n    SoilTypeKnowledge(\n        name='Sandy Loam',\n        soil_ph=6.3,\n        soil_type='Loam',\n        nutrient_content='Moderate',\n        drainage='Good',\n        organic_matter=4.5,\n        salinity='Low',\n        compaction=1.1,\n        moisture_retention='Moderate',\n    ),\n    SoilTypeKnowledge(\n        name='Sandy Loam',\n        soil_ph=6.5,\n        soil_type='Sandy',\n        nutrient_content='Moderate',\n        drainage='Good',\n        organic_matter=5.0,\n        salinity='Medium',\n        compaction=1.2,\n        moisture_retention='Moderate',\n    ),\n    SoilTypeKnowledge(\n        name='Sandy Loam',\n        soil_ph=6.7,\n        soil_type='Loam',\n        nutrient_content='High',\n        drainage='Good',\n        organic_matter=5.5,\n        salinity='Low',\n        compaction=1.3,\n        moisture_retention='High',\n    )\n]\n```",
    "database_code": "```python\n# Global variable to hold examples of Soil Types\nsoil_types_examples = [\n    SoilTypeKnowledge(\n        name=\"Sandy Loam\",\n        soil_ph=6.5,\n        soil_type='Loam',\n        nutrient_content=\"Moderate\",\n        drainage='Good',\n        organic_matter=5.0,\n        salinity='Low',\n        compaction=1.2,\n        moisture_retention=\"Moderate\"\n    ),\n    SoilTypeKnowledge(\n        name=\"Clay Soil\",\n        soil_ph=7.0,\n        soil_type='Clay',\n        nutrient_content=\"High\",\n        drainage='Poor',\n        organic_matter=3.0,\n        salinity='Medium',\n        compaction=1.5,\n        moisture_retention=\"High\"\n    ),\n    SoilTypeKnowledge(\n        name=\"Silty Soil\",\n        soil_ph=6.8,\n        soil_type='Silt',\n        nutrient_content=\"High\",\n        drainage='Moderate',\n        organic_matter=4.0,\n        salinity='Low',\n        compaction=1.3,\n        moisture_retention=\"Good\"\n    ),\n    SoilTypeKnowledge(\n        name=\"Sandy Soil\",\n        soil_ph=6.0,\n        soil_type='Sandy',\n        nutrient_content=\"Low\",\n        drainage='Good',\n        organic_matter=1.0,\n        salinity='Medium',\n        compaction=1.1,\n        moisture_retention=\"Low\"\n    ),\n    SoilTypeKnowledge(\n        name=\"Loamy Soil\",\n        soil_ph=6.2,\n        soil_type='Loam',\n        nutrient_content=\"High\",\n        drainage='Good',\n        organic_matter=6.0,\n        salinity='Low',\n        compaction=1.0,\n        moisture_retention=\"Moderate\"\n    ),\n    SoilTypeKnowledge(\n        name=\"Heavy Clay\",\n        soil_ph=7.2,\n        soil_type='Clay',\n        nutrient_content=\"Moderate\",\n        drainage='Poor',\n        organic_matter=2.5,\n        salinity='High',\n        compaction=1.6,\n        moisture_retention=\"Very High\"\n    ),\n    SoilTypeKnowledge(\n        name=\"Peaty Soil\",\n        soil_ph=5.5,\n        soil_type='Loam',\n        nutrient_content=\"High\",\n        drainage='Moderate',\n        organic_matter=12.0,\n        salinity='Low',\n        compaction=0.8,\n        moisture_retention=\"High\"\n    ),\n    SoilTypeKnowledge(\n        name=\"Chalky Soil\",\n        soil_ph=8.0,\n        soil_type='Sandy',\n        nutrient_content=\"Low\",\n        drainage='Good',\n        organic_matter=2.0,\n        salinity='Medium',\n        compaction=1.4,\n        moisture_retention=\"Low\"\n    ),\n    SoilTypeKnowledge(\n        name=\"Saline Soil\",\n        soil_ph=7.5,\n        soil_type='Clay',\n        nutrient_content=\"Very Low\",\n        drainage='Poor',\n        organic_matter=1.5,\n        salinity='High',\n        compaction=1.7,\n        moisture_retention=\"Very Low\"\n    ),\n    SoilTypeKnowledge(\n        name=\"Alluvial Soil\",\n        soil_ph=6.7,\n        soil_type='Loam',\n        nutrient_content=\"Very High\",\n        drainage='Good',\n        organic_matter=8.0,\n        salinity='Low',\n        compaction=1.2,\n        moisture_retention=\"Good\"\n    )\n]\n```",
    "goal": {
      "name": null,
      "soil_ph": 6.5,
      "soil_type": "Sandy",
      "nutrient_content": "Moderate",
      "drainage": "Good",
      "organic_matter": 5.0,
      "salinity": "Medium",
      "compaction": 1.2,
      "moisture_retention": "Moderate"
    },
    "database": [
      {
        "name": "Chalky Soil",
        "soil_ph": 8.0,
        "soil_type": "Sandy",
        "nutrient_content": "Low",
        "drainage": "Good",
        "organic_matter": 2.0,
        "salinity": "Medium",
        "compaction": 1.4,
        "moisture_retention": "Low"
      },
      {
        "name": "Saline Soil",
        "soil_ph": 7.5,
        "soil_type": "Clay",
        "nutrient_content": "Very Low",
        "drainage": "Poor",
        "organic_matter": 1.5,
        "salinity": "High",
        "compaction": 1.7,
        "moisture_retention": "Very Low"
      },
      {
        "name": "Clay Soil",
        "soil_ph": 7.0,
        "soil_type": "Clay",
        "nutrient_content": "High",
        "drainage": "Poor",
        "organic_matter": 3.0,
        "salinity": "Medium",
        "compaction": 1.5,
        "moisture_retention": "High"
      },
      {
        "name": "Alluvial Soil",
        "soil_ph": 6.7,
        "soil_type": "Loam",
        "nutrient_content": "Very High",
        "drainage": "Good",
        "organic_matter": 8.0,
        "salinity": "Low",
        "compaction": 1.2,
        "moisture_retention": "Good"
      },
      {
        "name": "Heavy Clay",
        "soil_ph": 7.2,
        "soil_type": "Clay",
        "nutrient_content": "Moderate",
        "drainage": "Poor",
        "organic_matter": 2.5,
        "salinity": "High",
        "compaction": 1.6,
        "moisture_retention": "Very High"
      },
      {
        "name": "Sandy Loam",
        "soil_ph": 6.5,
        "soil_type": "Sandy",
        "nutrient_content": "Moderate",
        "drainage": "Good",
        "organic_matter": 5.0,
        "salinity": "Medium",
        "compaction": 1.2,
        "moisture_retention": "Moderate"
      },
      {
        "name": "Peaty Soil",
        "soil_ph": 5.5,
        "soil_type": "Loam",
        "nutrient_content": "High",
        "drainage": "Moderate",
        "organic_matter": 12.0,
        "salinity": "Low",
        "compaction": 0.8,
        "moisture_retention": "High"
      },
      {
        "name": "Loamy Soil",
        "soil_ph": 6.2,
        "soil_type": "Loam",
        "nutrient_content": "High",
        "drainage": "Good",
        "organic_matter": 6.0,
        "salinity": "Low",
        "compaction": 1.0,
        "moisture_retention": "Moderate"
      },
      {
        "name": "Silty Soil",
        "soil_ph": 6.8,
        "soil_type": "Silt",
        "nutrient_content": "High",
        "drainage": "Moderate",
        "organic_matter": 4.0,
        "salinity": "Low",
        "compaction": 1.3,
        "moisture_retention": "Good"
      },
      {
        "name": "Sandy Loam",
        "soil_ph": 6.7,
        "soil_type": "Loam",
        "nutrient_content": "High",
        "drainage": "Good",
        "organic_matter": 5.5,
        "salinity": "Low",
        "compaction": 1.3,
        "moisture_retention": "High"
      },
      {
        "name": "Sandy Loam",
        "soil_ph": 6.3,
        "soil_type": "Loam",
        "nutrient_content": "Moderate",
        "drainage": "Good",
        "organic_matter": 4.5,
        "salinity": "Low",
        "compaction": 1.1,
        "moisture_retention": "Moderate"
      },
      {
        "name": "Sandy Loam",
        "soil_ph": 6.5,
        "soil_type": "Loam",
        "nutrient_content": "Moderate",
        "drainage": "Good",
        "organic_matter": 5.0,
        "salinity": "Low",
        "compaction": 1.2,
        "moisture_retention": "Moderate"
      },
      {
        "name": "Sandy Soil",
        "soil_ph": 6.0,
        "soil_type": "Sandy",
        "nutrient_content": "Low",
        "drainage": "Good",
        "organic_matter": 1.0,
        "salinity": "Medium",
        "compaction": 1.1,
        "moisture_retention": "Low"
      }
    ],
    "status": "complete"
  },
  {
    "domain": "Irrigation Systems",
    "turns": [
      [
        "That's great! Now, can you help me find a suitable irrigation system?",
        {
          "name": null,
          "water_source": null,
          "system_type": "Drip",
          "budget": null,
          "energy_requirement": null,
          "area_coverage": null,
          "maintenance_level": null,
          "installation_complexity": null
        },
        "Absolutely! What are your preferences for the irrigation system?"
      ],
      [
        "I'm looking for a manual irrigation system with a municipal water source.",
        {
          "name": null,
          "water_source": "Municipal",
          "system_type": "Manual",
          "budget": null,
          "energy_requirement": null,
          "area_coverage": null,
          "maintenance_level": null,
          "installation_complexity": null
        },
        "I have a couple of options for manual systems with a municipal source; would you like to know the budget range?"
      ],
      [
        "Yes, please share the budget range for those options!",
        {
          "name": null,
          "water_source": "Municipal",
          "system_type": "Manual",
          "budget": null,
          "energy_requirement": null,
          "area_coverage": null,
          "maintenance_level": null,
          "installation_complexity": null
        },
        "The budget range for manual irrigation systems with a municipal source is between $100 and $200."
      ],
      [
        "That fits my budget! What about the area coverage for these systems?",
        {
          "name": null,
          "water_source": "Municipal",
          "system_type": "Manual",
          "budget": 150.0,
          "energy_requirement": null,
          "area_coverage": null,
          "maintenance_level": null,
          "installation_complexity": null
        },
        "The area coverage for those manual systems ranges from 150 to 200 square meters."
      ],
      [
        "Perfect! Can you tell me about the maintenance level required for these systems?",
        {
          "name": null,
          "water_source": "Municipal",
          "system_type": "Manual",
          "budget": 150.0,
          "energy_requirement": null,
          "area_coverage": 175.0,
          "maintenance_level": null,
          "installation_complexity": null
        },
        "The maintenance level for those manual systems is generally low to medium."
      ],
      [
        "That sounds good! What about the installation complexity?",
        {
          "name": null,
          "water_source": "Municipal",
          "system_type": "Manual",
          "budget": 150.0,
          "energy_requirement": null,
          "area_coverage": 175.0,
          "maintenance_level": "Low",
          "installation_complexity": null
        },
        "The installation complexity for those manual systems is typically easy to moderate."
      ],
      [
        "Great! I think I\u2019ve found what I need. I\u2019ll go with a manual irrigation system! Thank you!",
        {
          "name": null,
          "water_source": "Municipal",
          "system_type": "Manual",
          "budget": 150.0,
          "energy_requirement": null,
          "area_coverage": 175.0,
          "maintenance_level": "Low",
          "installation_complexity": "Easy"
        },
        "You're welcome! Enjoy your gardening with the manual irrigation system!"
      ]
    ],
    "preferences_code": "```python\npreferences = IrrigationSystemCriteria(\n    name='Manual Irrigation System C',\n    water_source='Municipal',\n    system_type='Manual',\n    budget=200.0,\n    energy_requirement='Manual',\n    area_coverage=150.0,\n    maintenance_level='Medium',\n    installation_complexity='Moderate',\n)\n```",
    "red_herrings_code": "```python\n# Global variable representing a list of similar Irrigation System examples\nsimilar_irrigation_systems = [\n    IrrigationSystem(\n        name='Manual Irrigation System A',\n        water_source='Municipal',\n        system_type='Manual',\n        budget=100.0,\n        energy_requirement='Manual',\n        area_coverage=150.0,\n        maintenance_level='Low',\n        installation_complexity='Easy',\n    ),\n    IrrigationSystem(\n        name='Manual Irrigation System B',\n        water_source='Well',\n        system_type='Manual',\n        budget=150.0,\n        energy_requirement='Manual',\n        area_coverage=120.0,\n        maintenance_level='Low',\n        installation_complexity='Easy',\n    ),\n    IrrigationSystem(\n        name='Manual Irrigation System C',\n        water_source='Municipal',\n        system_type='Manual',\n        budget=200.0,\n        energy_requirement='Manual',\n        area_coverage=150.0,\n        maintenance_level='Medium',\n        installation_complexity='Moderate',\n    ),\n]\n```",
    "database_code": "```python\n# Global variable representing a list of irrigation system examples\nirrigation_systems = [\n    IrrigationSystem(\n        name=\"Drip Irrigation System A\",\n        water_source=\"Well\",\n        system_type=\"Drip\",\n        budget=1500.0,\n        energy_requirement=\"Solar\",\n        area_coverage=500.0,\n        maintenance_level=\"Low\",\n        installation_complexity=\"Moderate\"\n    ),\n    IrrigationSystem(\n        name=\"Sprinkler System B\",\n        water_source=\"River\",\n        system_type=\"Sprinkler\",\n        budget=800.0,\n        energy_requirement=\"Electric\",\n        area_coverage=1000.0,\n        maintenance_level=\"Medium\",\n        installation_complexity=\"Easy\"\n    ),\n    IrrigationSystem(\n        name=\"Surface Irrigation System C\",\n        water_source=\"Rainwater\",\n        system_type=\"Surface\",\n        budget=300.0,\n        energy_requirement=\"Manual\",\n        area_coverage=1500.0,\n        maintenance_level=\"High\",\n        installation_complexity=\"Hard\"\n    ),\n    IrrigationSystem(\n        name=\"Manual Irrigation System D\",\n        water_source=\"Municipal\",\n        system_type=\"Manual\",\n        budget=200.0,\n        energy_requirement=\"Manual\",\n        area_coverage=200.0,\n        maintenance_level=\"Low\",\n        installation_complexity=\"Easy\"\n    ),\n    IrrigationSystem(\n        name=\"Drip Irrigation System E\",\n        water_source=\"Well\",\n        system_type=\"Drip\",\n        budget=1200.0,\n        energy_requirement=\"Solar\",\n        area_coverage=600.0,\n        maintenance_level=\"Medium\",\n        installation_complexity=\"Moderate\"\n    ),\n    IrrigationSystem(\n        name=\"Sprinkler System F\",\n        water_source=\"River\",\n        system_type=\"Sprinkler\",\n        budget=950.0,\n        energy_requirement=\"Electric\",\n        area_coverage=800.0,\n        maintenance_level=\"Low\",\n        installation_complexity=\"Easy\"\n    ),\n    IrrigationSystem(\n        name=\"Surface Irrigation System G\",\n        water_source=\"Rainwater\",\n        system_type=\"Surface\",\n        budget=500.0,\n        energy_requirement=\"Manual\",\n        area_coverage=1000.0,\n        maintenance_level=\"High\",\n        installation_complexity=\"Hard\"\n    ),\n    IrrigationSystem(\n        name=\"Manual Irrigation System H\",\n        water_source=\"Municipal\",\n        system_type=\"Manual\",\n        budget=150.0,\n        energy_requirement=\"Manual\",\n        area_coverage=150.0,\n        maintenance_level=\"Low\",\n        installation_complexity=\"Easy\"\n    ),\n    IrrigationSystem(\n        name=\"Drip Irrigation System I\",\n        water_source=\"Well\",\n        system_type=\"Drip\",\n        budget=1100.0,\n        energy_requirement=\"Solar\",\n        area_coverage=700.0,\n        maintenance_level=\"Medium\",\n        installation_complexity=\"Moderate\"\n    ),\n    IrrigationSystem(\n        name=\"Sprinkler System J\",\n        water_source=\"River\",\n        system_type=\"Sprinkler\",\n        budget=900.0,\n        energy_requirement=\"Electric\",\n        area_coverage=900.0,\n        maintenance_level=\"Low\",\n        installation_complexity=\"Easy\"\n    )\n]\n```",
    "goal": {
      "name": "Manual Irrigation System C",
      "water_source": "Municipal",
      "system_type": "Manual",
      "budget": 200.0,
      "energy_requirement": "Manual",
      "area_coverage": 150.0,
      "maintenance_level": "Medium",
      "installation_complexity": "Moderate"
    },
    "database": [
      {
        "name": "Surface Irrigation System C",
        "water_source": "Rainwater",
        "system_type": "Surface",
        "budget": 300.0,
        "energy_requirement": "Manual",
        "area_coverage": 1500.0,
        "maintenance_level": "High",
        "installation_complexity": "Hard"
      },
      {
        "name": "Drip Irrigation System E",
        "water_source": "Well",
        "system_type": "Drip",
        "budget": 1200.0,
        "energy_requirement": "Solar",
        "area_coverage": 600.0,
        "maintenance_level": "Medium",
        "installation_complexity": "Moderate"
      },
      {
        "name": "Surface Irrigation System G",
        "water_source": "Rainwater",
        "system_type": "Surface",
        "budget": 500.0,
        "energy_requirement": "Manual",
        "area_coverage": 1000.0,
        "maintenance_level": "High",
        "installation_complexity": "Hard"
      },
      {
        "name": "Sprinkler System J",
        "water_source": "River",
        "system_type": "Sprinkler",
        "budget": 900.0,
        "energy_requirement": "Electric",
        "area_coverage": 900.0,
        "maintenance_level": "Low",
        "installation_complexity": "Easy"
      },
      {
        "name": "Sprinkler System B",
        "water_source": "River",
        "system_type": "Sprinkler",
        "budget": 800.0,
        "energy_requirement": "Electric",
        "area_coverage": 1000.0,
        "maintenance_level": "Medium",
        "installation_complexity": "Easy"
      },
      {
        "name": "Manual Irrigation System C",
        "water_source": "Municipal",
        "system_type": "Manual",
        "budget": 200.0,
        "energy_requirement": "Manual",
        "area_coverage": 150.0,
        "maintenance_level": "Medium",
        "installation_complexity": "Moderate"
      },
      {
        "name": "Sprinkler System F",
        "water_source": "River",
        "system_type": "Sprinkler",
        "budget": 950.0,
        "energy_requirement": "Electric",
        "area_coverage": 800.0,
        "maintenance_level": "Low",
        "installation_complexity": "Easy"
      },
      {
        "name": "Drip Irrigation System A",
        "water_source": "Well",
        "system_type": "Drip",
        "budget": 1500.0,
        "energy_requirement": "Solar",
        "area_coverage": 500.0,
        "maintenance_level": "Low",
        "installation_complexity": "Moderate"
      },
      {
        "name": "Manual Irrigation System D",
        "water_source": "Municipal",
        "system_type": "Manual",
        "budget": 200.0,
        "energy_requirement": "Manual",
        "area_coverage": 200.0,
        "maintenance_level": "Low",
        "installation_complexity": "Easy"
      },
      {
        "name": "Manual Irrigation System A",
        "water_source": "Municipal",
        "system_type": "Manual",
        "budget": 100.0,
        "energy_requirement": "Manual",
        "area_coverage": 150.0,
        "maintenance_level": "Low",
        "installation_complexity": "Easy"
      },
      {
        "name": "Manual Irrigation System B",
        "water_source": "Well",
        "system_type": "Manual",
        "budget": 150.0,
        "energy_requirement": "Manual",
        "area_coverage": 120.0,
        "maintenance_level": "Low",
        "installation_complexity": "Easy"
      },
      {
        "name": "Manual Irrigation System H",
        "water_source": "Municipal",
        "system_type": "Manual",
        "budget": 150.0,
        "energy_requirement": "Manual",
        "area_coverage": 150.0,
        "maintenance_level": "Low",
        "installation_complexity": "Easy"
      },
      {
        "name": "Drip Irrigation System I",
        "water_source": "Well",
        "system_type": "Drip",
        "budget": 1100.0,
        "energy_requirement": "Solar",
        "area_coverage": 700.0,
        "maintenance_level": "Medium",
        "installation_complexity": "Moderate"
      }
    ],
    "status": "complete"
  }
]