[
  {
    "domain": "Development Strategies",
    "turns": [
      [
        "I'm looking for a mentorship program focused on networking, preferably remote.",
        {
          "name": null,
          "type": "Mentorship",
          "duration": null,
          "cost": null,
          "intensity": null,
          "location": "Remote",
          "goal_alignment": "Networking",
          "target_audience": null
        },
        "I have a couple of options; would you prefer a shorter or longer program duration?"
      ],
      [
        "I'm open to any duration, as long as it fits my budget.",
        {
          "name": null,
          "type": "Mentorship",
          "duration": null,
          "cost": null,
          "intensity": null,
          "location": "Remote",
          "goal_alignment": "Networking",
          "target_audience": null
        },
        "The Executive Mentorship is remote, focused on networking, and costs $1,100 for 24 hours. Does that work for you?"
      ],
      [
        "Yes, that sounds great! I'm interested in the Executive Mentorship.",
        {
          "name": "Executive Mentorship",
          "type": "Mentorship",
          "duration": 24,
          "cost": 1100,
          "intensity": null,
          "location": "Remote",
          "goal_alignment": "Networking",
          "target_audience": null
        },
        "Perfect choice! The Executive Mentorship will be a great fit for you."
      ]
    ],
    "preferences_code": "```python\npreferences = DevelopmentStrategyCriteria(\n    name='Executive Mentorship',\n    type='Mentorship',\n    duration=24,\n    cost=1100.0,\n    intensity='High',\n    location='Remote',\n    goal_alignment='Networking',\n    target_audience='Individual'\n)\n```",
    "red_herrings_code": "```python\n# Global variable representing a list of Development Strategies examples\ndevelopment_strategies = [\n    DevelopmentStrategy(\n        name='Group Mentorship Program',\n        type='Mentorship',\n        duration=24,\n        cost=900.0,\n        intensity='High',\n        location='On-site',\n        goal_alignment='Networking',\n        target_audience='Team',\n    ),\n    DevelopmentStrategy(\n        name='Leadership Mentorship',\n        type='Mentorship',\n        duration=30,\n        cost=1200.0,\n        intensity='Medium',\n        location='Hybrid',\n        goal_alignment='Leadership Enhancement',\n        target_audience='Individual',\n    ),\n    DevelopmentStrategy(\n        name='Executive Mentorship',\n        type='Mentorship',\n        duration=24,\n        cost=1100.0,\n        intensity='High',\n        location='Remote',\n        goal_alignment='Networking',\n        target_audience='Individual',\n    ),\n]\n```",
    "database_code": "```python\n# Global variable containing a list of Development Strategy examples\ndevelopment_strategies = [\n    DevelopmentStrategy(\n        name=\"Leadership Workshop\",\n        type=\"Workshop\",\n        duration=8,\n        cost=500.0,\n        intensity=\"Medium\",\n        location=\"On-site\",\n        goal_alignment=\"Leadership Enhancement\",\n        target_audience=\"Team\"\n    ),\n    DevelopmentStrategy(\n        name=\"Online Leadership Course\",\n        type=\"Online Course\",\n        duration=12,\n        cost=300.0,\n        intensity=\"Low\",\n        location=\"Remote\",\n        goal_alignment=\"Skill Building\",\n        target_audience=\"Individual\"\n    ),\n    DevelopmentStrategy(\n        name=\"Mentorship Program\",\n        type=\"Mentorship\",\n        duration=24,\n        cost=1000.0,\n        intensity=\"High\",\n        location=\"Hybrid\",\n        goal_alignment=\"Networking\",\n        target_audience=\"Individual\"\n    ),\n    DevelopmentStrategy(\n        name=\"Team Building Seminar\",\n        type=\"Seminar\",\n        duration=6,\n        cost=400.0,\n        intensity=\"Medium\",\n        location=\"On-site\",\n        goal_alignment=\"Skill Building\",\n        target_audience=\"Team\"\n    ),\n    DevelopmentStrategy(\n        name=\"Executive Coaching\",\n        type=\"Mentorship\",\n        duration=20,\n        cost=1500.0,\n        intensity=\"High\",\n        location=\"Remote\",\n        goal_alignment=\"Leadership Enhancement\",\n        target_audience=\"Individual\"\n    ),\n    DevelopmentStrategy(\n        name=\"Agile Workshop\",\n        type=\"Workshop\",\n        duration=5,\n        cost=600.0,\n        intensity=\"Medium\",\n        location=\"On-site\",\n        goal_alignment=\"Skill Building\",\n        target_audience=\"Team\"\n    ),\n    DevelopmentStrategy(\n        name=\"Networking Online Course\",\n        type=\"Online Course\",\n        duration=10,\n        cost=250.0,\n        intensity=\"Low\",\n        location=\"Remote\",\n        goal_alignment=\"Networking\",\n        target_audience=\"Individual\"\n    ),\n    DevelopmentStrategy(\n        name=\"Leadership Retreat\",\n        type=\"Seminar\",\n        duration=48,\n        cost=2000.0,\n        intensity=\"High\",\n        location=\"On-site\",\n        goal_alignment=\"Leadership Enhancement\",\n        target_audience=\"Team\"\n    ),\n    DevelopmentStrategy(\n        name=\"Conflict Resolution Workshop\",\n        type=\"Workshop\",\n        duration=4,\n        cost=350.0,\n        intensity=\"Medium\",\n        location=\"Hybrid\",\n        goal_alignment=\"Skill Building\",\n        target_audience=\"Team\"\n    ),\n    DevelopmentStrategy(\n        name=\"Online Team Management Course\",\n        type=\"Online Course\",\n        duration=15,\n        cost=450.0,\n        intensity=\"Low\",\n        location=\"Remote\",\n        goal_alignment=\"Leadership Enhancement\",\n        target_audience=\"Team\"\n    )\n]\n```",
    "goal": {
      "name": "Executive Mentorship",
      "type": null,
      "duration": null,
      "cost": 1100.0,
      "intensity": null,
      "location": "Remote",
      "goal_alignment": "Networking",
      "target_audience": "Individual"
    },
    "database": [
      {
        "name": "Leadership Workshop",
        "type": "Workshop",
        "duration": 8,
        "cost": 500.0,
        "intensity": "Medium",
        "location": "On-site",
        "goal_alignment": "Leadership Enhancement",
        "target_audience": "Team"
      },
      {
        "name": "Online Team Management Course",
        "type": "Online Course",
        "duration": 15,
        "cost": 450.0,
        "intensity": "Low",
        "location": "Remote",
        "goal_alignment": "Leadership Enhancement",
        "target_audience": "Team"
      },
      {
        "name": "Team Building Seminar",
        "type": "Seminar",
        "duration": 6,
        "cost": 400.0,
        "intensity": "Medium",
        "location": "On-site",
        "goal_alignment": "Skill Building",
        "target_audience": "Team"
      },
      {
        "name": "Leadership Mentorship",
        "type": "Mentorship",
        "duration": 30,
        "cost": 1200.0,
        "intensity": "Medium",
        "location": "Hybrid",
        "goal_alignment": "Leadership Enhancement",
        "target_audience": "Individual"
      },
      {
        "name": "Leadership Retreat",
        "type": "Seminar",
        "duration": 48,
        "cost": 2000.0,
        "intensity": "High",
        "location": "On-site",
        "goal_alignment": "Leadership Enhancement",
        "target_audience": "Team"
      },
      {
        "name": "Networking Online Course",
        "type": "Online Course",
        "duration": 10,
        "cost": 250.0,
        "intensity": "Low",
        "location": "Remote",
        "goal_alignment": "Networking",
        "target_audience": "Individual"
      },
      {
        "name": "Agile Workshop",
        "type": "Workshop",
        "duration": 5,
        "cost": 600.0,
        "intensity": "Medium",
        "location": "On-site",
        "goal_alignment": "Skill Building",
        "target_audience": "Team"
      },
      {
        "name": "Mentorship Program",
        "type": "Mentorship",
        "duration": 24,
        "cost": 1000.0,
        "intensity": "High",
        "location": "Hybrid",
        "goal_alignment": "Networking",
        "target_audience": "Individual"
      },
      {
        "name": "Executive Mentorship",
        "type": "Mentorship",
        "duration": 24,
        "cost": 1100.0,
        "intensity": "High",
        "location": "Remote",
        "goal_alignment": "Networking",
        "target_audience": "Individual"
      },
      {
        "name": "Online Leadership Course",
        "type": "Online Course",
        "duration": 12,
        "cost": 300.0,
        "intensity": "Low",
        "location": "Remote",
        "goal_alignment": "Skill Building",
        "target_audience": "Individual"
      },
      {
        "name": "Conflict Resolution Workshop",
        "type": "Workshop",
        "duration": 4,
        "cost": 350.0,
        "intensity": "Medium",
        "location": "Hybrid",
        "goal_alignment": "Skill Building",
        "target_audience": "Team"
      },
      {
        "name": "Executive Coaching",
        "type": "Mentorship",
        "duration": 20,
        "cost": 1500.0,
        "intensity": "High",
        "location": "Remote",
        "goal_alignment": "Leadership Enhancement",
        "target_audience": "Individual"
      },
      {
        "name": "Group Mentorship Program",
        "type": "Mentorship",
        "duration": 24,
        "cost": 900.0,
        "intensity": "High",
        "location": "On-site",
        "goal_alignment": "Networking",
        "target_audience": "Team"
      }
    ],
    "status": "complete"
  },
  {
    "domain": "Leadership Frameworks",
    "turns": [
      [
        "Thanks! Now, can you help me find a Leadership Framework that focuses on results?",
        {
          "name": null,
          "type": null,
          "focus": "Results",
          "complexity_level": null,
          "applicability": null,
          "duration": null,
          "evidence_based": null,
          "customizable": null,
          "popular_year_range": null
        },
        "Sure! Are you looking for a specific complexity level, like basic or advanced?"
      ],
      [
        "I prefer a basic complexity level for the Leadership Framework.",
        {
          "name": null,
          "type": null,
          "focus": "Results",
          "complexity_level": "Basic",
          "applicability": null,
          "duration": null,
          "evidence_based": null,
          "customizable": null,
          "popular_year_range": null
        },
        "In that case, you might consider \"Participative Leadership\" or \"Transactional Leadership.\" Which one sounds better to you?"
      ],
      [
        "I think \"Participative Leadership\" sounds more appealing.",
        {
          "name": "Participative Leadership",
          "type": null,
          "focus": "Results",
          "complexity_level": "Basic",
          "applicability": null,
          "duration": null,
          "evidence_based": null,
          "customizable": null,
          "popular_year_range": null
        },
        "Great choice! \"Participative Leadership\" is a solid framework focused on results."
      ]
    ],
    "preferences_code": "```python\npreferences = LeadershipFrameworkCriteria(\n    name='Participative Leadership',\n    type='Transactional',\n    focus='Results',\n    complexity_level='Basic',\n    applicability='Organization',\n    duration=8,\n    evidence_based=False,\n    customizable=True,\n    popular_year_range=2016,\n)\n```",
    "red_herrings_code": "```python\n# Global variable containing a list of Leadership Framework examples\nleadership_frameworks_list = [\n    LeadershipFramework(\n        name='Collaborative Leadership',\n        type='Transformational',\n        focus='People',\n        complexity_level='Intermediate',\n        applicability='Organization',\n        duration=10,\n        evidence_based=True,\n        customizable=True,\n        popular_year_range=2017,\n    ),\n    LeadershipFramework(\n        name='Shared Leadership',\n        type='Transformational',\n        focus='Process',\n        complexity_level='Advanced',\n        applicability='Team',\n        duration=6,\n        evidence_based=True,\n        customizable=False,\n        popular_year_range=2018,\n    ),\n    LeadershipFramework(\n        name='Participative Leadership',\n        type='Transactional',\n        focus='Results',\n        complexity_level='Basic',\n        applicability='Organization',\n        duration=8,\n        evidence_based=False,\n        customizable=True,\n        popular_year_range=2016,\n    ),\n]\n```",
    "database_code": "```python\n# Global variable representing a list of Leadership Framework examples\nleadership_frameworks = [\n    LeadershipFramework(\n        name=\"Transformational Leadership\",\n        type=\"Transformational\",\n        focus=\"People\",\n        complexity_level=\"Advanced\",\n        applicability=\"All\",\n        duration=12,\n        evidence_based=True,\n        customizable=True,\n        popular_year_range=1980\n    ),\n    LeadershipFramework(\n        name=\"Transactional Leadership\",\n        type=\"Transactional\",\n        focus=\"Results\",\n        complexity_level=\"Basic\",\n        applicability=\"Team\",\n        duration=8,\n        evidence_based=True,\n        customizable=False,\n        popular_year_range=1970\n    ),\n    LeadershipFramework(\n        name=\"Servant Leadership\",\n        type=\"Servant\",\n        focus=\"People\",\n        complexity_level=\"Intermediate\",\n        applicability=\"Organization\",\n        duration=10,\n        evidence_based=True,\n        customizable=True,\n        popular_year_range=1990\n    ),\n    LeadershipFramework(\n        name=\"Situational Leadership\",\n        type=\"Situational\",\n        focus=\"Process\",\n        complexity_level=\"Intermediate\",\n        applicability=\"Team\",\n        duration=6,\n        evidence_based=True,\n        customizable=True,\n        popular_year_range=1985\n    ),\n    LeadershipFramework(\n        name=\"Charismatic Leadership\",\n        type=\"Charismatic\",\n        focus=\"People\",\n        complexity_level=\"Advanced\",\n        applicability=\"All\",\n        duration=14,\n        evidence_based=True,\n        customizable=False,\n        popular_year_range=2000\n    ),\n    LeadershipFramework(\n        name=\"Authentic Leadership\",\n        type=\"Transformational\",\n        focus=\"People\",\n        complexity_level=\"Intermediate\",\n        applicability=\"Individual\",\n        duration=10,\n        evidence_based=True,\n        customizable=True,\n        popular_year_range=2005\n    ),\n    LeadershipFramework(\n        name=\"Adaptive Leadership\",\n        type=\"Situational\",\n        focus=\"Innovation\",\n        complexity_level=\"Advanced\",\n        applicability=\"All\",\n        duration=16,\n        evidence_based=True,\n        customizable=False,\n        popular_year_range=2010\n    ),\n    LeadershipFramework(\n        name=\"Distributed Leadership\",\n        type=\"Transformational\",\n        focus=\"Process\",\n        complexity_level=\"Intermediate\",\n        applicability=\"Organization\",\n        duration=8,\n        evidence_based=True,\n        customizable=True,\n        popular_year_range=2015\n    ),\n    LeadershipFramework(\n        name=\"Bureaucratic Leadership\",\n        type=\"Transactional\",\n        focus=\"Process\",\n        complexity_level=\"Basic\",\n        applicability=\"Organization\",\n        duration=4,\n        evidence_based=False,\n        customizable=False,\n        popular_year_range=1960\n    ),\n    LeadershipFramework(\n        name=\"Visionary Leadership\",\n        type=\"Transformational\",\n        focus=\"Innovation\",\n        complexity_level=\"Advanced\",\n        applicability=\"All\",\n        duration=20,\n        evidence_based=True,\n        customizable=True,\n        popular_year_range=2018\n    )\n]\n```",
    "goal": {
      "name": null,
      "type": null,
      "focus": "Results",
      "complexity_level": "Basic",
      "applicability": "Organization",
      "duration": 8,
      "evidence_based": false,
      "customizable": true,
      "popular_year_range": 2016
    },
    "database": [
      {
        "name": "Distributed Leadership",
        "type": "Transformational",
        "focus": "Process",
        "complexity_level": "Intermediate",
        "applicability": "Organization",
        "duration": 8,
        "evidence_based": true,
        "customizable": true,
        "popular_year_range": 2015
      },
      {
        "name": "Adaptive Leadership",
        "type": "Situational",
        "focus": "Innovation",
        "complexity_level": "Advanced",
        "applicability": "All",
        "duration": 16,
        "evidence_based": true,
        "customizable": false,
        "popular_year_range": 2010
      },
      {
        "name": "Transformational Leadership",
        "type": "Transformational",
        "focus": "People",
        "complexity_level": "Advanced",
        "applicability": "All",
        "duration": 12,
        "evidence_based": true,
        "customizable": true,
        "popular_year_range": 1980
      },
      {
        "name": "Participative Leadership",
        "type": "Transactional",
        "focus": "Results",
        "complexity_level": "Basic",
        "applicability": "Organization",
        "duration": 8,
        "evidence_based": false,
        "customizable": true,
        "popular_year_range": 2016
      },
      {
        "name": "Collaborative Leadership",
        "type": "Transformational",
        "focus": "People",
        "complexity_level": "Intermediate",
        "applicability": "Organization",
        "duration": 10,
        "evidence_based": true,
        "customizable": true,
        "popular_year_range": 2017
      },
      {
        "name": "Authentic Leadership",
        "type": "Transformational",
        "focus": "People",
        "complexity_level": "Intermediate",
        "applicability": "Individual",
        "duration": 10,
        "evidence_based": true,
        "customizable": true,
        "popular_year_range": 2005
      },
      {
        "name": "Visionary Leadership",
        "type": "Transformational",
        "focus": "Innovation",
        "complexity_level": "Advanced",
        "applicability": "All",
        "duration": 20,
        "evidence_based": true,
        "customizable": true,
        "popular_year_range": 2018
      },
      {
        "name": "Transactional Leadership",
        "type": "Transactional",
        "focus": "Results",
        "complexity_level": "Basic",
        "applicability": "Team",
        "duration": 8,
        "evidence_based": true,
        "customizable": false,
        "popular_year_range": 1970
      },
      {
        "name": "Bureaucratic Leadership",
        "type": "Transactional",
        "focus": "Process",
        "complexity_level": "Basic",
        "applicability": "Organization",
        "duration": 4,
        "evidence_based": false,
        "customizable": false,
        "popular_year_range": 1960
      },
      {
        "name": "Situational Leadership",
        "type": "Situational",
        "focus": "Process",
        "complexity_level": "Intermediate",
        "applicability": "Team",
        "duration": 6,
        "evidence_based": true,
        "customizable": true,
        "popular_year_range": 1985
      },
      {
        "name": "Charismatic Leadership",
        "type": "Charismatic",
        "focus": "People",
        "complexity_level": "Advanced",
        "applicability": "All",
        "duration": 14,
        "evidence_based": true,
        "customizable": false,
        "popular_year_range": 2000
      },
      {
        "name": "Servant Leadership",
        "type": "Servant",
        "focus": "People",
        "complexity_level": "Intermediate",
        "applicability": "Organization",
        "duration": 10,
        "evidence_based": true,
        "customizable": true,
        "popular_year_range": 1990
      },
      {
        "name": "Shared Leadership",
        "type": "Transformational",
        "focus": "Process",
        "complexity_level": "Advanced",
        "applicability": "Team",
        "duration": 6,
        "evidence_based": true,
        "customizable": false,
        "popular_year_range": 2018
      }
    ],
    "status": "complete"
  },
  {
    "domain": "Performance Goals",
    "turns": [
      [
        "Thanks! Now, can you help me find a Performance Goal that enhances team communication?",
        {
          "name": null,
          "time_frame": null,
          "measurable": null,
          "priority": null,
          "alignment": null,
          "focus_area": "communication",
          "resource_availability": null,
          "flexibility": null
        },
        "Absolutely! Are you looking for a measurable goal or one that allows for more flexibility?"
      ],
      [
        "I need a measurable goal for sure.",
        {
          "name": null,
          "time_frame": null,
          "measurable": true,
          "priority": null,
          "alignment": null,
          "focus_area": "communication",
          "resource_availability": null,
          "flexibility": null
        },
        "Got it! How about \"Improve Team Communication\"? It's measurable and has a high priority. Would you like to go with that?"
      ],
      [
        "That sounds perfect! Let's go with \"Improve Team Communication.\"",
        {
          "name": "Improve Team Communication",
          "time_frame": null,
          "measurable": true,
          "priority": "high",
          "alignment": null,
          "focus_area": "communication",
          "resource_availability": null,
          "flexibility": null
        },
        "Excellent choice! \"Improve Team Communication\" will be a great focus for your development."
      ]
    ],
    "preferences_code": "```python\npreferences = PerformanceGoalCriteria(\n    name='Enhance Team Communication',\n    time_frame='short-term',\n    measurable=True,\n    priority='high',\n    alignment='organizational',\n    focus_area='communication',\n    resource_availability=False,\n    flexibility=False,\n)\n```",
    "red_herrings_code": "```python\n# Global variable representing a list of example Performance Goals.\nperformance_goals_examples = [\n    PerformanceGoal(\n        name='Enhance Team Communication',\n        time_frame='short-term',\n        measurable=True,\n        priority='high',\n        alignment='organizational',\n        focus_area='communication',\n        resource_availability=False,\n        flexibility=False,\n    ),\n    PerformanceGoal(\n        name='Implement Feedback Mechanisms',\n        time_frame='medium-term',\n        measurable=True,\n        priority='high',\n        alignment='organizational',\n        focus_area='leadership',\n        resource_availability=False,\n        flexibility=False,\n    ),\n    PerformanceGoal(\n        name='Develop Performance Metrics',\n        time_frame='short-term',\n        measurable=False,\n        priority='medium',\n        alignment='organizational',\n        focus_area='productivity',\n        resource_availability=False,\n        flexibility=True,\n    ),\n]\n```",
    "database_code": "```python\n# Global variable representing a list of Performance Goals examples\nperformance_goals_examples = [\n    PerformanceGoal(\n        name=\"Improve Team Communication\",\n        time_frame='short-term',\n        measurable=True,\n        priority='high',\n        alignment='organizational',\n        focus_area='communication',\n        resource_availability=True,\n        flexibility=False\n    ),\n    PerformanceGoal(\n        name=\"Develop Leadership Skills\",\n        time_frame='medium-term',\n        measurable=True,\n        priority='medium',\n        alignment='personal',\n        focus_area='leadership',\n        resource_availability=True,\n        flexibility=True\n    ),\n    PerformanceGoal(\n        name=\"Increase Productivity Metrics\",\n        time_frame='short-term',\n        measurable=True,\n        priority='high',\n        alignment='organizational',\n        focus_area='productivity',\n        resource_availability=False,\n        flexibility=False\n    ),\n    PerformanceGoal(\n        name=\"Enhance Technical Skills\",\n        time_frame='long-term',\n        measurable=True,\n        priority='medium',\n        alignment='personal',\n        focus_area='skills',\n        resource_availability=True,\n        flexibility=True\n    ),\n    PerformanceGoal(\n        name=\"Strengthen Team Collaboration\",\n        time_frame='medium-term',\n        measurable=False,\n        priority='high',\n        alignment='organizational',\n        focus_area='communication',\n        resource_availability=True,\n        flexibility=False\n    ),\n    PerformanceGoal(\n        name=\"Improve Decision-Making Processes\",\n        time_frame='long-term',\n        measurable=True,\n        priority='medium',\n        alignment='organizational',\n        focus_area='leadership',\n        resource_availability=False,\n        flexibility=True\n    ),\n    PerformanceGoal(\n        name=\"Reduce Project Completion Time\",\n        time_frame='short-term',\n        measurable=True,\n        priority='high',\n        alignment='organizational',\n        focus_area='productivity',\n        resource_availability=True,\n        flexibility=False\n    ),\n    PerformanceGoal(\n        name=\"Cultivate Emotional Intelligence\",\n        time_frame='medium-term',\n        measurable=False,\n        priority='medium',\n        alignment='personal',\n        focus_area='leadership',\n        resource_availability=True,\n        flexibility=True\n    ),\n    PerformanceGoal(\n        name=\"Expand Professional Network\",\n        time_frame='long-term',\n        measurable=False,\n        priority='low',\n        alignment='personal',\n        focus_area='skills',\n        resource_availability=True,\n        flexibility=True\n    ),\n    PerformanceGoal(\n        name=\"Implement Feedback Mechanisms\",\n        time_frame='short-term',\n        measurable=True,\n        priority='high',\n        alignment='organizational',\n        focus_area='communication',\n        resource_availability=False,\n        flexibility=False\n    )\n]\n```",
    "goal": {
      "name": "Enhance Team Communication",
      "time_frame": "short-term",
      "measurable": true,
      "priority": "high",
      "alignment": "organizational",
      "focus_area": "communication",
      "resource_availability": false,
      "flexibility": false
    },
    "database": [
      {
        "name": "Cultivate Emotional Intelligence",
        "time_frame": "medium-term",
        "measurable": false,
        "priority": "medium",
        "alignment": "personal",
        "focus_area": "leadership",
        "resource_availability": true,
        "flexibility": true
      },
      {
        "name": "Implement Feedback Mechanisms",
        "time_frame": "medium-term",
        "measurable": true,
        "priority": "high",
        "alignment": "organizational",
        "focus_area": "leadership",
        "resource_availability": false,
        "flexibility": false
      },
      {
        "name": "Develop Performance Metrics",
        "time_frame": "short-term",
        "measurable": false,
        "priority": "medium",
        "alignment": "organizational",
        "focus_area": "productivity",
        "resource_availability": false,
        "flexibility": true
      },
      {
        "name": "Enhance Technical Skills",
        "time_frame": "long-term",
        "measurable": true,
        "priority": "medium",
        "alignment": "personal",
        "focus_area": "skills",
        "resource_availability": true,
        "flexibility": true
      },
      {
        "name": "Implement Feedback Mechanisms",
        "time_frame": "short-term",
        "measurable": true,
        "priority": "high",
        "alignment": "organizational",
        "focus_area": "communication",
        "resource_availability": false,
        "flexibility": false
      },
      {
        "name": "Improve Team Communication",
        "time_frame": "short-term",
        "measurable": true,
        "priority": "high",
        "alignment": "organizational",
        "focus_area": "communication",
        "resource_availability": true,
        "flexibility": false
      },
      {
        "name": "Strengthen Team Collaboration",
        "time_frame": "medium-term",
        "measurable": false,
        "priority": "high",
        "alignment": "organizational",
        "focus_area": "communication",
        "resource_availability": true,
        "flexibility": false
      },
      {
        "name": "Develop Leadership Skills",
        "time_frame": "medium-term",
        "measurable": true,
        "priority": "medium",
        "alignment": "personal",
        "focus_area": "leadership",
        "resource_availability": true,
        "flexibility": true
      },
      {
        "name": "Expand Professional Network",
        "time_frame": "long-term",
        "measurable": false,
        "priority": "low",
        "alignment": "personal",
        "focus_area": "skills",
        "resource_availability": true,
        "flexibility": true
      },
      {
        "name": "Increase Productivity Metrics",
        "time_frame": "short-term",
        "measurable": true,
        "priority": "high",
        "alignment": "organizational",
        "focus_area": "productivity",
        "resource_availability": false,
        "flexibility": false
      },
      {
        "name": "Enhance Team Communication",
        "time_frame": "short-term",
        "measurable": true,
        "priority": "high",
        "alignment": "organizational",
        "focus_area": "communication",
        "resource_availability": false,
        "flexibility": false
      },
      {
        "name": "Reduce Project Completion Time",
        "time_frame": "short-term",
        "measurable": true,
        "priority": "high",
        "alignment": "organizational",
        "focus_area": "productivity",
        "resource_availability": true,
        "flexibility": false
      },
      {
        "name": "Improve Decision-Making Processes",
        "time_frame": "long-term",
        "measurable": true,
        "priority": "medium",
        "alignment": "organizational",
        "focus_area": "leadership",
        "resource_availability": false,
        "flexibility": true
      }
    ],
    "status": "complete"
  }
]