[
  {
    "domain": "Logistics Routes",
    "turns": [
      [
        "Hey, can you help me find some logistics routes that are cost-effective?",
        {
          "name": null,
          "max_distance": null,
          "max_cost": null,
          "max_time": null,
          "priority": "cost",
          "mode_of_transport": null,
          "eco_friendly": null,
          "risk_level": null,
          "availability": null
        },
        "Sure! What distance range are you considering for the routes?"
      ],
      [
        "I don't have a specific distance in mind, just looking for something cost-effective.",
        {
          "name": null,
          "max_distance": null,
          "max_cost": null,
          "max_time": null,
          "priority": "cost",
          "mode_of_transport": null,
          "eco_friendly": null,
          "risk_level": null,
          "availability": null
        },
        "Okay! What is your budget for the logistics cost?"
      ],
      [
        "I'm looking to keep it under 350 currency units.",
        {
          "name": null,
          "max_distance": null,
          "max_cost": 350,
          "max_time": null,
          "priority": "cost",
          "mode_of_transport": null,
          "eco_friendly": null,
          "risk_level": null,
          "availability": null
        },
        "Got it! Would you prefer a specific mode of transport, like road, rail, air, or sea?"
      ],
      [
        "Yes, I'd prefer rail transport for this route.",
        {
          "name": null,
          "max_distance": null,
          "max_cost": 350,
          "max_time": null,
          "priority": null,
          "mode_of_transport": "rail",
          "eco_friendly": null,
          "risk_level": null,
          "availability": null
        },
        "Great! Let me check the options. We have Route C at 320 currency units and Route B at 500, but that's over budget. Would you like to go with Route C?"
      ],
      [
        "Yes, Route C sounds good since it fits the budget!",
        {
          "name": null,
          "max_distance": null,
          "max_cost": 350,
          "max_time": null,
          "priority": "cost",
          "mode_of_transport": "rail",
          "eco_friendly": null,
          "risk_level": null,
          "availability": null
        },
        "Awesome choice! Route C is confirmed for you."
      ]
    ],
    "preferences_code": "```python\npreferences = LogisticsRouteCriteria(\n    name='Route C',\n    max_distance=250.0,\n    max_cost=350.0,\n    max_time=5.0,\n    priority='cost',\n    mode_of_transport='rail',\n    eco_friendly=False,\n    risk_level='high',\n    availability=True\n)\n```",
    "red_herrings_code": "```python\n# Global variable containing a list of similar LogisticsRoute examples\nsimilar_logistics_routes = [\n    LogisticsRoute(\n        name='Route A',\n        distance=180.0,\n        cost=290.0,\n        time=3.5,\n        mode_of_transport='sea',\n        eco_friendly=False,\n        risk_level='medium',\n        availability=True,\n    ),\n    LogisticsRoute(\n        name='Route B',\n        distance=210.0,\n        cost=310.0,\n        time=4.5,\n        mode_of_transport='sea',\n        eco_friendly=True,\n        risk_level='high',\n        availability=True,\n    ),\n    LogisticsRoute(\n        name='Route C',\n        distance=200.0,\n        cost=320.0,\n        time=4.0,\n        mode_of_transport='rail',\n        eco_friendly=False,\n        risk_level='high',\n        availability=True,\n    ),\n]\n```",
    "database_code": "```python\n# Global variable containing a list of LogisticsRoute examples\nlogistics_routes = [\n    LogisticsRoute(\n        name=\"Route A\",\n        distance=150.0,\n        cost=200.0,\n        time=3.0,\n        mode_of_transport='road',\n        eco_friendly=True,\n        risk_level='low',\n        availability=True\n    ),\n    LogisticsRoute(\n        name=\"Route B\",\n        distance=300.0,\n        cost=500.0,\n        time=5.0,\n        mode_of_transport='rail',\n        eco_friendly=False,\n        risk_level='medium',\n        availability=True\n    ),\n    LogisticsRoute(\n        name=\"Route C\",\n        distance=50.0,\n        cost=100.0,\n        time=1.0,\n        mode_of_transport='air',\n        eco_friendly=True,\n        risk_level='low',\n        availability=False\n    ),\n    LogisticsRoute(\n        name=\"Route D\",\n        distance=200.0,\n        cost=300.0,\n        time=4.0,\n        mode_of_transport='sea',\n        eco_friendly=False,\n        risk_level='high',\n        availability=True\n    ),\n    LogisticsRoute(\n        name=\"Route E\",\n        distance=120.0,\n        cost=150.0,\n        time=2.5,\n        mode_of_transport='road',\n        eco_friendly=True,\n        risk_level='low',\n        availability=True\n    ),\n    LogisticsRoute(\n        name=\"Route F\",\n        distance=400.0,\n        cost=600.0,\n        time=8.0,\n        mode_of_transport='rail',\n        eco_friendly=False,\n        risk_level='medium',\n        availability=False\n    ),\n    LogisticsRoute(\n        name=\"Route G\",\n        distance=80.0,\n        cost=120.0,\n        time=1.5,\n        mode_of_transport='air',\n        eco_friendly=True,\n        risk_level='low',\n        availability=True\n    ),\n    LogisticsRoute(\n        name=\"Route H\",\n        distance=250.0,\n        cost=450.0,\n        time=7.0,\n        mode_of_transport='sea',\n        eco_friendly=False,\n        risk_level='high',\n        availability=True\n    ),\n    LogisticsRoute(\n        name=\"Route I\",\n        distance=90.0,\n        cost=130.0,\n        time=2.0,\n        mode_of_transport='road',\n        eco_friendly=True,\n        risk_level='low',\n        availability=True\n    ),\n    LogisticsRoute(\n        name=\"Route J\",\n        distance=350.0,\n        cost=550.0,\n        time=6.0,\n        mode_of_transport='rail',\n        eco_friendly=False,\n        risk_level='medium',\n        availability=False\n    )\n]\n```",
    "goal": {
      "name": null,
      "max_distance": null,
      "max_cost": 350.0,
      "max_time": 5.0,
      "priority": "cost",
      "mode_of_transport": "rail",
      "eco_friendly": false,
      "risk_level": "high",
      "availability": null
    },
    "database": [
      {
        "name": "Route D",
        "distance": 200.0,
        "cost": 300.0,
        "time": 4.0,
        "mode_of_transport": "sea",
        "eco_friendly": false,
        "risk_level": "high",
        "availability": true
      },
      {
        "name": "Route C",
        "distance": 200.0,
        "cost": 320.0,
        "time": 4.0,
        "mode_of_transport": "rail",
        "eco_friendly": false,
        "risk_level": "high",
        "availability": true
      },
      {
        "name": "Route E",
        "distance": 120.0,
        "cost": 150.0,
        "time": 2.5,
        "mode_of_transport": "road",
        "eco_friendly": true,
        "risk_level": "low",
        "availability": true
      },
      {
        "name": "Route H",
        "distance": 250.0,
        "cost": 450.0,
        "time": 7.0,
        "mode_of_transport": "sea",
        "eco_friendly": false,
        "risk_level": "high",
        "availability": true
      },
      {
        "name": "Route F",
        "distance": 400.0,
        "cost": 600.0,
        "time": 8.0,
        "mode_of_transport": "rail",
        "eco_friendly": false,
        "risk_level": "medium",
        "availability": false
      },
      {
        "name": "Route C",
        "distance": 50.0,
        "cost": 100.0,
        "time": 1.0,
        "mode_of_transport": "air",
        "eco_friendly": true,
        "risk_level": "low",
        "availability": false
      },
      {
        "name": "Route A",
        "distance": 180.0,
        "cost": 290.0,
        "time": 3.5,
        "mode_of_transport": "sea",
        "eco_friendly": false,
        "risk_level": "medium",
        "availability": true
      },
      {
        "name": "Route B",
        "distance": 300.0,
        "cost": 500.0,
        "time": 5.0,
        "mode_of_transport": "rail",
        "eco_friendly": false,
        "risk_level": "medium",
        "availability": true
      },
      {
        "name": "Route J",
        "distance": 350.0,
        "cost": 550.0,
        "time": 6.0,
        "mode_of_transport": "rail",
        "eco_friendly": false,
        "risk_level": "medium",
        "availability": false
      },
      {
        "name": "Route A",
        "distance": 150.0,
        "cost": 200.0,
        "time": 3.0,
        "mode_of_transport": "road",
        "eco_friendly": true,
        "risk_level": "low",
        "availability": true
      },
      {
        "name": "Route G",
        "distance": 80.0,
        "cost": 120.0,
        "time": 1.5,
        "mode_of_transport": "air",
        "eco_friendly": true,
        "risk_level": "low",
        "availability": true
      },
      {
        "name": "Route B",
        "distance": 210.0,
        "cost": 310.0,
        "time": 4.5,
        "mode_of_transport": "sea",
        "eco_friendly": true,
        "risk_level": "high",
        "availability": true
      },
      {
        "name": "Route I",
        "distance": 90.0,
        "cost": 130.0,
        "time": 2.0,
        "mode_of_transport": "road",
        "eco_friendly": true,
        "risk_level": "low",
        "availability": true
      }
    ],
    "status": "complete"
  },
  {
    "domain": "Procurement Strategies",
    "turns": [
      [
        "Thanks! Now, can you help me find a suitable Procurement Strategy?",
        {
          "name": null,
          "supplier_reliability": null,
          "cost_efficiency": "high",
          "delivery_speed": null,
          "sustainability": null,
          "flexibility": null,
          "compliance": null,
          "innovation": null
        },
        "Absolutely! What key characteristics are you looking for in a Procurement Strategy?"
      ],
      [
        "I need medium flexibility and a supplier reliability of at least 4.",
        {
          "name": null,
          "supplier_reliability": 4,
          "cost_efficiency": null,
          "delivery_speed": null,
          "sustainability": null,
          "flexibility": "medium",
          "compliance": null,
          "innovation": null
        },
        "Got it! Would you like to prioritize cost efficiency or delivery speed next?"
      ],
      [
        "Delivery speed is important, but I'm okay with slow delivery.",
        {
          "name": null,
          "supplier_reliability": 4,
          "cost_efficiency": null,
          "delivery_speed": "slow",
          "sustainability": null,
          "flexibility": "medium",
          "compliance": null,
          "innovation": null
        },
        "Okay! Just to confirm, do you prefer sustainability to be a factor as well?"
      ],
      [
        "No, sustainability isn't a priority for this strategy.",
        {
          "name": null,
          "supplier_reliability": 4,
          "cost_efficiency": null,
          "delivery_speed": "slow",
          "sustainability": false,
          "flexibility": "medium",
          "compliance": null,
          "innovation": null
        },
        "Thanks for clarifying! I found strategies that match: Strategy B and Strategy D. Would you like to know more about either?"
      ],
      [
        "Tell me more about Strategy B, please.",
        {
          "name": null,
          "supplier_reliability": 4,
          "cost_efficiency": null,
          "delivery_speed": "slow",
          "sustainability": false,
          "flexibility": "medium",
          "compliance": null,
          "innovation": null
        },
        "Strategy B has supplier reliability of 5, cost efficiency as low, delivery speed moderate, flexibility low, compliance false, and medium innovation. Interested in this one?"
      ],
      [
        "I'm concerned about the low cost efficiency; can you tell me about Strategy D instead?",
        {
          "name": null,
          "supplier_reliability": 4,
          "cost_efficiency": null,
          "delivery_speed": "slow",
          "sustainability": false,
          "flexibility": "medium",
          "compliance": null,
          "innovation": null
        },
        "Strategy D has supplier reliability of 5, cost efficiency low, slow delivery speed, low flexibility, and no compliance or innovation. Does that work for you?"
      ],
      [
        "I think I need to adjust my flexibility preference to high for a better fit.",
        {
          "name": null,
          "supplier_reliability": 4,
          "cost_efficiency": null,
          "delivery_speed": "slow",
          "sustainability": false,
          "flexibility": "high",
          "compliance": null,
          "innovation": null
        },
        "With high flexibility, Strategy F fits your needs. Would you like to go with that one?"
      ],
      [
        "Yes, let's go with Strategy F!",
        {
          "name": null,
          "supplier_reliability": 5,
          "cost_efficiency": "low",
          "delivery_speed": "slow",
          "sustainability": false,
          "flexibility": "high",
          "compliance": null,
          "innovation": null
        },
        "Great choice! Strategy F is confirmed for you."
      ]
    ],
    "preferences_code": "```python\npreferences = ProcurementStrategyCriteria(\n    name='Strategy C',\n    supplier_reliability=4,\n    cost_efficiency='low',\n    delivery_speed='slow',\n    sustainability=False,\n    flexibility='medium',\n    compliance=False,\n    innovation='medium',\n)\n```",
    "red_herrings_code": "```python\n# Global variable representing a list of Procurement Strategy examples\nprocurement_strategies = [\n    ProcurementStrategy(\n        name='Strategy A',\n        supplier_reliability=4,\n        cost_efficiency='medium',\n        delivery_speed='slow',\n        sustainability=True,\n        flexibility='low',\n        compliance=False,\n        innovation='medium',\n    ),\n    ProcurementStrategy(\n        name='Strategy B',\n        supplier_reliability=5,\n        cost_efficiency='low',\n        delivery_speed='moderate',\n        sustainability=True,\n        flexibility='low',\n        compliance=False,\n        innovation='medium',\n    ),\n    ProcurementStrategy(\n        name='Strategy C',\n        supplier_reliability=4,\n        cost_efficiency='low',\n        delivery_speed='slow',\n        sustainability=False,\n        flexibility='medium',\n        compliance=False,\n        innovation='medium',\n    ),\n]\n```",
    "database_code": "```python\n# Global variable to hold a list of example Procurement Strategies\nprocurement_strategies = [\n    ProcurementStrategy(\n        name=\"Strategy A\",\n        supplier_reliability=9,\n        cost_efficiency='high',\n        delivery_speed='fast',\n        sustainability=True,\n        flexibility='medium',\n        compliance=True,\n        innovation='high'\n    ),\n    ProcurementStrategy(\n        name=\"Strategy B\",\n        supplier_reliability=7,\n        cost_efficiency='medium',\n        delivery_speed='moderate',\n        sustainability=False,\n        flexibility='low',\n        compliance=True,\n        innovation='medium'\n    ),\n    ProcurementStrategy(\n        name=\"Strategy C\",\n        supplier_reliability=10,\n        cost_efficiency='high',\n        delivery_speed='fast',\n        sustainability=True,\n        flexibility='high',\n        compliance=True,\n        innovation='high'\n    ),\n    ProcurementStrategy(\n        name=\"Strategy D\",\n        supplier_reliability=5,\n        cost_efficiency='low',\n        delivery_speed='slow',\n        sustainability=False,\n        flexibility='low',\n        compliance=False,\n        innovation='low'\n    ),\n    ProcurementStrategy(\n        name=\"Strategy E\",\n        supplier_reliability=8,\n        cost_efficiency='medium',\n        delivery_speed='fast',\n        sustainability=True,\n        flexibility='medium',\n        compliance=True,\n        innovation='medium'\n    ),\n    ProcurementStrategy(\n        name=\"Strategy F\",\n        supplier_reliability=6,\n        cost_efficiency='high',\n        delivery_speed='moderate',\n        sustainability=False,\n        flexibility='high',\n        compliance=True,\n        innovation='low'\n    ),\n    ProcurementStrategy(\n        name=\"Strategy G\",\n        supplier_reliability=4,\n        cost_efficiency='low',\n        delivery_speed='slow',\n        sustainability=True,\n        flexibility='low',\n        compliance=False,\n        innovation='medium'\n    ),\n    ProcurementStrategy(\n        name=\"Strategy H\",\n        supplier_reliability=9,\n        cost_efficiency='high',\n        delivery_speed='fast',\n        sustainability=True,\n        flexibility='high',\n        compliance=True,\n        innovation='high'\n    ),\n    ProcurementStrategy(\n        name=\"Strategy I\",\n        supplier_reliability=3,\n        cost_efficiency='medium',\n        delivery_speed='moderate',\n        sustainability=False,\n        flexibility='medium',\n        compliance=False,\n        innovation='low'\n    ),\n    ProcurementStrategy(\n        name=\"Strategy J\",\n        supplier_reliability=10,\n        cost_efficiency='high',\n        delivery_speed='fast',\n        sustainability=True,\n        flexibility='medium',\n        compliance=True,\n        innovation='high'\n    )\n]\n```",
    "goal": {
      "name": null,
      "supplier_reliability": 4,
      "cost_efficiency": null,
      "delivery_speed": "slow",
      "sustainability": false,
      "flexibility": "medium",
      "compliance": false,
      "innovation": "medium"
    },
    "database": [
      {
        "name": "Strategy H",
        "supplier_reliability": 9,
        "cost_efficiency": "high",
        "delivery_speed": "fast",
        "sustainability": true,
        "flexibility": "high",
        "compliance": true,
        "innovation": "high"
      },
      {
        "name": "Strategy A",
        "supplier_reliability": 9,
        "cost_efficiency": "high",
        "delivery_speed": "fast",
        "sustainability": true,
        "flexibility": "medium",
        "compliance": true,
        "innovation": "high"
      },
      {
        "name": "Strategy C",
        "supplier_reliability": 4,
        "cost_efficiency": "low",
        "delivery_speed": "slow",
        "sustainability": false,
        "flexibility": "medium",
        "compliance": false,
        "innovation": "medium"
      },
      {
        "name": "Strategy F",
        "supplier_reliability": 6,
        "cost_efficiency": "high",
        "delivery_speed": "moderate",
        "sustainability": false,
        "flexibility": "high",
        "compliance": true,
        "innovation": "low"
      },
      {
        "name": "Strategy B",
        "supplier_reliability": 5,
        "cost_efficiency": "low",
        "delivery_speed": "moderate",
        "sustainability": true,
        "flexibility": "low",
        "compliance": false,
        "innovation": "medium"
      },
      {
        "name": "Strategy E",
        "supplier_reliability": 8,
        "cost_efficiency": "medium",
        "delivery_speed": "fast",
        "sustainability": true,
        "flexibility": "medium",
        "compliance": true,
        "innovation": "medium"
      },
      {
        "name": "Strategy B",
        "supplier_reliability": 7,
        "cost_efficiency": "medium",
        "delivery_speed": "moderate",
        "sustainability": false,
        "flexibility": "low",
        "compliance": true,
        "innovation": "medium"
      },
      {
        "name": "Strategy C",
        "supplier_reliability": 10,
        "cost_efficiency": "high",
        "delivery_speed": "fast",
        "sustainability": true,
        "flexibility": "high",
        "compliance": true,
        "innovation": "high"
      },
      {
        "name": "Strategy A",
        "supplier_reliability": 4,
        "cost_efficiency": "medium",
        "delivery_speed": "slow",
        "sustainability": true,
        "flexibility": "low",
        "compliance": false,
        "innovation": "medium"
      },
      {
        "name": "Strategy G",
        "supplier_reliability": 4,
        "cost_efficiency": "low",
        "delivery_speed": "slow",
        "sustainability": true,
        "flexibility": "low",
        "compliance": false,
        "innovation": "medium"
      },
      {
        "name": "Strategy J",
        "supplier_reliability": 10,
        "cost_efficiency": "high",
        "delivery_speed": "fast",
        "sustainability": true,
        "flexibility": "medium",
        "compliance": true,
        "innovation": "high"
      },
      {
        "name": "Strategy I",
        "supplier_reliability": 3,
        "cost_efficiency": "medium",
        "delivery_speed": "moderate",
        "sustainability": false,
        "flexibility": "medium",
        "compliance": false,
        "innovation": "low"
      },
      {
        "name": "Strategy D",
        "supplier_reliability": 5,
        "cost_efficiency": "low",
        "delivery_speed": "slow",
        "sustainability": false,
        "flexibility": "low",
        "compliance": false,
        "innovation": "low"
      }
    ],
    "status": "complete"
  },
  {
    "domain": "Warehouse Management Systems",
    "turns": [
      [
        "Awesome! Now, can you help me find a Warehouse Management System?",
        {
          "name": null,
          "integration": null,
          "scalability": null,
          "user_friendly": null,
          "cost_efficiency": null,
          "support_services": null,
          "implementation_time": null,
          "customizability": null,
          "security_features": null,
          "mobile_support": null,
          "vendor_reputation": null
        },
        "Sure! What specific features are you looking for in a Warehouse Management System?"
      ],
      [
        "I need 24/7 support services and medium customizability.",
        {
          "name": null,
          "integration": null,
          "scalability": null,
          "user_friendly": null,
          "cost_efficiency": null,
          "support_services": "24/7",
          "implementation_time": null,
          "customizability": "Medium",
          "security_features": null,
          "mobile_support": null,
          "vendor_reputation": null
        },
        "Got it! Do you have a preference for integration methods like API, EDI, or FTP?"
      ],
      [
        "Yes, I prefer API integration.",
        {
          "name": null,
          "integration": "API",
          "scalability": null,
          "user_friendly": null,
          "cost_efficiency": null,
          "support_services": "24/7",
          "implementation_time": null,
          "customizability": "Medium",
          "security_features": null,
          "mobile_support": null,
          "vendor_reputation": null
        },
        "Thanks! I found WMS Alpha and WMS Delta. Would you like details on either?"
      ],
      [
        "Can you tell me more about WMS Alpha?",
        {
          "name": null,
          "integration": "API",
          "scalability": null,
          "user_friendly": null,
          "cost_efficiency": null,
          "support_services": "24/7",
          "implementation_time": null,
          "customizability": "Medium",
          "security_features": null,
          "mobile_support": null,
          "vendor_reputation": null
        },
        "WMS Alpha offers API integration, high scalability, user-friendly design, 24/7 support, short implementation time, high customizability, advanced security features, and mobile support. Interested?"
      ],
      [
        "It sounds great, but I need medium scalability instead of high. What about WMS Delta?",
        {
          "name": null,
          "integration": "API",
          "scalability": "Medium",
          "user_friendly": null,
          "cost_efficiency": null,
          "support_services": "24/7",
          "implementation_time": null,
          "customizability": "Medium",
          "security_features": null,
          "mobile_support": null,
          "vendor_reputation": null
        },
        "WMS Delta has API integration, high scalability, user-friendly, 24/7 support, short implementation time, high customizability, advanced security features, and mobile support. Would you like to go with WMS Delta?"
      ],
      [
        "I need medium scalability; can we find one that fits that?",
        {
          "name": null,
          "integration": "API",
          "scalability": "Medium",
          "user_friendly": true,
          "cost_efficiency": null,
          "support_services": "24/7",
          "implementation_time": null,
          "customizability": "Medium",
          "security_features": true,
          "mobile_support": null,
          "vendor_reputation": null
        },
        "Sure! WMS Kappa has API integration, medium scalability, but it's not user-friendly. Would you like to consider WMS Kappa?"
      ],
      [
        "I prefer a user-friendly option; do we have anything else?",
        {
          "name": null,
          "integration": "API",
          "scalability": "Medium",
          "user_friendly": true,
          "cost_efficiency": null,
          "support_services": "24/7",
          "implementation_time": "Short",
          "customizability": "Medium",
          "security_features": true,
          "mobile_support": null,
          "vendor_reputation": null
        },
        "Yes! WMS Theta offers medium scalability and is user-friendly, but has EDI integration. Would that work for you?"
      ],
      [
        "I really need API integration; can we keep looking?",
        {
          "name": null,
          "integration": "API",
          "scalability": "Medium",
          "user_friendly": true,
          "cost_efficiency": null,
          "support_services": "24/7",
          "implementation_time": null,
          "customizability": "Medium",
          "security_features": null,
          "mobile_support": null,
          "vendor_reputation": null
        },
        "Absolutely! WMS Alpha is still available, but it has high scalability. Would you like to adjust your scalability preference?"
      ],
      [
        "I think I\u2019ll adjust it to high scalability for WMS Alpha. Let's go with that!",
        {
          "name": "WMS Alpha",
          "integration": "API",
          "scalability": "High",
          "user_friendly": true,
          "cost_efficiency": null,
          "support_services": "24/7",
          "implementation_time": "Short",
          "customizability": "High",
          "security_features": true,
          "mobile_support": true,
          "vendor_reputation": null
        },
        "Great choice! WMS Alpha is confirmed for you."
      ]
    ],
    "preferences_code": "```python\npreferences = WMSCriteria(\n    name='WMS Alpha',\n    integration='API',\n    scalability='Medium',\n    user_friendly=True,\n    cost_efficiency='Low',\n    support_services='24/7',\n    implementation_time='Short',\n    customizability='Medium',\n    security_features=False,\n    mobile_support=False,\n    vendor_reputation='Good',\n)\n```",
    "red_herrings_code": "```python\n# Global variable to represent a list of similar Warehouse Management Systems examples\nsimilar_wms_list = [\n    WMSKnowledge(\n        name='WMS Alpha',\n        integration='API',\n        scalability='Medium',\n        user_friendly=True,\n        cost_efficiency='Low',\n        support_services='24/7',\n        implementation_time='Short',\n        customizability='Medium',\n        security_features=False,\n        mobile_support=False,\n        vendor_reputation='Good',\n    ),\n    WMSKnowledge(\n        name='WMS Beta',\n        integration='EDI',\n        scalability='High',\n        user_friendly=False,\n        cost_efficiency='Medium',\n        support_services='Business Hours',\n        implementation_time='Long',\n        customizability='Low',\n        security_features=True,\n        mobile_support=True,\n        vendor_reputation='Excellent',\n    ),\n    WMSKnowledge(\n        name='WMS Gamma',\n        integration='FTP',\n        scalability='Medium',\n        user_friendly=False,\n        cost_efficiency='Low',\n        support_services='None',\n        implementation_time='Medium',\n        customizability='High',\n        security_features=False,\n        mobile_support=False,\n        vendor_reputation='Fair',\n    )\n]\n```",
    "database_code": "```python\n# Global variable representing a list of Warehouse Management Systems examples\nwms_examples = [\n    WMSKnowledge(\n        name=\"WMS Alpha\",\n        integration=\"API\",\n        scalability=\"High\",\n        user_friendly=True,\n        cost_efficiency=\"Medium\",\n        support_services=\"24/7\",\n        implementation_time=\"Short\",\n        customizability=\"High\",\n        security_features=True,\n        mobile_support=True,\n        vendor_reputation=\"Excellent\"\n    ),\n    WMSKnowledge(\n        name=\"WMS Beta\",\n        integration=\"EDI\",\n        scalability=\"Medium\",\n        user_friendly=False,\n        cost_efficiency=\"Low\",\n        support_services=\"Business Hours\",\n        implementation_time=\"Medium\",\n        customizability=\"Medium\",\n        security_features=False,\n        mobile_support=False,\n        vendor_reputation=\"Good\"\n    ),\n    WMSKnowledge(\n        name=\"WMS Gamma\",\n        integration=\"FTP\",\n        scalability=\"Low\",\n        user_friendly=True,\n        cost_efficiency=\"High\",\n        support_services=\"None\",\n        implementation_time=\"Long\",\n        customizability=\"Low\",\n        security_features=True,\n        mobile_support=True,\n        vendor_reputation=\"Fair\"\n    ),\n    WMSKnowledge(\n        name=\"WMS Delta\",\n        integration=\"API\",\n        scalability=\"High\",\n        user_friendly=True,\n        cost_efficiency=\"Medium\",\n        support_services=\"24/7\",\n        implementation_time=\"Short\",\n        customizability=\"High\",\n        security_features=True,\n        mobile_support=True,\n        vendor_reputation=\"Excellent\"\n    ),\n    WMSKnowledge(\n        name=\"WMS Epsilon\",\n        integration=\"EDI\",\n        scalability=\"Medium\",\n        user_friendly=False,\n        cost_efficiency=\"Low\",\n        support_services=\"Business Hours\",\n        implementation_time=\"Medium\",\n        customizability=\"Medium\",\n        security_features=False,\n        mobile_support=False,\n        vendor_reputation=\"Good\"\n    ),\n    WMSKnowledge(\n        name=\"WMS Zeta\",\n        integration=\"FTP\",\n        scalability=\"High\",\n        user_friendly=True,\n        cost_efficiency=\"High\",\n        support_services=\"None\",\n        implementation_time=\"Short\",\n        customizability=\"High\",\n        security_features=True,\n        mobile_support=True,\n        vendor_reputation=\"Excellent\"\n    ),\n    WMSKnowledge(\n        name=\"WMS Eta\",\n        integration=\"API\",\n        scalability=\"Low\",\n        user_friendly=False,\n        cost_efficiency=\"Medium\",\n        support_services=\"Business Hours\",\n        implementation_time=\"Long\",\n        customizability=\"Medium\",\n        security_features=False,\n        mobile_support=False,\n        vendor_reputation=\"Fair\"\n    ),\n    WMSKnowledge(\n        name=\"WMS Theta\",\n        integration=\"EDI\",\n        scalability=\"Medium\",\n        user_friendly=True,\n        cost_efficiency=\"Low\",\n        support_services=\"24/7\",\n        implementation_time=\"Medium\",\n        customizability=\"Low\",\n        security_features=True,\n        mobile_support=True,\n        vendor_reputation=\"Good\"\n    ),\n    WMSKnowledge(\n        name=\"WMS Iota\",\n        integration=\"FTP\",\n        scalability=\"High\",\n        user_friendly=True,\n        cost_efficiency=\"High\",\n        support_services=\"None\",\n        implementation_time=\"Short\",\n        customizability=\"High\",\n        security_features=True,\n        mobile_support=True,\n        vendor_reputation=\"Excellent\"\n    ),\n    WMSKnowledge(\n        name=\"WMS Kappa\",\n        integration=\"API\",\n        scalability=\"Medium\",\n        user_friendly=False,\n        cost_efficiency=\"Medium\",\n        support_services=\"Business Hours\",\n        implementation_time=\"Long\",\n        customizability=\"Medium\",\n        security_features=False,\n        mobile_support=False,\n        vendor_reputation=\"Good\"\n    )\n]\n```",
    "goal": {
      "name": "WMS Alpha",
      "integration": "API",
      "scalability": "Medium",
      "user_friendly": null,
      "cost_efficiency": null,
      "support_services": "24/7",
      "implementation_time": "Short",
      "customizability": "Medium",
      "security_features": false,
      "mobile_support": false,
      "vendor_reputation": "Good"
    },
    "database": [
      {
        "name": "WMS Epsilon",
        "integration": "EDI",
        "scalability": "Medium",
        "user_friendly": false,
        "cost_efficiency": "Low",
        "support_services": "Business Hours",
        "implementation_time": "Medium",
        "customizability": "Medium",
        "security_features": false,
        "mobile_support": false,
        "vendor_reputation": "Good"
      },
      {
        "name": "WMS Iota",
        "integration": "FTP",
        "scalability": "High",
        "user_friendly": true,
        "cost_efficiency": "High",
        "support_services": "None",
        "implementation_time": "Short",
        "customizability": "High",
        "security_features": true,
        "mobile_support": true,
        "vendor_reputation": "Excellent"
      },
      {
        "name": "WMS Kappa",
        "integration": "API",
        "scalability": "Medium",
        "user_friendly": false,
        "cost_efficiency": "Medium",
        "support_services": "Business Hours",
        "implementation_time": "Long",
        "customizability": "Medium",
        "security_features": false,
        "mobile_support": false,
        "vendor_reputation": "Good"
      },
      {
        "name": "WMS Delta",
        "integration": "API",
        "scalability": "High",
        "user_friendly": true,
        "cost_efficiency": "Medium",
        "support_services": "24/7",
        "implementation_time": "Short",
        "customizability": "High",
        "security_features": true,
        "mobile_support": true,
        "vendor_reputation": "Excellent"
      },
      {
        "name": "WMS Beta",
        "integration": "EDI",
        "scalability": "Medium",
        "user_friendly": false,
        "cost_efficiency": "Low",
        "support_services": "Business Hours",
        "implementation_time": "Medium",
        "customizability": "Medium",
        "security_features": false,
        "mobile_support": false,
        "vendor_reputation": "Good"
      },
      {
        "name": "WMS Alpha",
        "integration": "API",
        "scalability": "High",
        "user_friendly": true,
        "cost_efficiency": "Medium",
        "support_services": "24/7",
        "implementation_time": "Short",
        "customizability": "High",
        "security_features": true,
        "mobile_support": true,
        "vendor_reputation": "Excellent"
      },
      {
        "name": "WMS Zeta",
        "integration": "FTP",
        "scalability": "High",
        "user_friendly": true,
        "cost_efficiency": "High",
        "support_services": "None",
        "implementation_time": "Short",
        "customizability": "High",
        "security_features": true,
        "mobile_support": true,
        "vendor_reputation": "Excellent"
      },
      {
        "name": "WMS Alpha",
        "integration": "API",
        "scalability": "Medium",
        "user_friendly": true,
        "cost_efficiency": "Low",
        "support_services": "24/7",
        "implementation_time": "Short",
        "customizability": "Medium",
        "security_features": false,
        "mobile_support": false,
        "vendor_reputation": "Good"
      },
      {
        "name": "WMS Beta",
        "integration": "EDI",
        "scalability": "High",
        "user_friendly": false,
        "cost_efficiency": "Medium",
        "support_services": "Business Hours",
        "implementation_time": "Long",
        "customizability": "Low",
        "security_features": true,
        "mobile_support": true,
        "vendor_reputation": "Excellent"
      },
      {
        "name": "WMS Gamma",
        "integration": "FTP",
        "scalability": "Medium",
        "user_friendly": false,
        "cost_efficiency": "Low",
        "support_services": "None",
        "implementation_time": "Medium",
        "customizability": "High",
        "security_features": false,
        "mobile_support": false,
        "vendor_reputation": "Fair"
      },
      {
        "name": "WMS Theta",
        "integration": "EDI",
        "scalability": "Medium",
        "user_friendly": true,
        "cost_efficiency": "Low",
        "support_services": "24/7",
        "implementation_time": "Medium",
        "customizability": "Low",
        "security_features": true,
        "mobile_support": true,
        "vendor_reputation": "Good"
      },
      {
        "name": "WMS Eta",
        "integration": "API",
        "scalability": "Low",
        "user_friendly": false,
        "cost_efficiency": "Medium",
        "support_services": "Business Hours",
        "implementation_time": "Long",
        "customizability": "Medium",
        "security_features": false,
        "mobile_support": false,
        "vendor_reputation": "Fair"
      },
      {
        "name": "WMS Gamma",
        "integration": "FTP",
        "scalability": "Low",
        "user_friendly": true,
        "cost_efficiency": "High",
        "support_services": "None",
        "implementation_time": "Long",
        "customizability": "Low",
        "security_features": true,
        "mobile_support": true,
        "vendor_reputation": "Fair"
      }
    ],
    "status": "complete"
  }
]