[
  {
    "domain": "Logistics Routes",
    "turns": [
      [
        "Hey, can you help me find some logistics routes? I'm looking for something cost-effective.",
        {
          "name": null,
          "max_distance": null,
          "max_cost": null,
          "max_time": null,
          "priority": "cost",
          "mode_of_transport": null,
          "eco_friendly": null,
          "risk_level": null,
          "availability": null
        },
        "Sure! What distance are you considering for the routes?"
      ],
      [
        "I'm thinking a maximum distance of 350 kilometers.",
        {
          "name": null,
          "max_distance": 350.0,
          "max_cost": null,
          "max_time": null,
          "priority": "cost",
          "mode_of_transport": null,
          "eco_friendly": null,
          "risk_level": null,
          "availability": null
        },
        "Got it! Are you okay with any mode of transport, or do you prefer a specific one?"
      ],
      [
        "I prefer road transport for this route.",
        {
          "name": null,
          "max_distance": 350,
          "max_cost": null,
          "max_time": null,
          "priority": "cost",
          "mode_of_transport": "road",
          "eco_friendly": null,
          "risk_level": null,
          "availability": null
        },
        "Great choice! Let me find road routes under 350 kilometers and cost-effective. One moment!"
      ],
      [
        "Thanks! I'm looking forward to the options.",
        {
          "name": null,
          "max_distance": 350,
          "max_cost": null,
          "max_time": null,
          "priority": "cost",
          "mode_of_transport": "road",
          "eco_friendly": null,
          "risk_level": null,
          "availability": null
        },
        "Here are the options: Route A (150 km, $200) and Route I (90 km, $130). Do either of these work for you?"
      ],
      [
        "Route A sounds good, but what's the estimated time for each route?",
        {
          "name": null,
          "max_distance": 350,
          "max_cost": null,
          "max_time": null,
          "priority": "cost",
          "mode_of_transport": "road",
          "eco_friendly": null,
          "risk_level": null,
          "availability": null
        },
        "Route A takes about 3 hours, and Route I takes about 2 hours. Which one do you prefer?"
      ],
      [
        "I think Route A is better since it fits my cost preference. Can you confirm its availability?",
        {
          "name": null,
          "max_distance": 350,
          "max_cost": null,
          "max_time": null,
          "priority": "cost",
          "mode_of_transport": "road",
          "eco_friendly": null,
          "risk_level": null,
          "availability": null
        },
        "Yes, Route A is currently available! Would you like to go with that option?"
      ],
      [
        "Yes, let's finalize Route A! Thank you!",
        {
          "name": "Route A",
          "max_distance": 350,
          "max_cost": null,
          "max_time": null,
          "priority": "cost",
          "mode_of_transport": "road",
          "eco_friendly": null,
          "risk_level": null,
          "availability": true
        },
        "You're welcome! Route A is confirmed. Have a great day!"
      ]
    ],
    "preferences_code": "```python\npreferences = LogisticsRouteCriteria(\n    name='Route D',\n    max_distance=350.0,\n    max_cost=600.0,\n    max_time=8.0,\n    priority='cost',\n    mode_of_transport='road',\n    eco_friendly=False,\n    risk_level='high',\n    availability=True,\n)\n```",
    "red_herrings_code": "```python\n# Global variable containing a list of example Logistics Routes similar to the target Logistics Route\nsimilar_logistics_routes = [\n    LogisticsRoute(\n        name='Route A',\n        distance=280.0,\n        cost=480.0,\n        time=4.5,\n        mode_of_transport='rail',\n        eco_friendly=True,\n        risk_level='low',\n        availability=True,\n    ),\n    LogisticsRoute(\n        name='Route C',\n        distance=320.0,\n        cost=520.0,\n        time=5.5,\n        mode_of_transport='rail',\n        eco_friendly=False,\n        risk_level='medium',\n        availability=True,\n    ),\n    LogisticsRoute(\n        name='Route D',\n        distance=300.0,\n        cost=550.0,\n        time=6.0,\n        mode_of_transport='road',\n        eco_friendly=False,\n        risk_level='high',\n        availability=True,\n    ),\n]\n```",
    "database_code": "```python\n# Global variable containing a list of LogisticsRoute examples\nlogistics_routes = [\n    LogisticsRoute(\n        name=\"Route A\",\n        distance=150.0,\n        cost=200.0,\n        time=3.0,\n        mode_of_transport='road',\n        eco_friendly=True,\n        risk_level='low',\n        availability=True\n    ),\n    LogisticsRoute(\n        name=\"Route B\",\n        distance=300.0,\n        cost=500.0,\n        time=5.0,\n        mode_of_transport='rail',\n        eco_friendly=False,\n        risk_level='medium',\n        availability=True\n    ),\n    LogisticsRoute(\n        name=\"Route C\",\n        distance=50.0,\n        cost=100.0,\n        time=1.0,\n        mode_of_transport='air',\n        eco_friendly=True,\n        risk_level='low',\n        availability=False\n    ),\n    LogisticsRoute(\n        name=\"Route D\",\n        distance=200.0,\n        cost=300.0,\n        time=4.0,\n        mode_of_transport='sea',\n        eco_friendly=False,\n        risk_level='high',\n        availability=True\n    ),\n    LogisticsRoute(\n        name=\"Route E\",\n        distance=120.0,\n        cost=150.0,\n        time=2.5,\n        mode_of_transport='road',\n        eco_friendly=True,\n        risk_level='low',\n        availability=True\n    ),\n    LogisticsRoute(\n        name=\"Route F\",\n        distance=400.0,\n        cost=600.0,\n        time=8.0,\n        mode_of_transport='rail',\n        eco_friendly=False,\n        risk_level='medium',\n        availability=False\n    ),\n    LogisticsRoute(\n        name=\"Route G\",\n        distance=80.0,\n        cost=120.0,\n        time=1.5,\n        mode_of_transport='air',\n        eco_friendly=True,\n        risk_level='low',\n        availability=True\n    ),\n    LogisticsRoute(\n        name=\"Route H\",\n        distance=250.0,\n        cost=450.0,\n        time=7.0,\n        mode_of_transport='sea',\n        eco_friendly=False,\n        risk_level='high',\n        availability=True\n    ),\n    LogisticsRoute(\n        name=\"Route I\",\n        distance=90.0,\n        cost=130.0,\n        time=2.0,\n        mode_of_transport='road',\n        eco_friendly=True,\n        risk_level='low',\n        availability=True\n    ),\n    LogisticsRoute(\n        name=\"Route J\",\n        distance=350.0,\n        cost=550.0,\n        time=6.0,\n        mode_of_transport='rail',\n        eco_friendly=False,\n        risk_level='medium',\n        availability=False\n    )\n]\n```",
    "goal": {
      "name": null,
      "max_distance": 350.0,
      "max_cost": 600.0,
      "max_time": 8.0,
      "priority": "cost",
      "mode_of_transport": "road",
      "eco_friendly": false,
      "risk_level": "high",
      "availability": true
    },
    "database": [
      {
        "name": "Route C",
        "distance": 50.0,
        "cost": 100.0,
        "time": 1.0,
        "mode_of_transport": "air",
        "eco_friendly": true,
        "risk_level": "low",
        "availability": false
      },
      {
        "name": "Route H",
        "distance": 250.0,
        "cost": 450.0,
        "time": 7.0,
        "mode_of_transport": "sea",
        "eco_friendly": false,
        "risk_level": "high",
        "availability": true
      },
      {
        "name": "Route F",
        "distance": 400.0,
        "cost": 600.0,
        "time": 8.0,
        "mode_of_transport": "rail",
        "eco_friendly": false,
        "risk_level": "medium",
        "availability": false
      },
      {
        "name": "Route D",
        "distance": 300.0,
        "cost": 550.0,
        "time": 6.0,
        "mode_of_transport": "road",
        "eco_friendly": false,
        "risk_level": "high",
        "availability": true
      },
      {
        "name": "Route E",
        "distance": 120.0,
        "cost": 150.0,
        "time": 2.5,
        "mode_of_transport": "road",
        "eco_friendly": true,
        "risk_level": "low",
        "availability": true
      },
      {
        "name": "Route C",
        "distance": 320.0,
        "cost": 520.0,
        "time": 5.5,
        "mode_of_transport": "rail",
        "eco_friendly": false,
        "risk_level": "medium",
        "availability": true
      },
      {
        "name": "Route G",
        "distance": 80.0,
        "cost": 120.0,
        "time": 1.5,
        "mode_of_transport": "air",
        "eco_friendly": true,
        "risk_level": "low",
        "availability": true
      },
      {
        "name": "Route B",
        "distance": 300.0,
        "cost": 500.0,
        "time": 5.0,
        "mode_of_transport": "rail",
        "eco_friendly": false,
        "risk_level": "medium",
        "availability": true
      },
      {
        "name": "Route J",
        "distance": 350.0,
        "cost": 550.0,
        "time": 6.0,
        "mode_of_transport": "rail",
        "eco_friendly": false,
        "risk_level": "medium",
        "availability": false
      },
      {
        "name": "Route D",
        "distance": 200.0,
        "cost": 300.0,
        "time": 4.0,
        "mode_of_transport": "sea",
        "eco_friendly": false,
        "risk_level": "high",
        "availability": true
      },
      {
        "name": "Route I",
        "distance": 90.0,
        "cost": 130.0,
        "time": 2.0,
        "mode_of_transport": "road",
        "eco_friendly": true,
        "risk_level": "low",
        "availability": true
      },
      {
        "name": "Route A",
        "distance": 280.0,
        "cost": 480.0,
        "time": 4.5,
        "mode_of_transport": "rail",
        "eco_friendly": true,
        "risk_level": "low",
        "availability": true
      },
      {
        "name": "Route A",
        "distance": 150.0,
        "cost": 200.0,
        "time": 3.0,
        "mode_of_transport": "road",
        "eco_friendly": true,
        "risk_level": "low",
        "availability": true
      }
    ],
    "status": "complete"
  },
  {
    "domain": "Procurement Strategies",
    "turns": [
      [
        "Thanks! Now, can you help me find a suitable Procurement Strategy?",
        {
          "name": null,
          "supplier_reliability": null,
          "cost_efficiency": "high",
          "delivery_speed": null,
          "sustainability": null,
          "flexibility": null,
          "compliance": null,
          "innovation": null
        },
        "Of course! What specific characteristics are you looking for in a Procurement Strategy?"
      ],
      [
        "I'm looking for something with moderate supplier reliability and a focus on sustainability.",
        {
          "name": null,
          "supplier_reliability": 5,
          "cost_efficiency": null,
          "delivery_speed": null,
          "sustainability": true,
          "flexibility": null,
          "compliance": null,
          "innovation": null
        },
        "Got it! Are you also looking for cost efficiency to be high, medium, or low?"
      ],
      [
        "I'm actually leaning towards low cost efficiency for this strategy.",
        {
          "name": null,
          "supplier_reliability": 5,
          "cost_efficiency": "low",
          "delivery_speed": null,
          "sustainability": true,
          "flexibility": null,
          "compliance": null,
          "innovation": null
        },
        "Thanks for that! Let me find strategies with moderate supplier reliability, low cost efficiency, and sustainability. One moment!"
      ],
      [
        "Sure, take your time!",
        {
          "name": null,
          "supplier_reliability": 5,
          "cost_efficiency": "low",
          "delivery_speed": null,
          "sustainability": true,
          "flexibility": null,
          "compliance": null,
          "innovation": null
        },
        "I found two options: Strategy C and Strategy F. Both have moderate supplier reliability, low cost efficiency, and are sustainable. Do either of these interest you?"
      ],
      [
        "I'm curious about Strategy C. What else can you tell me about it?",
        {
          "name": null,
          "supplier_reliability": 5,
          "cost_efficiency": "low",
          "delivery_speed": null,
          "sustainability": true,
          "flexibility": null,
          "compliance": null,
          "innovation": null
        },
        "Strategy C has a supplier reliability of 5, delivers slowly, and has low flexibility and innovation. Would you like to go with this strategy?"
      ],
      [
        "That sounds good! Let's go with Strategy C.",
        {
          "name": null,
          "supplier_reliability": 5,
          "cost_efficiency": "low",
          "delivery_speed": "slow",
          "sustainability": true,
          "flexibility": "low",
          "compliance": null,
          "innovation": "low"
        },
        "Great choice! Strategy C is confirmed. Thank you!"
      ]
    ],
    "preferences_code": "```python\npreferences = ProcurementStrategyCriteria(\n    name='Strategy A',\n    supplier_reliability=5,\n    cost_efficiency='low',\n    delivery_speed='slow',\n    sustainability=True,\n    flexibility='low',\n    compliance=False,\n    innovation='low',\n)\n```",
    "red_herrings_code": "```python\n# Global variable representing a list of similar Procurement Strategies\nprocurement_strategies = [\n    ProcurementStrategy(\n        name='Strategy A',\n        supplier_reliability=5,\n        cost_efficiency='low',\n        delivery_speed='slow',\n        sustainability=True,\n        flexibility='low',\n        compliance=False,\n        innovation='low',\n    ),\n    ProcurementStrategy(\n        name='Strategy B',\n        supplier_reliability=4,\n        cost_efficiency='medium',\n        delivery_speed='slow',\n        sustainability=True,\n        flexibility='low',\n        compliance=False,\n        innovation='low',\n    ),\n    ProcurementStrategy(\n        name='Strategy C',\n        supplier_reliability=4,\n        cost_efficiency='low',\n        delivery_speed='moderate',\n        sustainability=True,\n        flexibility='low',\n        compliance=False,\n        innovation='low',\n    ),\n]\n```",
    "database_code": "```python\n# Global variable containing a list of Procurement Strategies examples\nprocurement_strategies = [\n    ProcurementStrategy(\n        name=\"Strategy A\",\n        supplier_reliability=9,\n        cost_efficiency='high',\n        delivery_speed='fast',\n        sustainability=True,\n        flexibility='medium',\n        compliance=True,\n        innovation='high'\n    ),\n    ProcurementStrategy(\n        name=\"Strategy B\",\n        supplier_reliability=7,\n        cost_efficiency='medium',\n        delivery_speed='moderate',\n        sustainability=False,\n        flexibility='high',\n        compliance=True,\n        innovation='medium'\n    ),\n    ProcurementStrategy(\n        name=\"Strategy C\",\n        supplier_reliability=5,\n        cost_efficiency='low',\n        delivery_speed='slow',\n        sustainability=True,\n        flexibility='low',\n        compliance=False,\n        innovation='low'\n    ),\n    ProcurementStrategy(\n        name=\"Strategy D\",\n        supplier_reliability=8,\n        cost_efficiency='high',\n        delivery_speed='fast',\n        sustainability=True,\n        flexibility='high',\n        compliance=True,\n        innovation='medium'\n    ),\n    ProcurementStrategy(\n        name=\"Strategy E\",\n        supplier_reliability=6,\n        cost_efficiency='medium',\n        delivery_speed='moderate',\n        sustainability=False,\n        flexibility='medium',\n        compliance=True,\n        innovation='high'\n    ),\n    ProcurementStrategy(\n        name=\"Strategy F\",\n        supplier_reliability=4,\n        cost_efficiency='low',\n        delivery_speed='slow',\n        sustainability=True,\n        flexibility='low',\n        compliance=False,\n        innovation='low'\n    ),\n    ProcurementStrategy(\n        name=\"Strategy G\",\n        supplier_reliability=10,\n        cost_efficiency='high',\n        delivery_speed='fast',\n        sustainability=True,\n        flexibility='high',\n        compliance=True,\n        innovation='high'\n    ),\n    ProcurementStrategy(\n        name=\"Strategy H\",\n        supplier_reliability=3,\n        cost_efficiency='medium',\n        delivery_speed='moderate',\n        sustainability=False,\n        flexibility='medium',\n        compliance=False,\n        innovation='medium'\n    ),\n    ProcurementStrategy(\n        name=\"Strategy I\",\n        supplier_reliability=2,\n        cost_efficiency='low',\n        delivery_speed='slow',\n        sustainability=True,\n        flexibility='low',\n        compliance=False,\n        innovation='low'\n    ),\n    ProcurementStrategy(\n        name=\"Strategy J\",\n        supplier_reliability=8,\n        cost_efficiency='high',\n        delivery_speed='moderate',\n        sustainability=True,\n        flexibility='medium',\n        compliance=True,\n        innovation='high'\n    )\n]\n```",
    "goal": {
      "name": null,
      "supplier_reliability": 5,
      "cost_efficiency": "low",
      "delivery_speed": "slow",
      "sustainability": true,
      "flexibility": "low",
      "compliance": false,
      "innovation": "low"
    },
    "database": [
      {
        "name": "Strategy H",
        "supplier_reliability": 3,
        "cost_efficiency": "medium",
        "delivery_speed": "moderate",
        "sustainability": false,
        "flexibility": "medium",
        "compliance": false,
        "innovation": "medium"
      },
      {
        "name": "Strategy G",
        "supplier_reliability": 10,
        "cost_efficiency": "high",
        "delivery_speed": "fast",
        "sustainability": true,
        "flexibility": "high",
        "compliance": true,
        "innovation": "high"
      },
      {
        "name": "Strategy C",
        "supplier_reliability": 5,
        "cost_efficiency": "low",
        "delivery_speed": "slow",
        "sustainability": true,
        "flexibility": "low",
        "compliance": false,
        "innovation": "low"
      },
      {
        "name": "Strategy F",
        "supplier_reliability": 4,
        "cost_efficiency": "low",
        "delivery_speed": "slow",
        "sustainability": true,
        "flexibility": "low",
        "compliance": false,
        "innovation": "low"
      },
      {
        "name": "Strategy C",
        "supplier_reliability": 4,
        "cost_efficiency": "low",
        "delivery_speed": "moderate",
        "sustainability": true,
        "flexibility": "low",
        "compliance": false,
        "innovation": "low"
      },
      {
        "name": "Strategy J",
        "supplier_reliability": 8,
        "cost_efficiency": "high",
        "delivery_speed": "moderate",
        "sustainability": true,
        "flexibility": "medium",
        "compliance": true,
        "innovation": "high"
      },
      {
        "name": "Strategy A",
        "supplier_reliability": 9,
        "cost_efficiency": "high",
        "delivery_speed": "fast",
        "sustainability": true,
        "flexibility": "medium",
        "compliance": true,
        "innovation": "high"
      },
      {
        "name": "Strategy B",
        "supplier_reliability": 4,
        "cost_efficiency": "medium",
        "delivery_speed": "slow",
        "sustainability": true,
        "flexibility": "low",
        "compliance": false,
        "innovation": "low"
      },
      {
        "name": "Strategy A",
        "supplier_reliability": 5,
        "cost_efficiency": "low",
        "delivery_speed": "slow",
        "sustainability": true,
        "flexibility": "low",
        "compliance": false,
        "innovation": "low"
      },
      {
        "name": "Strategy I",
        "supplier_reliability": 2,
        "cost_efficiency": "low",
        "delivery_speed": "slow",
        "sustainability": true,
        "flexibility": "low",
        "compliance": false,
        "innovation": "low"
      },
      {
        "name": "Strategy E",
        "supplier_reliability": 6,
        "cost_efficiency": "medium",
        "delivery_speed": "moderate",
        "sustainability": false,
        "flexibility": "medium",
        "compliance": true,
        "innovation": "high"
      },
      {
        "name": "Strategy D",
        "supplier_reliability": 8,
        "cost_efficiency": "high",
        "delivery_speed": "fast",
        "sustainability": true,
        "flexibility": "high",
        "compliance": true,
        "innovation": "medium"
      },
      {
        "name": "Strategy B",
        "supplier_reliability": 7,
        "cost_efficiency": "medium",
        "delivery_speed": "moderate",
        "sustainability": false,
        "flexibility": "high",
        "compliance": true,
        "innovation": "medium"
      }
    ],
    "status": "complete"
  },
  {
    "domain": "Warehouse Management Systems",
    "turns": [
      [
        "Thanks! Now, can you help me find a suitable Warehouse Management System?",
        {
          "name": null,
          "integration": null,
          "scalability": null,
          "user_friendly": null,
          "cost_efficiency": null,
          "support_services": null,
          "implementation_time": null,
          "customizability": null,
          "security_features": null,
          "mobile_support": null,
          "vendor_reputation": null
        },
        "Absolutely! What specific features are you looking for in a Warehouse Management System?"
      ],
      [
        "I'm looking for EDI integration and medium scalability.",
        {
          "name": null,
          "integration": "EDI",
          "scalability": "Medium",
          "user_friendly": null,
          "cost_efficiency": null,
          "support_services": null,
          "implementation_time": null,
          "customizability": null,
          "security_features": null,
          "mobile_support": null,
          "vendor_reputation": null
        },
        "Got it! Do you have any preferences for user-friendliness or cost efficiency?"
      ],
      [
        "I'd prefer it to be not user-friendly and have low cost efficiency.",
        {
          "name": null,
          "integration": "EDI",
          "scalability": "Medium",
          "user_friendly": false,
          "cost_efficiency": "Low",
          "support_services": null,
          "implementation_time": null,
          "customizability": null,
          "security_features": null,
          "mobile_support": null,
          "vendor_reputation": null
        },
        "Thanks for that! Let me find WMS options with EDI integration, medium scalability, not user-friendly, and low cost efficiency. One moment!"
      ],
      [
        "Sure, I'll wait!",
        {
          "name": null,
          "integration": "EDI",
          "scalability": "Medium",
          "user_friendly": false,
          "cost_efficiency": "Low",
          "support_services": null,
          "implementation_time": null,
          "customizability": null,
          "security_features": null,
          "mobile_support": null,
          "vendor_reputation": null
        },
        "I found WMS Beta and WMS Theta. Both match your criteria. Do either of these sound good to you?"
      ],
      [
        "I\u2019m interested in WMS Beta. What\u2019s its reputation like?",
        {
          "name": null,
          "integration": "EDI",
          "scalability": "Medium",
          "user_friendly": false,
          "cost_efficiency": "Low",
          "support_services": null,
          "implementation_time": null,
          "customizability": null,
          "security_features": null,
          "mobile_support": null,
          "vendor_reputation": null
        },
        "WMS Beta has a vendor reputation of \"Good.\" Would you like to go ahead with it?"
      ],
      [
        "I think I\u2019d prefer a vendor with an excellent reputation. Can you check WMS Theta's reputation?",
        {
          "name": null,
          "integration": "EDI",
          "scalability": "Medium",
          "user_friendly": false,
          "cost_efficiency": "Low",
          "support_services": null,
          "implementation_time": null,
          "customizability": null,
          "security_features": null,
          "mobile_support": null,
          "vendor_reputation": "Good"
        },
        "WMS Theta has a vendor reputation of \"Good\" as well. Would you like to explore other options?"
      ],
      [
        "Yes, please look for WMS options with an excellent vendor reputation.",
        {
          "name": null,
          "integration": "EDI",
          "scalability": "Medium",
          "user_friendly": false,
          "cost_efficiency": "Low",
          "support_services": null,
          "implementation_time": null,
          "customizability": null,
          "security_features": null,
          "mobile_support": null,
          "vendor_reputation": null
        },
        "Sure! Do you still want EDI integration and medium scalability?"
      ],
      [
        "Yes, let's keep those criteria.",
        {
          "name": null,
          "integration": "EDI",
          "scalability": "Medium",
          "user_friendly": false,
          "cost_efficiency": "Low",
          "support_services": null,
          "implementation_time": null,
          "customizability": null,
          "security_features": null,
          "mobile_support": null,
          "vendor_reputation": null
        },
        "I found WMS Gamma, which has EDI integration, medium scalability, and an excellent vendor reputation. Would you like to go with that?"
      ],
      [
        "Yes, WMS Gamma sounds perfect! Let's confirm it.",
        {
          "name": null,
          "integration": "EDI",
          "scalability": "Medium",
          "user_friendly": false,
          "cost_efficiency": "Low",
          "support_services": null,
          "implementation_time": null,
          "customizability": null,
          "security_features": null,
          "mobile_support": null,
          "vendor_reputation": "Excellent"
        },
        "Great choice! WMS Gamma is confirmed. Thank you!"
      ]
    ],
    "preferences_code": "```python\npreferences = WMSCriteria(\n    name='WMS Gamma',\n    integration='EDI',\n    scalability='Medium',\n    user_friendly=False,\n    cost_efficiency='Low',\n    support_services='Business Hours',\n    implementation_time='Short',\n    customizability='High',\n    security_features=False,\n    mobile_support=False,\n    vendor_reputation='Excellent',\n)\n```",
    "red_herrings_code": "```python\n# List of Warehouse Management Systems examples\nwms_examples = [\n    WMSKnowledge(\n        name='WMS Alpha',\n        integration='API',\n        scalability='Medium',\n        user_friendly=True,\n        cost_efficiency='Low',\n        support_services='Business Hours',\n        implementation_time='Medium',\n        customizability='Medium',\n        security_features=False,\n        mobile_support=False,\n        vendor_reputation='Good',\n    ),\n    WMSKnowledge(\n        name='WMS Beta',\n        integration='EDI',\n        scalability='High',\n        user_friendly=False,\n        cost_efficiency='Low',\n        support_services='24/7',\n        implementation_time='Long',\n        customizability='Medium',\n        security_features=False,\n        mobile_support=False,\n        vendor_reputation='Fair',\n    ),\n    WMSKnowledge(\n        name='WMS Gamma',\n        integration='EDI',\n        scalability='Medium',\n        user_friendly=False,\n        cost_efficiency='Medium',\n        support_services='Business Hours',\n        implementation_time='Short',\n        customizability='High',\n        security_features=False,\n        mobile_support=False,\n        vendor_reputation='Excellent',\n    ),\n]\n```",
    "database_code": "```python\n# Global variable containing a list of Warehouse Management Systems examples\nwms_examples = [\n    WMSKnowledge(\n        name=\"WMS Alpha\",\n        integration=\"API\",\n        scalability=\"High\",\n        user_friendly=True,\n        cost_efficiency=\"Medium\",\n        support_services=\"24/7\",\n        implementation_time=\"Short\",\n        customizability=\"High\",\n        security_features=True,\n        mobile_support=True,\n        vendor_reputation=\"Excellent\"\n    ),\n    WMSKnowledge(\n        name=\"WMS Beta\",\n        integration=\"EDI\",\n        scalability=\"Medium\",\n        user_friendly=False,\n        cost_efficiency=\"Low\",\n        support_services=\"Business Hours\",\n        implementation_time=\"Medium\",\n        customizability=\"Medium\",\n        security_features=False,\n        mobile_support=False,\n        vendor_reputation=\"Good\"\n    ),\n    WMSKnowledge(\n        name=\"WMS Gamma\",\n        integration=\"FTP\",\n        scalability=\"Low\",\n        user_friendly=True,\n        cost_efficiency=\"High\",\n        support_services=\"None\",\n        implementation_time=\"Long\",\n        customizability=\"Low\",\n        security_features=True,\n        mobile_support=True,\n        vendor_reputation=\"Fair\"\n    ),\n    WMSKnowledge(\n        name=\"WMS Delta\",\n        integration=\"API\",\n        scalability=\"High\",\n        user_friendly=True,\n        cost_efficiency=\"Medium\",\n        support_services=\"24/7\",\n        implementation_time=\"Short\",\n        customizability=\"High\",\n        security_features=True,\n        mobile_support=True,\n        vendor_reputation=\"Excellent\"\n    ),\n    WMSKnowledge(\n        name=\"WMS Epsilon\",\n        integration=\"EDI\",\n        scalability=\"Medium\",\n        user_friendly=False,\n        cost_efficiency=\"Low\",\n        support_services=\"Business Hours\",\n        implementation_time=\"Medium\",\n        customizability=\"Medium\",\n        security_features=False,\n        mobile_support=False,\n        vendor_reputation=\"Good\"\n    ),\n    WMSKnowledge(\n        name=\"WMS Zeta\",\n        integration=\"FTP\",\n        scalability=\"Low\",\n        user_friendly=True,\n        cost_efficiency=\"High\",\n        support_services=\"None\",\n        implementation_time=\"Long\",\n        customizability=\"Low\",\n        security_features=True,\n        mobile_support=True,\n        vendor_reputation=\"Fair\"\n    ),\n    WMSKnowledge(\n        name=\"WMS Eta\",\n        integration=\"API\",\n        scalability=\"High\",\n        user_friendly=True,\n        cost_efficiency=\"Medium\",\n        support_services=\"24/7\",\n        implementation_time=\"Short\",\n        customizability=\"High\",\n        security_features=True,\n        mobile_support=True,\n        vendor_reputation=\"Excellent\"\n    ),\n    WMSKnowledge(\n        name=\"WMS Theta\",\n        integration=\"EDI\",\n        scalability=\"Medium\",\n        user_friendly=False,\n        cost_efficiency=\"Low\",\n        support_services=\"Business Hours\",\n        implementation_time=\"Medium\",\n        customizability=\"Medium\",\n        security_features=False,\n        mobile_support=False,\n        vendor_reputation=\"Good\"\n    ),\n    WMSKnowledge(\n        name=\"WMS Iota\",\n        integration=\"FTP\",\n        scalability=\"Low\",\n        user_friendly=True,\n        cost_efficiency=\"High\",\n        support_services=\"None\",\n        implementation_time=\"Long\",\n        customizability=\"Low\",\n        security_features=True,\n        mobile_support=True,\n        vendor_reputation=\"Fair\"\n    ),\n    WMSKnowledge(\n        name=\"WMS Kappa\",\n        integration=\"API\",\n        scalability=\"High\",\n        user_friendly=True,\n        cost_efficiency=\"Medium\",\n        support_services=\"24/7\",\n        implementation_time=\"Short\",\n        customizability=\"High\",\n        security_features=True,\n        mobile_support=True,\n        vendor_reputation=\"Excellent\"\n    )\n]\n```",
    "goal": {
      "name": null,
      "integration": "EDI",
      "scalability": "Medium",
      "user_friendly": false,
      "cost_efficiency": "Low",
      "support_services": "Business Hours",
      "implementation_time": "Short",
      "customizability": "High",
      "security_features": false,
      "mobile_support": false,
      "vendor_reputation": "Excellent"
    },
    "database": [
      {
        "name": "WMS Delta",
        "integration": "API",
        "scalability": "High",
        "user_friendly": true,
        "cost_efficiency": "Medium",
        "support_services": "24/7",
        "implementation_time": "Short",
        "customizability": "High",
        "security_features": true,
        "mobile_support": true,
        "vendor_reputation": "Excellent"
      },
      {
        "name": "WMS Eta",
        "integration": "API",
        "scalability": "High",
        "user_friendly": true,
        "cost_efficiency": "Medium",
        "support_services": "24/7",
        "implementation_time": "Short",
        "customizability": "High",
        "security_features": true,
        "mobile_support": true,
        "vendor_reputation": "Excellent"
      },
      {
        "name": "WMS Beta",
        "integration": "EDI",
        "scalability": "Medium",
        "user_friendly": false,
        "cost_efficiency": "Low",
        "support_services": "Business Hours",
        "implementation_time": "Medium",
        "customizability": "Medium",
        "security_features": false,
        "mobile_support": false,
        "vendor_reputation": "Good"
      },
      {
        "name": "WMS Gamma",
        "integration": "EDI",
        "scalability": "Medium",
        "user_friendly": false,
        "cost_efficiency": "Medium",
        "support_services": "Business Hours",
        "implementation_time": "Short",
        "customizability": "High",
        "security_features": false,
        "mobile_support": false,
        "vendor_reputation": "Excellent"
      },
      {
        "name": "WMS Theta",
        "integration": "EDI",
        "scalability": "Medium",
        "user_friendly": false,
        "cost_efficiency": "Low",
        "support_services": "Business Hours",
        "implementation_time": "Medium",
        "customizability": "Medium",
        "security_features": false,
        "mobile_support": false,
        "vendor_reputation": "Good"
      },
      {
        "name": "WMS Alpha",
        "integration": "API",
        "scalability": "Medium",
        "user_friendly": true,
        "cost_efficiency": "Low",
        "support_services": "Business Hours",
        "implementation_time": "Medium",
        "customizability": "Medium",
        "security_features": false,
        "mobile_support": false,
        "vendor_reputation": "Good"
      },
      {
        "name": "WMS Zeta",
        "integration": "FTP",
        "scalability": "Low",
        "user_friendly": true,
        "cost_efficiency": "High",
        "support_services": "None",
        "implementation_time": "Long",
        "customizability": "Low",
        "security_features": true,
        "mobile_support": true,
        "vendor_reputation": "Fair"
      },
      {
        "name": "WMS Beta",
        "integration": "EDI",
        "scalability": "High",
        "user_friendly": false,
        "cost_efficiency": "Low",
        "support_services": "24/7",
        "implementation_time": "Long",
        "customizability": "Medium",
        "security_features": false,
        "mobile_support": false,
        "vendor_reputation": "Fair"
      },
      {
        "name": "WMS Iota",
        "integration": "FTP",
        "scalability": "Low",
        "user_friendly": true,
        "cost_efficiency": "High",
        "support_services": "None",
        "implementation_time": "Long",
        "customizability": "Low",
        "security_features": true,
        "mobile_support": true,
        "vendor_reputation": "Fair"
      },
      {
        "name": "WMS Kappa",
        "integration": "API",
        "scalability": "High",
        "user_friendly": true,
        "cost_efficiency": "Medium",
        "support_services": "24/7",
        "implementation_time": "Short",
        "customizability": "High",
        "security_features": true,
        "mobile_support": true,
        "vendor_reputation": "Excellent"
      },
      {
        "name": "WMS Alpha",
        "integration": "API",
        "scalability": "High",
        "user_friendly": true,
        "cost_efficiency": "Medium",
        "support_services": "24/7",
        "implementation_time": "Short",
        "customizability": "High",
        "security_features": true,
        "mobile_support": true,
        "vendor_reputation": "Excellent"
      },
      {
        "name": "WMS Epsilon",
        "integration": "EDI",
        "scalability": "Medium",
        "user_friendly": false,
        "cost_efficiency": "Low",
        "support_services": "Business Hours",
        "implementation_time": "Medium",
        "customizability": "Medium",
        "security_features": false,
        "mobile_support": false,
        "vendor_reputation": "Good"
      },
      {
        "name": "WMS Gamma",
        "integration": "FTP",
        "scalability": "Low",
        "user_friendly": true,
        "cost_efficiency": "High",
        "support_services": "None",
        "implementation_time": "Long",
        "customizability": "Low",
        "security_features": true,
        "mobile_support": true,
        "vendor_reputation": "Fair"
      }
    ],
    "status": "complete"
  }
]