[
  {
    "searcher": "Logistics Manager",
    "recommender": "Supply Chain Analyst",
    "dialogue": "A logistics manager is working with a supply chain analyst to choose logistics routes, procurement strategies, and warehouse management systems.",
    "item_type": "Logistics Routes",
    "criteria": [
      "Distance",
      "Cost",
      "Time"
    ],
    "searcher_schema_code": "```python\nfrom dataclasses import dataclass, field\nfrom typing import Optional, Literal\n\n@dataclass\nclass LogisticsRouteCriteria:\n    \"\"\"\n    A class to represent the criteria and preferences for finding Logistics Routes.\n    \"\"\"\n    \n    name: Optional[str] = field(default=None)\n    \"\"\"The specific name of the logistics route, if looking for a specific route.\"\"\"\n    \n    max_distance: Optional[float] = field(default=None)\n    \"\"\"The maximum allowable distance for the logistics route, in kilometers.\"\"\"\n    \n    max_cost: Optional[float] = field(default=None)\n    \"\"\"The maximum allowable cost for using the logistics route, in currency units.\"\"\"\n    \n    max_time: Optional[float] = field(default=None)\n    \"\"\"The maximum allowable time for the logistics route, in hours.\"\"\"\n    \n    priority: Optional[Literal['distance', 'cost', 'time']] = field(default=None)\n    \"\"\"The primary factor to prioritize when evaluating logistics routes: 'distance', 'cost', or 'time'.\"\"\"\n    \n    mode_of_transport: Optional[Literal['road', 'rail', 'air', 'sea']] = field(default=None)\n    \"\"\"The preferred mode of transport for the logistics route: 'road', 'rail', 'air', or 'sea'.\"\"\"\n    \n    eco_friendly: Optional[bool] = field(default=None)\n    \"\"\"Whether to prioritize eco-friendly logistics routes.\"\"\"\n    \n    risk_level: Optional[Literal['low', 'medium', 'high']] = field(default=None)\n    \"\"\"The acceptable risk level for the logistics route: 'low', 'medium', or 'high'.\"\"\"\n    \n    availability: Optional[bool] = field(default=None)\n    \"\"\"Whether the logistics route should currently be available.\"\"\"\n```\n",
    "recommender_schema_code": "```python\nfrom dataclasses import dataclass, field\nfrom typing import Optional, Literal\n\n@dataclass\nclass LogisticsRoute:\n    \"\"\"\n    A class to represent detailed knowledge of a specific Logistics Route.\n    \"\"\"\n\n    name: Optional[str] = field(default=None)\n    \"\"\"The specific name of the logistics route.\"\"\"\n\n    distance: Optional[float] = field(default=None)\n    \"\"\"The total distance of the logistics route, in kilometers.\"\"\"\n\n    cost: Optional[float] = field(default=None)\n    \"\"\"The cost associated with using the logistics route, in currency units.\"\"\"\n\n    time: Optional[float] = field(default=None)\n    \"\"\"The time required to traverse the logistics route, in hours.\"\"\"\n\n    mode_of_transport: Optional[Literal['road', 'rail', 'air', 'sea']] = field(default=None)\n    \"\"\"The mode of transport used for the logistics route: 'road', 'rail', 'air', or 'sea'.\"\"\"\n\n    eco_friendly: Optional[bool] = field(default=None)\n    \"\"\"Indicates whether the logistics route is eco-friendly.\"\"\"\n\n    risk_level: Optional[Literal['low', 'medium', 'high']] = field(default=None)\n    \"\"\"The risk level associated with the logistics route: 'low', 'medium', or 'high'.\"\"\"\n\n    availability: Optional[bool] = field(default=None)\n    \"\"\"Indicates whether the logistics route is currently available.\"\"\"\n\n    def matches_criteria(self, criteria: LogisticsRouteCriteria) -> bool:\n        \"\"\"\n        Determine if this logistics route matches the given search criteria.\n\n        :param criteria: An instance of LogisticsRouteCriteria containing the search criteria.\n        :return: True if the logistics route matches the criteria, False otherwise.\n        \"\"\"\n        if criteria.name and self.name != criteria.name:\n            return False\n        if criteria.max_distance is not None and self.distance is not None and self.distance > criteria.max_distance:\n            return False\n        if criteria.max_cost is not None and self.cost is not None and self.cost > criteria.max_cost:\n            return False\n        if criteria.max_time is not None and self.time is not None and self.time > criteria.max_time:\n            return False\n        if criteria.priority:\n            if criteria.priority == 'distance' and self.distance is not None and criteria.max_distance is not None:\n                if self.distance > criteria.max_distance:\n                    return False\n            elif criteria.priority == 'cost' and self.cost is not None and criteria.max_cost is not None:\n                if self.cost > criteria.max_cost:\n                    return False\n            elif criteria.priority == 'time' and self.time is not None and criteria.max_time is not None:\n                if self.time > criteria.max_time:\n                    return False\n        if criteria.mode_of_transport and self.mode_of_transport != criteria.mode_of_transport:\n            return False\n        if criteria.eco_friendly is not None and self.eco_friendly != criteria.eco_friendly:\n            return False\n        if criteria.risk_level and self.risk_level != criteria.risk_level:\n            return False\n        if criteria.availability is not None and self.availability != criteria.availability:\n            return False\n\n        return True\n```",
    "searcher_schema": {
      "name": {
        "type": "typing.Optional[str]",
        "desc": "The specific name of the logistics route, if looking for a specific route."
      },
      "max_distance": {
        "type": "typing.Optional[float]",
        "desc": "The maximum allowable distance for the logistics route, in kilometers."
      },
      "max_cost": {
        "type": "typing.Optional[float]",
        "desc": "The maximum allowable cost for using the logistics route, in currency units."
      },
      "max_time": {
        "type": "typing.Optional[float]",
        "desc": "The maximum allowable time for the logistics route, in hours."
      },
      "priority": {
        "type": "typing.Optional[typing.Literal['distance', 'cost', 'time']]",
        "desc": "The primary factor to prioritize when evaluating logistics routes: 'distance', 'cost', or 'time'."
      },
      "mode_of_transport": {
        "type": "typing.Optional[typing.Literal['road', 'rail', 'air', 'sea']]",
        "desc": "The preferred mode of transport for the logistics route: 'road', 'rail', 'air', or 'sea'."
      },
      "eco_friendly": {
        "type": "typing.Optional[bool]",
        "desc": "Whether to prioritize eco-friendly logistics routes."
      },
      "risk_level": {
        "type": "typing.Optional[typing.Literal['low', 'medium', 'high']]",
        "desc": "The acceptable risk level for the logistics route: 'low', 'medium', or 'high'."
      },
      "availability": {
        "type": "typing.Optional[bool]",
        "desc": "Whether the logistics route should currently be available."
      }
    }
  },
  {
    "searcher": "Logistics Manager",
    "recommender": "Supply Chain Analyst",
    "dialogue": "A logistics manager is working with a supply chain analyst to choose logistics routes, procurement strategies, and warehouse management systems.",
    "item_type": "Procurement Strategies",
    "criteria": [
      "Supplier Reliability",
      "Cost Efficiency"
    ],
    "searcher_schema_code": "```python\nfrom dataclasses import dataclass\nfrom typing import Optional, Literal\n\n@dataclass\nclass ProcurementStrategyCriteria:\n    \"\"\"\n    A dataclass representing the criteria and preferences for finding a Procurement Strategy.\n    \"\"\"\n\n    name: Optional[str] = None\n    \"\"\"The specific name of the Procurement Strategy, if looking for a particular one.\"\"\"\n\n    supplier_reliability: Optional[int] = None\n    \"\"\"An optional field representing the required reliability of suppliers, on a scale from 1 to 10.\"\"\"\n\n    cost_efficiency: Optional[Literal['high', 'medium', 'low']] = None\n    \"\"\"An optional field representing the preference for cost efficiency with fixed values: 'high', 'medium', or 'low'.\"\"\"\n\n    delivery_speed: Optional[Literal['fast', 'moderate', 'slow']] = None\n    \"\"\"An optional field representing the preference for delivery speed with fixed values: 'fast', 'moderate', or 'slow'.\"\"\"\n\n    sustainability: Optional[bool] = None\n    \"\"\"An optional field indicating whether sustainability is a critical factor (True) or not (False).\"\"\"\n\n    flexibility: Optional[Literal['high', 'medium', 'low']] = None\n    \"\"\"An optional field representing the preference for flexibility in terms of changing orders or suppliers, with fixed values: 'high', 'medium', 'low'.\"\"\"\n\n    compliance: Optional[bool] = None\n    \"\"\"An optional field indicating whether strict compliance with regulations is required (True) or not (False).\"\"\"\n\n    innovation: Optional[Literal['high', 'medium', 'low']] = None\n    \"\"\"An optional field representing the preference for supplier innovation capabilities with fixed values: 'high', 'medium', 'low'.\"\"\"\n```",
    "recommender_schema_code": "```python\nfrom dataclasses import dataclass\nfrom typing import Optional, Literal\n\n@dataclass\nclass ProcurementStrategy:\n    \"\"\"\n    A dataclass representing the detailed knowledge of a Procurement Strategy.\n    \"\"\"\n\n    name: Optional[str] = None\n    \"\"\"The name of the Procurement Strategy.\"\"\"\n\n    supplier_reliability: Optional[int] = None\n    \"\"\"The reliability of suppliers, on a scale from 1 to 10.\"\"\"\n\n    cost_efficiency: Optional[Literal['high', 'medium', 'low']] = None\n    \"\"\"The cost efficiency level: 'high', 'medium', or 'low'.\"\"\"\n\n    delivery_speed: Optional[Literal['fast', 'moderate', 'slow']] = None\n    \"\"\"The delivery speed preference: 'fast', 'moderate', or 'slow'.\"\"\"\n\n    sustainability: Optional[bool] = None\n    \"\"\"Indicates if the strategy is sustainable: True or False.\"\"\"\n\n    flexibility: Optional[Literal['high', 'medium', 'low']] = None\n    \"\"\"The flexibility in changing orders or suppliers: 'high', 'medium', 'low'.\"\"\"\n\n    compliance: Optional[bool] = None\n    \"\"\"Indicates if there is strict compliance with regulations: True or False.\"\"\"\n\n    innovation: Optional[Literal['high', 'medium', 'low']] = None\n    \"\"\"The level of supplier innovation capabilities: 'high', 'medium', 'low'.\"\"\"\n\n    def matches_criteria(self, criteria: ProcurementStrategyCriteria) -> bool:\n        \"\"\"\n        Determines if the current procurement strategy matches the given criteria.\n        \n        Args:\n            criteria: An instance of ProcurementStrategyCriteria with search preferences.\n        \n        Returns:\n            bool: True if the strategy matches the criteria, False otherwise.\n        \"\"\"\n        if criteria.name is not None and self.name != criteria.name:\n            return False\n        if criteria.supplier_reliability is not None and self.supplier_reliability != criteria.supplier_reliability:\n            return False\n        if criteria.cost_efficiency is not None and self.cost_efficiency != criteria.cost_efficiency:\n            return False\n        if criteria.delivery_speed is not None and self.delivery_speed != criteria.delivery_speed:\n            return False\n        if criteria.sustainability is not None and self.sustainability != criteria.sustainability:\n            return False\n        if criteria.flexibility is not None and self.flexibility != criteria.flexibility:\n            return False\n        if criteria.compliance is not None and self.compliance != criteria.compliance:\n            return False\n        if criteria.innovation is not None and self.innovation != criteria.innovation:\n            return False\n        \n        return True\n```",
    "searcher_schema": {
      "name": {
        "type": "typing.Optional[str]",
        "desc": "The specific name of the Procurement Strategy, if looking for a particular one."
      },
      "supplier_reliability": {
        "type": "typing.Optional[int]",
        "desc": "An optional field representing the required reliability of suppliers, on a scale from 1 to 10."
      },
      "cost_efficiency": {
        "type": "typing.Optional[typing.Literal['low', 'medium', 'high']]",
        "desc": "An optional field representing the preference for cost efficiency with fixed values: 'high', 'medium', or 'low'."
      },
      "delivery_speed": {
        "type": "typing.Optional[typing.Literal['fast', 'moderate', 'slow']]",
        "desc": "An optional field representing the preference for delivery speed with fixed values: 'fast', 'moderate', or 'slow'."
      },
      "sustainability": {
        "type": "typing.Optional[bool]",
        "desc": "An optional field indicating whether sustainability is a critical factor (True) or not (False)."
      },
      "flexibility": {
        "type": "typing.Optional[typing.Literal['low', 'medium', 'high']]",
        "desc": "An optional field representing the preference for flexibility in terms of changing orders or suppliers, with fixed values: 'high', 'medium', 'low'."
      },
      "compliance": {
        "type": "typing.Optional[bool]",
        "desc": "An optional field indicating whether strict compliance with regulations is required (True) or not (False)."
      },
      "innovation": {
        "type": "typing.Optional[typing.Literal['low', 'medium', 'high']]",
        "desc": "An optional field representing the preference for supplier innovation capabilities with fixed values: 'high', 'medium', 'low'."
      }
    }
  },
  {
    "searcher": "Logistics Manager",
    "recommender": "Supply Chain Analyst",
    "dialogue": "A logistics manager is working with a supply chain analyst to choose logistics routes, procurement strategies, and warehouse management systems.",
    "item_type": "Warehouse Management Systems",
    "criteria": [
      "Integration",
      "Scalability"
    ],
    "searcher_schema_code": "```python\nfrom dataclasses import dataclass, field\nfrom typing import Optional, Literal\n\n@dataclass\nclass WMSCriteria:\n    name: Optional[str] = field(default=None)\n    \"\"\"The specific name of the Warehouse Management System to search for, if applicable.\"\"\"\n\n    integration: Optional[Literal['API', 'EDI', 'FTP']] = field(default=None)\n    \"\"\"The preferred integration method with other systems, such as 'API', 'EDI', or 'FTP'.\"\"\"\n\n    scalability: Optional[Literal['High', 'Medium', 'Low']] = field(default=None)\n    \"\"\"The scalability level required, categorized as 'High', 'Medium', or 'Low'.\"\"\"\n\n    user_friendly: Optional[bool] = field(default=None)\n    \"\"\"Indicates if the WMS should be user-friendly, with True for yes and False for no.\"\"\"\n\n    cost_efficiency: Optional[Literal['High', 'Medium', 'Low']] = field(default=None)\n    \"\"\"The desired cost efficiency level, defined as 'High', 'Medium', or 'Low'.\"\"\"\n\n    support_services: Optional[Literal['24/7', 'Business Hours', 'None']] = field(default=None)\n    \"\"\"The level of support services required, options include '24/7', 'Business Hours', or 'None'.\"\"\"\n\n    implementation_time: Optional[Literal['Short', 'Medium', 'Long']] = field(default=None)\n    \"\"\"The preferred time frame for implementation, categorized as 'Short', 'Medium', or 'Long'.\"\"\"\n\n    customizability: Optional[Literal['High', 'Medium', 'Low']] = field(default=None)\n    \"\"\"The degree of customizability needed, rated as 'High', 'Medium', or 'Low'.\"\"\"\n\n    security_features: Optional[bool] = field(default=None)\n    \"\"\"Indicates if advanced security features are a priority, True for yes and False for no.\"\"\"\n\n    mobile_support: Optional[bool] = field(default=None)\n    \"\"\"Whether the WMS should include support for mobile devices, True for yes and False for no.\"\"\"\n\n    vendor_reputation: Optional[Literal['Excellent', 'Good', 'Fair']] = field(default=None)\n    \"\"\"The reputation level of the vendor, categorized as 'Excellent', 'Good', or 'Fair'.\"\"\"\n```\n",
    "recommender_schema_code": "```python\nfrom dataclasses import dataclass, field\nfrom typing import Optional, Literal\n\n@dataclass\nclass WMSKnowledge:\n    name: Optional[str] = field(default=None)\n    \"\"\"The name of the Warehouse Management System.\"\"\"\n\n    integration: Optional[Literal['API', 'EDI', 'FTP']] = field(default=None)\n    \"\"\"The integration method available, such as 'API', 'EDI', or 'FTP'.\"\"\"\n\n    scalability: Optional[Literal['High', 'Medium', 'Low']] = field(default=None)\n    \"\"\"The scalability level offered, categorized as 'High', 'Medium', or 'Low'.\"\"\"\n\n    user_friendly: Optional[bool] = field(default=None)\n    \"\"\"Indicates if the WMS is user-friendly, True for yes and False for no.\"\"\"\n\n    cost_efficiency: Optional[Literal['High', 'Medium', 'Low']] = field(default=None)\n    \"\"\"The cost efficiency level, defined as 'High', 'Medium', or 'Low'.\"\"\"\n\n    support_services: Optional[Literal['24/7', 'Business Hours', 'None']] = field(default=None)\n    \"\"\"The level of support services offered, options include '24/7', 'Business Hours', or 'None'.\"\"\"\n\n    implementation_time: Optional[Literal['Short', 'Medium', 'Long']] = field(default=None)\n    \"\"\"The typical time frame for implementation, categorized as 'Short', 'Medium', or 'Long'.\"\"\"\n\n    customizability: Optional[Literal['High', 'Medium', 'Low']] = field(default=None)\n    \"\"\"The degree of customizability available, rated as 'High', 'Medium', or 'Low'.\"\"\"\n\n    security_features: Optional[bool] = field(default=None)\n    \"\"\"Indicates if advanced security features are available, True for yes and False for no.\"\"\"\n\n    mobile_support: Optional[bool] = field(default=None)\n    \"\"\"Whether the WMS includes support for mobile devices, True for yes and False for no.\"\"\"\n\n    vendor_reputation: Optional[Literal['Excellent', 'Good', 'Fair']] = field(default=None)\n    \"\"\"The reputation level of the vendor, categorized as 'Excellent', 'Good', or 'Fair'.\"\"\"\n\n    def matches_criteria(self, criteria: 'WMSCriteria') -> bool:\n        \"\"\"Determines if the WMS matches the given search criteria.\n\n        Args:\n            criteria (WMSCriteria): The search criteria to match against.\n\n        Returns:\n            bool: True if the WMS matches all specified criteria, False otherwise.\n        \"\"\"\n        for field_name in criteria.__dataclass_fields__:\n            criteria_value = getattr(criteria, field_name)\n            knowledge_value = getattr(self, field_name)\n            if criteria_value is not None and criteria_value != knowledge_value:\n                return False\n        return True\n```",
    "searcher_schema": {
      "integration": {
        "type": "typing.Optional[typing.Literal['API', 'EDI', 'FTP']]",
        "desc": "The specific name of the Warehouse Management System to search for, if applicable."
      },
      "scalability": {
        "type": "typing.Optional[typing.Literal['High', 'Medium', 'Low']]",
        "desc": "The preferred integration method with other systems, such as 'API', 'EDI', or 'FTP'."
      },
      "user_friendly": {
        "type": "typing.Optional[bool]",
        "desc": "The scalability level required, categorized as 'High', 'Medium', or 'Low'."
      },
      "cost_efficiency": {
        "type": "typing.Optional[typing.Literal['High', 'Medium', 'Low']]",
        "desc": "Indicates if the WMS should be user-friendly, with True for yes and False for no."
      },
      "support_services": {
        "type": "typing.Optional[typing.Literal['24/7', 'Business Hours', 'None']]",
        "desc": "The desired cost efficiency level, defined as 'High', 'Medium', or 'Low'."
      },
      "implementation_time": {
        "type": "typing.Optional[typing.Literal['Short', 'Medium', 'Long']]",
        "desc": "The level of support services required, options include '24/7', 'Business Hours', or 'None'."
      },
      "customizability": {
        "type": "typing.Optional[typing.Literal['High', 'Medium', 'Low']]",
        "desc": "The preferred time frame for implementation, categorized as 'Short', 'Medium', or 'Long'."
      },
      "security_features": {
        "type": "typing.Optional[bool]",
        "desc": "The degree of customizability needed, rated as 'High', 'Medium', or 'Low'."
      },
      "mobile_support": {
        "type": "typing.Optional[bool]",
        "desc": "Indicates if advanced security features are a priority, True for yes and False for no."
      },
      "vendor_reputation": {
        "type": "typing.Optional[typing.Literal['Excellent', 'Good', 'Fair']]",
        "desc": "Whether the WMS should include support for mobile devices, True for yes and False for no."
      }
    }
  }
]