[
  {
    "domain": "Key Discoveries",
    "turns": [
      [
        "Hey! I'm looking for a high-impact discovery in biology from the modern era. Any ideas?",
        {
          "name": null,
          "impact": "High",
          "field": "Biology",
          "time_period": "Modern",
          "region": null,
          "relevance": null
        },
        "Sure! How about the Theory of Evolution or the Structure of DNA?"
      ],
      [
        "Great suggestions! I'm leaning towards the Structure of DNA. Any specific details about its historical impact in North America?",
        {
          "name": "Structure of DNA",
          "impact": "High",
          "field": "Biology",
          "time_period": "Modern",
          "region": "North America",
          "relevance": "Historical"
        },
        "The Structure of DNA was crucial in understanding genetics and heredity, significantly influencing modern biology and medicine in North America."
      ],
      [
        "That sounds perfect! Let's go with the Structure of DNA as our key discovery.",
        {
          "name": "Structure of DNA",
          "impact": "High",
          "field": "Biology",
          "time_period": "Modern",
          "region": "North America",
          "relevance": "Historical"
        },
        "Awesome choice! The Structure of DNA is a landmark discovery."
      ]
    ],
    "preferences_code": "```python\npreferences = KeyDiscoveryCriteria(\n    name='Theory of Evolution',\n    impact='High',\n    field='Biology',\n    time_period='Modern',\n    region='North America',\n    relevance='Historical'\n)\n```",
    "red_herrings_code": "```python\n# Global variable containing a list of similar Key Discovery examples\nsimilar_key_discoveries = [\n    KeyDiscovery(\n        name='Double Helix Structure of DNA',\n        impact='High',\n        field='Biology',\n        time_period='Modern',\n        region='Europe',\n        relevance='Current',\n    ),\n    KeyDiscovery(\n        name='Discovery of Penicillin',\n        impact='High',\n        field='Medicine',\n        time_period='Modern',\n        region='North America',\n        relevance='Current',\n    ),\n    KeyDiscovery(\n        name='Theory of Evolution',\n        impact='High',\n        field='Biology',\n        time_period='Modern',\n        region='North America',\n        relevance='Historical',\n    ),\n]\n```",
    "database_code": "```python\n# Global variable containing a list of Key Discovery examples\nkey_discoveries = [\n    KeyDiscovery(\n        name=\"Theory of Relativity\",\n        impact='High',\n        field='Physics',\n        time_period='Modern',\n        region='Europe',\n        relevance='Current'\n    ),\n    KeyDiscovery(\n        name=\"Penicillin\",\n        impact='High',\n        field='Medicine',\n        time_period='Modern',\n        region='Europe',\n        relevance='Current'\n    ),\n    KeyDiscovery(\n        name=\"Quantum Mechanics\",\n        impact='High',\n        field='Physics',\n        time_period='Modern',\n        region='Europe',\n        relevance='Current'\n    ),\n    KeyDiscovery(\n        name=\"Structure of DNA\",\n        impact='High',\n        field='Biology',\n        time_period='Modern',\n        region='North America',\n        relevance='Current'\n    ),\n    KeyDiscovery(\n        name=\"Calculus\",\n        impact='High',\n        field='Mathematics',\n        time_period='Renaissance',\n        region='Europe',\n        relevance='Historical'\n    ),\n    KeyDiscovery(\n        name=\"Laws of Motion\",\n        impact='High',\n        field='Physics',\n        time_period='Modern',\n        region='Europe',\n        relevance='Current'\n    ),\n    KeyDiscovery(\n        name=\"Germ Theory of Disease\",\n        impact='High',\n        field='Medicine',\n        time_period='Modern',\n        region='Europe',\n        relevance='Current'\n    ),\n    KeyDiscovery(\n        name=\"Periodic Table\",\n        impact='High',\n        field='Chemistry',\n        time_period='Modern',\n        region='Europe',\n        relevance='Current'\n    ),\n    KeyDiscovery(\n        name=\"Theory of Evolution\",\n        impact='High',\n        field='Biology',\n        time_period='Modern',\n        region='Europe',\n        relevance='Current'\n    ),\n    KeyDiscovery(\n        name=\"Computer Programming\",\n        impact='High',\n        field='Computer Science',\n        time_period='Contemporary',\n        region='North America',\n        relevance='Current'\n    )\n]\n```",
    "goal": {
      "name": null,
      "impact": "High",
      "field": "Biology",
      "time_period": "Modern",
      "region": "North America",
      "relevance": "Historical"
    },
    "database": [
      {
        "name": "Calculus",
        "impact": "High",
        "field": "Mathematics",
        "time_period": "Renaissance",
        "region": "Europe",
        "relevance": "Historical"
      },
      {
        "name": "Theory of Evolution",
        "impact": "High",
        "field": "Biology",
        "time_period": "Modern",
        "region": "North America",
        "relevance": "Historical"
      },
      {
        "name": "Quantum Mechanics",
        "impact": "High",
        "field": "Physics",
        "time_period": "Modern",
        "region": "Europe",
        "relevance": "Current"
      },
      {
        "name": "Germ Theory of Disease",
        "impact": "High",
        "field": "Medicine",
        "time_period": "Modern",
        "region": "Europe",
        "relevance": "Current"
      },
      {
        "name": "Discovery of Penicillin",
        "impact": "High",
        "field": "Medicine",
        "time_period": "Modern",
        "region": "North America",
        "relevance": "Current"
      },
      {
        "name": "Periodic Table",
        "impact": "High",
        "field": "Chemistry",
        "time_period": "Modern",
        "region": "Europe",
        "relevance": "Current"
      },
      {
        "name": "Theory of Evolution",
        "impact": "High",
        "field": "Biology",
        "time_period": "Modern",
        "region": "Europe",
        "relevance": "Current"
      },
      {
        "name": "Structure of DNA",
        "impact": "High",
        "field": "Biology",
        "time_period": "Modern",
        "region": "North America",
        "relevance": "Current"
      },
      {
        "name": "Computer Programming",
        "impact": "High",
        "field": "Computer Science",
        "time_period": "Contemporary",
        "region": "North America",
        "relevance": "Current"
      },
      {
        "name": "Penicillin",
        "impact": "High",
        "field": "Medicine",
        "time_period": "Modern",
        "region": "Europe",
        "relevance": "Current"
      },
      {
        "name": "Theory of Relativity",
        "impact": "High",
        "field": "Physics",
        "time_period": "Modern",
        "region": "Europe",
        "relevance": "Current"
      },
      {
        "name": "Double Helix Structure of DNA",
        "impact": "High",
        "field": "Biology",
        "time_period": "Modern",
        "region": "Europe",
        "relevance": "Current"
      },
      {
        "name": "Laws of Motion",
        "impact": "High",
        "field": "Physics",
        "time_period": "Modern",
        "region": "Europe",
        "relevance": "Current"
      }
    ],
    "status": "complete"
  },
  {
    "domain": "Public Messaging Strategies",
    "turns": [
      [
        "Thanks! Now, can you suggest any effective social media strategies aimed at graduate students?",
        {
          "name": null,
          "target_audience": "graduate students",
          "medium": "social media",
          "tone": null,
          "goal": null,
          "language": null,
          "budget": null,
          "timeline": null,
          "engagement_level": null,
          "geographic_focus": null,
          "key_message": null
        },
        "How about the \"Influencer Collaboration\" strategy? It targets teenagers but can be tailored for graduate students. Would you like more options?"
      ],
      [
        "That sounds interesting! Can you tell me more about how we could tailor it specifically for graduate students?",
        {
          "name": "Influencer Collaboration",
          "target_audience": "graduate students",
          "medium": "social media",
          "tone": null,
          "goal": null,
          "language": null,
          "budget": null,
          "timeline": null,
          "engagement_level": null,
          "geographic_focus": null,
          "key_message": null
        },
        "You could collaborate with academic influencers or researchers who appeal to graduate students, focusing on advanced DNA topics and research insights."
      ],
      [
        "I love that idea! Let's go with the tailored influencer collaboration strategy. What tone should we adopt for our messaging?",
        {
          "name": "Influencer Collaboration",
          "target_audience": "graduate students",
          "medium": "social media",
          "tone": "educational",
          "goal": null,
          "language": null,
          "budget": null,
          "timeline": null,
          "engagement_level": null,
          "geographic_focus": null,
          "key_message": "Structure of DNA"
        },
        "An informal and engaging tone would resonate well with graduate students while keeping the content relatable."
      ]
    ],
    "preferences_code": "```python\npreferences = PublicMessagingStrategyCriteria(\n    name='Guest Lecture',\n    target_audience='Graduate Students',\n    medium='social media',  # Adjusted to match the medium type\n    tone='formal',\n    goal='education',\n    language='English',\n    budget='$8000',\n    timeline='4 months',\n    engagement_level='high',\n    geographic_focus='North America',\n    key_message='Cutting-edge DNA research techniques.'\n)\n```",
    "red_herrings_code": "```python\ntarget_publicmessagingstrategy = PublicMessagingStrategy(\n    name='University Lecture Series',\n    target_audience='College Students',\n    medium='in-person',\n    tone='formal',\n    goal='education',\n    language='English',\n    budget='$10000',\n    timeline='5 months',\n    engagement_level='high',\n    geographic_focus='North America',\n    key_message='Advanced concepts in DNA research.',\n)\n\npublic_messaging_strategies = [\n    PublicMessagingStrategy(\n        name='Community Workshop',\n        target_audience='High School Students',\n        medium='in-person',\n        tone='informal',\n        goal='education',\n        language='English',\n        budget='$5000',\n        timeline='3 months',\n        engagement_level='medium',\n        geographic_focus='North America',\n        key_message='Introduction to DNA concepts.'\n    ),\n    PublicMessagingStrategy(\n        name='Online Webinar',\n        target_audience='General Public',\n        medium='online article',\n        tone='educational',\n        goal='awareness',\n        language='English',\n        budget='$2000',\n        timeline='2 months',\n        engagement_level='high',\n        geographic_focus='North America',\n        key_message='Understanding DNA in everyday life.'\n    ),\n    PublicMessagingStrategy(\n        name='Guest Lecture',\n        target_audience='Graduate Students',\n        medium='in-person',\n        tone='formal',\n        goal='education',\n        language='English',\n        budget='$8000',\n        timeline='4 months',\n        engagement_level='high',\n        geographic_focus='North America',\n        key_message='Cutting-edge DNA research techniques.'\n    )\n]\n```",
    "database_code": "```python\n# Global variable to hold examples of Public Messaging Strategies\npublic_messaging_strategies = [\n    PublicMessagingStrategy(\n        name=\"Social Media Awareness Campaign\",\n        target_audience=\"Young Adults\",\n        medium=\"social media\",\n        tone=\"informal\",\n        goal=\"awareness\",\n        language=\"English\",\n        budget=\"$5000\",\n        timeline=\"3 months\",\n        engagement_level=\"high\",\n        geographic_focus=\"North America\",\n        key_message=\"Understanding DNA is key to your health.\"\n    ),\n    PublicMessagingStrategy(\n        name=\"Television Educational Series\",\n        target_audience=\"Families\",\n        medium=\"television\",\n        tone=\"educational\",\n        goal=\"education\",\n        language=\"English\",\n        budget=\"$20000\",\n        timeline=\"6 months\",\n        engagement_level=\"medium\",\n        geographic_focus=\"North America\",\n        key_message=\"The wonders of DNA explained.\"\n    ),\n    PublicMessagingStrategy(\n        name=\"Podcast Series on Genetics\",\n        target_audience=\"Science Enthusiasts\",\n        medium=\"podcast\",\n        tone=\"informal\",\n        goal=\"engagement\",\n        language=\"English\",\n        budget=\"$3000\",\n        timeline=\"4 months\",\n        engagement_level=\"high\",\n        geographic_focus=\"North America\",\n        key_message=\"Explore the mysteries of DNA.\"\n    ),\n    PublicMessagingStrategy(\n        name=\"Print Brochure for Schools\",\n        target_audience=\"Students\",\n        medium=\"print\",\n        tone=\"educational\",\n        goal=\"education\",\n        language=\"English\",\n        budget=\"$1500\",\n        timeline=\"2 months\",\n        engagement_level=\"medium\",\n        geographic_focus=\"North America\",\n        key_message=\"Learn about DNA in your curriculum.\"\n    ),\n    PublicMessagingStrategy(\n        name=\"Online Article Series\",\n        target_audience=\"General Public\",\n        medium=\"online article\",\n        tone=\"persuasive\",\n        goal=\"awareness\",\n        language=\"English\",\n        budget=\"$2000\",\n        timeline=\"1 month\",\n        engagement_level=\"low\",\n        geographic_focus=\"North America\",\n        key_message=\"Why DNA matters to everyone.\"\n    ),\n    PublicMessagingStrategy(\n        name=\"Radio Talk Show\",\n        target_audience=\"Adults\",\n        medium=\"radio\",\n        tone=\"informal\",\n        goal=\"engagement\",\n        language=\"English\",\n        budget=\"$4000\",\n        timeline=\"3 months\",\n        engagement_level=\"high\",\n        geographic_focus=\"North America\",\n        key_message=\"Join the conversation about DNA.\"\n    ),\n    PublicMessagingStrategy(\n        name=\"Community Workshop\",\n        target_audience=\"Parents\",\n        medium=\"in-person\",\n        tone=\"educational\",\n        goal=\"education\",\n        language=\"English\",\n        budget=\"$2500\",\n        timeline=\"2 months\",\n        engagement_level=\"medium\",\n        geographic_focus=\"Local Community\",\n        key_message=\"Understanding DNA for better parenting.\"\n    ),\n    PublicMessagingStrategy(\n        name=\"University Lecture Series\",\n        target_audience=\"College Students\",\n        medium=\"in-person\",\n        tone=\"formal\",\n        goal=\"education\",\n        language=\"English\",\n        budget=\"$10000\",\n        timeline=\"5 months\",\n        engagement_level=\"high\",\n        geographic_focus=\"North America\",\n        key_message=\"Advanced concepts in DNA research.\"\n    ),\n    PublicMessagingStrategy(\n        name=\"Influencer Collaboration\",\n        target_audience=\"Teenagers\",\n        medium=\"social media\",\n        tone=\"entertaining\",\n        goal=\"engagement\",\n        language=\"English\",\n        budget=\"$7000\",\n        timeline=\"3 months\",\n        engagement_level=\"high\",\n        geographic_focus=\"North America\",\n        key_message=\"DNA fun facts with your favorite influencers.\"\n    ),\n    PublicMessagingStrategy(\n        name=\"Print Campaign for Health Fairs\",\n        target_audience=\"Health Professionals\",\n        medium=\"print\",\n        tone=\"formal\",\n        goal=\"advocacy\",\n        language=\"English\",\n        budget=\"$8000\",\n        timeline=\"2 months\",\n        engagement_level=\"medium\",\n        geographic_focus=\"North America\",\n        key_message=\"Promoting genetic literacy in healthcare.\"\n    )\n]\n```",
    "goal": {
      "name": null,
      "target_audience": "Graduate Students",
      "medium": "social media",
      "tone": "formal",
      "goal": "education",
      "language": "English",
      "budget": "$8000",
      "timeline": "4 months",
      "engagement_level": "high",
      "geographic_focus": "North America",
      "key_message": "Cutting-edge DNA research techniques."
    },
    "database": [
      {
        "name": "Guest Lecture",
        "target_audience": "Graduate Students",
        "medium": "in-person",
        "tone": "formal",
        "goal": "education",
        "language": "English",
        "budget": "$8000",
        "timeline": "4 months",
        "engagement_level": "high",
        "geographic_focus": "North America",
        "key_message": "Cutting-edge DNA research techniques."
      },
      {
        "name": "Print Campaign for Health Fairs",
        "target_audience": "Health Professionals",
        "medium": "print",
        "tone": "formal",
        "goal": "advocacy",
        "language": "English",
        "budget": "$8000",
        "timeline": "2 months",
        "engagement_level": "medium",
        "geographic_focus": "North America",
        "key_message": "Promoting genetic literacy in healthcare."
      },
      {
        "name": "Radio Talk Show",
        "target_audience": "Adults",
        "medium": "radio",
        "tone": "informal",
        "goal": "engagement",
        "language": "English",
        "budget": "$4000",
        "timeline": "3 months",
        "engagement_level": "high",
        "geographic_focus": "North America",
        "key_message": "Join the conversation about DNA."
      },
      {
        "name": "Television Educational Series",
        "target_audience": "Families",
        "medium": "television",
        "tone": "educational",
        "goal": "education",
        "language": "English",
        "budget": "$20000",
        "timeline": "6 months",
        "engagement_level": "medium",
        "geographic_focus": "North America",
        "key_message": "The wonders of DNA explained."
      },
      {
        "name": "Online Article Series",
        "target_audience": "General Public",
        "medium": "online article",
        "tone": "persuasive",
        "goal": "awareness",
        "language": "English",
        "budget": "$2000",
        "timeline": "1 month",
        "engagement_level": "low",
        "geographic_focus": "North America",
        "key_message": "Why DNA matters to everyone."
      },
      {
        "name": "Community Workshop",
        "target_audience": "Parents",
        "medium": "in-person",
        "tone": "educational",
        "goal": "education",
        "language": "English",
        "budget": "$2500",
        "timeline": "2 months",
        "engagement_level": "medium",
        "geographic_focus": "Local Community",
        "key_message": "Understanding DNA for better parenting."
      },
      {
        "name": "Influencer Collaboration",
        "target_audience": "Teenagers",
        "medium": "social media",
        "tone": "entertaining",
        "goal": "engagement",
        "language": "English",
        "budget": "$7000",
        "timeline": "3 months",
        "engagement_level": "high",
        "geographic_focus": "North America",
        "key_message": "DNA fun facts with your favorite influencers."
      },
      {
        "name": "Print Brochure for Schools",
        "target_audience": "Students",
        "medium": "print",
        "tone": "educational",
        "goal": "education",
        "language": "English",
        "budget": "$1500",
        "timeline": "2 months",
        "engagement_level": "medium",
        "geographic_focus": "North America",
        "key_message": "Learn about DNA in your curriculum."
      },
      {
        "name": "University Lecture Series",
        "target_audience": "College Students",
        "medium": "in-person",
        "tone": "formal",
        "goal": "education",
        "language": "English",
        "budget": "$10000",
        "timeline": "5 months",
        "engagement_level": "high",
        "geographic_focus": "North America",
        "key_message": "Advanced concepts in DNA research."
      },
      {
        "name": "Social Media Awareness Campaign",
        "target_audience": "Young Adults",
        "medium": "social media",
        "tone": "informal",
        "goal": "awareness",
        "language": "English",
        "budget": "$5000",
        "timeline": "3 months",
        "engagement_level": "high",
        "geographic_focus": "North America",
        "key_message": "Understanding DNA is key to your health."
      },
      {
        "name": "Community Workshop",
        "target_audience": "High School Students",
        "medium": "in-person",
        "tone": "informal",
        "goal": "education",
        "language": "English",
        "budget": "$5000",
        "timeline": "3 months",
        "engagement_level": "medium",
        "geographic_focus": "North America",
        "key_message": "Introduction to DNA concepts."
      },
      {
        "name": "Podcast Series on Genetics",
        "target_audience": "Science Enthusiasts",
        "medium": "podcast",
        "tone": "informal",
        "goal": "engagement",
        "language": "English",
        "budget": "$3000",
        "timeline": "4 months",
        "engagement_level": "high",
        "geographic_focus": "North America",
        "key_message": "Explore the mysteries of DNA."
      },
      {
        "name": "Online Webinar",
        "target_audience": "General Public",
        "medium": "online article",
        "tone": "educational",
        "goal": "awareness",
        "language": "English",
        "budget": "$2000",
        "timeline": "2 months",
        "engagement_level": "high",
        "geographic_focus": "North America",
        "key_message": "Understanding DNA in everyday life."
      }
    ],
    "status": "complete"
  },
  {
    "domain": "Educational Content",
    "turns": [
      [
        "That sounds perfect! Now, I need your help finding a video on genetics. Any recommendations?",
        {
          "name": null,
          "format": "video",
          "level": "advanced",
          "subject": "genetics",
          "language": null,
          "duration": null,
          "author": null,
          "release_year": null,
          "accessibility_features": null
        },
        "Sure! What level of content are you looking for\u2014beginner, intermediate, or advanced?"
      ],
      [
        "I'm looking for intermediate-level content. Do you have a specific format in mind?",
        {
          "name": null,
          "format": "video",
          "level": "intermediate",
          "subject": "genetics",
          "language": null,
          "duration": null,
          "author": null,
          "release_year": null,
          "accessibility_features": null
        },
        "Are you looking for a video specifically, or are you open to other formats like articles or podcasts?"
      ],
      [
        "I'm specifically looking for a video. Do you know any that are in Spanish?",
        {
          "name": null,
          "format": "video",
          "level": "intermediate",
          "subject": "genetics",
          "language": "Spanish",
          "duration": null,
          "author": null,
          "release_year": null,
          "accessibility_features": null
        },
        "Yes! There's \"Genetics and You,\" which is an intermediate-level video in Spanish. Would you like more details on it?"
      ],
      [
        "Yes, please! What\u2019s the duration and who is the author?",
        {
          "name": "Genetics and You",
          "format": "video",
          "level": "intermediate",
          "subject": "genetics",
          "language": "Spanish",
          "duration": null,
          "author": null,
          "release_year": null,
          "accessibility_features": null
        },
        "\"Genetics and You\" is 50 minutes long and authored by Dr. Ana Torres."
      ],
      [
        "That sounds perfect! Is it from 2022 and does it have transcripts available?",
        {
          "name": "Genetics and You",
          "format": "video",
          "level": "intermediate",
          "subject": "genetics",
          "language": "Spanish",
          "duration": 50,
          "author": "Dr. Ana Torres",
          "release_year": 2022,
          "accessibility_features": "transcripts"
        },
        "Yes, it was released in 2022 and has transcripts available."
      ]
    ],
    "preferences_code": "```python\npreferences = EducationalContentCriteria(\n    name='Genetics and You',\n    format='video',\n    level='intermediate',\n    subject='Genetics',\n    language='Spanish',\n    duration=50,\n    author='Dr. Ana Torres',\n    release_year=2022,\n    accessibility_features='transcripts',\n)\n```",
    "red_herrings_code": "```python\n# Global variable containing a list of EducationalContent examples\neducational_contents = [\n    EducationalContent(\n        name='Understanding DNA',\n        format='video',\n        level='beginner',\n        subject='Biology',\n        language='Spanish',\n        duration=45,\n        author='Dr. Maria Lopez',\n        release_year=2021,\n        accessibility_features='subtitles',\n    ),\n    EducationalContent(\n        name='DNA Basics',\n        format='article',\n        level='beginner',\n        subject='Biology',\n        language='Spanish',\n        duration=30,\n        author='Dr. Carlos Reyes',\n        release_year=2019,\n        accessibility_features='none',\n    ),\n    EducationalContent(\n        name='Genetics and You',\n        format='video',\n        level='intermediate',\n        subject='Genetics',\n        language='Spanish',\n        duration=50,\n        author='Dr. Ana Torres',\n        release_year=2022,\n        accessibility_features='transcripts',\n    ),\n]\n```",
    "database_code": "```python\n# Global variable containing a list of EducationalContent examples\neducational_contents = [\n    EducationalContent(\n        name=\"Understanding DNA\",\n        format='video',\n        level='beginner',\n        subject=\"Molecular Biology\",\n        language=\"English\",\n        duration=30,\n        author=\"Dr. Jane Smith\",\n        release_year=2021,\n        accessibility_features='subtitles'\n    ),\n    EducationalContent(\n        name=\"The Double Helix\",\n        format='article',\n        level='intermediate',\n        subject=\"Genetics\",\n        language=\"English\",\n        duration=15,\n        author=\"James Watson\",\n        release_year=1953,\n        accessibility_features='none'\n    ),\n    EducationalContent(\n        name=\"DNA Replication Explained\",\n        format='podcast',\n        level='beginner',\n        subject=\"Biochemistry\",\n        language=\"English\",\n        duration=45,\n        author=\"Dr. John Doe\",\n        release_year=2020,\n        accessibility_features='transcripts'\n    ),\n    EducationalContent(\n        name=\"Advanced Genetics\",\n        format='interactive',\n        level='advanced',\n        subject=\"Genetics\",\n        language=\"English\",\n        duration=60,\n        author=\"Dr. Emily White\",\n        release_year=2019,\n        accessibility_features='subtitles'\n    ),\n    EducationalContent(\n        name=\"CRISPR Technology\",\n        format='video',\n        level='intermediate',\n        subject=\"Genetics\",\n        language=\"English\",\n        duration=25,\n        author=\"Dr. Alice Brown\",\n        release_year=2022,\n        accessibility_features='subtitles'\n    ),\n    EducationalContent(\n        name=\"DNA Structure and Function\",\n        format='article',\n        level='beginner',\n        subject=\"Molecular Biology\",\n        language=\"English\",\n        duration=10,\n        author=\"Dr. Sarah Green\",\n        release_year=2021,\n        accessibility_features='none'\n    ),\n    EducationalContent(\n        name=\"Exploring Genomes\",\n        format='podcast',\n        level='advanced',\n        subject=\"Genomics\",\n        language=\"English\",\n        duration=50,\n        author=\"Dr. Mark Black\",\n        release_year=2023,\n        accessibility_features='transcripts'\n    ),\n    EducationalContent(\n        name=\"The Science of DNA\",\n        format='video',\n        level='beginner',\n        subject=\"Biology\",\n        language=\"Spanish\",\n        duration=40,\n        author=\"Dr. Carlos Reyes\",\n        release_year=2020,\n        accessibility_features='subtitles'\n    ),\n    EducationalContent(\n        name=\"Epigenetics Overview\",\n        format='interactive',\n        level='intermediate',\n        subject=\"Genetics\",\n        language=\"English\",\n        duration=35,\n        author=\"Dr. Laura Gray\",\n        release_year=2021,\n        accessibility_features='none'\n    ),\n    EducationalContent(\n        name=\"Genetic Engineering Basics\",\n        format='article',\n        level='beginner',\n        subject=\"Biotechnology\",\n        language=\"English\",\n        duration=20,\n        author=\"Dr. Kevin Blue\",\n        release_year=2022,\n        accessibility_features='transcripts'\n    )\n]\n```",
    "goal": {
      "name": null,
      "format": "video",
      "level": "intermediate",
      "subject": "Genetics",
      "language": "Spanish",
      "duration": 50,
      "author": "Dr. Ana Torres",
      "release_year": 2022,
      "accessibility_features": "transcripts"
    },
    "database": [
      {
        "name": "Genetics and You",
        "format": "video",
        "level": "intermediate",
        "subject": "Genetics",
        "language": "Spanish",
        "duration": 50,
        "author": "Dr. Ana Torres",
        "release_year": 2022,
        "accessibility_features": "transcripts"
      },
      {
        "name": "CRISPR Technology",
        "format": "video",
        "level": "intermediate",
        "subject": "Genetics",
        "language": "English",
        "duration": 25,
        "author": "Dr. Alice Brown",
        "release_year": 2022,
        "accessibility_features": "subtitles"
      },
      {
        "name": "Advanced Genetics",
        "format": "interactive",
        "level": "advanced",
        "subject": "Genetics",
        "language": "English",
        "duration": 60,
        "author": "Dr. Emily White",
        "release_year": 2019,
        "accessibility_features": "subtitles"
      },
      {
        "name": "Genetic Engineering Basics",
        "format": "article",
        "level": "beginner",
        "subject": "Biotechnology",
        "language": "English",
        "duration": 20,
        "author": "Dr. Kevin Blue",
        "release_year": 2022,
        "accessibility_features": "transcripts"
      },
      {
        "name": "The Double Helix",
        "format": "article",
        "level": "intermediate",
        "subject": "Genetics",
        "language": "English",
        "duration": 15,
        "author": "James Watson",
        "release_year": 1953,
        "accessibility_features": "none"
      },
      {
        "name": "DNA Replication Explained",
        "format": "podcast",
        "level": "beginner",
        "subject": "Biochemistry",
        "language": "English",
        "duration": 45,
        "author": "Dr. John Doe",
        "release_year": 2020,
        "accessibility_features": "transcripts"
      },
      {
        "name": "DNA Basics",
        "format": "article",
        "level": "beginner",
        "subject": "Biology",
        "language": "Spanish",
        "duration": 30,
        "author": "Dr. Carlos Reyes",
        "release_year": 2019,
        "accessibility_features": "none"
      },
      {
        "name": "Epigenetics Overview",
        "format": "interactive",
        "level": "intermediate",
        "subject": "Genetics",
        "language": "English",
        "duration": 35,
        "author": "Dr. Laura Gray",
        "release_year": 2021,
        "accessibility_features": "none"
      },
      {
        "name": "Exploring Genomes",
        "format": "podcast",
        "level": "advanced",
        "subject": "Genomics",
        "language": "English",
        "duration": 50,
        "author": "Dr. Mark Black",
        "release_year": 2023,
        "accessibility_features": "transcripts"
      },
      {
        "name": "Understanding DNA",
        "format": "video",
        "level": "beginner",
        "subject": "Molecular Biology",
        "language": "English",
        "duration": 30,
        "author": "Dr. Jane Smith",
        "release_year": 2021,
        "accessibility_features": "subtitles"
      },
      {
        "name": "Understanding DNA",
        "format": "video",
        "level": "beginner",
        "subject": "Biology",
        "language": "Spanish",
        "duration": 45,
        "author": "Dr. Maria Lopez",
        "release_year": 2021,
        "accessibility_features": "subtitles"
      },
      {
        "name": "DNA Structure and Function",
        "format": "article",
        "level": "beginner",
        "subject": "Molecular Biology",
        "language": "English",
        "duration": 10,
        "author": "Dr. Sarah Green",
        "release_year": 2021,
        "accessibility_features": "none"
      },
      {
        "name": "The Science of DNA",
        "format": "video",
        "level": "beginner",
        "subject": "Biology",
        "language": "Spanish",
        "duration": 40,
        "author": "Dr. Carlos Reyes",
        "release_year": 2020,
        "accessibility_features": "subtitles"
      }
    ],
    "status": "complete"
  }
]