[
  {
    "domain": "Key Discoveries",
    "turns": [
      [
        "Hey there! I'm looking for a key discovery in biology, specifically the Theory of Natural Selection. What do you think?",
        {
          "name": "Theory of Natural Selection",
          "impact": null,
          "field": "Biology",
          "time_period": null,
          "region": null,
          "relevance": null
        },
        "The Theory of Natural Selection is a great choice! It's impactful and relevant. Would you like to know more about its historical context or significance?"
      ],
      [
        "Yes, I'd love to hear about its significance! What makes it so impactful?",
        {
          "name": "Theory of Natural Selection",
          "impact": "High",
          "field": "Biology",
          "time_period": "Modern",
          "region": null,
          "relevance": "Historical"
        },
        "It fundamentally changed our understanding of evolution and natural processes, influencing biology, genetics, and ecology. Would you like to explore any other discoveries in biology?"
      ],
      [
        "For now, I'm focused on the Theory of Natural Selection, but is there a specific region in Europe that you think is particularly important for this discovery?",
        {
          "name": "Theory of Natural Selection",
          "impact": "High",
          "field": "Biology",
          "time_period": "Modern",
          "region": "Europe",
          "relevance": "Historical"
        },
        "The Theory of Natural Selection is closely associated with Charles Darwin, who conducted much of his work in the UK. Would you like to dive deeper into Darwin's contributions?"
      ],
      [
        "Absolutely! What are some of Darwin's key contributions that highlight the importance of the Theory of Natural Selection?",
        {
          "name": "Theory of Natural Selection",
          "impact": "High",
          "field": "Biology",
          "time_period": "Modern",
          "region": "UK",
          "relevance": "Historical"
        },
        "Darwin's key contributions include the concept of survival of the fittest, adaptation, and the idea that species evolve over time through natural selection. Would you like to discuss how to communicate these ideas effectively?"
      ],
      [
        "Yes, definitely! What strategies do you suggest for effectively communicating these concepts to the public?",
        {
          "name": "Theory of Natural Selection",
          "impact": "High",
          "field": "Biology",
          "time_period": "Modern",
          "region": "UK",
          "relevance": "Historical"
        },
        "Using relatable analogies, visual aids, and storytelling can make these concepts more accessible. Do you have a specific audience in mind for this communication?"
      ],
      [
        "I\u2019m thinking about high school students; how can we tailor the message for them?",
        {
          "name": "Theory of Natural Selection",
          "impact": "High",
          "field": "Biology",
          "time_period": "Modern",
          "region": "UK",
          "relevance": "Historical"
        },
        "Engaging high school students with interactive activities, real-life examples, and discussions about biodiversity can make the topic exciting. Would you like suggestions for specific activities?"
      ],
      [
        "Yes, that would be great! What activities do you recommend for teaching the Theory of Natural Selection?",
        {
          "name": "Theory of Natural Selection",
          "impact": "High",
          "field": "Biology",
          "time_period": "Modern",
          "region": "UK",
          "relevance": "Historical"
        },
        "You could use simulations of natural selection, like \"Survival of the Fittest\" games, or conduct a hands-on experiment with different colored candies to illustrate camouflage. Do you think these would work for your students?"
      ],
      [
        "Absolutely, those sound like fun and engaging activities! Shall we finalize the focus on the Theory of Natural Selection for our communication plan?",
        {
          "name": "Theory of Natural Selection",
          "impact": "High",
          "field": "Biology",
          "time_period": "Modern",
          "region": "UK",
          "relevance": "Historical"
        },
        "Yes, finalizing the Theory of Natural Selection sounds perfect! It\u2019s a powerful topic to engage students."
      ]
    ],
    "preferences_code": "```python\npreferences = KeyDiscoveryCriteria(\n    name='Theory of Natural Selection',\n    impact='High',\n    field='Biology',\n    time_period='Modern',\n    region='Europe',\n    relevance='Current'\n)\n```",
    "red_herrings_code": "```python\n# Global variable containing a list of Key Discovery examples\nkey_discoveries = [\n    KeyDiscovery(\n        name='Theory of Natural Selection',\n        impact='High',\n        field='Biology',\n        time_period='Modern',\n        region='Europe',\n        relevance='Current',\n    ),\n    KeyDiscovery(\n        name='Structure of DNA',\n        impact='High',\n        field='Biology',\n        time_period='Modern',\n        region='North America',\n        relevance='Current',\n    ),\n    KeyDiscovery(\n        name='Germ Theory of Disease',\n        impact='High',\n        field='Biology',\n        time_period='Modern',\n        region='Europe',\n        relevance='Historical',\n    ),\n]\n```",
    "database_code": "```python\n# Global variable containing a list of Key Discovery examples\nkey_discoveries = [\n    KeyDiscovery(\n        name=\"Theory of Relativity\",\n        impact='High',\n        field='Physics',\n        time_period='Modern',\n        region='Europe',\n        relevance='Current'\n    ),\n    KeyDiscovery(\n        name=\"Penicillin\",\n        impact='High',\n        field='Medicine',\n        time_period='Modern',\n        region='Europe',\n        relevance='Current'\n    ),\n    KeyDiscovery(\n        name=\"Quantum Mechanics\",\n        impact='High',\n        field='Physics',\n        time_period='Modern',\n        region='Europe',\n        relevance='Current'\n    ),\n    KeyDiscovery(\n        name=\"Structure of DNA\",\n        impact='High',\n        field='Biology',\n        time_period='Modern',\n        region='North America',\n        relevance='Current'\n    ),\n    KeyDiscovery(\n        name=\"Calculus\",\n        impact='High',\n        field='Mathematics',\n        time_period='Renaissance',\n        region='Europe',\n        relevance='Historical'\n    ),\n    KeyDiscovery(\n        name=\"Laws of Motion\",\n        impact='High',\n        field='Physics',\n        time_period='Modern',\n        region='Europe',\n        relevance='Current'\n    ),\n    KeyDiscovery(\n        name=\"Germ Theory of Disease\",\n        impact='High',\n        field='Medicine',\n        time_period='Modern',\n        region='Europe',\n        relevance='Current'\n    ),\n    KeyDiscovery(\n        name=\"Periodic Table\",\n        impact='High',\n        field='Chemistry',\n        time_period='Modern',\n        region='Europe',\n        relevance='Current'\n    ),\n    KeyDiscovery(\n        name=\"Theory of Evolution\",\n        impact='High',\n        field='Biology',\n        time_period='Modern',\n        region='Europe',\n        relevance='Current'\n    ),\n    KeyDiscovery(\n        name=\"Computer Programming\",\n        impact='High',\n        field='Computer Science',\n        time_period='Contemporary',\n        region='North America',\n        relevance='Current'\n    )\n]\n```",
    "goal": {
      "name": "Theory of Natural Selection",
      "impact": "High",
      "field": "Biology",
      "time_period": "Modern",
      "region": "Europe",
      "relevance": "Current"
    },
    "database": [
      {
        "name": "Computer Programming",
        "impact": "High",
        "field": "Computer Science",
        "time_period": "Contemporary",
        "region": "North America",
        "relevance": "Current"
      },
      {
        "name": "Theory of Relativity",
        "impact": "High",
        "field": "Physics",
        "time_period": "Modern",
        "region": "Europe",
        "relevance": "Current"
      },
      {
        "name": "Structure of DNA",
        "impact": "High",
        "field": "Biology",
        "time_period": "Modern",
        "region": "North America",
        "relevance": "Current"
      },
      {
        "name": "Germ Theory of Disease",
        "impact": "High",
        "field": "Biology",
        "time_period": "Modern",
        "region": "Europe",
        "relevance": "Historical"
      },
      {
        "name": "Periodic Table",
        "impact": "High",
        "field": "Chemistry",
        "time_period": "Modern",
        "region": "Europe",
        "relevance": "Current"
      },
      {
        "name": "Germ Theory of Disease",
        "impact": "High",
        "field": "Medicine",
        "time_period": "Modern",
        "region": "Europe",
        "relevance": "Current"
      },
      {
        "name": "Theory of Evolution",
        "impact": "High",
        "field": "Biology",
        "time_period": "Modern",
        "region": "Europe",
        "relevance": "Current"
      },
      {
        "name": "Structure of DNA",
        "impact": "High",
        "field": "Biology",
        "time_period": "Modern",
        "region": "North America",
        "relevance": "Current"
      },
      {
        "name": "Calculus",
        "impact": "High",
        "field": "Mathematics",
        "time_period": "Renaissance",
        "region": "Europe",
        "relevance": "Historical"
      },
      {
        "name": "Quantum Mechanics",
        "impact": "High",
        "field": "Physics",
        "time_period": "Modern",
        "region": "Europe",
        "relevance": "Current"
      },
      {
        "name": "Laws of Motion",
        "impact": "High",
        "field": "Physics",
        "time_period": "Modern",
        "region": "Europe",
        "relevance": "Current"
      },
      {
        "name": "Penicillin",
        "impact": "High",
        "field": "Medicine",
        "time_period": "Modern",
        "region": "Europe",
        "relevance": "Current"
      },
      {
        "name": "Theory of Natural Selection",
        "impact": "High",
        "field": "Biology",
        "time_period": "Modern",
        "region": "Europe",
        "relevance": "Current"
      }
    ],
    "status": "complete"
  },
  {
    "domain": "Public Messaging Strategies",
    "turns": [
      [
        "Great! Now, let\u2019s find a suitable Public Messaging Strategy. What do you think about using an online article format?",
        {
          "name": null,
          "target_audience": "high school students",
          "medium": "online article",
          "tone": "educational",
          "goal": "education",
          "language": null,
          "budget": null,
          "timeline": null,
          "engagement_level": "high",
          "geographic_focus": "UK",
          "key_message": "Theory of Natural Selection"
        },
        "An online article is a fantastic choice! It allows for wide reach and can be easily shared. Do you have a specific tone or goal in mind for the article?"
      ],
      [
        "I\u2019m aiming for an educational tone with the goal of educating high school students about evolution. Does that work?",
        {
          "name": null,
          "target_audience": "high school students",
          "medium": "online article",
          "tone": "educational",
          "goal": "education",
          "language": null,
          "budget": null,
          "timeline": null,
          "engagement_level": null,
          "geographic_focus": "UK",
          "key_message": "Theory of Natural Selection"
        },
        "That works perfectly! Let's look for strategies that match an educational tone and the goal of educating high school students."
      ],
      [
        "Awesome! What about the engagement level? I\u2019d like it to be high to encourage interaction. Does that sound good?",
        {
          "name": null,
          "target_audience": "high school students",
          "medium": "online article",
          "tone": "educational",
          "goal": "education",
          "language": null,
          "budget": null,
          "timeline": null,
          "engagement_level": "high",
          "geographic_focus": null,
          "key_message": "Theory of Natural Selection"
        },
        "Yes, a high engagement level is ideal for interaction! Let's find strategies that match all these criteria."
      ],
      [
        "Great! I also want to focus on a local geographic area to make it more relevant for the students. How does that sound?",
        {
          "name": null,
          "target_audience": "high school students",
          "medium": "online article",
          "tone": "educational",
          "goal": "education",
          "language": null,
          "budget": null,
          "timeline": null,
          "engagement_level": "high",
          "geographic_focus": "local",
          "key_message": "Theory of Natural Selection"
        },
        "Focusing on a local geographic area is a smart move for relevance! Let\u2019s find a strategy that fits all your criteria: educational tone, high engagement, and local focus."
      ],
      [
        "Perfect! Lastly, I\u2019d like the article to be in English and have a medium budget. Does that align with your thoughts?",
        {
          "name": null,
          "target_audience": "high school students",
          "medium": "online article",
          "tone": "educational",
          "goal": "education",
          "language": "English",
          "budget": "medium",
          "timeline": null,
          "engagement_level": "high",
          "geographic_focus": "local",
          "key_message": "Theory of Natural Selection"
        },
        "Yes, that aligns well! Let\u2019s look for a Public Messaging Strategy that meets all your criteria: educational tone, high engagement, local focus, English language, and medium budget."
      ],
      [
        "Awesome! I believe we have a solid plan. Let's finalize the Public Messaging Strategy for an online article targeting high school students about the Theory of Natural Selection!",
        {
          "name": null,
          "target_audience": "high school students",
          "medium": "online article",
          "tone": "educational",
          "goal": "education",
          "language": "English",
          "budget": "medium",
          "timeline": null,
          "engagement_level": "high",
          "geographic_focus": "local",
          "key_message": "Theory of Natural Selection"
        },
        "Great choice! The \"School Workshop\" strategy fits your criteria perfectly. It's educational, engaging, local, in English, and within a medium budget."
      ]
    ],
    "preferences_code": "```python\npreferences = PublicMessagingStrategyCriteria(\n    name='School Workshop',\n    target_audience='High School Students',\n    medium='online article',\n    tone='educational',\n    goal='education',\n    language='English',\n    budget='Medium',\n    timeline='2 months',\n    engagement_level='high',\n    geographic_focus='Local',\n    key_message='Understanding Evolution Through Nature',\n)\n```",
    "red_herrings_code": "```python\n# Global variable containing a list of Public Messaging Strategies examples\npublic_messaging_strategies = [\n    PublicMessagingStrategy(\n        name='School Workshop',\n        target_audience='High School Students',\n        medium='online article',\n        tone='educational',\n        goal='education',\n        language='English',\n        budget='Medium',\n        timeline='2 months',\n        engagement_level='high',\n        geographic_focus='Local',\n        key_message='Understanding Evolution Through Nature'\n    ),\n    PublicMessagingStrategy(\n        name='Podcast Series',\n        target_audience='General Public',\n        medium='podcast',\n        tone='informal',\n        goal='awareness',\n        language='English',\n        budget='Medium',\n        timeline='6 months',\n        engagement_level='medium',\n        geographic_focus='National',\n        key_message='The Wonders of Evolution'\n    ),\n    PublicMessagingStrategy(\n        name='Social Media Campaign',\n        target_audience='Young Adults',\n        medium='social media',\n        tone='persuasive',\n        goal='engagement',\n        language='English',\n        budget='Low',\n        timeline='1 month',\n        engagement_level='high',\n        geographic_focus='Local',\n        key_message='Why Evolution Matters in Our Lives'\n    )\n]\n```",
    "database_code": "```python\npublic_messaging_strategies = [\n    PublicMessagingStrategy(\n        name=\"Social Media Campaign\",\n        target_audience=\"High School Students\",\n        medium='social media',\n        tone='informal',\n        goal='engagement',\n        language='English',\n        budget='Low',\n        timeline='1 month',\n        engagement_level='high',\n        geographic_focus='Global',\n        key_message='Explore the wonders of evolution!'\n    ),\n    PublicMessagingStrategy(\n        name=\"Educational Podcast\",\n        target_audience=\"General Public\",\n        medium='podcast',\n        tone='educational',\n        goal='education',\n        language='English',\n        budget='Medium',\n        timeline='3 months',\n        engagement_level='medium',\n        geographic_focus='National',\n        key_message='Understanding Natural Selection'\n    ),\n    PublicMessagingStrategy(\n        name=\"Interactive Workshop\",\n        target_audience=\"Teachers\",\n        medium='print',\n        tone='formal',\n        goal='education',\n        language='English',\n        budget='High',\n        timeline='6 months',\n        engagement_level='high',\n        geographic_focus='Local',\n        key_message='Teaching Evolution Effectively'\n    ),\n    PublicMessagingStrategy(\n        name=\"YouTube Series\",\n        target_audience=\"Teenagers\",\n        medium='online article',\n        tone='entertaining',\n        goal='awareness',\n        language='English',\n        budget='Medium',\n        timeline='2 months',\n        engagement_level='high',\n        geographic_focus='Global',\n        key_message='Darwin\u2019s Journey Explained'\n    ),\n    PublicMessagingStrategy(\n        name=\"Television Documentary\",\n        target_audience=\"Families\",\n        medium='television',\n        tone='educational',\n        goal='awareness',\n        language='English',\n        budget='High',\n        timeline='1 year',\n        engagement_level='medium',\n        geographic_focus='National',\n        key_message='The Story of Life on Earth'\n    ),\n    PublicMessagingStrategy(\n        name=\"School Presentation\",\n        target_audience=\"High School Students\",\n        medium='print',\n        tone='educational',\n        goal='education',\n        language='English',\n        budget='Low',\n        timeline='2 weeks',\n        engagement_level='high',\n        geographic_focus='Local',\n        key_message='Natural Selection in Action'\n    ),\n    PublicMessagingStrategy(\n        name=\"Community Outreach\",\n        target_audience=\"Local Community\",\n        medium='radio',\n        tone='informal',\n        goal='engagement',\n        language='English',\n        budget='Low',\n        timeline='3 months',\n        engagement_level='medium',\n        geographic_focus='Local',\n        key_message='Evolution is All Around Us'\n    ),\n    PublicMessagingStrategy(\n        name=\"Online Webinar\",\n        target_audience=\"College Students\",\n        medium='online article',\n        tone='formal',\n        goal='education',\n        language='English',\n        budget='Medium',\n        timeline='1 month',\n        engagement_level='high',\n        geographic_focus='Global',\n        key_message='Deep Dive into Natural Selection'\n    ),\n    PublicMessagingStrategy(\n        name=\"Print Brochure\",\n        target_audience=\"Parents\",\n        medium='print',\n        tone='persuasive',\n        goal='advocacy',\n        language='English',\n        budget='Low',\n        timeline='1 month',\n        engagement_level='low',\n        geographic_focus='Local',\n        key_message='Support Science Education'\n    ),\n    PublicMessagingStrategy(\n        name=\"Social Media Challenge\",\n        target_audience=\"Young Adults\",\n        medium='social media',\n        tone='entertaining',\n        goal='engagement',\n        language='English',\n        budget='Low',\n        timeline='2 weeks',\n        engagement_level='high',\n        geographic_focus='Global',\n        key_message='Share Your Evolution Story'\n    )\n]\n```",
    "goal": {
      "name": null,
      "target_audience": "High School Students",
      "medium": "online article",
      "tone": "educational",
      "goal": "education",
      "language": "English",
      "budget": "Medium",
      "timeline": "2 months",
      "engagement_level": "high",
      "geographic_focus": "Local",
      "key_message": "Understanding Evolution Through Nature"
    },
    "database": [
      {
        "name": "Community Outreach",
        "target_audience": "Local Community",
        "medium": "radio",
        "tone": "informal",
        "goal": "engagement",
        "language": "English",
        "budget": "Low",
        "timeline": "3 months",
        "engagement_level": "medium",
        "geographic_focus": "Local",
        "key_message": "Evolution is All Around Us"
      },
      {
        "name": "Social Media Challenge",
        "target_audience": "Young Adults",
        "medium": "social media",
        "tone": "entertaining",
        "goal": "engagement",
        "language": "English",
        "budget": "Low",
        "timeline": "2 weeks",
        "engagement_level": "high",
        "geographic_focus": "Global",
        "key_message": "Share Your Evolution Story"
      },
      {
        "name": "YouTube Series",
        "target_audience": "Teenagers",
        "medium": "online article",
        "tone": "entertaining",
        "goal": "awareness",
        "language": "English",
        "budget": "Medium",
        "timeline": "2 months",
        "engagement_level": "high",
        "geographic_focus": "Global",
        "key_message": "Darwin\u2019s Journey Explained"
      },
      {
        "name": "Television Documentary",
        "target_audience": "Families",
        "medium": "television",
        "tone": "educational",
        "goal": "awareness",
        "language": "English",
        "budget": "High",
        "timeline": "1 year",
        "engagement_level": "medium",
        "geographic_focus": "National",
        "key_message": "The Story of Life on Earth"
      },
      {
        "name": "Social Media Campaign",
        "target_audience": "High School Students",
        "medium": "social media",
        "tone": "informal",
        "goal": "engagement",
        "language": "English",
        "budget": "Low",
        "timeline": "1 month",
        "engagement_level": "high",
        "geographic_focus": "Global",
        "key_message": "Explore the wonders of evolution!"
      },
      {
        "name": "Print Brochure",
        "target_audience": "Parents",
        "medium": "print",
        "tone": "persuasive",
        "goal": "advocacy",
        "language": "English",
        "budget": "Low",
        "timeline": "1 month",
        "engagement_level": "low",
        "geographic_focus": "Local",
        "key_message": "Support Science Education"
      },
      {
        "name": "Educational Podcast",
        "target_audience": "General Public",
        "medium": "podcast",
        "tone": "educational",
        "goal": "education",
        "language": "English",
        "budget": "Medium",
        "timeline": "3 months",
        "engagement_level": "medium",
        "geographic_focus": "National",
        "key_message": "Understanding Natural Selection"
      },
      {
        "name": "Online Webinar",
        "target_audience": "College Students",
        "medium": "online article",
        "tone": "formal",
        "goal": "education",
        "language": "English",
        "budget": "Medium",
        "timeline": "1 month",
        "engagement_level": "high",
        "geographic_focus": "Global",
        "key_message": "Deep Dive into Natural Selection"
      },
      {
        "name": "Social Media Campaign",
        "target_audience": "Young Adults",
        "medium": "social media",
        "tone": "persuasive",
        "goal": "engagement",
        "language": "English",
        "budget": "Low",
        "timeline": "1 month",
        "engagement_level": "high",
        "geographic_focus": "Local",
        "key_message": "Why Evolution Matters in Our Lives"
      },
      {
        "name": "Interactive Workshop",
        "target_audience": "Teachers",
        "medium": "print",
        "tone": "formal",
        "goal": "education",
        "language": "English",
        "budget": "High",
        "timeline": "6 months",
        "engagement_level": "high",
        "geographic_focus": "Local",
        "key_message": "Teaching Evolution Effectively"
      },
      {
        "name": "School Workshop",
        "target_audience": "High School Students",
        "medium": "online article",
        "tone": "educational",
        "goal": "education",
        "language": "English",
        "budget": "Medium",
        "timeline": "2 months",
        "engagement_level": "high",
        "geographic_focus": "Local",
        "key_message": "Understanding Evolution Through Nature"
      },
      {
        "name": "School Presentation",
        "target_audience": "High School Students",
        "medium": "print",
        "tone": "educational",
        "goal": "education",
        "language": "English",
        "budget": "Low",
        "timeline": "2 weeks",
        "engagement_level": "high",
        "geographic_focus": "Local",
        "key_message": "Natural Selection in Action"
      },
      {
        "name": "Podcast Series",
        "target_audience": "General Public",
        "medium": "podcast",
        "tone": "informal",
        "goal": "awareness",
        "language": "English",
        "budget": "Medium",
        "timeline": "6 months",
        "engagement_level": "medium",
        "geographic_focus": "National",
        "key_message": "The Wonders of Evolution"
      }
    ],
    "status": "complete"
  },
  {
    "domain": "Educational Content",
    "turns": [
      [
        "Thanks! Now, I\u2019m looking for a podcast titled \"The Evolutionary Process.\" Do you have any recommendations?",
        {
          "name": "The Evolutionary Process",
          "format": "podcast",
          "level": "high school",
          "subject": "Theory of Natural Selection",
          "language": "English",
          "duration": null,
          "author": null,
          "release_year": null,
          "accessibility_features": null
        },
        "Yes, \"The Evolutionary Process\" is a podcast by Dr. Emily White, aimed at an advanced level in Ecology. Would you like to know more about its content?"
      ],
      [
        "Yes, please! What topics does \"The Evolutionary Process\" cover?",
        {
          "name": "The Evolutionary Process",
          "format": "podcast",
          "level": "advanced",
          "subject": "Ecology",
          "language": "English",
          "duration": null,
          "author": "Dr. Emily White",
          "release_year": null,
          "accessibility_features": null
        },
        "It covers advanced topics in ecology related to evolutionary theory, adaptation, and natural selection processes. Would you like to explore similar podcasts or other educational content?"
      ],
      [
        "I'm set on \"The Evolutionary Process\" for now. Does it have any accessibility features?",
        {
          "name": "The Evolutionary Process",
          "format": "podcast",
          "level": "advanced",
          "subject": "Ecology",
          "language": "English",
          "duration": null,
          "author": "Dr. Emily White",
          "release_year": null,
          "accessibility_features": null
        },
        "No, \"The Evolutionary Process\" does not have any accessibility features. Would you like to consider other options with accessibility features?"
      ],
      [
        "I think I'll stick with \"The Evolutionary Process\" despite the lack of accessibility features. Can we finalize it?",
        {
          "name": "The Evolutionary Process",
          "format": "podcast",
          "level": "advanced",
          "subject": "Ecology",
          "language": "English",
          "duration": null,
          "author": "Dr. Emily White",
          "release_year": null,
          "accessibility_features": "none"
        },
        "Absolutely! Let's finalize \"The Evolutionary Process\" podcast for your educational content. Great choice!"
      ]
    ],
    "preferences_code": "```python\npreferences = EducationalContentCriteria(\n    name='The Evolutionary Process',\n    format='podcast',\n    level='advanced',\n    subject='Ecology',\n    language='English',\n    duration=45,\n    author='Dr. Emily White',\n    release_year=2022,\n    accessibility_features='none',\n)\n```",
    "red_herrings_code": "```python\n# Global variable containing a list of EducationalContent examples\neducational_contents = [\n    EducationalContent(\n        name='Evolutionary Biology: An Overview',\n        format='article',\n        level='advanced',\n        subject='Biology',\n        language='English',\n        duration=35,\n        author='Dr. Lisa Green',\n        release_year=2021,\n        accessibility_features='subtitles',\n    ),\n    EducationalContent(\n        name='Understanding Natural Selection',\n        format='podcast',\n        level='intermediate',\n        subject='Biology',\n        language='English',\n        duration=30,\n        author='Dr. John Smith',\n        release_year=2020,\n        accessibility_features='transcripts',\n    ),\n    EducationalContent(\n        name='The Evolutionary Process',\n        format='podcast',\n        level='advanced',\n        subject='Ecology',\n        language='English',\n        duration=45,\n        author='Dr. Emily White',\n        release_year=2022,\n        accessibility_features='none',\n    ),\n]\n```",
    "database_code": "```python\n# Global variable to store a list of Educational Content examples\neducational_contents = [\n    EducationalContent(\n        name=\"Introduction to Evolution\",\n        format='article',\n        level='beginner',\n        subject=\"Biology\",\n        language=\"English\",\n        duration=15,\n        author=\"Jane Doe\",\n        release_year=2020,\n        accessibility_features='subtitles'\n    ),\n    EducationalContent(\n        name=\"Natural Selection Explained\",\n        format='video',\n        level='intermediate',\n        subject=\"Biology\",\n        language=\"English\",\n        duration=20,\n        author=\"John Smith\",\n        release_year=2021,\n        accessibility_features='none'\n    ),\n    EducationalContent(\n        name=\"The Mechanisms of Evolution\",\n        format='podcast',\n        level='advanced',\n        subject=\"Biology\",\n        language=\"English\",\n        duration=30,\n        author=\"Dr. Emily White\",\n        release_year=2019,\n        accessibility_features='transcripts'\n    ),\n    EducationalContent(\n        name=\"Interactive Evolution Simulation\",\n        format='interactive',\n        level='beginner',\n        subject=\"Biology\",\n        language=\"English\",\n        duration=45,\n        author=\"Science Team\",\n        release_year=2022,\n        accessibility_features='none'\n    ),\n    EducationalContent(\n        name=\"Understanding Genetic Drift\",\n        format='article',\n        level='intermediate',\n        subject=\"Genetics\",\n        language=\"English\",\n        duration=25,\n        author=\"Dr. Alan Brown\",\n        release_year=2018,\n        accessibility_features='subtitles'\n    ),\n    EducationalContent(\n        name=\"Darwin's Journey\",\n        format='video',\n        level='beginner',\n        subject=\"History of Science\",\n        language=\"English\",\n        duration=10,\n        author=\"Sarah Johnson\",\n        release_year=2020,\n        accessibility_features='none'\n    ),\n    EducationalContent(\n        name=\"Evolutionary Biology: An Overview\",\n        format='podcast',\n        level='advanced',\n        subject=\"Biology\",\n        language=\"English\",\n        duration=40,\n        author=\"Dr. Lisa Green\",\n        release_year=2021,\n        accessibility_features='transcripts'\n    ),\n    EducationalContent(\n        name=\"The Role of Natural Selection\",\n        format='interactive',\n        level='intermediate',\n        subject=\"Biology\",\n        language=\"English\",\n        duration=35,\n        author=\"Research Group\",\n        release_year=2023,\n        accessibility_features='subtitles'\n    ),\n    EducationalContent(\n        name=\"Biodiversity and Adaptation\",\n        format='article',\n        level='beginner',\n        subject=\"Ecology\",\n        language=\"English\",\n        duration=20,\n        author=\"Mark Taylor\",\n        release_year=2022,\n        accessibility_features='none'\n    ),\n    EducationalContent(\n        name=\"The Evolution of Species\",\n        format='video',\n        level='advanced',\n        subject=\"Biology\",\n        language=\"English\",\n        duration=50,\n        author=\"Dr. Alice White\",\n        release_year=2019,\n        accessibility_features='transcripts'\n    )\n]\n```",
    "goal": {
      "name": "The Evolutionary Process",
      "format": "podcast",
      "level": "advanced",
      "subject": "Ecology",
      "language": "English",
      "duration": 45,
      "author": "Dr. Emily White",
      "release_year": 2022,
      "accessibility_features": "none"
    },
    "database": [
      {
        "name": "The Evolution of Species",
        "format": "video",
        "level": "advanced",
        "subject": "Biology",
        "language": "English",
        "duration": 50,
        "author": "Dr. Alice White",
        "release_year": 2019,
        "accessibility_features": "transcripts"
      },
      {
        "name": "The Evolutionary Process",
        "format": "podcast",
        "level": "advanced",
        "subject": "Ecology",
        "language": "English",
        "duration": 45,
        "author": "Dr. Emily White",
        "release_year": 2022,
        "accessibility_features": "none"
      },
      {
        "name": "Biodiversity and Adaptation",
        "format": "article",
        "level": "beginner",
        "subject": "Ecology",
        "language": "English",
        "duration": 20,
        "author": "Mark Taylor",
        "release_year": 2022,
        "accessibility_features": "none"
      },
      {
        "name": "Evolutionary Biology: An Overview",
        "format": "article",
        "level": "advanced",
        "subject": "Biology",
        "language": "English",
        "duration": 35,
        "author": "Dr. Lisa Green",
        "release_year": 2021,
        "accessibility_features": "subtitles"
      },
      {
        "name": "Natural Selection Explained",
        "format": "video",
        "level": "intermediate",
        "subject": "Biology",
        "language": "English",
        "duration": 20,
        "author": "John Smith",
        "release_year": 2021,
        "accessibility_features": "none"
      },
      {
        "name": "Understanding Genetic Drift",
        "format": "article",
        "level": "intermediate",
        "subject": "Genetics",
        "language": "English",
        "duration": 25,
        "author": "Dr. Alan Brown",
        "release_year": 2018,
        "accessibility_features": "subtitles"
      },
      {
        "name": "Darwin's Journey",
        "format": "video",
        "level": "beginner",
        "subject": "History of Science",
        "language": "English",
        "duration": 10,
        "author": "Sarah Johnson",
        "release_year": 2020,
        "accessibility_features": "none"
      },
      {
        "name": "Understanding Natural Selection",
        "format": "podcast",
        "level": "intermediate",
        "subject": "Biology",
        "language": "English",
        "duration": 30,
        "author": "Dr. John Smith",
        "release_year": 2020,
        "accessibility_features": "transcripts"
      },
      {
        "name": "The Mechanisms of Evolution",
        "format": "podcast",
        "level": "advanced",
        "subject": "Biology",
        "language": "English",
        "duration": 30,
        "author": "Dr. Emily White",
        "release_year": 2019,
        "accessibility_features": "transcripts"
      },
      {
        "name": "The Role of Natural Selection",
        "format": "interactive",
        "level": "intermediate",
        "subject": "Biology",
        "language": "English",
        "duration": 35,
        "author": "Research Group",
        "release_year": 2023,
        "accessibility_features": "subtitles"
      },
      {
        "name": "Introduction to Evolution",
        "format": "article",
        "level": "beginner",
        "subject": "Biology",
        "language": "English",
        "duration": 15,
        "author": "Jane Doe",
        "release_year": 2020,
        "accessibility_features": "subtitles"
      },
      {
        "name": "Interactive Evolution Simulation",
        "format": "interactive",
        "level": "beginner",
        "subject": "Biology",
        "language": "English",
        "duration": 45,
        "author": "Science Team",
        "release_year": 2022,
        "accessibility_features": "none"
      },
      {
        "name": "Evolutionary Biology: An Overview",
        "format": "podcast",
        "level": "advanced",
        "subject": "Biology",
        "language": "English",
        "duration": 40,
        "author": "Dr. Lisa Green",
        "release_year": 2021,
        "accessibility_features": "transcripts"
      }
    ],
    "status": "complete"
  }
]