[
  {
    "domain": "Key Discoveries",
    "turns": [
      [
        "Hey! I'm looking for a high-impact discovery in modern physics from Europe; do you have any specific ones in mind?",
        {
          "name": null,
          "impact": "High",
          "field": "Physics",
          "time_period": "Modern",
          "region": "Europe",
          "relevance": null
        },
        "Yes, I have a few options like the Theory of Relativity and Quantum Mechanics. Would you like to know more about either of those?"
      ],
      [
        "Quantum Mechanics sounds interesting! Can you share its current relevance?",
        {
          "name": "Quantum Mechanics",
          "impact": "High",
          "field": "Physics",
          "time_period": "Modern",
          "region": "Europe",
          "relevance": "Current"
        },
        "Quantum Mechanics is currently very relevant in modern science and technology. Would you like to know more about its impact or applications?"
      ],
      [
        "Yes, please tell me about its impact!",
        {
          "name": "Quantum Mechanics",
          "impact": "High",
          "field": "Physics",
          "time_period": "Modern",
          "region": "Europe",
          "relevance": "Current"
        },
        "Quantum Mechanics has a high impact, revolutionizing our understanding of matter and energy. Are you ready to choose it as your Key Discovery?"
      ],
      [
        "Absolutely! Let's go with Quantum Mechanics as our Key Discovery.",
        {
          "name": "Quantum Mechanics",
          "impact": "High",
          "field": "Physics",
          "time_period": "Modern",
          "region": "Europe",
          "relevance": "Current"
        },
        "Great choice! Quantum Mechanics it is. If you need anything else, just let me know!"
      ]
    ],
    "preferences_code": "```python\npreferences = KeyDiscoveryCriteria(\n    name='Theory of Relativity',\n    impact='High',\n    field='Physics',\n    time_period='Modern',\n    region='Europe',\n    relevance='Current'\n)\n```",
    "red_herrings_code": "```python\n# Global variable representing a list of similar Key Discovery examples\nsimilar_key_discoveries = [\n    KeyDiscovery(\n        name='Atomic Theory',\n        impact='High',\n        field='Chemistry',\n        time_period='Modern',\n        region='Europe',\n        relevance='Current',\n    ),\n    KeyDiscovery(\n        name='Theory of Relativity',\n        impact='High',\n        field='Physics',\n        time_period='Modern',\n        region='Europe',\n        relevance='Current',\n    ),\n    KeyDiscovery(\n        name='DNA Double Helix',\n        impact='High',\n        field='Biology',\n        time_period='Modern',\n        region='Europe',\n        relevance='Current',\n    ),\n]\n```",
    "database_code": "```python\n# Global variable containing a list of Key Discovery examples\nkey_discoveries = [\n    KeyDiscovery(\n        name=\"Theory of Relativity\",\n        impact='High',\n        field='Physics',\n        time_period='Modern',\n        region='Europe',\n        relevance='Current'\n    ),\n    KeyDiscovery(\n        name=\"Penicillin\",\n        impact='High',\n        field='Medicine',\n        time_period='Modern',\n        region='Europe',\n        relevance='Current'\n    ),\n    KeyDiscovery(\n        name=\"Quantum Mechanics\",\n        impact='High',\n        field='Physics',\n        time_period='Modern',\n        region='Europe',\n        relevance='Current'\n    ),\n    KeyDiscovery(\n        name=\"Structure of DNA\",\n        impact='High',\n        field='Biology',\n        time_period='Modern',\n        region='North America',\n        relevance='Current'\n    ),\n    KeyDiscovery(\n        name=\"Calculus\",\n        impact='High',\n        field='Mathematics',\n        time_period='Renaissance',\n        region='Europe',\n        relevance='Historical'\n    ),\n    KeyDiscovery(\n        name=\"Laws of Motion\",\n        impact='High',\n        field='Physics',\n        time_period='Modern',\n        region='Europe',\n        relevance='Current'\n    ),\n    KeyDiscovery(\n        name=\"Germ Theory of Disease\",\n        impact='High',\n        field='Medicine',\n        time_period='Modern',\n        region='Europe',\n        relevance='Current'\n    ),\n    KeyDiscovery(\n        name=\"Periodic Table\",\n        impact='High',\n        field='Chemistry',\n        time_period='Modern',\n        region='Europe',\n        relevance='Current'\n    ),\n    KeyDiscovery(\n        name=\"Theory of Evolution\",\n        impact='High',\n        field='Biology',\n        time_period='Modern',\n        region='Europe',\n        relevance='Current'\n    ),\n    KeyDiscovery(\n        name=\"Computer Programming\",\n        impact='High',\n        field='Computer Science',\n        time_period='Contemporary',\n        region='North America',\n        relevance='Current'\n    )\n]\n```",
    "goal": {
      "name": null,
      "impact": "High",
      "field": "Physics",
      "time_period": "Modern",
      "region": "Europe",
      "relevance": "Current"
    },
    "database": [
      {
        "name": "Calculus",
        "impact": "High",
        "field": "Mathematics",
        "time_period": "Renaissance",
        "region": "Europe",
        "relevance": "Historical"
      },
      {
        "name": "Computer Programming",
        "impact": "High",
        "field": "Computer Science",
        "time_period": "Contemporary",
        "region": "North America",
        "relevance": "Current"
      },
      {
        "name": "Theory of Relativity",
        "impact": "High",
        "field": "Physics",
        "time_period": "Modern",
        "region": "Europe",
        "relevance": "Current"
      },
      {
        "name": "Structure of DNA",
        "impact": "High",
        "field": "Biology",
        "time_period": "Modern",
        "region": "North America",
        "relevance": "Current"
      },
      {
        "name": "Theory of Evolution",
        "impact": "High",
        "field": "Biology",
        "time_period": "Modern",
        "region": "Europe",
        "relevance": "Current"
      },
      {
        "name": "Periodic Table",
        "impact": "High",
        "field": "Chemistry",
        "time_period": "Modern",
        "region": "Europe",
        "relevance": "Current"
      },
      {
        "name": "Atomic Theory",
        "impact": "High",
        "field": "Chemistry",
        "time_period": "Modern",
        "region": "Europe",
        "relevance": "Current"
      },
      {
        "name": "Laws of Motion",
        "impact": "High",
        "field": "Physics",
        "time_period": "Modern",
        "region": "Europe",
        "relevance": "Current"
      },
      {
        "name": "Quantum Mechanics",
        "impact": "High",
        "field": "Physics",
        "time_period": "Modern",
        "region": "Europe",
        "relevance": "Current"
      },
      {
        "name": "Germ Theory of Disease",
        "impact": "High",
        "field": "Medicine",
        "time_period": "Modern",
        "region": "Europe",
        "relevance": "Current"
      },
      {
        "name": "Penicillin",
        "impact": "High",
        "field": "Medicine",
        "time_period": "Modern",
        "region": "Europe",
        "relevance": "Current"
      },
      {
        "name": "DNA Double Helix",
        "impact": "High",
        "field": "Biology",
        "time_period": "Modern",
        "region": "Europe",
        "relevance": "Current"
      },
      {
        "name": "Theory of Relativity",
        "impact": "High",
        "field": "Physics",
        "time_period": "Modern",
        "region": "Europe",
        "relevance": "Current"
      }
    ],
    "status": "complete"
  },
  {
    "domain": "Public Messaging Strategies",
    "turns": [
      [
        "Thanks! I need help finding a Public Messaging Strategy that engages young adults. Any ideas?",
        {
          "name": null,
          "target_audience": "young adults",
          "medium": null,
          "tone": null,
          "goal": null,
          "language": null,
          "budget": null,
          "timeline": null,
          "engagement_level": null,
          "geographic_focus": null,
          "key_message": null
        },
        "Sure! Are you looking for a specific medium like social media or something else?"
      ],
      [
        "Yes, I prefer using social media for this strategy.",
        {
          "name": null,
          "target_audience": "young adults",
          "medium": "social media",
          "tone": null,
          "goal": null,
          "language": null,
          "budget": null,
          "timeline": null,
          "engagement_level": null,
          "geographic_focus": null,
          "key_message": null
        },
        "Got it! How about the \"Social Media Engagement Challenge\"? It targets students and has a high engagement level. Interested?"
      ],
      [
        "That sounds promising! Does it have an informal tone?",
        {
          "name": "Social Media Engagement Challenge",
          "target_audience": "students",
          "medium": "social media",
          "tone": "informal",
          "goal": null,
          "language": null,
          "budget": null,
          "timeline": null,
          "engagement_level": "high",
          "geographic_focus": null,
          "key_message": null
        },
        "Yes, it has an informal tone, perfect for engaging young adults! Would you like to go with that one?"
      ],
      [
        "Yes, let's choose the \"Social Media Engagement Challenge\"!",
        {
          "name": "Social Media Engagement Challenge",
          "target_audience": "students",
          "medium": "social media",
          "tone": "informal",
          "goal": null,
          "language": null,
          "budget": null,
          "timeline": null,
          "engagement_level": "high",
          "geographic_focus": null,
          "key_message": null
        },
        "Awesome choice! The \"Social Media Engagement Challenge\" is selected. If you need anything else, just let me know!"
      ]
    ],
    "preferences_code": "```python\npreferences = PublicMessagingStrategyCriteria(\n    name='Social Media Campaign',\n    target_audience='Young Adults',\n    medium='social media',\n    tone='informal',\n    goal='engagement',\n    language='English',\n    budget='$15000',\n    timeline='3 months',\n    engagement_level='high',\n    geographic_focus='National',\n    key_message='Quantum physics made fun and accessible.'\n)\n```",
    "red_herrings_code": "```python\n# Global variable that contains a list of Public Messaging Strategies examples\npublic_messaging_strategies = [\n    PublicMessagingStrategy(\n        name='Television Educational Series',\n        target_audience='General Public',\n        medium='television',\n        tone='educational',\n        goal='education',\n        language='English',\n        budget='$25000',\n        timeline='6 months',\n        engagement_level='medium',\n        geographic_focus='National',\n        key_message='Understanding the basics of quantum physics.'\n    ),\n    PublicMessagingStrategy(\n        name='Social Media Campaign',\n        target_audience='Young Adults',\n        medium='social media',\n        tone='informal',\n        goal='engagement',\n        language='English',\n        budget='$15000',\n        timeline='3 months',\n        engagement_level='high',\n        geographic_focus='National',\n        key_message='Quantum physics made fun and accessible.'\n    ),\n    PublicMessagingStrategy(\n        name='Online Webinar Series',\n        target_audience='Students',\n        medium='online article',\n        tone='educational',\n        goal='education',\n        language='English',\n        budget='$10000',\n        timeline='4 months',\n        engagement_level='medium',\n        geographic_focus='International',\n        key_message='Exploring the wonders of quantum physics.'\n    )\n]\n```",
    "database_code": "```python\n# Global variable to store a list of Public Messaging Strategies examples\npublic_messaging_strategies: list[PublicMessagingStrategy] = [\n    PublicMessagingStrategy(\n        name=\"Social Media Awareness Campaign\",\n        target_audience=\"Young Adults\",\n        medium='social media',\n        tone='informal',\n        goal='awareness',\n        language='English',\n        budget='$5000',\n        timeline='3 months',\n        engagement_level='high',\n        geographic_focus='Urban Areas',\n        key_message='Stay informed about climate change.'\n    ),\n    PublicMessagingStrategy(\n        name=\"Television Educational Series\",\n        target_audience=\"General Public\",\n        medium='television',\n        tone='educational',\n        goal='education',\n        language='English',\n        budget='$20000',\n        timeline='6 months',\n        engagement_level='medium',\n        geographic_focus='National',\n        key_message='Understanding the basics of quantum physics.'\n    ),\n    PublicMessagingStrategy(\n        name=\"Print Advocacy Brochure\",\n        target_audience=\"Parents\",\n        medium='print',\n        tone='persuasive',\n        goal='advocacy',\n        language='English',\n        budget='$3000',\n        timeline='2 months',\n        engagement_level='low',\n        geographic_focus='Local Community',\n        key_message='Support STEM education for children.'\n    ),\n    PublicMessagingStrategy(\n        name=\"Online Article Series\",\n        target_audience=\"Academics\",\n        medium='online article',\n        tone='formal',\n        goal='education',\n        language='English',\n        budget='$1000',\n        timeline='1 month',\n        engagement_level='medium',\n        geographic_focus='Global',\n        key_message='Latest research in quantum mechanics.'\n    ),\n    PublicMessagingStrategy(\n        name=\"Podcast on Science Topics\",\n        target_audience=\"Science Enthusiasts\",\n        medium='podcast',\n        tone='entertaining',\n        goal='engagement',\n        language='English',\n        budget='$4000',\n        timeline='4 months',\n        engagement_level='high',\n        geographic_focus='Global',\n        key_message='Exploring the wonders of the universe.'\n    ),\n    PublicMessagingStrategy(\n        name=\"Radio Awareness Segment\",\n        target_audience=\"Local Community\",\n        medium='radio',\n        tone='informal',\n        goal='awareness',\n        language='English',\n        budget='$2000',\n        timeline='2 weeks',\n        engagement_level='medium',\n        geographic_focus='Local Area',\n        key_message='The importance of science in everyday life.'\n    ),\n    PublicMessagingStrategy(\n        name=\"Social Media Engagement Challenge\",\n        target_audience=\"Students\",\n        medium='social media',\n        tone='entertaining',\n        goal='engagement',\n        language='English',\n        budget='$1500',\n        timeline='1 month',\n        engagement_level='high',\n        geographic_focus='National',\n        key_message='Join the science challenge and win prizes!'\n    ),\n    PublicMessagingStrategy(\n        name=\"Television Documentary\",\n        target_audience=\"Families\",\n        medium='television',\n        tone='educational',\n        goal='education',\n        language='English',\n        budget='$25000',\n        timeline='8 months',\n        engagement_level='medium',\n        geographic_focus='National',\n        key_message='Understanding the universe through science.'\n    ),\n    PublicMessagingStrategy(\n        name=\"Print Newsletter for Schools\",\n        target_audience=\"Teachers\",\n        medium='print',\n        tone='formal',\n        goal='education',\n        language='English',\n        budget='$1000',\n        timeline='1 month',\n        engagement_level='low',\n        geographic_focus='Local Schools',\n        key_message='Resources for teaching science effectively.'\n    ),\n    PublicMessagingStrategy(\n        name=\"Online Webinar Series\",\n        target_audience=\"Professionals\",\n        medium='online article',\n        tone='formal',\n        goal='education',\n        language='English',\n        budget='$3000',\n        timeline='3 months',\n        engagement_level='medium',\n        geographic_focus='Global',\n        key_message='Advanced topics in quantum mechanics for professionals.'\n    )\n]\n```",
    "goal": {
      "name": null,
      "target_audience": "Young Adults",
      "medium": "social media",
      "tone": "informal",
      "goal": "engagement",
      "language": "English",
      "budget": "$15000",
      "timeline": "3 months",
      "engagement_level": "high",
      "geographic_focus": "National",
      "key_message": "Quantum physics made fun and accessible."
    },
    "database": [
      {
        "name": "Radio Awareness Segment",
        "target_audience": "Local Community",
        "medium": "radio",
        "tone": "informal",
        "goal": "awareness",
        "language": "English",
        "budget": "$2000",
        "timeline": "2 weeks",
        "engagement_level": "medium",
        "geographic_focus": "Local Area",
        "key_message": "The importance of science in everyday life."
      },
      {
        "name": "Print Advocacy Brochure",
        "target_audience": "Parents",
        "medium": "print",
        "tone": "persuasive",
        "goal": "advocacy",
        "language": "English",
        "budget": "$3000",
        "timeline": "2 months",
        "engagement_level": "low",
        "geographic_focus": "Local Community",
        "key_message": "Support STEM education for children."
      },
      {
        "name": "Social Media Engagement Challenge",
        "target_audience": "Students",
        "medium": "social media",
        "tone": "entertaining",
        "goal": "engagement",
        "language": "English",
        "budget": "$1500",
        "timeline": "1 month",
        "engagement_level": "high",
        "geographic_focus": "National",
        "key_message": "Join the science challenge and win prizes!"
      },
      {
        "name": "Online Webinar Series",
        "target_audience": "Professionals",
        "medium": "online article",
        "tone": "formal",
        "goal": "education",
        "language": "English",
        "budget": "$3000",
        "timeline": "3 months",
        "engagement_level": "medium",
        "geographic_focus": "Global",
        "key_message": "Advanced topics in quantum mechanics for professionals."
      },
      {
        "name": "Television Educational Series",
        "target_audience": "General Public",
        "medium": "television",
        "tone": "educational",
        "goal": "education",
        "language": "English",
        "budget": "$25000",
        "timeline": "6 months",
        "engagement_level": "medium",
        "geographic_focus": "National",
        "key_message": "Understanding the basics of quantum physics."
      },
      {
        "name": "Television Documentary",
        "target_audience": "Families",
        "medium": "television",
        "tone": "educational",
        "goal": "education",
        "language": "English",
        "budget": "$25000",
        "timeline": "8 months",
        "engagement_level": "medium",
        "geographic_focus": "National",
        "key_message": "Understanding the universe through science."
      },
      {
        "name": "Social Media Awareness Campaign",
        "target_audience": "Young Adults",
        "medium": "social media",
        "tone": "informal",
        "goal": "awareness",
        "language": "English",
        "budget": "$5000",
        "timeline": "3 months",
        "engagement_level": "high",
        "geographic_focus": "Urban Areas",
        "key_message": "Stay informed about climate change."
      },
      {
        "name": "Online Article Series",
        "target_audience": "Academics",
        "medium": "online article",
        "tone": "formal",
        "goal": "education",
        "language": "English",
        "budget": "$1000",
        "timeline": "1 month",
        "engagement_level": "medium",
        "geographic_focus": "Global",
        "key_message": "Latest research in quantum mechanics."
      },
      {
        "name": "Print Newsletter for Schools",
        "target_audience": "Teachers",
        "medium": "print",
        "tone": "formal",
        "goal": "education",
        "language": "English",
        "budget": "$1000",
        "timeline": "1 month",
        "engagement_level": "low",
        "geographic_focus": "Local Schools",
        "key_message": "Resources for teaching science effectively."
      },
      {
        "name": "Online Webinar Series",
        "target_audience": "Students",
        "medium": "online article",
        "tone": "educational",
        "goal": "education",
        "language": "English",
        "budget": "$10000",
        "timeline": "4 months",
        "engagement_level": "medium",
        "geographic_focus": "International",
        "key_message": "Exploring the wonders of quantum physics."
      },
      {
        "name": "Television Educational Series",
        "target_audience": "General Public",
        "medium": "television",
        "tone": "educational",
        "goal": "education",
        "language": "English",
        "budget": "$20000",
        "timeline": "6 months",
        "engagement_level": "medium",
        "geographic_focus": "National",
        "key_message": "Understanding the basics of quantum physics."
      },
      {
        "name": "Social Media Campaign",
        "target_audience": "Young Adults",
        "medium": "social media",
        "tone": "informal",
        "goal": "engagement",
        "language": "English",
        "budget": "$15000",
        "timeline": "3 months",
        "engagement_level": "high",
        "geographic_focus": "National",
        "key_message": "Quantum physics made fun and accessible."
      },
      {
        "name": "Podcast on Science Topics",
        "target_audience": "Science Enthusiasts",
        "medium": "podcast",
        "tone": "entertaining",
        "goal": "engagement",
        "language": "English",
        "budget": "$4000",
        "timeline": "4 months",
        "engagement_level": "high",
        "geographic_focus": "Global",
        "key_message": "Exploring the wonders of the universe."
      }
    ],
    "status": "complete"
  },
  {
    "domain": "Educational Content",
    "turns": [
      [
        "I appreciate it! Now, I\u2019m looking for a podcast about Quantum Physics; any recommendations?",
        {
          "name": null,
          "format": "podcast",
          "level": null,
          "subject": "Quantum Physics",
          "language": null,
          "duration": null,
          "author": null,
          "release_year": null,
          "accessibility_features": null
        },
        "Sure! Are you looking for a specific level, like beginner or advanced?"
      ],
      [
        "I'm looking for something at an intermediate level.",
        {
          "name": null,
          "format": "podcast",
          "level": "intermediate",
          "subject": "Quantum Physics",
          "language": null,
          "duration": null,
          "author": null,
          "release_year": null,
          "accessibility_features": null
        },
        "I recommend \"The World of Quantum Physics.\" It's an intermediate podcast. Does that work for you?"
      ],
      [
        "Yes, that sounds perfect! What year was it released?",
        {
          "name": "The World of Quantum Physics",
          "format": "podcast",
          "level": "intermediate",
          "subject": "Quantum Physics",
          "language": null,
          "duration": null,
          "author": null,
          "release_year": null,
          "accessibility_features": null
        },
        "It was released in 2022. Would you like to confirm it as your choice?"
      ],
      [
        "Yes, let\u2019s confirm \"The World of Quantum Physics\" podcast!",
        {
          "name": "The World of Quantum Physics",
          "format": "podcast",
          "level": "intermediate",
          "subject": "Quantum Physics",
          "language": null,
          "duration": null,
          "author": null,
          "release_year": 2022,
          "accessibility_features": null
        },
        "Great choice! \"The World of Quantum Physics\" is confirmed. If you need anything else, just let me know!"
      ]
    ],
    "preferences_code": "```python\npreferences = EducationalContentCriteria(\n    name='The World of Quantum Physics',\n    format='podcast',\n    level='intermediate',\n    subject='Physics',\n    language='English',\n    duration=30,\n    author='Dr. Robert Brown',\n    release_year=2022,\n    accessibility_features='none',\n)\n```",
    "red_herrings_code": "```python\n# Global variable to store examples of Educational Content\neducational_content_examples = [\n    EducationalContent(\n        name='Understanding Quantum Mechanics',\n        format='podcast',\n        level='beginner',\n        subject='Physics',\n        language='English',\n        duration=28,\n        author='Dr. Alice Smith',\n        release_year=2021,\n        accessibility_features='transcripts',\n    ),\n    EducationalContent(\n        name='Quantum Physics Basics',\n        format='video',\n        level='beginner',\n        subject='Physics',\n        language='English',\n        duration=35,\n        author='Dr. Emily Johnson',\n        release_year=2023,\n        accessibility_features='subtitles',\n    ),\n    EducationalContent(\n        name='The World of Quantum Physics',\n        format='podcast',\n        level='intermediate',\n        subject='Physics',\n        language='English',\n        duration=30,\n        author='Dr. Robert Brown',\n        release_year=2022,\n        accessibility_features='none',\n    )\n]\n```",
    "database_code": "```python\n# Global variable representing a list of Educational Content examples\neducational_contents = [\n    EducationalContent(\n        name=\"Introduction to Quantum Mechanics\",\n        format='video',\n        level='beginner',\n        subject=\"Physics\",\n        language=\"English\",\n        duration=30,\n        author=\"Dr. Jane Smith\",\n        release_year=2020,\n        accessibility_features='subtitles'\n    ),\n    EducationalContent(\n        name=\"Quantum Computing Explained\",\n        format='article',\n        level='intermediate',\n        subject=\"Computer Science\",\n        language=\"English\",\n        duration=15,\n        author=\"Dr. John Doe\",\n        release_year=2021,\n        accessibility_features='transcripts'\n    ),\n    EducationalContent(\n        name=\"The Quantum World: A Podcast\",\n        format='podcast',\n        level='beginner',\n        subject=\"Physics\",\n        language=\"English\",\n        duration=45,\n        author=\"Dr. Emily White\",\n        release_year=2019,\n        accessibility_features='none'\n    ),\n    EducationalContent(\n        name=\"Interactive Quantum Physics\",\n        format='interactive',\n        level='advanced',\n        subject=\"Physics\",\n        language=\"English\",\n        duration=60,\n        author=\"Dr. Alan Turing\",\n        release_year=2022,\n        accessibility_features='subtitles'\n    ),\n    EducationalContent(\n        name=\"Understanding Quantum Entanglement\",\n        format='video',\n        level='intermediate',\n        subject=\"Physics\",\n        language=\"Spanish\",\n        duration=25,\n        author=\"Dr. Maria Garcia\",\n        release_year=2021,\n        accessibility_features='transcripts'\n    ),\n    EducationalContent(\n        name=\"Basics of Quantum Mechanics\",\n        format='article',\n        level='beginner',\n        subject=\"Physics\",\n        language=\"French\",\n        duration=20,\n        author=\"Dr. Pierre Dupont\",\n        release_year=2020,\n        accessibility_features='none'\n    ),\n    EducationalContent(\n        name=\"Quantum Theory: An Overview\",\n        format='video',\n        level='advanced',\n        subject=\"Physics\",\n        language=\"English\",\n        duration=50,\n        author=\"Dr. Lisa Ray\",\n        release_year=2023,\n        accessibility_features='subtitles'\n    ),\n    EducationalContent(\n        name=\"Quantum Physics and You\",\n        format='podcast',\n        level='beginner',\n        subject=\"Physics\",\n        language=\"English\",\n        duration=30,\n        author=\"Dr. Robert Brown\",\n        release_year=2022,\n        accessibility_features='transcripts'\n    ),\n    EducationalContent(\n        name=\"Exploring Quantum Mechanics\",\n        format='interactive',\n        level='intermediate',\n        subject=\"Physics\",\n        language=\"English\",\n        duration=40,\n        author=\"Dr. Sarah Green\",\n        release_year=2021,\n        accessibility_features='none'\n    ),\n    EducationalContent(\n        name=\"Advanced Topics in Quantum Mechanics\",\n        format='article',\n        level='advanced',\n        subject=\"Physics\",\n        language=\"German\",\n        duration=35,\n        author=\"Dr. Hans M\u00fcller\",\n        release_year=2023,\n        accessibility_features='subtitles'\n    )\n]\n```",
    "goal": {
      "name": "The World of Quantum Physics",
      "format": "podcast",
      "level": "intermediate",
      "subject": "Physics",
      "language": "English",
      "duration": 30,
      "author": "Dr. Robert Brown",
      "release_year": 2022,
      "accessibility_features": "none"
    },
    "database": [
      {
        "name": "The Quantum World: A Podcast",
        "format": "podcast",
        "level": "beginner",
        "subject": "Physics",
        "language": "English",
        "duration": 45,
        "author": "Dr. Emily White",
        "release_year": 2019,
        "accessibility_features": "none"
      },
      {
        "name": "Basics of Quantum Mechanics",
        "format": "article",
        "level": "beginner",
        "subject": "Physics",
        "language": "French",
        "duration": 20,
        "author": "Dr. Pierre Dupont",
        "release_year": 2020,
        "accessibility_features": "none"
      },
      {
        "name": "Quantum Theory: An Overview",
        "format": "video",
        "level": "advanced",
        "subject": "Physics",
        "language": "English",
        "duration": 50,
        "author": "Dr. Lisa Ray",
        "release_year": 2023,
        "accessibility_features": "subtitles"
      },
      {
        "name": "Quantum Computing Explained",
        "format": "article",
        "level": "intermediate",
        "subject": "Computer Science",
        "language": "English",
        "duration": 15,
        "author": "Dr. John Doe",
        "release_year": 2021,
        "accessibility_features": "transcripts"
      },
      {
        "name": "Understanding Quantum Mechanics",
        "format": "podcast",
        "level": "beginner",
        "subject": "Physics",
        "language": "English",
        "duration": 28,
        "author": "Dr. Alice Smith",
        "release_year": 2021,
        "accessibility_features": "transcripts"
      },
      {
        "name": "Quantum Physics and You",
        "format": "podcast",
        "level": "beginner",
        "subject": "Physics",
        "language": "English",
        "duration": 30,
        "author": "Dr. Robert Brown",
        "release_year": 2022,
        "accessibility_features": "transcripts"
      },
      {
        "name": "Quantum Physics Basics",
        "format": "video",
        "level": "beginner",
        "subject": "Physics",
        "language": "English",
        "duration": 35,
        "author": "Dr. Emily Johnson",
        "release_year": 2023,
        "accessibility_features": "subtitles"
      },
      {
        "name": "Understanding Quantum Entanglement",
        "format": "video",
        "level": "intermediate",
        "subject": "Physics",
        "language": "Spanish",
        "duration": 25,
        "author": "Dr. Maria Garcia",
        "release_year": 2021,
        "accessibility_features": "transcripts"
      },
      {
        "name": "Interactive Quantum Physics",
        "format": "interactive",
        "level": "advanced",
        "subject": "Physics",
        "language": "English",
        "duration": 60,
        "author": "Dr. Alan Turing",
        "release_year": 2022,
        "accessibility_features": "subtitles"
      },
      {
        "name": "Advanced Topics in Quantum Mechanics",
        "format": "article",
        "level": "advanced",
        "subject": "Physics",
        "language": "German",
        "duration": 35,
        "author": "Dr. Hans M\u00fcller",
        "release_year": 2023,
        "accessibility_features": "subtitles"
      },
      {
        "name": "Introduction to Quantum Mechanics",
        "format": "video",
        "level": "beginner",
        "subject": "Physics",
        "language": "English",
        "duration": 30,
        "author": "Dr. Jane Smith",
        "release_year": 2020,
        "accessibility_features": "subtitles"
      },
      {
        "name": "Exploring Quantum Mechanics",
        "format": "interactive",
        "level": "intermediate",
        "subject": "Physics",
        "language": "English",
        "duration": 40,
        "author": "Dr. Sarah Green",
        "release_year": 2021,
        "accessibility_features": "none"
      },
      {
        "name": "The World of Quantum Physics",
        "format": "podcast",
        "level": "intermediate",
        "subject": "Physics",
        "language": "English",
        "duration": 30,
        "author": "Dr. Robert Brown",
        "release_year": 2022,
        "accessibility_features": "none"
      }
    ],
    "status": "complete"
  }
]