[
  {
    "domain": "Training Workshops",
    "turns": [
      [
        "Hey, I'm looking for a two-day offline workshop on leadership with a minimum feedback rating of 4.0. Any suggestions?",
        {
          "name": null,
          "duration": "2 days",
          "format": "offline",
          "target_audience": null,
          "skill_level": null,
          "topic": "leadership",
          "cost": null,
          "location": null,
          "language": null,
          "certification": null,
          "feedback_rating": 4.0
        },
        "You might like the \"Advanced Leadership Training\" or \"Leadership Skills Training.\" Would you like more details on either?"
      ],
      [
        "Sure, can you tell me about the feedback ratings for those workshops?",
        {
          "name": null,
          "duration": "2 days",
          "format": "offline",
          "target_audience": null,
          "skill_level": null,
          "topic": "leadership",
          "cost": null,
          "location": null,
          "language": null,
          "certification": null,
          "feedback_rating": 4.0
        },
        "The \"Advanced Leadership Training\" has a rating of 4.2, and the \"Leadership Skills Training\" has a rating of 4.3. Which one interests you more?"
      ],
      [
        "I think the \"Leadership Skills Training\" sounds great! What\u2019s the cost for that one?",
        {
          "name": "Leadership Skills Training",
          "duration": "2 days",
          "format": "offline",
          "target_audience": null,
          "skill_level": null,
          "topic": "leadership",
          "cost": null,
          "location": null,
          "language": null,
          "certification": null,
          "feedback_rating": 4.0
        },
        "The \"Leadership Skills Training\" costs $400. Would you like to go ahead with that?"
      ],
      [
        "Yes, that works for me! Let's proceed with the \"Leadership Skills Training.\"",
        {
          "name": "Leadership Skills Training",
          "duration": "2 days",
          "format": "offline",
          "target_audience": null,
          "skill_level": null,
          "topic": "leadership",
          "cost": "$400",
          "location": null,
          "language": null,
          "certification": null,
          "feedback_rating": 4.0
        },
        "Great choice! You're all set for the \"Leadership Skills Training.\""
      ]
    ],
    "preferences_code": "```python\npreferences = TrainingWorkshopCriteria(\n    name='Advanced Leadership Training',\n    duration='2 days',\n    format='offline',\n    target_audience='team leaders',\n    skill_level='advanced',\n    topic='Leadership',\n    cost='$600',\n    location='Chicago',\n    language='English',\n    certification=True,\n    feedback_rating=4.0\n)\n```",
    "red_herrings_code": "```python\n# Global variable containing a list of similar Training Workshop examples\nsimilar_training_workshops = [\n    TrainingWorkshop(\n        name='Leadership Essentials',\n        duration='1 day',\n        format='offline',\n        target_audience='team leaders',\n        skill_level='intermediate',\n        topic='Leadership',\n        cost='$350',\n        location='Chicago',\n        language='English',\n        certification=False,\n        feedback_rating=4.5,\n    ),\n    TrainingWorkshop(\n        name='Advanced Leadership Training',\n        duration='2 days',\n        format='offline',\n        target_audience='team leaders',\n        skill_level='advanced',\n        topic='Leadership',\n        cost='$600',\n        location='Chicago',\n        language='English',\n        certification=True,\n        feedback_rating=4.2,\n    ),\n    TrainingWorkshop(\n        name='Effective Team Leadership',\n        duration='1 day',\n        format='online',\n        target_audience='team leaders',\n        skill_level='intermediate',\n        topic='Leadership',\n        cost='$450',\n        location='Remote',\n        language='English',\n        certification=False,\n        feedback_rating=4.4,\n    ),\n]\n```",
    "database_code": "```python\n# Global variable to hold examples of Training Workshops\ntraining_workshops = [\n    TrainingWorkshop(\n        name=\"Intro to Python\",\n        duration=\"3 days\",\n        format=\"online\",\n        target_audience=\"beginners\",\n        skill_level=\"beginner\",\n        topic=\"Programming\",\n        cost=\"$300\",\n        location=None,\n        language=\"English\",\n        certification=True,\n        feedback_rating=4.5\n    ),\n    TrainingWorkshop(\n        name=\"Advanced Data Science\",\n        duration=\"5 days\",\n        format=\"offline\",\n        target_audience=\"data analysts\",\n        skill_level=\"advanced\",\n        topic=\"Data Science\",\n        cost=\"$1200\",\n        location=\"New York\",\n        language=\"English\",\n        certification=True,\n        feedback_rating=4.8\n    ),\n    TrainingWorkshop(\n        name=\"Project Management Essentials\",\n        duration=\"2 days\",\n        format=\"hybrid\",\n        target_audience=\"managers\",\n        skill_level=\"intermediate\",\n        topic=\"Project Management\",\n        cost=\"$500\",\n        location=\"Los Angeles\",\n        language=\"English\",\n        certification=False,\n        feedback_rating=4.2\n    ),\n    TrainingWorkshop(\n        name=\"Web Development Bootcamp\",\n        duration=\"4 weeks\",\n        format=\"online\",\n        target_audience=\"beginners\",\n        skill_level=\"beginner\",\n        topic=\"Web Development\",\n        cost=\"$1500\",\n        location=None,\n        language=\"English\",\n        certification=True,\n        feedback_rating=4.7\n    ),\n    TrainingWorkshop(\n        name=\"Leadership Skills Training\",\n        duration=\"1 day\",\n        format=\"offline\",\n        target_audience=\"team leaders\",\n        skill_level=\"intermediate\",\n        topic=\"Leadership\",\n        cost=\"$400\",\n        location=\"Chicago\",\n        language=\"English\",\n        certification=False,\n        feedback_rating=4.3\n    ),\n    TrainingWorkshop(\n        name=\"Data Analysis with R\",\n        duration=\"3 days\",\n        format=\"online\",\n        target_audience=\"analysts\",\n        skill_level=\"intermediate\",\n        topic=\"Data Analysis\",\n        cost=\"$600\",\n        location=None,\n        language=\"English\",\n        certification=True,\n        feedback_rating=4.6\n    ),\n    TrainingWorkshop(\n        name=\"Cybersecurity Fundamentals\",\n        duration=\"2 days\",\n        format=\"offline\",\n        target_audience=\"IT professionals\",\n        skill_level=\"beginner\",\n        topic=\"Cybersecurity\",\n        cost=\"$700\",\n        location=\"San Francisco\",\n        language=\"English\",\n        certification=False,\n        feedback_rating=4.1\n    ),\n    TrainingWorkshop(\n        name=\"Digital Marketing Strategies\",\n        duration=\"3 days\",\n        format=\"hybrid\",\n        target_audience=\"marketers\",\n        skill_level=\"intermediate\",\n        topic=\"Marketing\",\n        cost=\"$800\",\n        location=\"Miami\",\n        language=\"English\",\n        certification=True,\n        feedback_rating=4.4\n    ),\n    TrainingWorkshop(\n        name=\"Introduction to Machine Learning\",\n        duration=\"5 days\",\n        format=\"online\",\n        target_audience=\"beginners\",\n        skill_level=\"beginner\",\n        topic=\"Machine Learning\",\n        cost=\"$900\",\n        location=None,\n        language=\"English\",\n        certification=True,\n        feedback_rating=4.9\n    ),\n    TrainingWorkshop(\n        name=\"Effective Communication Skills\",\n        duration=\"1 day\",\n        format=\"offline\",\n        target_audience=\"all employees\",\n        skill_level=\"beginner\",\n        topic=\"Communication\",\n        cost=\"$250\",\n        location=\"Seattle\",\n        language=\"English\",\n        certification=False,\n        feedback_rating=4.0\n    )\n]\n```",
    "goal": {
      "name": null,
      "duration": "2 days",
      "format": "offline",
      "target_audience": null,
      "skill_level": null,
      "topic": "Leadership",
      "cost": "$600",
      "location": null,
      "language": "English",
      "certification": null,
      "feedback_rating": 4.0
    },
    "database": [
      {
        "name": "Project Management Essentials",
        "duration": "2 days",
        "format": "hybrid",
        "target_audience": "managers",
        "skill_level": "intermediate",
        "topic": "Project Management",
        "cost": "$500",
        "location": "Los Angeles",
        "language": "English",
        "certification": false,
        "feedback_rating": 4.2
      },
      {
        "name": "Advanced Leadership Training",
        "duration": "2 days",
        "format": "offline",
        "target_audience": "team leaders",
        "skill_level": "advanced",
        "topic": "Leadership",
        "cost": "$600",
        "location": "Chicago",
        "language": "English",
        "certification": true,
        "feedback_rating": 4.2
      },
      {
        "name": "Data Analysis with R",
        "duration": "3 days",
        "format": "online",
        "target_audience": "analysts",
        "skill_level": "intermediate",
        "topic": "Data Analysis",
        "cost": "$600",
        "location": null,
        "language": "English",
        "certification": true,
        "feedback_rating": 4.6
      },
      {
        "name": "Advanced Data Science",
        "duration": "5 days",
        "format": "offline",
        "target_audience": "data analysts",
        "skill_level": "advanced",
        "topic": "Data Science",
        "cost": "$1200",
        "location": "New York",
        "language": "English",
        "certification": true,
        "feedback_rating": 4.8
      },
      {
        "name": "Leadership Skills Training",
        "duration": "1 day",
        "format": "offline",
        "target_audience": "team leaders",
        "skill_level": "intermediate",
        "topic": "Leadership",
        "cost": "$400",
        "location": "Chicago",
        "language": "English",
        "certification": false,
        "feedback_rating": 4.3
      },
      {
        "name": "Web Development Bootcamp",
        "duration": "4 weeks",
        "format": "online",
        "target_audience": "beginners",
        "skill_level": "beginner",
        "topic": "Web Development",
        "cost": "$1500",
        "location": null,
        "language": "English",
        "certification": true,
        "feedback_rating": 4.7
      },
      {
        "name": "Effective Communication Skills",
        "duration": "1 day",
        "format": "offline",
        "target_audience": "all employees",
        "skill_level": "beginner",
        "topic": "Communication",
        "cost": "$250",
        "location": "Seattle",
        "language": "English",
        "certification": false,
        "feedback_rating": 4.0
      },
      {
        "name": "Effective Team Leadership",
        "duration": "1 day",
        "format": "online",
        "target_audience": "team leaders",
        "skill_level": "intermediate",
        "topic": "Leadership",
        "cost": "$450",
        "location": "Remote",
        "language": "English",
        "certification": false,
        "feedback_rating": 4.4
      },
      {
        "name": "Cybersecurity Fundamentals",
        "duration": "2 days",
        "format": "offline",
        "target_audience": "IT professionals",
        "skill_level": "beginner",
        "topic": "Cybersecurity",
        "cost": "$700",
        "location": "San Francisco",
        "language": "English",
        "certification": false,
        "feedback_rating": 4.1
      },
      {
        "name": "Digital Marketing Strategies",
        "duration": "3 days",
        "format": "hybrid",
        "target_audience": "marketers",
        "skill_level": "intermediate",
        "topic": "Marketing",
        "cost": "$800",
        "location": "Miami",
        "language": "English",
        "certification": true,
        "feedback_rating": 4.4
      },
      {
        "name": "Introduction to Machine Learning",
        "duration": "5 days",
        "format": "online",
        "target_audience": "beginners",
        "skill_level": "beginner",
        "topic": "Machine Learning",
        "cost": "$900",
        "location": null,
        "language": "English",
        "certification": true,
        "feedback_rating": 4.9
      },
      {
        "name": "Intro to Python",
        "duration": "3 days",
        "format": "online",
        "target_audience": "beginners",
        "skill_level": "beginner",
        "topic": "Programming",
        "cost": "$300",
        "location": null,
        "language": "English",
        "certification": true,
        "feedback_rating": 4.5
      },
      {
        "name": "Leadership Essentials",
        "duration": "1 day",
        "format": "offline",
        "target_audience": "team leaders",
        "skill_level": "intermediate",
        "topic": "Leadership",
        "cost": "$350",
        "location": "Chicago",
        "language": "English",
        "certification": false,
        "feedback_rating": 4.5
      }
    ],
    "status": "complete"
  },
  {
    "domain": "Skill Development Programs",
    "turns": [
      [
        "Thanks! Now, can you help me find an online leadership program that lasts around 20 hours?",
        {
          "name": "Leadership Skills Training",
          "duration": 20,
          "focus_area": "Leadership",
          "delivery_method": "Online",
          "level": null,
          "certification": null,
          "cost": 400,
          "language": null
        },
        "You might consider the \"Effective Leadership Skills,\" which lasts 20 hours. Would you like more information on that?"
      ]
    ],
    "preferences_code": "```python\npreferences = SkillDevelopmentProgramCriteria(\n    name='Effective Leadership Skills',\n    duration=20,\n    focus_area='Leadership',\n    delivery_method='Online',\n    level='Intermediate',\n    certification=True,\n    cost=500.0,  # Setting a budget slightly higher than the target program's cost\n    language='English'\n)\n```",
    "red_herrings_code": "```python\n# Global variable representing a list of similar Skill Development Programs\nsimilar_skill_development_programs = [\n    SkillDevelopmentProgram(\n        name='Leadership Excellence Workshop',\n        duration=16,\n        focus_area='Leadership',\n        delivery_method='Hybrid',\n        level='Advanced',\n        certification=True,\n        cost=550.0,\n        language='English',\n    ),\n    SkillDevelopmentProgram(\n        name='Strategic Leadership Training',\n        duration=12,\n        focus_area='Leadership',\n        delivery_method='In-Person',\n        level='Advanced',\n        certification=False,\n        cost=450.0,\n        language='English',\n    ),\n    SkillDevelopmentProgram(\n        name='Effective Leadership Skills',\n        duration=20,\n        focus_area='Leadership',\n        delivery_method='Online',\n        level='Intermediate',\n        certification=True,\n        cost=480.0,\n        language='English',\n    ),\n]\n```",
    "database_code": "```python\n# Global variable representing a list of Skill Development Programs examples\nskill_development_programs = [\n    SkillDevelopmentProgram(\n        name=\"Advanced Leadership Training\",\n        duration=16,\n        focus_area='Leadership',\n        delivery_method='In-Person',\n        level='Advanced',\n        certification=True,\n        cost=500.0,\n        language='English'\n    ),\n    SkillDevelopmentProgram(\n        name=\"Effective Communication Skills\",\n        duration=8,\n        focus_area='Communication',\n        delivery_method='Online',\n        level='Beginner',\n        certification=False,\n        cost=200.0,\n        language='English'\n    ),\n    SkillDevelopmentProgram(\n        name=\"Technical Skills Bootcamp\",\n        duration=40,\n        focus_area='Technical',\n        delivery_method='Hybrid',\n        level='Intermediate',\n        certification=True,\n        cost=750.0,\n        language='English'\n    ),\n    SkillDevelopmentProgram(\n        name=\"Creative Problem Solving\",\n        duration=12,\n        focus_area='Creative',\n        delivery_method='In-Person',\n        level='Intermediate',\n        certification=False,\n        cost=300.0,\n        language='English'\n    ),\n    SkillDevelopmentProgram(\n        name=\"Management Essentials\",\n        duration=24,\n        focus_area='Management',\n        delivery_method='Online',\n        level='Beginner',\n        certification=True,\n        cost=400.0,\n        language='English'\n    ),\n    SkillDevelopmentProgram(\n        name=\"Leadership in Crisis\",\n        duration=10,\n        focus_area='Leadership',\n        delivery_method='In-Person',\n        level='Advanced',\n        certification=False,\n        cost=350.0,\n        language='English'\n    ),\n    SkillDevelopmentProgram(\n        name=\"Negotiation Skills Workshop\",\n        duration=6,\n        focus_area='Communication',\n        delivery_method='Hybrid',\n        level='Intermediate',\n        certification=True,\n        cost=250.0,\n        language='English'\n    ),\n    SkillDevelopmentProgram(\n        name=\"Digital Marketing Strategies\",\n        duration=20,\n        focus_area='Technical',\n        delivery_method='Online',\n        level='Beginner',\n        certification=True,\n        cost=500.0,\n        language='English'\n    ),\n    SkillDevelopmentProgram(\n        name=\"Project Management Fundamentals\",\n        duration=30,\n        focus_area='Management',\n        delivery_method='In-Person',\n        level='Intermediate',\n        certification=True,\n        cost=600.0,\n        language='English'\n    ),\n    SkillDevelopmentProgram(\n        name=\"Innovation and Creativity\",\n        duration=15,\n        focus_area='Creative',\n        delivery_method='Hybrid',\n        level='Advanced',\n        certification=False,\n        cost=450.0,\n        language='English'\n    )\n]\n```",
    "goal": {
      "name": null,
      "duration": 20,
      "focus_area": "Leadership",
      "delivery_method": "Online",
      "level": "Intermediate",
      "certification": true,
      "cost": 500.0,
      "language": "English"
    },
    "database": [
      {
        "name": "Advanced Leadership Training",
        "duration": 16,
        "focus_area": "Leadership",
        "delivery_method": "In-Person",
        "level": "Advanced",
        "certification": true,
        "cost": 500.0,
        "language": "English"
      },
      {
        "name": "Technical Skills Bootcamp",
        "duration": 40,
        "focus_area": "Technical",
        "delivery_method": "Hybrid",
        "level": "Intermediate",
        "certification": true,
        "cost": 750.0,
        "language": "English"
      },
      {
        "name": "Effective Communication Skills",
        "duration": 8,
        "focus_area": "Communication",
        "delivery_method": "Online",
        "level": "Beginner",
        "certification": false,
        "cost": 200.0,
        "language": "English"
      },
      {
        "name": "Leadership in Crisis",
        "duration": 10,
        "focus_area": "Leadership",
        "delivery_method": "In-Person",
        "level": "Advanced",
        "certification": false,
        "cost": 350.0,
        "language": "English"
      },
      {
        "name": "Project Management Fundamentals",
        "duration": 30,
        "focus_area": "Management",
        "delivery_method": "In-Person",
        "level": "Intermediate",
        "certification": true,
        "cost": 600.0,
        "language": "English"
      },
      {
        "name": "Strategic Leadership Training",
        "duration": 12,
        "focus_area": "Leadership",
        "delivery_method": "In-Person",
        "level": "Advanced",
        "certification": false,
        "cost": 450.0,
        "language": "English"
      },
      {
        "name": "Innovation and Creativity",
        "duration": 15,
        "focus_area": "Creative",
        "delivery_method": "Hybrid",
        "level": "Advanced",
        "certification": false,
        "cost": 450.0,
        "language": "English"
      },
      {
        "name": "Creative Problem Solving",
        "duration": 12,
        "focus_area": "Creative",
        "delivery_method": "In-Person",
        "level": "Intermediate",
        "certification": false,
        "cost": 300.0,
        "language": "English"
      },
      {
        "name": "Effective Leadership Skills",
        "duration": 20,
        "focus_area": "Leadership",
        "delivery_method": "Online",
        "level": "Intermediate",
        "certification": true,
        "cost": 480.0,
        "language": "English"
      },
      {
        "name": "Management Essentials",
        "duration": 24,
        "focus_area": "Management",
        "delivery_method": "Online",
        "level": "Beginner",
        "certification": true,
        "cost": 400.0,
        "language": "English"
      },
      {
        "name": "Digital Marketing Strategies",
        "duration": 20,
        "focus_area": "Technical",
        "delivery_method": "Online",
        "level": "Beginner",
        "certification": true,
        "cost": 500.0,
        "language": "English"
      },
      {
        "name": "Leadership Excellence Workshop",
        "duration": 16,
        "focus_area": "Leadership",
        "delivery_method": "Hybrid",
        "level": "Advanced",
        "certification": true,
        "cost": 550.0,
        "language": "English"
      },
      {
        "name": "Negotiation Skills Workshop",
        "duration": 6,
        "focus_area": "Communication",
        "delivery_method": "Hybrid",
        "level": "Intermediate",
        "certification": true,
        "cost": 250.0,
        "language": "English"
      }
    ],
    "status": "complete"
  },
  {
    "domain": "Employee Feedback Systems",
    "turns": [
      [
        "That sounds interesting! But I also need help finding an online Employee Feedback System. Any recommendations?",
        {
          "name": null,
          "frequency": null,
          "method": "online",
          "focus": null,
          "anonymity": null,
          "integration_with_other_systems": null,
          "customization_options": null
        },
        "Sure! What specific features are you looking for in an Employee Feedback System?"
      ],
      [
        "I'm looking for one that collects feedback annually, focuses on satisfaction, and allows for anonymity.",
        {
          "name": null,
          "frequency": "annually",
          "method": null,
          "focus": "satisfaction",
          "anonymity": true,
          "integration_with_other_systems": null,
          "customization_options": null
        },
        "The \"Annual Satisfaction Survey\" fits your criteria perfectly. Would you like to go with that?"
      ],
      [
        "Does it integrate with other HR systems and offer customization options?",
        {
          "name": "Annual Satisfaction Survey",
          "frequency": "annually",
          "method": null,
          "focus": "satisfaction",
          "anonymity": true,
          "integration_with_other_systems": null,
          "customization_options": null
        },
        "It integrates with other HR systems but does not offer customization options. Does that work for you?"
      ],
      [
        "I would prefer a system that offers customization options as well. Any other suggestions?",
        {
          "name": "Annual Satisfaction Survey",
          "frequency": "annually",
          "method": "online",
          "focus": "satisfaction",
          "anonymity": true,
          "integration_with_other_systems": true,
          "customization_options": null
        },
        "You might like the \"Annual Satisfaction Survey\" as it allows anonymity and integrates but lacks customization. Would you consider the \"Development Feedback System\" instead?"
      ],
      [
        "Does the \"Development Feedback System\" allow for anonymity and integration with other systems?",
        {
          "name": "Development Feedback System",
          "frequency": "annually",
          "method": "online",
          "focus": "satisfaction",
          "anonymity": true,
          "integration_with_other_systems": true,
          "customization_options": null
        },
        "Yes, the \"Development Feedback System\" allows for anonymity and integrates with other systems. Would you like to choose that one?"
      ],
      [
        "Yes, let's go with the \"Development Feedback System\"!",
        {
          "name": "Development Feedback System",
          "frequency": "annually",
          "method": "online",
          "focus": "satisfaction",
          "anonymity": true,
          "integration_with_other_systems": true,
          "customization_options": null
        },
        "Awesome choice! You're all set with the \"Development Feedback System.\""
      ]
    ],
    "preferences_code": "```python\npreferences = EmployeeFeedbackSystemCriteria(\n    name='Annual Satisfaction Survey',\n    frequency='annually',\n    method='online',\n    focus='satisfaction',\n    anonymity=True,\n    integration_with_other_systems=True,\n    customization_options=True,\n)\n```",
    "red_herrings_code": "```python\n# Global variable containing a list of similar Employee Feedback Systems\nsimilar_employee_feedback_systems = [\n    EmployeeFeedbackSystem(\n        name='Biannual Review System',\n        frequency='quarterly',\n        method='in-person',\n        focus='performance',\n        anonymity=True,\n        integration_with_other_systems=True,\n        customization_options=False,\n    ),\n    EmployeeFeedbackSystem(\n        name='Annual Satisfaction Survey',\n        frequency='annually',\n        method='online',\n        focus='satisfaction',\n        anonymity=True,\n        integration_with_other_systems=True,\n        customization_options=True,\n    ),\n    EmployeeFeedbackSystem(\n        name='Performance Feedback System',\n        frequency='annually',\n        method='hybrid',\n        focus='performance',\n        anonymity=False,\n        integration_with_other_systems=True,\n        customization_options=False,\n    ),\n]\n```",
    "database_code": "```python\nemployee_feedback_systems = [\n    EmployeeFeedbackSystem(\n        name=\"Annual Review System\",\n        frequency='annually',\n        method='in-person',\n        focus='performance',\n        anonymity=True,\n        integration_with_other_systems=True,\n        customization_options=False\n    ),\n    EmployeeFeedbackSystem(\n        name=\"Monthly Pulse Survey\",\n        frequency='monthly',\n        method='online',\n        focus='engagement',\n        anonymity=True,\n        integration_with_other_systems=False,\n        customization_options=True\n    ),\n    EmployeeFeedbackSystem(\n        name=\"Quarterly Satisfaction Survey\",\n        frequency='quarterly',\n        method='hybrid',\n        focus='satisfaction',\n        anonymity=False,\n        integration_with_other_systems=True,\n        customization_options=True\n    ),\n    EmployeeFeedbackSystem(\n        name=\"Weekly Feedback Loop\",\n        frequency='weekly',\n        method='online',\n        focus='development',\n        anonymity=True,\n        integration_with_other_systems=False,\n        customization_options=False\n    ),\n    EmployeeFeedbackSystem(\n        name=\"Performance Review System\",\n        frequency='annually',\n        method='in-person',\n        focus='performance',\n        anonymity=False,\n        integration_with_other_systems=True,\n        customization_options=True\n    ),\n    EmployeeFeedbackSystem(\n        name=\"Engagement Check-In\",\n        frequency='monthly',\n        method='online',\n        focus='engagement',\n        anonymity=True,\n        integration_with_other_systems=False,\n        customization_options=False\n    ),\n    EmployeeFeedbackSystem(\n        name=\"Development Feedback System\",\n        frequency='quarterly',\n        method='hybrid',\n        focus='development',\n        anonymity=True,\n        integration_with_other_systems=True,\n        customization_options=True\n    ),\n    EmployeeFeedbackSystem(\n        name=\"Satisfaction Survey\",\n        frequency='annually',\n        method='online',\n        focus='satisfaction',\n        anonymity=False,\n        integration_with_other_systems=False,\n        customization_options=True\n    ),\n    EmployeeFeedbackSystem(\n        name=\"360-Degree Feedback\",\n        frequency='quarterly',\n        method='in-person',\n        focus='performance',\n        anonymity=True,\n        integration_with_other_systems=True,\n        customization_options=False\n    ),\n    EmployeeFeedbackSystem(\n        name=\"Team Engagement Survey\",\n        frequency='monthly',\n        method='hybrid',\n        focus='engagement',\n        anonymity=True,\n        integration_with_other_systems=False,\n        customization_options=True\n    )\n]\n```",
    "goal": {
      "name": null,
      "frequency": "annually",
      "method": "online",
      "focus": "satisfaction",
      "anonymity": true,
      "integration_with_other_systems": true,
      "customization_options": true
    },
    "database": [
      {
        "name": "Annual Review System",
        "frequency": "annually",
        "method": "in-person",
        "focus": "performance",
        "anonymity": true,
        "integration_with_other_systems": true,
        "customization_options": false
      },
      {
        "name": "Development Feedback System",
        "frequency": "quarterly",
        "method": "hybrid",
        "focus": "development",
        "anonymity": true,
        "integration_with_other_systems": true,
        "customization_options": true
      },
      {
        "name": "Quarterly Satisfaction Survey",
        "frequency": "quarterly",
        "method": "hybrid",
        "focus": "satisfaction",
        "anonymity": false,
        "integration_with_other_systems": true,
        "customization_options": true
      },
      {
        "name": "Weekly Feedback Loop",
        "frequency": "weekly",
        "method": "online",
        "focus": "development",
        "anonymity": true,
        "integration_with_other_systems": false,
        "customization_options": false
      },
      {
        "name": "Satisfaction Survey",
        "frequency": "annually",
        "method": "online",
        "focus": "satisfaction",
        "anonymity": false,
        "integration_with_other_systems": false,
        "customization_options": true
      },
      {
        "name": "Engagement Check-In",
        "frequency": "monthly",
        "method": "online",
        "focus": "engagement",
        "anonymity": true,
        "integration_with_other_systems": false,
        "customization_options": false
      },
      {
        "name": "Performance Feedback System",
        "frequency": "annually",
        "method": "hybrid",
        "focus": "performance",
        "anonymity": false,
        "integration_with_other_systems": true,
        "customization_options": false
      },
      {
        "name": "360-Degree Feedback",
        "frequency": "quarterly",
        "method": "in-person",
        "focus": "performance",
        "anonymity": true,
        "integration_with_other_systems": true,
        "customization_options": false
      },
      {
        "name": "Team Engagement Survey",
        "frequency": "monthly",
        "method": "hybrid",
        "focus": "engagement",
        "anonymity": true,
        "integration_with_other_systems": false,
        "customization_options": true
      },
      {
        "name": "Monthly Pulse Survey",
        "frequency": "monthly",
        "method": "online",
        "focus": "engagement",
        "anonymity": true,
        "integration_with_other_systems": false,
        "customization_options": true
      },
      {
        "name": "Performance Review System",
        "frequency": "annually",
        "method": "in-person",
        "focus": "performance",
        "anonymity": false,
        "integration_with_other_systems": true,
        "customization_options": true
      },
      {
        "name": "Annual Satisfaction Survey",
        "frequency": "annually",
        "method": "online",
        "focus": "satisfaction",
        "anonymity": true,
        "integration_with_other_systems": true,
        "customization_options": true
      },
      {
        "name": "Biannual Review System",
        "frequency": "quarterly",
        "method": "in-person",
        "focus": "performance",
        "anonymity": true,
        "integration_with_other_systems": true,
        "customization_options": false
      }
    ],
    "status": "complete"
  }
]