[
  {
    "domain": "Sustainable Materials",
    "turns": [
      [
        "Hey, I'm looking for a recycled plastic material with medium durability; how does that sound?",
        {
          "name": null,
          "material_type": "Plastic",
          "source": "Recycled",
          "durability": "Medium",
          "cost": null,
          "carbon_footprint": null,
          "energy_efficiency": null,
          "toxicity": null,
          "thermal_performance": null,
          "fire_resistance": null,
          "water_resistance": null,
          "acoustic_performance": null
        },
        "I have two options for recycled plastic with medium durability; do you have a budget in mind?"
      ],
      [
        "Yes, I'm aiming for around $28.0.",
        {
          "name": null,
          "material_type": "Plastic",
          "source": "Recycled",
          "durability": "Medium",
          "cost": 28.0,
          "carbon_footprint": null,
          "energy_efficiency": null,
          "toxicity": null,
          "thermal_performance": null,
          "fire_resistance": null,
          "water_resistance": null,
          "acoustic_performance": null
        },
        "Great! I have a recycled plastic option for $28.0; it's medium durability, with low toxicity and excellent water resistance. Would you like to go with that?"
      ],
      [
        "That sounds good, but how's the energy efficiency on that option?",
        {
          "name": null,
          "material_type": "Plastic",
          "source": "Recycled",
          "durability": "Medium",
          "cost": 28.0,
          "carbon_footprint": null,
          "energy_efficiency": null,
          "toxicity": "Low",
          "thermal_performance": null,
          "fire_resistance": null,
          "water_resistance": "Excellent",
          "acoustic_performance": null
        },
        "The energy efficiency for that recycled plastic option is rated as medium. Does that work for you?"
      ],
      [
        "Yes, that works! What about its fire resistance?",
        {
          "name": null,
          "material_type": "Plastic",
          "source": "Recycled",
          "durability": "Medium",
          "cost": 28.0,
          "carbon_footprint": null,
          "energy_efficiency": "Medium",
          "toxicity": "Low",
          "thermal_performance": null,
          "fire_resistance": null,
          "water_resistance": "Excellent",
          "acoustic_performance": null
        },
        "The fire resistance of that recycled plastic is rated as good. Are you happy with that?"
      ],
      [
        "Absolutely! Let's finalize that option then.",
        {
          "name": null,
          "material_type": "Plastic",
          "source": "Recycled",
          "durability": "Medium",
          "cost": 28.0,
          "carbon_footprint": null,
          "energy_efficiency": "Medium",
          "toxicity": "Low",
          "thermal_performance": null,
          "fire_resistance": "Good",
          "water_resistance": "Excellent",
          "acoustic_performance": null
        },
        "Perfect! You\u2019ve chosen the recycled plastic material with medium durability, low toxicity, medium energy efficiency, and good fire resistance. Thanks!"
      ]
    ],
    "preferences_code": "```python\npreferences = SustainableMaterialCriteria(\n    name='Recycled Plastic',\n    material_type='Plastic',\n    source='Recycled',\n    durability='Medium',\n    cost=28.0,\n    carbon_footprint=2.0,\n    energy_efficiency='Medium',\n    toxicity='Low',\n    thermal_performance='Average',\n    fire_resistance='Good',\n    water_resistance='Excellent',\n    acoustic_performance='Average',\n)\n```",
    "red_herrings_code": "```python\n# Global variable representing a list of similar SustainableMaterial examples\nsimilar_sustainable_materials = [\n    SustainableMaterial(\n        name='Bamboo',\n        material_type='Composite',\n        source='Renewable',\n        durability='High',\n        cost=25.0,\n        carbon_footprint=0.5,\n        energy_efficiency='High',\n        toxicity='Non-Toxic',\n        thermal_performance='Good',\n        fire_resistance='Average',\n        water_resistance='Good',\n        acoustic_performance='Good',\n    ),\n    SustainableMaterial(\n        name='Recycled Plastic',\n        material_type='Plastic',\n        source='Recycled',\n        durability='Medium',\n        cost=28.0,\n        carbon_footprint=2.0,\n        energy_efficiency='Medium',\n        toxicity='Low',\n        thermal_performance='Average',\n        fire_resistance='Good',\n        water_resistance='Excellent',\n        acoustic_performance='Average',\n    ),\n    SustainableMaterial(\n        name='Hempcrete',\n        material_type='Composite',\n        source='Renewable',\n        durability='Low',\n        cost=35.0,\n        carbon_footprint=0.8,\n        energy_efficiency='High',\n        toxicity='Non-Toxic',\n        thermal_performance='Excellent',\n        fire_resistance='Good',\n        water_resistance='Average',\n        acoustic_performance='Excellent',\n    )\n]\n```",
    "database_code": "```python\n# Global variable containing a list of SustainableMaterial examples\nsustainable_materials = [\n    SustainableMaterial(\n        name=\"Bamboo\",\n        material_type=\"Wood\",\n        source=\"Renewable\",\n        durability=\"High\",\n        cost=25.0,\n        carbon_footprint=2.0,\n        energy_efficiency=\"High\",\n        toxicity=\"Non-Toxic\",\n        thermal_performance=\"Good\",\n        fire_resistance=\"Average\",\n        water_resistance=\"Good\",\n        acoustic_performance=\"Good\"\n    ),\n    SustainableMaterial(\n        name=\"Recycled Steel\",\n        material_type=\"Metal\",\n        source=\"Recycled\",\n        durability=\"High\",\n        cost=50.0,\n        carbon_footprint=1.5,\n        energy_efficiency=\"Medium\",\n        toxicity=\"Non-Toxic\",\n        thermal_performance=\"Average\",\n        fire_resistance=\"Excellent\",\n        water_resistance=\"Poor\",\n        acoustic_performance=\"Average\"\n    ),\n    SustainableMaterial(\n        name=\"Cork\",\n        material_type=\"Composite\",\n        source=\"Renewable\",\n        durability=\"Medium\",\n        cost=30.0,\n        carbon_footprint=1.0,\n        energy_efficiency=\"High\",\n        toxicity=\"Non-Toxic\",\n        thermal_performance=\"Excellent\",\n        fire_resistance=\"Good\",\n        water_resistance=\"Good\",\n        acoustic_performance=\"Excellent\"\n    ),\n    SustainableMaterial(\n        name=\"Recycled Plastic\",\n        material_type=\"Plastic\",\n        source=\"Recycled\",\n        durability=\"Medium\",\n        cost=20.0,\n        carbon_footprint=3.0,\n        energy_efficiency=\"Medium\",\n        toxicity=\"Low\",\n        thermal_performance=\"Average\",\n        fire_resistance=\"Poor\",\n        water_resistance=\"Excellent\",\n        acoustic_performance=\"Good\"\n    ),\n    SustainableMaterial(\n        name=\"Hempcrete\",\n        material_type=\"Composite\",\n        source=\"Renewable\",\n        durability=\"Low\",\n        cost=40.0,\n        carbon_footprint=0.5,\n        energy_efficiency=\"High\",\n        toxicity=\"Non-Toxic\",\n        thermal_performance=\"Excellent\",\n        fire_resistance=\"Good\",\n        water_resistance=\"Average\",\n        acoustic_performance=\"Good\"\n    ),\n    SustainableMaterial(\n        name=\"Bamboo Plywood\",\n        material_type=\"Wood\",\n        source=\"Renewable\",\n        durability=\"High\",\n        cost=35.0,\n        carbon_footprint=2.5,\n        energy_efficiency=\"High\",\n        toxicity=\"Non-Toxic\",\n        thermal_performance=\"Good\",\n        fire_resistance=\"Average\",\n        water_resistance=\"Good\",\n        acoustic_performance=\"Good\"\n    ),\n    SustainableMaterial(\n        name=\"Reclaimed Wood\",\n        material_type=\"Wood\",\n        source=\"Locally Sourced\",\n        durability=\"High\",\n        cost=45.0,\n        carbon_footprint=1.0,\n        energy_efficiency=\"Medium\",\n        toxicity=\"Non-Toxic\",\n        thermal_performance=\"Good\",\n        fire_resistance=\"Average\",\n        water_resistance=\"Good\",\n        acoustic_performance=\"Average\"\n    ),\n    SustainableMaterial(\n        name=\"Aluminum (Recycled)\",\n        material_type=\"Metal\",\n        source=\"Recycled\",\n        durability=\"High\",\n        cost=55.0,\n        carbon_footprint=2.0,\n        energy_efficiency=\"High\",\n        toxicity=\"Non-Toxic\",\n        thermal_performance=\"Average\",\n        fire_resistance=\"Excellent\",\n        water_resistance=\"Poor\",\n        acoustic_performance=\"Average\"\n    ),\n    SustainableMaterial(\n        name=\"Natural Fiber Insulation\",\n        material_type=\"Composite\",\n        source=\"Renewable\",\n        durability=\"Medium\",\n        cost=25.0,\n        carbon_footprint=0.8,\n        energy_efficiency=\"High\",\n        toxicity=\"Non-Toxic\",\n        thermal_performance=\"Excellent\",\n        fire_resistance=\"Good\",\n        water_resistance=\"Average\",\n        acoustic_performance=\"Excellent\"\n    ),\n    SustainableMaterial(\n        name=\"Glass (Recycled)\",\n        material_type=\"Other\",\n        source=\"Recycled\",\n        durability=\"High\",\n        cost=60.0,\n        carbon_footprint=1.2,\n        energy_efficiency=\"Medium\",\n        toxicity=\"Non-Toxic\",\n        thermal_performance=\"Good\",\n        fire_resistance=\"Excellent\",\n        water_resistance=\"Good\",\n        acoustic_performance=\"Poor\"\n    )\n]\n```",
    "goal": {
      "name": null,
      "material_type": "Plastic",
      "source": "Recycled",
      "durability": "Medium",
      "cost": 28.0,
      "carbon_footprint": 2.0,
      "energy_efficiency": "Medium",
      "toxicity": "Low",
      "thermal_performance": "Average",
      "fire_resistance": "Good",
      "water_resistance": "Excellent",
      "acoustic_performance": "Average"
    },
    "database": [
      {
        "name": "Hempcrete",
        "material_type": "Composite",
        "source": "Renewable",
        "durability": "Low",
        "cost": 40.0,
        "carbon_footprint": 0.5,
        "energy_efficiency": "High",
        "toxicity": "Non-Toxic",
        "thermal_performance": "Excellent",
        "fire_resistance": "Good",
        "water_resistance": "Average",
        "acoustic_performance": "Good"
      },
      {
        "name": "Hempcrete",
        "material_type": "Composite",
        "source": "Renewable",
        "durability": "Low",
        "cost": 35.0,
        "carbon_footprint": 0.8,
        "energy_efficiency": "High",
        "toxicity": "Non-Toxic",
        "thermal_performance": "Excellent",
        "fire_resistance": "Good",
        "water_resistance": "Average",
        "acoustic_performance": "Excellent"
      },
      {
        "name": "Glass (Recycled)",
        "material_type": "Other",
        "source": "Recycled",
        "durability": "High",
        "cost": 60.0,
        "carbon_footprint": 1.2,
        "energy_efficiency": "Medium",
        "toxicity": "Non-Toxic",
        "thermal_performance": "Good",
        "fire_resistance": "Excellent",
        "water_resistance": "Good",
        "acoustic_performance": "Poor"
      },
      {
        "name": "Aluminum (Recycled)",
        "material_type": "Metal",
        "source": "Recycled",
        "durability": "High",
        "cost": 55.0,
        "carbon_footprint": 2.0,
        "energy_efficiency": "High",
        "toxicity": "Non-Toxic",
        "thermal_performance": "Average",
        "fire_resistance": "Excellent",
        "water_resistance": "Poor",
        "acoustic_performance": "Average"
      },
      {
        "name": "Bamboo",
        "material_type": "Wood",
        "source": "Renewable",
        "durability": "High",
        "cost": 25.0,
        "carbon_footprint": 2.0,
        "energy_efficiency": "High",
        "toxicity": "Non-Toxic",
        "thermal_performance": "Good",
        "fire_resistance": "Average",
        "water_resistance": "Good",
        "acoustic_performance": "Good"
      },
      {
        "name": "Reclaimed Wood",
        "material_type": "Wood",
        "source": "Locally Sourced",
        "durability": "High",
        "cost": 45.0,
        "carbon_footprint": 1.0,
        "energy_efficiency": "Medium",
        "toxicity": "Non-Toxic",
        "thermal_performance": "Good",
        "fire_resistance": "Average",
        "water_resistance": "Good",
        "acoustic_performance": "Average"
      },
      {
        "name": "Natural Fiber Insulation",
        "material_type": "Composite",
        "source": "Renewable",
        "durability": "Medium",
        "cost": 25.0,
        "carbon_footprint": 0.8,
        "energy_efficiency": "High",
        "toxicity": "Non-Toxic",
        "thermal_performance": "Excellent",
        "fire_resistance": "Good",
        "water_resistance": "Average",
        "acoustic_performance": "Excellent"
      },
      {
        "name": "Recycled Plastic",
        "material_type": "Plastic",
        "source": "Recycled",
        "durability": "Medium",
        "cost": 28.0,
        "carbon_footprint": 2.0,
        "energy_efficiency": "Medium",
        "toxicity": "Low",
        "thermal_performance": "Average",
        "fire_resistance": "Good",
        "water_resistance": "Excellent",
        "acoustic_performance": "Average"
      },
      {
        "name": "Recycled Steel",
        "material_type": "Metal",
        "source": "Recycled",
        "durability": "High",
        "cost": 50.0,
        "carbon_footprint": 1.5,
        "energy_efficiency": "Medium",
        "toxicity": "Non-Toxic",
        "thermal_performance": "Average",
        "fire_resistance": "Excellent",
        "water_resistance": "Poor",
        "acoustic_performance": "Average"
      },
      {
        "name": "Cork",
        "material_type": "Composite",
        "source": "Renewable",
        "durability": "Medium",
        "cost": 30.0,
        "carbon_footprint": 1.0,
        "energy_efficiency": "High",
        "toxicity": "Non-Toxic",
        "thermal_performance": "Excellent",
        "fire_resistance": "Good",
        "water_resistance": "Good",
        "acoustic_performance": "Excellent"
      },
      {
        "name": "Recycled Plastic",
        "material_type": "Plastic",
        "source": "Recycled",
        "durability": "Medium",
        "cost": 20.0,
        "carbon_footprint": 3.0,
        "energy_efficiency": "Medium",
        "toxicity": "Low",
        "thermal_performance": "Average",
        "fire_resistance": "Poor",
        "water_resistance": "Excellent",
        "acoustic_performance": "Good"
      },
      {
        "name": "Bamboo",
        "material_type": "Composite",
        "source": "Renewable",
        "durability": "High",
        "cost": 25.0,
        "carbon_footprint": 0.5,
        "energy_efficiency": "High",
        "toxicity": "Non-Toxic",
        "thermal_performance": "Good",
        "fire_resistance": "Average",
        "water_resistance": "Good",
        "acoustic_performance": "Good"
      },
      {
        "name": "Bamboo Plywood",
        "material_type": "Wood",
        "source": "Renewable",
        "durability": "High",
        "cost": 35.0,
        "carbon_footprint": 2.5,
        "energy_efficiency": "High",
        "toxicity": "Non-Toxic",
        "thermal_performance": "Good",
        "fire_resistance": "Average",
        "water_resistance": "Good",
        "acoustic_performance": "Good"
      }
    ],
    "status": "complete"
  },
  {
    "domain": "Energy-Efficient Systems",
    "turns": [
      [
        "Now, I need your help with finding a solar panel system; do you have any recommendations?",
        {
          "name": null,
          "system_type": "Solar Panel",
          "efficiency_rating": null,
          "installation_cost": null,
          "operational_cost": null,
          "warranty_period": null,
          "eco_certification": null,
          "noise_level": null,
          "size_limit": null
        },
        "Sure! What efficiency rating are you looking for in a solar panel system?"
      ],
      [
        "I'm looking for at least a 20% efficiency rating.",
        {
          "name": null,
          "system_type": "Solar Panel",
          "efficiency_rating": 20.0,
          "installation_cost": null,
          "operational_cost": null,
          "warranty_period": null,
          "eco_certification": null,
          "noise_level": null,
          "size_limit": null
        },
        "Got it! We have several solar panels with at least 20% efficiency; do you have a budget for the installation cost?"
      ],
      [
        "Yes, I'm looking to keep the installation cost around $15,000.",
        {
          "name": null,
          "system_type": "Solar Panel",
          "efficiency_rating": 20.0,
          "installation_cost": 15000.0,
          "operational_cost": null,
          "warranty_period": null,
          "eco_certification": null,
          "noise_level": null,
          "size_limit": null
        },
        "Great! I recommend the EcoSolar Panel at $14,000 or the SolarMax Panel at $15,000; which one sounds better?"
      ],
      [
        "I'll go with the EcoSolar Panel at $14,000. What's the warranty period on that?",
        {
          "name": "EcoSolar Panel",
          "system_type": "Solar Panel",
          "efficiency_rating": 20.0,
          "installation_cost": 14000.0,
          "operational_cost": null,
          "warranty_period": null,
          "eco_certification": null,
          "noise_level": null,
          "size_limit": null
        },
        "The EcoSolar Panel has a warranty period of 20 years. Does that work for you?"
      ]
    ],
    "preferences_code": "```python\npreferences = EnergyEfficientSystemCriteria(\n    name='EcoSolar Panel Plus',\n    system_type='Solar Panel',\n    efficiency_rating=20.0,\n    installation_cost=15000.0,\n    operational_cost=350.0,\n    warranty_period=15,\n    eco_certification='Energy Star',\n    noise_level=5.0,\n    size_limit=60.0,\n)\n```",
    "red_herrings_code": "```python\n# Global variable containing a list of Energy-Efficient Systems examples\nenergy_efficient_systems = [\n    EnergyEfficientSystem(\n        name='EcoSolar Panel Plus',\n        system_type='Solar Panel',\n        efficiency_rating=21.5,\n        installation_cost=14500.0,\n        operational_cost=300.0,\n        warranty_period=20,\n        eco_certification='Energy Star',\n        noise_level=0.0,\n        size_limit=55.0,\n    ),\n    EnergyEfficientSystem(\n        name='EcoSolar Panel Lite',\n        system_type='Solar Panel',\n        efficiency_rating=22.0,\n        installation_cost=13000.0,\n        operational_cost=360.0,\n        warranty_period=15,\n        eco_certification='None',\n        noise_level=0.0,\n        size_limit=50.0,\n    ),\n    EnergyEfficientSystem(\n        name='EcoSolar Ultra',\n        system_type='Solar Panel',\n        efficiency_rating=23.0,\n        installation_cost=15000.0,\n        operational_cost=340.0,\n        warranty_period=25,\n        eco_certification='LEED',\n        noise_level=0.0,\n        size_limit=60.0,\n    )\n]\n```",
    "database_code": "```python\n# Global variable to hold a list of EnergyEfficientSystem examples\nenergy_efficient_systems = [\n    EnergyEfficientSystem(\n        name=\"EcoCool HVAC\",\n        system_type=\"HVAC\",\n        efficiency_rating=15.0,\n        installation_cost=5000.0,\n        operational_cost=1200.0,\n        warranty_period=5,\n        eco_certification=\"Energy Star\",\n        noise_level=45.0,\n        size_limit=100.0\n    ),\n    EnergyEfficientSystem(\n        name=\"SolarMax Panel\",\n        system_type=\"Solar Panel\",\n        efficiency_rating=20.0,\n        installation_cost=15000.0,\n        operational_cost=300.0,\n        warranty_period=25,\n        eco_certification=\"LEED\",\n        noise_level=0.0,\n        size_limit=50.0\n    ),\n    EnergyEfficientSystem(\n        name=\"WindGen Turbine\",\n        system_type=\"Wind Turbine\",\n        efficiency_rating=30.0,\n        installation_cost=25000.0,\n        operational_cost=500.0,\n        warranty_period=20,\n        eco_certification=\"None\",\n        noise_level=60.0,\n        size_limit=200.0\n    ),\n    EnergyEfficientSystem(\n        name=\"GeoHeat Pump\",\n        system_type=\"Geothermal Heat Pump\",\n        efficiency_rating=25.0,\n        installation_cost=20000.0,\n        operational_cost=800.0,\n        warranty_period=10,\n        eco_certification=\"Energy Star\",\n        noise_level=50.0,\n        size_limit=75.0\n    ),\n    EnergyEfficientSystem(\n        name=\"SmartCool HVAC\",\n        system_type=\"HVAC\",\n        efficiency_rating=18.0,\n        installation_cost=6000.0,\n        operational_cost=1100.0,\n        warranty_period=7,\n        eco_certification=\"LEED\",\n        noise_level=40.0,\n        size_limit=90.0\n    ),\n    EnergyEfficientSystem(\n        name=\"EcoSolar Panel\",\n        system_type=\"Solar Panel\",\n        efficiency_rating=22.0,\n        installation_cost=14000.0,\n        operational_cost=350.0,\n        warranty_period=20,\n        eco_certification=\"Energy Star\",\n        noise_level=0.0,\n        size_limit=55.0\n    ),\n    EnergyEfficientSystem(\n        name=\"WindPower Turbine\",\n        system_type=\"Wind Turbine\",\n        efficiency_rating=28.0,\n        installation_cost=27000.0,\n        operational_cost=450.0,\n        warranty_period=15,\n        eco_certification=\"None\",\n        noise_level=65.0,\n        size_limit=210.0\n    ),\n    EnergyEfficientSystem(\n        name=\"GreenGeo Heat Pump\",\n        system_type=\"Geothermal Heat Pump\",\n        efficiency_rating=27.0,\n        installation_cost=22000.0,\n        operational_cost=750.0,\n        warranty_period=12,\n        eco_certification=\"LEED\",\n        noise_level=55.0,\n        size_limit=80.0\n    ),\n    EnergyEfficientSystem(\n        name=\"UltraEco HVAC\",\n        system_type=\"HVAC\",\n        efficiency_rating=16.5,\n        installation_cost=5200.0,\n        operational_cost=1150.0,\n        warranty_period=6,\n        eco_certification=\"Energy Star\",\n        noise_level=42.0,\n        size_limit=95.0\n    ),\n    EnergyEfficientSystem(\n        name=\"SolarInnovate Panel\",\n        system_type=\"Solar Panel\",\n        efficiency_rating=21.0,\n        installation_cost=16000.0,\n        operational_cost=320.0,\n        warranty_period=25,\n        eco_certification=\"LEED\",\n        noise_level=0.0,\n        size_limit=52.0\n    )\n]\n```",
    "goal": {
      "name": null,
      "system_type": "Solar Panel",
      "efficiency_rating": 20.0,
      "installation_cost": 15000.0,
      "operational_cost": 350.0,
      "warranty_period": 15,
      "eco_certification": "Energy Star",
      "noise_level": 5.0,
      "size_limit": 60.0
    },
    "database": [
      {
        "name": "SmartCool HVAC",
        "system_type": "HVAC",
        "efficiency_rating": 18.0,
        "installation_cost": 6000.0,
        "operational_cost": 1100.0,
        "warranty_period": 7,
        "eco_certification": "LEED",
        "noise_level": 40.0,
        "size_limit": 90.0
      },
      {
        "name": "GeoHeat Pump",
        "system_type": "Geothermal Heat Pump",
        "efficiency_rating": 25.0,
        "installation_cost": 20000.0,
        "operational_cost": 800.0,
        "warranty_period": 10,
        "eco_certification": "Energy Star",
        "noise_level": 50.0,
        "size_limit": 75.0
      },
      {
        "name": "SolarInnovate Panel",
        "system_type": "Solar Panel",
        "efficiency_rating": 21.0,
        "installation_cost": 16000.0,
        "operational_cost": 320.0,
        "warranty_period": 25,
        "eco_certification": "LEED",
        "noise_level": 0.0,
        "size_limit": 52.0
      },
      {
        "name": "EcoSolar Panel",
        "system_type": "Solar Panel",
        "efficiency_rating": 22.0,
        "installation_cost": 14000.0,
        "operational_cost": 350.0,
        "warranty_period": 20,
        "eco_certification": "Energy Star",
        "noise_level": 0.0,
        "size_limit": 55.0
      },
      {
        "name": "UltraEco HVAC",
        "system_type": "HVAC",
        "efficiency_rating": 16.5,
        "installation_cost": 5200.0,
        "operational_cost": 1150.0,
        "warranty_period": 6,
        "eco_certification": "Energy Star",
        "noise_level": 42.0,
        "size_limit": 95.0
      },
      {
        "name": "EcoSolar Panel Plus",
        "system_type": "Solar Panel",
        "efficiency_rating": 21.5,
        "installation_cost": 14500.0,
        "operational_cost": 300.0,
        "warranty_period": 20,
        "eco_certification": "Energy Star",
        "noise_level": 0.0,
        "size_limit": 55.0
      },
      {
        "name": "GreenGeo Heat Pump",
        "system_type": "Geothermal Heat Pump",
        "efficiency_rating": 27.0,
        "installation_cost": 22000.0,
        "operational_cost": 750.0,
        "warranty_period": 12,
        "eco_certification": "LEED",
        "noise_level": 55.0,
        "size_limit": 80.0
      },
      {
        "name": "EcoCool HVAC",
        "system_type": "HVAC",
        "efficiency_rating": 15.0,
        "installation_cost": 5000.0,
        "operational_cost": 1200.0,
        "warranty_period": 5,
        "eco_certification": "Energy Star",
        "noise_level": 45.0,
        "size_limit": 100.0
      },
      {
        "name": "WindPower Turbine",
        "system_type": "Wind Turbine",
        "efficiency_rating": 28.0,
        "installation_cost": 27000.0,
        "operational_cost": 450.0,
        "warranty_period": 15,
        "eco_certification": "None",
        "noise_level": 65.0,
        "size_limit": 210.0
      },
      {
        "name": "WindGen Turbine",
        "system_type": "Wind Turbine",
        "efficiency_rating": 30.0,
        "installation_cost": 25000.0,
        "operational_cost": 500.0,
        "warranty_period": 20,
        "eco_certification": "None",
        "noise_level": 60.0,
        "size_limit": 200.0
      },
      {
        "name": "EcoSolar Panel Lite",
        "system_type": "Solar Panel",
        "efficiency_rating": 22.0,
        "installation_cost": 13000.0,
        "operational_cost": 360.0,
        "warranty_period": 15,
        "eco_certification": "None",
        "noise_level": 0.0,
        "size_limit": 50.0
      },
      {
        "name": "SolarMax Panel",
        "system_type": "Solar Panel",
        "efficiency_rating": 20.0,
        "installation_cost": 15000.0,
        "operational_cost": 300.0,
        "warranty_period": 25,
        "eco_certification": "LEED",
        "noise_level": 0.0,
        "size_limit": 50.0
      },
      {
        "name": "EcoSolar Ultra",
        "system_type": "Solar Panel",
        "efficiency_rating": 23.0,
        "installation_cost": 15000.0,
        "operational_cost": 340.0,
        "warranty_period": 25,
        "eco_certification": "LEED",
        "noise_level": 0.0,
        "size_limit": 60.0
      }
    ],
    "status": "complete"
  },
  {
    "domain": "Safety Measures",
    "turns": [
      [
        "Yes, that works perfectly! Now, can you help me find a structural safety measure?",
        {
          "name": "Recycled Plastic Material",
          "measure_type": "Structural Safety",
          "compliance": null,
          "material": "Recycled Plastic",
          "cost": 28.0,
          "effectiveness_rating": "Medium",
          "installation_complexity": null,
          "maintenance_requirement": null
        },
        "Of course! What specific requirements do you have for the structural safety measure?"
      ],
      [
        "I'm looking for something that complies with the local building code and has a medium effectiveness rating.",
        {
          "name": null,
          "measure_type": "Structural Safety",
          "compliance": "Local building code",
          "material": null,
          "cost": null,
          "effectiveness_rating": "Medium",
          "installation_complexity": null,
          "maintenance_requirement": null
        },
        "I have a Seismic Bracing System that complies with the local building code and has a medium effectiveness rating; would you like to know the cost?"
      ],
      [
        "Yes, please share the cost of the Seismic Bracing System.",
        {
          "name": "Seismic Bracing System",
          "measure_type": "Structural Safety",
          "compliance": "Local building code",
          "material": null,
          "cost": null,
          "effectiveness_rating": "Medium",
          "installation_complexity": null,
          "maintenance_requirement": null
        },
        "The cost of the Seismic Bracing System is $5,000. Does that fit your budget?"
      ],
      [
        "Yes, that fits perfectly! What about its installation complexity?",
        {
          "name": "Seismic Bracing System",
          "measure_type": "Structural Safety",
          "compliance": "Local building code",
          "material": null,
          "cost": 5000.0,
          "effectiveness_rating": "Medium",
          "installation_complexity": null,
          "maintenance_requirement": null
        },
        "The installation complexity for the Seismic Bracing System is rated as complex. Does that work for you?"
      ],
      [
        "Yes, that works! What's the maintenance requirement for it?",
        {
          "name": "Seismic Bracing System",
          "measure_type": "Structural Safety",
          "compliance": "Local building code",
          "material": null,
          "cost": 5000.0,
          "effectiveness_rating": "Medium",
          "installation_complexity": "Complex",
          "maintenance_requirement": null
        },
        "The maintenance requirement for the Seismic Bracing System is medium. Are you okay with that?"
      ]
    ],
    "preferences_code": "```python\npreferences = SafetyMeasureCriteria(\n    name='Seismic Bracing System',\n    measure_type='Structural Safety',\n    compliance='Local Building Code',\n    material='Steel',\n    cost=5000.0,\n    effectiveness_rating='Medium',\n    installation_complexity='Complex',\n    maintenance_requirement='High',\n)\n```",
    "red_herrings_code": "```python\n# Global variable containing a list of example Safety Measures\nsafety_measures_examples = [\n    SafetyMeasure(\n        name='Seismic Bracing System',\n        measure_type='Structural Safety',\n        compliance='Local Building Code',\n        material='Aluminum',\n        cost=4800.0,\n        effectiveness_rating='High',\n        installation_complexity='Complex',\n        maintenance_requirement='Medium',\n    ),\n    SafetyMeasure(\n        name='Seismic Bracing System',\n        measure_type='Structural Safety',\n        compliance='National Building Code',\n        material='Steel',\n        cost=5200.0,\n        effectiveness_rating='High',\n        installation_complexity='Moderate',\n        maintenance_requirement='Medium',\n    ),\n    SafetyMeasure(\n        name='Seismic Bracing System',\n        measure_type='Structural Safety',\n        compliance='Local Building Code',\n        material='Steel',\n        cost=5000.0,\n        effectiveness_rating='Medium',\n        installation_complexity='Complex',\n        maintenance_requirement='High',\n    ),\n]\n```",
    "database_code": "```python\n# Global variable containing a list of Safety Measures examples\nsafety_measures_examples = [\n    SafetyMeasure(\n        name=\"Fire Retardant Coating\",\n        measure_type=\"Fire Safety\",\n        compliance=\"ISO 9001\",\n        material=\"Recycled Plastic\",\n        cost=1500.0,\n        effectiveness_rating=\"High\",\n        installation_complexity=\"Moderate\",\n        maintenance_requirement=\"Low\"\n    ),\n    SafetyMeasure(\n        name=\"Seismic Bracing System\",\n        measure_type=\"Structural Safety\",\n        compliance=\"Local Building Code\",\n        material=\"Steel\",\n        cost=5000.0,\n        effectiveness_rating=\"High\",\n        installation_complexity=\"Complex\",\n        maintenance_requirement=\"Medium\"\n    ),\n    SafetyMeasure(\n        name=\"Solar Panel System\",\n        measure_type=\"Environmental Safety\",\n        compliance=\"IEC 61215\",\n        material=\"Silicon\",\n        cost=14000.0,\n        effectiveness_rating=\"High\",\n        installation_complexity=\"Moderate\",\n        maintenance_requirement=\"Low\"\n    ),\n    SafetyMeasure(\n        name=\"Electrical Grounding System\",\n        measure_type=\"Electrical Safety\",\n        compliance=\"NEC\",\n        material=\"Copper\",\n        cost=800.0,\n        effectiveness_rating=\"Medium\",\n        installation_complexity=\"Easy\",\n        maintenance_requirement=\"Medium\"\n    ),\n    SafetyMeasure(\n        name=\"Rainwater Harvesting System\",\n        measure_type=\"Environmental Safety\",\n        compliance=\"Local Regulations\",\n        material=\"Polyethylene\",\n        cost=3000.0,\n        effectiveness_rating=\"Medium\",\n        installation_complexity=\"Moderate\",\n        maintenance_requirement=\"High\"\n    ),\n    SafetyMeasure(\n        name=\"Insulated Concrete Forms\",\n        measure_type=\"Structural Safety\",\n        compliance=\"ASTM\",\n        material=\"Recycled Materials\",\n        cost=12000.0,\n        effectiveness_rating=\"High\",\n        installation_complexity=\"Complex\",\n        maintenance_requirement=\"Low\"\n    ),\n    SafetyMeasure(\n        name=\"Energy-Efficient Lighting\",\n        measure_type=\"Electrical Safety\",\n        compliance=\"Energy Star\",\n        material=\"LED\",\n        cost=2000.0,\n        effectiveness_rating=\"High\",\n        installation_complexity=\"Easy\",\n        maintenance_requirement=\"Low\"\n    ),\n    SafetyMeasure(\n        name=\"Green Roof System\",\n        measure_type=\"Environmental Safety\",\n        compliance=\"Local Environmental Standards\",\n        material=\"Soil and Vegetation\",\n        cost=10000.0,\n        effectiveness_rating=\"High\",\n        installation_complexity=\"Complex\",\n        maintenance_requirement=\"High\"\n    ),\n    SafetyMeasure(\n        name=\"Non-Toxic Insulation\",\n        measure_type=\"Structural Safety\",\n        compliance=\"EPA Standards\",\n        material=\"Cellulose\",\n        cost=4000.0,\n        effectiveness_rating=\"Medium\",\n        installation_complexity=\"Moderate\",\n        maintenance_requirement=\"Medium\"\n    ),\n    SafetyMeasure(\n        name=\"Bioswale System\",\n        measure_type=\"Environmental Safety\",\n        compliance=\"Local Regulations\",\n        material=\"Natural Soil\",\n        cost=2500.0,\n        effectiveness_rating=\"Medium\",\n        installation_complexity=\"Moderate\",\n        maintenance_requirement=\"Medium\"\n    )\n]\n```",
    "goal": {
      "name": null,
      "measure_type": "Structural Safety",
      "compliance": "Local Building Code",
      "material": null,
      "cost": 5000.0,
      "effectiveness_rating": "Medium",
      "installation_complexity": "Complex",
      "maintenance_requirement": "High"
    },
    "database": [
      {
        "name": "Solar Panel System",
        "measure_type": "Environmental Safety",
        "compliance": "IEC 61215",
        "material": "Silicon",
        "cost": 14000.0,
        "effectiveness_rating": "High",
        "installation_complexity": "Moderate",
        "maintenance_requirement": "Low"
      },
      {
        "name": "Green Roof System",
        "measure_type": "Environmental Safety",
        "compliance": "Local Environmental Standards",
        "material": "Soil and Vegetation",
        "cost": 10000.0,
        "effectiveness_rating": "High",
        "installation_complexity": "Complex",
        "maintenance_requirement": "High"
      },
      {
        "name": "Seismic Bracing System",
        "measure_type": "Structural Safety",
        "compliance": "National Building Code",
        "material": "Steel",
        "cost": 5200.0,
        "effectiveness_rating": "High",
        "installation_complexity": "Moderate",
        "maintenance_requirement": "Medium"
      },
      {
        "name": "Seismic Bracing System",
        "measure_type": "Structural Safety",
        "compliance": "Local Building Code",
        "material": "Aluminum",
        "cost": 4800.0,
        "effectiveness_rating": "High",
        "installation_complexity": "Complex",
        "maintenance_requirement": "Medium"
      },
      {
        "name": "Seismic Bracing System",
        "measure_type": "Structural Safety",
        "compliance": "Local Building Code",
        "material": "Steel",
        "cost": 5000.0,
        "effectiveness_rating": "Medium",
        "installation_complexity": "Complex",
        "maintenance_requirement": "High"
      },
      {
        "name": "Rainwater Harvesting System",
        "measure_type": "Environmental Safety",
        "compliance": "Local Regulations",
        "material": "Polyethylene",
        "cost": 3000.0,
        "effectiveness_rating": "Medium",
        "installation_complexity": "Moderate",
        "maintenance_requirement": "High"
      },
      {
        "name": "Electrical Grounding System",
        "measure_type": "Electrical Safety",
        "compliance": "NEC",
        "material": "Copper",
        "cost": 800.0,
        "effectiveness_rating": "Medium",
        "installation_complexity": "Easy",
        "maintenance_requirement": "Medium"
      },
      {
        "name": "Non-Toxic Insulation",
        "measure_type": "Structural Safety",
        "compliance": "EPA Standards",
        "material": "Cellulose",
        "cost": 4000.0,
        "effectiveness_rating": "Medium",
        "installation_complexity": "Moderate",
        "maintenance_requirement": "Medium"
      },
      {
        "name": "Energy-Efficient Lighting",
        "measure_type": "Electrical Safety",
        "compliance": "Energy Star",
        "material": "LED",
        "cost": 2000.0,
        "effectiveness_rating": "High",
        "installation_complexity": "Easy",
        "maintenance_requirement": "Low"
      },
      {
        "name": "Insulated Concrete Forms",
        "measure_type": "Structural Safety",
        "compliance": "ASTM",
        "material": "Recycled Materials",
        "cost": 12000.0,
        "effectiveness_rating": "High",
        "installation_complexity": "Complex",
        "maintenance_requirement": "Low"
      },
      {
        "name": "Bioswale System",
        "measure_type": "Environmental Safety",
        "compliance": "Local Regulations",
        "material": "Natural Soil",
        "cost": 2500.0,
        "effectiveness_rating": "Medium",
        "installation_complexity": "Moderate",
        "maintenance_requirement": "Medium"
      },
      {
        "name": "Seismic Bracing System",
        "measure_type": "Structural Safety",
        "compliance": "Local Building Code",
        "material": "Steel",
        "cost": 5000.0,
        "effectiveness_rating": "High",
        "installation_complexity": "Complex",
        "maintenance_requirement": "Medium"
      },
      {
        "name": "Fire Retardant Coating",
        "measure_type": "Fire Safety",
        "compliance": "ISO 9001",
        "material": "Recycled Plastic",
        "cost": 1500.0,
        "effectiveness_rating": "High",
        "installation_complexity": "Moderate",
        "maintenance_requirement": "Low"
      }
    ],
    "status": "complete"
  }
]