[
  {
    "domain": "Performance Pieces",
    "turns": [
      [
        "Hey, I'm looking for a calm classical piece for piano, around three minutes long. Any suggestions?",
        {
          "name": null,
          "genre": "Classical",
          "length_minutes": 3,
          "difficulty": null,
          "composer": null,
          "composition_year": null,
          "key_signature": null,
          "instrumentation": null,
          "mood": "Calm",
          "tempo": null
        },
        "How about \"Nocturne in E-flat Major, Op. 9 No. 2\" by Chopin? It's calm and about four minutes long."
      ],
      [
        "That sounds lovely, but I need something closer to three minutes. Do you have any other options?",
        {
          "name": null,
          "genre": "Classical",
          "length_minutes": 3,
          "difficulty": null,
          "composer": null,
          "composition_year": null,
          "key_signature": null,
          "instrumentation": null,
          "mood": "Calm",
          "tempo": null
        },
        "You might like \"Prelude in C Major, BWV 846\" by Bach; it's calm and about three minutes long."
      ],
      [
        "Great choice! Is it suitable for intermediate players?",
        {
          "name": "Prelude in C Major, BWV 846",
          "genre": "Classical",
          "length_minutes": 3,
          "difficulty": "Intermediate",
          "composer": "Bach",
          "composition_year": null,
          "key_signature": null,
          "instrumentation": "Piano",
          "mood": "Calm",
          "tempo": null
        },
        "Yes, it's classified as intermediate level, so it should be a good fit for you!"
      ],
      [
        "Perfect! Let's go with Bach's \"Prelude in C Major.\" Thank you!",
        {
          "name": "Prelude in C Major, BWV 846",
          "genre": "Classical",
          "length_minutes": 3,
          "difficulty": "Intermediate",
          "composer": "Bach",
          "composition_year": null,
          "key_signature": null,
          "instrumentation": null,
          "mood": "Calm",
          "tempo": null
        },
        "You're welcome! Enjoy playing the piece!"
      ]
    ],
    "preferences_code": "```python\npreferences = PerformancePieceCriteria(\n    name='Prelude in C Major, BWV 846',\n    genre='Classical',\n    length_minutes=3,\n    difficulty='Intermediate',\n    composer='Johann Sebastian Bach',\n    composition_year=1722,\n    key_signature='C Major',\n    instrumentation='Piano',\n    mood='Calm',\n    tempo='Moderato',\n)\n```",
    "red_herrings_code": "```python\nperformance_pieces = [\n    PerformancePiece(\n        name='Arabesque No. 1',\n        genre='Classical',\n        length_minutes=4,\n        difficulty='Advanced',\n        composer='Claude Debussy',\n        composition_year=1890,\n        key_signature='E Major',\n        instrumentation='Piano',\n        mood='Calm',\n        tempo='Andante',\n    ),\n    PerformancePiece(\n        name='Nocturne in E-flat Major, Op. 9 No. 2',\n        genre='Classical',\n        length_minutes=4,\n        difficulty='Intermediate',\n        composer='Fr\u00e9d\u00e9ric Chopin',\n        composition_year=1832,\n        key_signature='E-flat Major',\n        instrumentation='Piano',\n        mood='Calm',\n        tempo='Lento',\n    ),\n    PerformancePiece(\n        name='Prelude in C Major, BWV 846',\n        genre='Classical',\n        length_minutes=3,\n        difficulty='Intermediate',\n        composer='Johann Sebastian Bach',\n        composition_year=1722,\n        key_signature='C Major',\n        instrumentation='Piano',\n        mood='Calm',\n        tempo='Moderato',\n    )\n]\n```",
    "database_code": "```python\nperformance_pieces = [\n    PerformancePiece(\n        name=\"Symphony No. 5\",\n        genre='Classical',\n        length_minutes=30,\n        difficulty='Advanced',\n        composer=\"Ludwig van Beethoven\",\n        composition_year=1808,\n        key_signature=\"C Minor\",\n        instrumentation=\"Full Orchestra\",\n        mood='Dramatic',\n        tempo='Allegro con brio'\n    ),\n    PerformancePiece(\n        name=\"Take Five\",\n        genre='Jazz',\n        length_minutes=5,\n        difficulty='Intermediate',\n        composer=\"Dave Brubeck\",\n        composition_year=1959,\n        key_signature=\"E Flat Major\",\n        instrumentation=\"Piano, Saxophone, Bass, Drums\",\n        mood='Energetic',\n        tempo='Moderato'\n    ),\n    PerformancePiece(\n        name=\"Bohemian Rhapsody\",\n        genre='Rock',\n        length_minutes=6,\n        difficulty='Professional',\n        composer=\"Freddie Mercury\",\n        composition_year=1975,\n        key_signature=\"B Flat Major\",\n        instrumentation=\"Vocals, Piano, Guitar, Bass, Drums\",\n        mood='Dramatic',\n        tempo='Andante'\n    ),\n    PerformancePiece(\n        name=\"Shape of You\",\n        genre='Pop',\n        length_minutes=4,\n        difficulty='Beginner',\n        composer=\"Ed Sheeran\",\n        composition_year=2017,\n        key_signature=\"C# Minor\",\n        instrumentation=\"Vocals, Guitar, Percussion\",\n        mood='Happy',\n        tempo='Moderato'\n    ),\n    PerformancePiece(\n        name=\"Scarborough Fair\",\n        genre='Folk',\n        length_minutes=3,\n        difficulty='Intermediate',\n        composer=\"Traditional\",\n        composition_year=None,\n        key_signature=\"A Minor\",\n        instrumentation=\"Vocals, Guitar\",\n        mood='Calm',\n        tempo='Adagio'\n    ),\n    PerformancePiece(\n        name=\"The Thrill is Gone\",\n        genre='Blues',\n        length_minutes=4,\n        difficulty='Intermediate',\n        composer=\"B.B. King\",\n        composition_year=1969,\n        key_signature=\"B Minor\",\n        instrumentation=\"Vocals, Guitar, Bass, Drums\",\n        mood='Sad',\n        tempo='Andante'\n    ),\n    PerformancePiece(\n        name=\"Strobe\",\n        genre='Electronic',\n        length_minutes=8,\n        difficulty='Advanced',\n        composer=\"Deadmau5\",\n        composition_year=2009,\n        key_signature=None,\n        instrumentation=\"Synthesizers, Drum Machines\",\n        mood='Energetic',\n        tempo='Allegro'\n    ),\n    PerformancePiece(\n        name=\"Clair de Lune\",\n        genre='Classical',\n        length_minutes=5,\n        difficulty='Advanced',\n        composer=\"Claude Debussy\",\n        composition_year=1905,\n        key_signature=\"D Flat Major\",\n        instrumentation=\"Piano\",\n        mood='Calm',\n        tempo='Andante'\n    ),\n    PerformancePiece(\n        name=\"Hotel California\",\n        genre='Rock',\n        length_minutes=6,\n        difficulty='Intermediate',\n        composer=\"Don Felder, Don Henley, Glenn Frey\",\n        composition_year=1976,\n        key_signature=\"B Minor\",\n        instrumentation=\"Vocals, Guitar, Bass, Drums\",\n        mood='Dramatic',\n        tempo='Moderato'\n    ),\n    PerformancePiece(\n        name=\"Someone Like You\",\n        genre='Pop',\n        length_minutes=5,\n        difficulty='Intermediate',\n        composer=\"Adele, Dan Wilson\",\n        composition_year=2011,\n        key_signature=\"A Major\",\n        instrumentation=\"Vocals, Piano\",\n        mood='Sad',\n        tempo='Adagio'\n    )\n]\n```",
    "goal": {
      "name": null,
      "genre": "Classical",
      "length_minutes": 3,
      "difficulty": "Intermediate",
      "composer": null,
      "composition_year": null,
      "key_signature": "C Major",
      "instrumentation": "Piano",
      "mood": "Calm",
      "tempo": "Moderato"
    },
    "database": [
      {
        "name": "Symphony No. 5",
        "genre": "Classical",
        "length_minutes": 30,
        "difficulty": "Advanced",
        "composer": "Ludwig van Beethoven",
        "composition_year": 1808,
        "key_signature": "C Minor",
        "instrumentation": "Full Orchestra",
        "mood": "Dramatic",
        "tempo": "Allegro con brio"
      },
      {
        "name": "Prelude in C Major, BWV 846",
        "genre": "Classical",
        "length_minutes": 3,
        "difficulty": "Intermediate",
        "composer": "Johann Sebastian Bach",
        "composition_year": 1722,
        "key_signature": "C Major",
        "instrumentation": "Piano",
        "mood": "Calm",
        "tempo": "Moderato"
      },
      {
        "name": "Shape of You",
        "genre": "Pop",
        "length_minutes": 4,
        "difficulty": "Beginner",
        "composer": "Ed Sheeran",
        "composition_year": 2017,
        "key_signature": "C# Minor",
        "instrumentation": "Vocals, Guitar, Percussion",
        "mood": "Happy",
        "tempo": "Moderato"
      },
      {
        "name": "Hotel California",
        "genre": "Rock",
        "length_minutes": 6,
        "difficulty": "Intermediate",
        "composer": "Don Felder, Don Henley, Glenn Frey",
        "composition_year": 1976,
        "key_signature": "B Minor",
        "instrumentation": "Vocals, Guitar, Bass, Drums",
        "mood": "Dramatic",
        "tempo": "Moderato"
      },
      {
        "name": "Nocturne in E-flat Major, Op. 9 No. 2",
        "genre": "Classical",
        "length_minutes": 4,
        "difficulty": "Intermediate",
        "composer": "Fr\u00e9d\u00e9ric Chopin",
        "composition_year": 1832,
        "key_signature": "E-flat Major",
        "instrumentation": "Piano",
        "mood": "Calm",
        "tempo": "Lento"
      },
      {
        "name": "Arabesque No. 1",
        "genre": "Classical",
        "length_minutes": 4,
        "difficulty": "Advanced",
        "composer": "Claude Debussy",
        "composition_year": 1890,
        "key_signature": "E Major",
        "instrumentation": "Piano",
        "mood": "Calm",
        "tempo": "Andante"
      },
      {
        "name": "The Thrill is Gone",
        "genre": "Blues",
        "length_minutes": 4,
        "difficulty": "Intermediate",
        "composer": "B.B. King",
        "composition_year": 1969,
        "key_signature": "B Minor",
        "instrumentation": "Vocals, Guitar, Bass, Drums",
        "mood": "Sad",
        "tempo": "Andante"
      },
      {
        "name": "Someone Like You",
        "genre": "Pop",
        "length_minutes": 5,
        "difficulty": "Intermediate",
        "composer": "Adele, Dan Wilson",
        "composition_year": 2011,
        "key_signature": "A Major",
        "instrumentation": "Vocals, Piano",
        "mood": "Sad",
        "tempo": "Adagio"
      },
      {
        "name": "Clair de Lune",
        "genre": "Classical",
        "length_minutes": 5,
        "difficulty": "Advanced",
        "composer": "Claude Debussy",
        "composition_year": 1905,
        "key_signature": "D Flat Major",
        "instrumentation": "Piano",
        "mood": "Calm",
        "tempo": "Andante"
      },
      {
        "name": "Bohemian Rhapsody",
        "genre": "Rock",
        "length_minutes": 6,
        "difficulty": "Professional",
        "composer": "Freddie Mercury",
        "composition_year": 1975,
        "key_signature": "B Flat Major",
        "instrumentation": "Vocals, Piano, Guitar, Bass, Drums",
        "mood": "Dramatic",
        "tempo": "Andante"
      },
      {
        "name": "Take Five",
        "genre": "Jazz",
        "length_minutes": 5,
        "difficulty": "Intermediate",
        "composer": "Dave Brubeck",
        "composition_year": 1959,
        "key_signature": "E Flat Major",
        "instrumentation": "Piano, Saxophone, Bass, Drums",
        "mood": "Energetic",
        "tempo": "Moderato"
      },
      {
        "name": "Scarborough Fair",
        "genre": "Folk",
        "length_minutes": 3,
        "difficulty": "Intermediate",
        "composer": "Traditional",
        "composition_year": null,
        "key_signature": "A Minor",
        "instrumentation": "Vocals, Guitar",
        "mood": "Calm",
        "tempo": "Adagio"
      },
      {
        "name": "Strobe",
        "genre": "Electronic",
        "length_minutes": 8,
        "difficulty": "Advanced",
        "composer": "Deadmau5",
        "composition_year": 2009,
        "key_signature": null,
        "instrumentation": "Synthesizers, Drum Machines",
        "mood": "Energetic",
        "tempo": "Allegro"
      }
    ],
    "status": "complete"
  },
  {
    "domain": "Practice Schedules",
    "turns": [
      [
        "Thanks! By the way, could you help me find a good practice schedule?",
        {
          "name": null,
          "duration": null,
          "frequency": null,
          "focus": null,
          "time_of_day": null,
          "intensity": null,
          "goals": null
        },
        "Sure! What specific focus or goals do you have in mind for your practice schedule?"
      ],
      [
        "I'm looking to focus on technique and rotate focus areas each week.",
        {
          "name": null,
          "duration": null,
          "frequency": "weekly",
          "focus": "technique",
          "time_of_day": null,
          "intensity": null,
          "goals": null
        },
        "How about the \"Weekly Mixed Focus\" schedule? It focuses on technique and rotates areas each week. Would that work for you?"
      ],
      [
        "Yes, that sounds perfect! What duration do you recommend for each session?",
        {
          "name": "Weekly Mixed Focus",
          "duration": null,
          "frequency": "weekly",
          "focus": "technique",
          "time_of_day": null,
          "intensity": null,
          "goals": null
        },
        "The \"Weekly Mixed Focus\" schedule has a duration of 25 minutes for each session. Does that suit you?"
      ]
    ],
    "preferences_code": "```python\npreferences = PracticeScheduleCriteria(\n    name='Weekly Mixed Focus',\n    duration=25,\n    frequency='weekly',\n    focus='technique',\n    time_of_day='afternoon',\n    intensity='moderate',\n    goals='Rotate focus areas each week.'\n)\n```",
    "red_herrings_code": "```python\n# Global variable to represent a list of similar Practice Schedule examples\nsimilar_practice_schedules = [\n    PracticeSchedule(\n        name='Daily Technique Focus',\n        duration=25,\n        frequency='daily',\n        focus='technique',\n        time_of_day='afternoon',\n        intensity='moderate',\n        goals='Focus solely on technique every day.'\n    ),\n    PracticeSchedule(\n        name='Weekly Mixed Focus',\n        duration=25,\n        frequency='weekly',\n        focus='technique',\n        time_of_day='afternoon',\n        intensity='moderate',\n        goals='Rotate focus areas each week.'\n    ),\n    PracticeSchedule(\n        name='Daily Mixed Focus',\n        duration=30,\n        frequency='daily',\n        focus='repertoire',\n        time_of_day='evening',\n        intensity='moderate',\n        goals='Rotate focus areas each day.'\n    )\n]\n```",
    "database_code": "```python\npractice_schedules = [\n    PracticeSchedule(name=\"Daily Technique\", duration=30, frequency='daily', focus='technique', time_of_day='morning', intensity='moderate', goals=\"Improve finger dexterity.\"),\n    PracticeSchedule(name=\"Weekly Repertoire\", duration=60, frequency='weekly', focus='repertoire', time_of_day='evening', intensity='intense', goals=\"Learn three new pieces.\"),\n    PracticeSchedule(name=\"Bi-Weekly Sight-Reading\", duration=45, frequency='bi-weekly', focus='sight-reading', time_of_day='afternoon', intensity='light', goals=\"Enhance sight-reading skills.\"),\n    PracticeSchedule(name=\"Daily Improvisation\", duration=20, frequency='daily', focus='improvisation', time_of_day='anytime', intensity='light', goals=\"Foster creativity in performance.\"),\n    PracticeSchedule(name=\"Weekly Technique\", duration=40, frequency='weekly', focus='technique', time_of_day='morning', intensity='moderate', goals=\"Focus on scales and arpeggios.\"),\n    PracticeSchedule(name=\"Monthly Repertoire\", duration=90, frequency='monthly', focus='repertoire', time_of_day='evening', intensity='intense', goals=\"Master one major piece.\"),\n    PracticeSchedule(name=\"Daily Mixed Focus\", duration=25, frequency='daily', focus='technique', time_of_day='afternoon', intensity='moderate', goals=\"Rotate focus areas each day.\"),\n    PracticeSchedule(name=\"Weekly Improvisation\", duration=50, frequency='weekly', focus='improvisation', time_of_day='evening', intensity='moderate', goals=\"Develop improvisational skills.\"),\n    PracticeSchedule(name=\"Bi-Weekly Repertoire\", duration=55, frequency='bi-weekly', focus='repertoire', time_of_day='morning', intensity='intense', goals=\"Prepare for upcoming performances.\"),\n    PracticeSchedule(name=\"Daily Sight-Reading\", duration=15, frequency='daily', focus='sight-reading', time_of_day='anytime', intensity='light', goals=\"Read new pieces daily.\")\n]\n```",
    "goal": {
      "name": "Weekly Mixed Focus",
      "duration": 25,
      "frequency": "weekly",
      "focus": "technique",
      "time_of_day": "afternoon",
      "intensity": "moderate",
      "goals": "Rotate focus areas each week."
    },
    "database": [
      {
        "name": "Bi-Weekly Sight-Reading",
        "duration": 45,
        "frequency": "bi-weekly",
        "focus": "sight-reading",
        "time_of_day": "afternoon",
        "intensity": "light",
        "goals": "Enhance sight-reading skills."
      },
      {
        "name": "Daily Mixed Focus",
        "duration": 30,
        "frequency": "daily",
        "focus": "repertoire",
        "time_of_day": "evening",
        "intensity": "moderate",
        "goals": "Rotate focus areas each day."
      },
      {
        "name": "Weekly Mixed Focus",
        "duration": 25,
        "frequency": "weekly",
        "focus": "technique",
        "time_of_day": "afternoon",
        "intensity": "moderate",
        "goals": "Rotate focus areas each week."
      },
      {
        "name": "Daily Technique Focus",
        "duration": 25,
        "frequency": "daily",
        "focus": "technique",
        "time_of_day": "afternoon",
        "intensity": "moderate",
        "goals": "Focus solely on technique every day."
      },
      {
        "name": "Daily Sight-Reading",
        "duration": 15,
        "frequency": "daily",
        "focus": "sight-reading",
        "time_of_day": "anytime",
        "intensity": "light",
        "goals": "Read new pieces daily."
      },
      {
        "name": "Bi-Weekly Repertoire",
        "duration": 55,
        "frequency": "bi-weekly",
        "focus": "repertoire",
        "time_of_day": "morning",
        "intensity": "intense",
        "goals": "Prepare for upcoming performances."
      },
      {
        "name": "Daily Improvisation",
        "duration": 20,
        "frequency": "daily",
        "focus": "improvisation",
        "time_of_day": "anytime",
        "intensity": "light",
        "goals": "Foster creativity in performance."
      },
      {
        "name": "Daily Mixed Focus",
        "duration": 25,
        "frequency": "daily",
        "focus": "technique",
        "time_of_day": "afternoon",
        "intensity": "moderate",
        "goals": "Rotate focus areas each day."
      },
      {
        "name": "Weekly Improvisation",
        "duration": 50,
        "frequency": "weekly",
        "focus": "improvisation",
        "time_of_day": "evening",
        "intensity": "moderate",
        "goals": "Develop improvisational skills."
      },
      {
        "name": "Monthly Repertoire",
        "duration": 90,
        "frequency": "monthly",
        "focus": "repertoire",
        "time_of_day": "evening",
        "intensity": "intense",
        "goals": "Master one major piece."
      },
      {
        "name": "Weekly Technique",
        "duration": 40,
        "frequency": "weekly",
        "focus": "technique",
        "time_of_day": "morning",
        "intensity": "moderate",
        "goals": "Focus on scales and arpeggios."
      },
      {
        "name": "Daily Technique",
        "duration": 30,
        "frequency": "daily",
        "focus": "technique",
        "time_of_day": "morning",
        "intensity": "moderate",
        "goals": "Improve finger dexterity."
      },
      {
        "name": "Weekly Repertoire",
        "duration": 60,
        "frequency": "weekly",
        "focus": "repertoire",
        "time_of_day": "evening",
        "intensity": "intense",
        "goals": "Learn three new pieces."
      }
    ],
    "status": "complete"
  },
  {
    "domain": "Orchestral Arrangements",
    "turns": [
      [
        "Yes, that works! Now, could you help me find an orchestral arrangement by Richard Strauss?",
        {
          "name": null,
          "composer": "Richard Strauss",
          "instrumentation": null,
          "style": null,
          "difficulty_level": null,
          "duration": null,
          "key_signature": null,
          "availability_status": null
        },
        "I have \"Also sprach Zarathustra\" by Richard Strauss; it's a great orchestral piece! Would you like more details?"
      ],
      [
        "Yes, please! What's the instrumentation and difficulty level for that piece?",
        {
          "name": "Also sprach Zarathustra",
          "composer": "Richard Strauss",
          "instrumentation": null,
          "style": null,
          "difficulty_level": null,
          "duration": null,
          "key_signature": null,
          "availability_status": null
        },
        "The instrumentation is for a full orchestra, and the difficulty level is advanced."
      ],
      [
        "Fantastic! Is it available for performance?",
        {
          "name": "Also sprach Zarathustra",
          "composer": "Richard Strauss",
          "instrumentation": "Full Orchestra",
          "style": null,
          "difficulty_level": "Advanced",
          "duration": null,
          "key_signature": null,
          "availability_status": "Available"
        },
        "Yes, \"Also sprach Zarathustra\" is currently available for performance!"
      ],
      [
        "Awesome! Let's finalize \"Also sprach Zarathustra\" for my performance. Thank you!",
        {
          "name": "Also sprach Zarathustra",
          "composer": "Richard Strauss",
          "instrumentation": "Full Orchestra",
          "style": null,
          "difficulty_level": "Advanced",
          "duration": null,
          "key_signature": null,
          "availability_status": "Available"
        },
        "You're all set! Enjoy your performance of \"Also sprach Zarathustra\"!"
      ]
    ],
    "preferences_code": "```python\npreferences = OrchestralArrangementCriteria(\n    name='Also sprach Zarathustra',\n    composer='Richard Strauss',\n    instrumentation='Full Orchestra',\n    style='Modern',\n    difficulty_level='Advanced',\n    duration=6,\n    key_signature='C major',\n    availability_status='Available',\n)\n```",
    "red_herrings_code": "```python\n# Global variable representing a list of similar Orchestral Arrangements\nsimilar_orchestral_arrangements = [\n    OrchestralArrangementKnowledge(\n        name='The Planets: Venus',\n        composer='Gustav Holst',\n        instrumentation='Full Orchestra',\n        style='Modern',\n        difficulty_level='Advanced',\n        duration=8,\n        key_signature='D major',\n        availability_status='Available',\n    ),\n    OrchestralArrangementKnowledge(\n        name='Symphony No. 5',\n        composer='Ludwig van Beethoven',\n        instrumentation='Full Orchestra',\n        style='Classical',\n        difficulty_level='Advanced',\n        duration=7,\n        key_signature='C minor',\n        availability_status='Available',\n    ),\n    OrchestralArrangementKnowledge(\n        name='Also sprach Zarathustra',\n        composer='Richard Strauss',\n        instrumentation='Full Orchestra',\n        style='Modern',\n        difficulty_level='Advanced',\n        duration=6,\n        key_signature='C major',\n        availability_status='Available',\n    ),\n]\n```",
    "database_code": "```python\n# Global variable representing a list of orchestral arrangements\norchestral_arrangements = [\n    OrchestralArrangementKnowledge(\n        name=\"Symphony No. 5\",\n        composer=\"Ludwig van Beethoven\",\n        instrumentation=\"Full Orchestra\",\n        style='Classical',\n        difficulty_level='Advanced',\n        duration=30,\n        key_signature=\"C minor\",\n        availability_status='Available'\n    ),\n    OrchestralArrangementKnowledge(\n        name=\"The Four Seasons: Spring\",\n        composer=\"Antonio Vivaldi\",\n        instrumentation=\"String Orchestra\",\n        style='Baroque',\n        difficulty_level='Intermediate',\n        duration=10,\n        key_signature=\"E major\",\n        availability_status='Available'\n    ),\n    OrchestralArrangementKnowledge(\n        name=\"Concerto for Two Violins\",\n        composer=\"Johann Sebastian Bach\",\n        instrumentation=\"Two Violins, Strings, Basso Continuo\",\n        style='Baroque',\n        difficulty_level='Intermediate',\n        duration=20,\n        key_signature=\"D minor\",\n        availability_status='Available'\n    ),\n    OrchestralArrangementKnowledge(\n        name=\"Adagio for Strings\",\n        composer=\"Samuel Barber\",\n        instrumentation=\"String Orchestra\",\n        style='Modern',\n        difficulty_level='Advanced',\n        duration=10,\n        key_signature=\"B minor\",\n        availability_status='Available'\n    ),\n    OrchestralArrangementKnowledge(\n        name=\"Nutcracker Suite\",\n        composer=\"Pyotr Ilyich Tchaikovsky\",\n        instrumentation=\"Full Orchestra\",\n        style='Romantic',\n        difficulty_level='Intermediate',\n        duration=30,\n        key_signature=\"G major\",\n        availability_status='Available'\n    ),\n    OrchestralArrangementKnowledge(\n        name=\"Rhapsody in Blue\",\n        composer=\"George Gershwin\",\n        instrumentation=\"Piano and Orchestra\",\n        style='Contemporary',\n        difficulty_level='Professional',\n        duration=16,\n        key_signature=\"B flat major\",\n        availability_status='Available'\n    ),\n    OrchestralArrangementKnowledge(\n        name=\"The Planets: Mars\",\n        composer=\"Gustav Holst\",\n        instrumentation=\"Full Orchestra\",\n        style='Modern',\n        difficulty_level='Advanced',\n        duration=7,\n        key_signature=\"E flat major\",\n        availability_status='Available'\n    ),\n    OrchestralArrangementKnowledge(\n        name=\"Serenade for Strings\",\n        composer=\"Antonin Dvorak\",\n        instrumentation=\"String Orchestra\",\n        style='Romantic',\n        difficulty_level='Intermediate',\n        duration=25,\n        key_signature=\"E major\",\n        availability_status='Available'\n    ),\n    OrchestralArrangementKnowledge(\n        name=\"Symphony No. 9\",\n        composer=\"Anton Bruckner\",\n        instrumentation=\"Full Orchestra\",\n        style='Romantic',\n        difficulty_level='Professional',\n        duration=60,\n        key_signature=\"D minor\",\n        availability_status='Unavailable'\n    ),\n    OrchestralArrangementKnowledge(\n        name=\"Water Music Suite\",\n        composer=\"George Frideric Handel\",\n        instrumentation=\"Full Orchestra\",\n        style='Baroque',\n        difficulty_level='Intermediate',\n        duration=40,\n        key_signature=\"D major\",\n        availability_status='Available'\n    )\n]\n```",
    "goal": {
      "name": null,
      "composer": "Richard Strauss",
      "instrumentation": "Full Orchestra",
      "style": "Modern",
      "difficulty_level": "Advanced",
      "duration": 6,
      "key_signature": "C major",
      "availability_status": "Available"
    },
    "database": [
      {
        "name": "Adagio for Strings",
        "composer": "Samuel Barber",
        "instrumentation": "String Orchestra",
        "style": "Modern",
        "difficulty_level": "Advanced",
        "duration": 10,
        "key_signature": "B minor",
        "availability_status": "Available"
      },
      {
        "name": "Symphony No. 9",
        "composer": "Anton Bruckner",
        "instrumentation": "Full Orchestra",
        "style": "Romantic",
        "difficulty_level": "Professional",
        "duration": 60,
        "key_signature": "D minor",
        "availability_status": "Unavailable"
      },
      {
        "name": "The Four Seasons: Spring",
        "composer": "Antonio Vivaldi",
        "instrumentation": "String Orchestra",
        "style": "Baroque",
        "difficulty_level": "Intermediate",
        "duration": 10,
        "key_signature": "E major",
        "availability_status": "Available"
      },
      {
        "name": "The Planets: Venus",
        "composer": "Gustav Holst",
        "instrumentation": "Full Orchestra",
        "style": "Modern",
        "difficulty_level": "Advanced",
        "duration": 8,
        "key_signature": "D major",
        "availability_status": "Available"
      },
      {
        "name": "The Planets: Mars",
        "composer": "Gustav Holst",
        "instrumentation": "Full Orchestra",
        "style": "Modern",
        "difficulty_level": "Advanced",
        "duration": 7,
        "key_signature": "E flat major",
        "availability_status": "Available"
      },
      {
        "name": "Symphony No. 5",
        "composer": "Ludwig van Beethoven",
        "instrumentation": "Full Orchestra",
        "style": "Classical",
        "difficulty_level": "Advanced",
        "duration": 30,
        "key_signature": "C minor",
        "availability_status": "Available"
      },
      {
        "name": "Symphony No. 5",
        "composer": "Ludwig van Beethoven",
        "instrumentation": "Full Orchestra",
        "style": "Classical",
        "difficulty_level": "Advanced",
        "duration": 7,
        "key_signature": "C minor",
        "availability_status": "Available"
      },
      {
        "name": "Concerto for Two Violins",
        "composer": "Johann Sebastian Bach",
        "instrumentation": "Two Violins, Strings, Basso Continuo",
        "style": "Baroque",
        "difficulty_level": "Intermediate",
        "duration": 20,
        "key_signature": "D minor",
        "availability_status": "Available"
      },
      {
        "name": "Nutcracker Suite",
        "composer": "Pyotr Ilyich Tchaikovsky",
        "instrumentation": "Full Orchestra",
        "style": "Romantic",
        "difficulty_level": "Intermediate",
        "duration": 30,
        "key_signature": "G major",
        "availability_status": "Available"
      },
      {
        "name": "Also sprach Zarathustra",
        "composer": "Richard Strauss",
        "instrumentation": "Full Orchestra",
        "style": "Modern",
        "difficulty_level": "Advanced",
        "duration": 6,
        "key_signature": "C major",
        "availability_status": "Available"
      },
      {
        "name": "Serenade for Strings",
        "composer": "Antonin Dvorak",
        "instrumentation": "String Orchestra",
        "style": "Romantic",
        "difficulty_level": "Intermediate",
        "duration": 25,
        "key_signature": "E major",
        "availability_status": "Available"
      },
      {
        "name": "Water Music Suite",
        "composer": "George Frideric Handel",
        "instrumentation": "Full Orchestra",
        "style": "Baroque",
        "difficulty_level": "Intermediate",
        "duration": 40,
        "key_signature": "D major",
        "availability_status": "Available"
      },
      {
        "name": "Rhapsody in Blue",
        "composer": "George Gershwin",
        "instrumentation": "Piano and Orchestra",
        "style": "Contemporary",
        "difficulty_level": "Professional",
        "duration": 16,
        "key_signature": "B flat major",
        "availability_status": "Available"
      }
    ],
    "status": "complete"
  }
]