[
  {
    "domain": "Performance Pieces",
    "turns": [
      [
        "I'm looking for a classical piece, any suggestions?",
        {
          "name": null,
          "genre": "Classical",
          "length_minutes": null,
          "difficulty": null,
          "composer": null,
          "composition_year": null,
          "key_signature": null,
          "instrumentation": null,
          "mood": null,
          "tempo": null
        },
        "How about \"Piano Concerto No. 1\" by Rachmaninoff?"
      ],
      [
        "That sounds great! What's the length of the piece?",
        {
          "name": "Piano Concerto No. 1",
          "genre": "Classical",
          "length_minutes": null,
          "difficulty": null,
          "composer": "Rachmaninoff",
          "composition_year": null,
          "key_signature": null,
          "instrumentation": null,
          "mood": null,
          "tempo": null
        },
        "It's 32 minutes long."
      ],
      [
        "Perfect! What's the difficulty level?",
        {
          "name": "Piano Concerto No. 1",
          "genre": "Classical",
          "length_minutes": 32,
          "difficulty": null,
          "composer": "Rachmaninoff",
          "composition_year": null,
          "key_signature": null,
          "instrumentation": null,
          "mood": null,
          "tempo": null
        },
        "It's classified as advanced."
      ],
      [
        "Awesome! What key signature does it have?",
        {
          "name": "Piano Concerto No. 1",
          "genre": "Classical",
          "length_minutes": 32,
          "difficulty": "Advanced",
          "composer": null,
          "composition_year": null,
          "key_signature": null,
          "instrumentation": null,
          "mood": null,
          "tempo": null
        },
        "The key signature is C Minor."
      ],
      [
        "Great choice! What instrumentation does it require?",
        {
          "name": "Piano Concerto No. 1",
          "genre": "Classical",
          "length_minutes": 32,
          "difficulty": "Advanced",
          "composer": null,
          "composition_year": null,
          "key_signature": "C Minor",
          "instrumentation": null,
          "mood": null,
          "tempo": null
        },
        "It requires Piano and Orchestra."
      ],
      [
        "Sounds fantastic! What's the mood of the piece?",
        {
          "name": "Piano Concerto No. 1",
          "genre": "Classical",
          "length_minutes": 32,
          "difficulty": "Advanced",
          "composer": "Rachmaninoff",
          "composition_year": null,
          "key_signature": "C Minor",
          "instrumentation": "Piano and Orchestra",
          "mood": null,
          "tempo": null
        },
        "The mood is dramatic."
      ],
      [
        "I love that! And what's the tempo marking?",
        {
          "name": "Piano Concerto No. 1",
          "genre": "Classical",
          "length_minutes": 32,
          "difficulty": "Advanced",
          "composer": "Rachmaninoff",
          "composition_year": null,
          "key_signature": "C Minor",
          "instrumentation": "Piano and Orchestra",
          "mood": "Dramatic",
          "tempo": null
        },
        "The tempo marking is Allegro."
      ]
    ],
    "preferences_code": "```python\npreferences = PerformancePieceCriteria(\n    name='Piano Concerto No. 1',\n    genre='Classical',\n    length_minutes=32,\n    difficulty='Advanced',\n    composer='Sergei Rachmaninoff',\n    composition_year=1901,\n    key_signature='C Minor',\n    instrumentation='Piano and Orchestra',\n    mood='Dramatic',\n    tempo='Allegro',\n)\n```",
    "red_herrings_code": "```python\nperformance_pieces_list = [\n    PerformancePiece(\n        name='Symphony No. 7',\n        genre='Classical',\n        length_minutes=38,\n        difficulty='Advanced',\n        composer='Ludwig van Beethoven',\n        composition_year=1813,\n        key_signature='A Major',\n        instrumentation='Full Orchestra',\n        mood='Energetic',\n        tempo='Allegro con brio',\n    ),\n    PerformancePiece(\n        name='Piano Concerto No. 1',\n        genre='Classical',\n        length_minutes=32,\n        difficulty='Advanced',\n        composer='Sergei Rachmaninoff',\n        composition_year=1901,\n        key_signature='C Minor',\n        instrumentation='Piano and Orchestra',\n        mood='Dramatic',\n        tempo='Allegro',\n    ),\n    PerformancePiece(\n        name='Symphony No. 9',\n        genre='Classical',\n        length_minutes=70,\n        difficulty='Professional',\n        composer='Ludwig van Beethoven',\n        composition_year=1824,\n        key_signature='D Minor',\n        instrumentation='Full Orchestra and Choir',\n        mood='Dramatic',\n        tempo='Ode to Joy',\n    )\n]\n```",
    "database_code": "```python\nperformance_pieces = [\n    PerformancePiece(\n        name=\"Symphony No. 5\",\n        genre='Classical',\n        length_minutes=30,\n        difficulty='Advanced',\n        composer=\"Ludwig van Beethoven\",\n        composition_year=1808,\n        key_signature=\"C Minor\",\n        instrumentation=\"Full Orchestra\",\n        mood='Dramatic',\n        tempo='Allegro con brio'\n    ),\n    PerformancePiece(\n        name=\"Take Five\",\n        genre='Jazz',\n        length_minutes=5,\n        difficulty='Intermediate',\n        composer=\"Dave Brubeck\",\n        composition_year=1959,\n        key_signature=\"E Flat Major\",\n        instrumentation=\"Piano, Saxophone, Bass, Drums\",\n        mood='Energetic',\n        tempo='Moderato'\n    ),\n    PerformancePiece(\n        name=\"Bohemian Rhapsody\",\n        genre='Rock',\n        length_minutes=6,\n        difficulty='Professional',\n        composer=\"Freddie Mercury\",\n        composition_year=1975,\n        key_signature=\"B Flat Major\",\n        instrumentation=\"Vocals, Piano, Guitar, Bass, Drums\",\n        mood='Dramatic',\n        tempo='Andante'\n    ),\n    PerformancePiece(\n        name=\"Shape of You\",\n        genre='Pop',\n        length_minutes=4,\n        difficulty='Beginner',\n        composer=\"Ed Sheeran\",\n        composition_year=2017,\n        key_signature=\"C# Minor\",\n        instrumentation=\"Vocals, Guitar, Percussion\",\n        mood='Happy',\n        tempo='Moderato'\n    ),\n    PerformancePiece(\n        name=\"Scarborough Fair\",\n        genre='Folk',\n        length_minutes=3,\n        difficulty='Intermediate',\n        composer=\"Traditional\",\n        composition_year=None,\n        key_signature=\"A Minor\",\n        instrumentation=\"Vocals, Guitar\",\n        mood='Calm',\n        tempo='Adagio'\n    ),\n    PerformancePiece(\n        name=\"The Thrill is Gone\",\n        genre='Blues',\n        length_minutes=4,\n        difficulty='Intermediate',\n        composer=\"B.B. King\",\n        composition_year=1969,\n        key_signature=\"B Minor\",\n        instrumentation=\"Vocals, Guitar, Bass, Drums\",\n        mood='Sad',\n        tempo='Andante'\n    ),\n    PerformancePiece(\n        name=\"Strobe\",\n        genre='Electronic',\n        length_minutes=8,\n        difficulty='Advanced',\n        composer=\"Deadmau5\",\n        composition_year=2009,\n        key_signature=None,\n        instrumentation=\"Synthesizers, Drum Machines\",\n        mood='Energetic',\n        tempo='Allegro'\n    ),\n    PerformancePiece(\n        name=\"Clair de Lune\",\n        genre='Classical',\n        length_minutes=5,\n        difficulty='Advanced',\n        composer=\"Claude Debussy\",\n        composition_year=1905,\n        key_signature=\"D Flat Major\",\n        instrumentation=\"Piano\",\n        mood='Calm',\n        tempo='Andante'\n    ),\n    PerformancePiece(\n        name=\"Hotel California\",\n        genre='Rock',\n        length_minutes=6,\n        difficulty='Intermediate',\n        composer=\"Don Felder, Don Henley, Glenn Frey\",\n        composition_year=1976,\n        key_signature=\"B Minor\",\n        instrumentation=\"Vocals, Guitar, Bass, Drums\",\n        mood='Dramatic',\n        tempo='Moderato'\n    ),\n    PerformancePiece(\n        name=\"Someone Like You\",\n        genre='Pop',\n        length_minutes=5,\n        difficulty='Intermediate',\n        composer=\"Adele, Dan Wilson\",\n        composition_year=2011,\n        key_signature=\"A Major\",\n        instrumentation=\"Vocals, Piano\",\n        mood='Sad',\n        tempo='Adagio'\n    )\n]\n```",
    "goal": {
      "name": "Piano Concerto No. 1",
      "genre": "Classical",
      "length_minutes": 32,
      "difficulty": "Advanced",
      "composer": "Sergei Rachmaninoff",
      "composition_year": 1901,
      "key_signature": "C Minor",
      "instrumentation": "Piano and Orchestra",
      "mood": "Dramatic",
      "tempo": "Allegro"
    },
    "database": [
      {
        "name": "Scarborough Fair",
        "genre": "Folk",
        "length_minutes": 3,
        "difficulty": "Intermediate",
        "composer": "Traditional",
        "composition_year": null,
        "key_signature": "A Minor",
        "instrumentation": "Vocals, Guitar",
        "mood": "Calm",
        "tempo": "Adagio"
      },
      {
        "name": "Piano Concerto No. 1",
        "genre": "Classical",
        "length_minutes": 32,
        "difficulty": "Advanced",
        "composer": "Sergei Rachmaninoff",
        "composition_year": 1901,
        "key_signature": "C Minor",
        "instrumentation": "Piano and Orchestra",
        "mood": "Dramatic",
        "tempo": "Allegro"
      },
      {
        "name": "Symphony No. 5",
        "genre": "Classical",
        "length_minutes": 30,
        "difficulty": "Advanced",
        "composer": "Ludwig van Beethoven",
        "composition_year": 1808,
        "key_signature": "C Minor",
        "instrumentation": "Full Orchestra",
        "mood": "Dramatic",
        "tempo": "Allegro con brio"
      },
      {
        "name": "Symphony No. 7",
        "genre": "Classical",
        "length_minutes": 38,
        "difficulty": "Advanced",
        "composer": "Ludwig van Beethoven",
        "composition_year": 1813,
        "key_signature": "A Major",
        "instrumentation": "Full Orchestra",
        "mood": "Energetic",
        "tempo": "Allegro con brio"
      },
      {
        "name": "Shape of You",
        "genre": "Pop",
        "length_minutes": 4,
        "difficulty": "Beginner",
        "composer": "Ed Sheeran",
        "composition_year": 2017,
        "key_signature": "C# Minor",
        "instrumentation": "Vocals, Guitar, Percussion",
        "mood": "Happy",
        "tempo": "Moderato"
      },
      {
        "name": "Clair de Lune",
        "genre": "Classical",
        "length_minutes": 5,
        "difficulty": "Advanced",
        "composer": "Claude Debussy",
        "composition_year": 1905,
        "key_signature": "D Flat Major",
        "instrumentation": "Piano",
        "mood": "Calm",
        "tempo": "Andante"
      },
      {
        "name": "Take Five",
        "genre": "Jazz",
        "length_minutes": 5,
        "difficulty": "Intermediate",
        "composer": "Dave Brubeck",
        "composition_year": 1959,
        "key_signature": "E Flat Major",
        "instrumentation": "Piano, Saxophone, Bass, Drums",
        "mood": "Energetic",
        "tempo": "Moderato"
      },
      {
        "name": "The Thrill is Gone",
        "genre": "Blues",
        "length_minutes": 4,
        "difficulty": "Intermediate",
        "composer": "B.B. King",
        "composition_year": 1969,
        "key_signature": "B Minor",
        "instrumentation": "Vocals, Guitar, Bass, Drums",
        "mood": "Sad",
        "tempo": "Andante"
      },
      {
        "name": "Someone Like You",
        "genre": "Pop",
        "length_minutes": 5,
        "difficulty": "Intermediate",
        "composer": "Adele, Dan Wilson",
        "composition_year": 2011,
        "key_signature": "A Major",
        "instrumentation": "Vocals, Piano",
        "mood": "Sad",
        "tempo": "Adagio"
      },
      {
        "name": "Bohemian Rhapsody",
        "genre": "Rock",
        "length_minutes": 6,
        "difficulty": "Professional",
        "composer": "Freddie Mercury",
        "composition_year": 1975,
        "key_signature": "B Flat Major",
        "instrumentation": "Vocals, Piano, Guitar, Bass, Drums",
        "mood": "Dramatic",
        "tempo": "Andante"
      },
      {
        "name": "Hotel California",
        "genre": "Rock",
        "length_minutes": 6,
        "difficulty": "Intermediate",
        "composer": "Don Felder, Don Henley, Glenn Frey",
        "composition_year": 1976,
        "key_signature": "B Minor",
        "instrumentation": "Vocals, Guitar, Bass, Drums",
        "mood": "Dramatic",
        "tempo": "Moderato"
      },
      {
        "name": "Symphony No. 9",
        "genre": "Classical",
        "length_minutes": 70,
        "difficulty": "Professional",
        "composer": "Ludwig van Beethoven",
        "composition_year": 1824,
        "key_signature": "D Minor",
        "instrumentation": "Full Orchestra and Choir",
        "mood": "Dramatic",
        "tempo": "Ode to Joy"
      },
      {
        "name": "Strobe",
        "genre": "Electronic",
        "length_minutes": 8,
        "difficulty": "Advanced",
        "composer": "Deadmau5",
        "composition_year": 2009,
        "key_signature": null,
        "instrumentation": "Synthesizers, Drum Machines",
        "mood": "Energetic",
        "tempo": "Allegro"
      }
    ],
    "status": "complete"
  },
  {
    "domain": "Practice Schedules",
    "turns": [
      [
        "That really fits my style! Can you suggest a practice schedule for daily sessions?",
        {
          "name": null,
          "duration": null,
          "frequency": "daily",
          "focus": null,
          "time_of_day": null,
          "intensity": null,
          "goals": null
        },
        "Sure! What duration and focus area do you prefer for your daily practice?"
      ],
      [
        "I prefer 20 minutes focusing on repertoire.",
        {
          "name": null,
          "duration": 20,
          "frequency": "daily",
          "focus": "repertoire",
          "time_of_day": null,
          "intensity": null,
          "goals": null
        },
        "I have a \"Morning Repertoire Review\" that fits perfectly! Would you like to go with that?"
      ],
      [
        "Yes, that sounds ideal! Let's finalize the \"Morning Repertoire Review.\"",
        {
          "name": "Morning Repertoire Review",
          "duration": 20,
          "frequency": "daily",
          "focus": "repertoire",
          "time_of_day": "morning",
          "intensity": null,
          "goals": null
        },
        "Great choice! You've finalized the \"Morning Repertoire Review.\" Happy practicing!"
      ]
    ],
    "preferences_code": "```python\npreferences = PracticeScheduleCriteria(\n    name='Morning Repertoire Review',\n    duration=20,\n    frequency='daily',\n    focus='repertoire',\n    time_of_day='morning',\n    intensity='light',\n    goals='Review and refine performance pieces'\n)\n```",
    "red_herrings_code": "```python\npractice_schedules = [\n    PracticeSchedule(\n        name='Daily Warm-Up',\n        duration=25,\n        frequency='daily',\n        focus='technique',\n        time_of_day='anytime',\n        intensity='light',\n        goals='Establish a consistent warm-up routine'\n    ),\n    PracticeSchedule(\n        name='Evening Technique Practice',\n        duration=20,\n        frequency='weekly',\n        focus='technique',\n        time_of_day='evening',\n        intensity='light',\n        goals='Focus on improving technical skills'\n    ),\n    PracticeSchedule(\n        name='Morning Repertoire Review',\n        duration=20,\n        frequency='daily',\n        focus='repertoire',\n        time_of_day='morning',\n        intensity='light',\n        goals='Review and refine performance pieces'\n    )\n]\n```",
    "database_code": "```python\npractice_schedules = [\n    PracticeSchedule(name=\"Morning Technique\", duration=60, frequency='daily', focus='technique', time_of_day='morning', intensity='moderate', goals=\"Improve finger agility\"),\n    PracticeSchedule(name=\"Afternoon Repertoire\", duration=90, frequency='weekly', focus='repertoire', time_of_day='afternoon', intensity='intense', goals=\"Prepare for upcoming concert\"),\n    PracticeSchedule(name=\"Evening Sight-Reading\", duration=30, frequency='bi-weekly', focus='sight-reading', time_of_day='evening', intensity='light', goals=\"Enhance sight-reading skills\"),\n    PracticeSchedule(name=\"Improvisation Jam\", duration=45, frequency='weekly', focus='improvisation', time_of_day='anytime', intensity='moderate', goals=\"Explore creative expression\"),\n    PracticeSchedule(name=\"Weekend Intensive\", duration=120, frequency='weekly', focus='technique', time_of_day='morning', intensity='intense', goals=\"Deep dive into advanced techniques\"),\n    PracticeSchedule(name=\"Daily Warm-Up\", duration=20, frequency='daily', focus='technique', time_of_day='anytime', intensity='light', goals=\"Establish a consistent warm-up routine\"),\n    PracticeSchedule(name=\"Sight-Reading Challenge\", duration=30, frequency='bi-weekly', focus='sight-reading', time_of_day='afternoon', intensity='moderate', goals=\"Increase speed and accuracy\"),\n    PracticeSchedule(name=\"Repertoire Review\", duration=60, frequency='weekly', focus='repertoire', time_of_day='evening', intensity='moderate', goals=\"Refine pieces for performance\"),\n    PracticeSchedule(name=\"Creative Improvisation\", duration=50, frequency='weekly', focus='improvisation', time_of_day='anytime', intensity='light', goals=\"Experiment with new ideas\"),\n    PracticeSchedule(name=\"Technique Mastery\", duration=75, frequency='daily', focus='technique', time_of_day='morning', intensity='intense', goals=\"Achieve technical proficiency in scales\"),\n]\n```",
    "goal": {
      "name": null,
      "duration": 20,
      "frequency": "daily",
      "focus": "repertoire",
      "time_of_day": "morning",
      "intensity": "light",
      "goals": "Review and refine performance pieces"
    },
    "database": [
      {
        "name": "Daily Warm-Up",
        "duration": 25,
        "frequency": "daily",
        "focus": "technique",
        "time_of_day": "anytime",
        "intensity": "light",
        "goals": "Establish a consistent warm-up routine"
      },
      {
        "name": "Morning Repertoire Review",
        "duration": 20,
        "frequency": "daily",
        "focus": "repertoire",
        "time_of_day": "morning",
        "intensity": "light",
        "goals": "Review and refine performance pieces"
      },
      {
        "name": "Evening Technique Practice",
        "duration": 20,
        "frequency": "weekly",
        "focus": "technique",
        "time_of_day": "evening",
        "intensity": "light",
        "goals": "Focus on improving technical skills"
      },
      {
        "name": "Sight-Reading Challenge",
        "duration": 30,
        "frequency": "bi-weekly",
        "focus": "sight-reading",
        "time_of_day": "afternoon",
        "intensity": "moderate",
        "goals": "Increase speed and accuracy"
      },
      {
        "name": "Repertoire Review",
        "duration": 60,
        "frequency": "weekly",
        "focus": "repertoire",
        "time_of_day": "evening",
        "intensity": "moderate",
        "goals": "Refine pieces for performance"
      },
      {
        "name": "Improvisation Jam",
        "duration": 45,
        "frequency": "weekly",
        "focus": "improvisation",
        "time_of_day": "anytime",
        "intensity": "moderate",
        "goals": "Explore creative expression"
      },
      {
        "name": "Morning Technique",
        "duration": 60,
        "frequency": "daily",
        "focus": "technique",
        "time_of_day": "morning",
        "intensity": "moderate",
        "goals": "Improve finger agility"
      },
      {
        "name": "Daily Warm-Up",
        "duration": 20,
        "frequency": "daily",
        "focus": "technique",
        "time_of_day": "anytime",
        "intensity": "light",
        "goals": "Establish a consistent warm-up routine"
      },
      {
        "name": "Weekend Intensive",
        "duration": 120,
        "frequency": "weekly",
        "focus": "technique",
        "time_of_day": "morning",
        "intensity": "intense",
        "goals": "Deep dive into advanced techniques"
      },
      {
        "name": "Creative Improvisation",
        "duration": 50,
        "frequency": "weekly",
        "focus": "improvisation",
        "time_of_day": "anytime",
        "intensity": "light",
        "goals": "Experiment with new ideas"
      },
      {
        "name": "Afternoon Repertoire",
        "duration": 90,
        "frequency": "weekly",
        "focus": "repertoire",
        "time_of_day": "afternoon",
        "intensity": "intense",
        "goals": "Prepare for upcoming concert"
      },
      {
        "name": "Evening Sight-Reading",
        "duration": 30,
        "frequency": "bi-weekly",
        "focus": "sight-reading",
        "time_of_day": "evening",
        "intensity": "light",
        "goals": "Enhance sight-reading skills"
      },
      {
        "name": "Technique Mastery",
        "duration": 75,
        "frequency": "daily",
        "focus": "technique",
        "time_of_day": "morning",
        "intensity": "intense",
        "goals": "Achieve technical proficiency in scales"
      }
    ],
    "status": "complete"
  },
  {
    "domain": "Orchestral Arrangements",
    "turns": [
      [
        "Thanks! Now, could you help me find an orchestral arrangement by Jean Sibelius?",
        {
          "name": "Piano Concerto No. 1",
          "composer": "Rachmaninoff",
          "instrumentation": "Piano and Orchestra",
          "style": "Classical",
          "difficulty_level": "Advanced",
          "duration": 32,
          "key_signature": "C Minor",
          "availability_status": null
        },
        "Sure! Are you looking for a specific piece or any particular characteristics?"
      ],
      [
        "I'm looking for a full orchestra arrangement in E Minor.",
        {
          "name": "Piano Concerto No. 1",
          "composer": "Rachmaninoff",
          "instrumentation": "Piano and Orchestra",
          "style": "Classical",
          "difficulty_level": "Advanced",
          "duration": 32,
          "key_signature": "C Minor",
          "availability_status": null
        },
        "I recommend \"Symphony No. 1\" by Jean Sibelius; it\u2019s for full orchestra but in E Major. Would you like to consider it?"
      ],
      [
        "E Major is close, but I need E Minor specifically. Any other suggestions?",
        {
          "name": "Piano Concerto No. 1",
          "composer": "Rachmaninoff",
          "instrumentation": "Piano and Orchestra",
          "style": "Classical",
          "difficulty_level": "Advanced",
          "duration": 32,
          "key_signature": "C Minor",
          "availability_status": null
        },
        "You might like \"The Swan of Tuonela,\" which is for full orchestra and in E Minor. How does that sound?"
      ],
      [
        "That sounds perfect! Is it available for performance?",
        {
          "name": "The Swan of Tuonela",
          "composer": "Jean Sibelius",
          "instrumentation": "Full Orchestra",
          "style": "Romantic",
          "difficulty_level": "Advanced",
          "duration": null,
          "key_signature": "E Minor",
          "availability_status": "Available"
        },
        "Yes, it's available for performance!"
      ]
    ],
    "preferences_code": "```python\npreferences = OrchestralArrangementCriteria(\n    name='The Swan of Tuonela',\n    composer='Jean Sibelius',\n    instrumentation='Full Orchestra',\n    style='Romantic',\n    difficulty_level='Intermediate',\n    duration=10,\n    key_signature='E Minor',\n    availability_status='Available',\n)\n```",
    "red_herrings_code": "```python\n# Global variable containing a list of similar Orchestral Arrangements\nsimilar_orchestral_arrangements = [\n    OrchestralArrangementKnowledge(\n        name='The Swan of Tuonela',\n        composer='Jean Sibelius',\n        instrumentation='Full Orchestra',\n        style='Romantic',\n        difficulty_level='Intermediate',\n        duration=10,\n        key_signature='E Minor',\n        availability_status='Available',\n    ),\n    OrchestralArrangementKnowledge(\n        name='Finlandia',\n        composer='Jean Sibelius',\n        instrumentation='String Orchestra',\n        style='Romantic',\n        difficulty_level='Intermediate',\n        duration=8,\n        key_signature='B Major',\n        availability_status='Available',\n    ),\n    OrchestralArrangementKnowledge(\n        name='Symphony No. 1',\n        composer='Jean Sibelius',\n        instrumentation='Full Orchestra',\n        style='Romantic',\n        difficulty_level='Advanced',\n        duration=30,\n        key_signature='E Major',\n        availability_status='Available',\n    ),\n]\n```",
    "database_code": "```python\norchestral_arrangements = [\n    OrchestralArrangementKnowledge(\n        name=\"Piano Concerto No. 1\",\n        composer=\"Sergei Rachmaninoff\",\n        instrumentation=\"Piano and Orchestra\",\n        style='Romantic',\n        difficulty_level='Advanced',\n        duration=32,\n        key_signature=\"C Minor\",\n        availability_status='Available'\n    ),\n    OrchestralArrangementKnowledge(\n        name=\"Symphony No. 5\",\n        composer=\"Ludwig van Beethoven\",\n        instrumentation=\"Full Orchestra\",\n        style='Classical',\n        difficulty_level='Intermediate',\n        duration=30,\n        key_signature=\"C Minor\",\n        availability_status='Available'\n    ),\n    OrchestralArrangementKnowledge(\n        name=\"The Four Seasons\",\n        composer=\"Antonio Vivaldi\",\n        instrumentation=\"String Orchestra\",\n        style='Baroque',\n        difficulty_level='Intermediate',\n        duration=40,\n        key_signature=\"E Major\",\n        availability_status='Available'\n    ),\n    OrchestralArrangementKnowledge(\n        name=\"Concerto for Two Violins\",\n        composer=\"Johann Sebastian Bach\",\n        instrumentation=\"Two Violins and Orchestra\",\n        style='Baroque',\n        difficulty_level='Advanced',\n        duration=25,\n        key_signature=\"D Minor\",\n        availability_status='Available'\n    ),\n    OrchestralArrangementKnowledge(\n        name=\"Symphony No. 9\",\n        composer=\"Anton\u00edn Dvo\u0159\u00e1k\",\n        instrumentation=\"Full Orchestra\",\n        style='Romantic',\n        difficulty_level='Advanced',\n        duration=40,\n        key_signature=\"E Minor\",\n        availability_status='Available'\n    ),\n    OrchestralArrangementKnowledge(\n        name=\"Concerto for Orchestra\",\n        composer=\"B\u00e9la Bart\u00f3k\",\n        instrumentation=\"Full Orchestra\",\n        style='Modern',\n        difficulty_level='Professional',\n        duration=35,\n        key_signature=\"D Major\",\n        availability_status='Available'\n    ),\n    OrchestralArrangementKnowledge(\n        name=\"Adagio for Strings\",\n        composer=\"Samuel Barber\",\n        instrumentation=\"String Orchestra\",\n        style='Contemporary',\n        difficulty_level='Intermediate',\n        duration=10,\n        key_signature=\"B Minor\",\n        availability_status='Available'\n    ),\n    OrchestralArrangementKnowledge(\n        name=\"Rhapsody in Blue\",\n        composer=\"George Gershwin\",\n        instrumentation=\"Piano and Orchestra\",\n        style='Contemporary',\n        difficulty_level='Advanced',\n        duration=16,\n        key_signature=\"B Major\",\n        availability_status='Available'\n    ),\n    OrchestralArrangementKnowledge(\n        name=\"Finlandia\",\n        composer=\"Jean Sibelius\",\n        instrumentation=\"Full Orchestra\",\n        style='Romantic',\n        difficulty_level='Intermediate',\n        duration=8,\n        key_signature=\"B Major\",\n        availability_status='Available'\n    ),\n    OrchestralArrangementKnowledge(\n        name=\"The Rite of Spring\",\n        composer=\"Igor Stravinsky\",\n        instrumentation=\"Full Orchestra\",\n        style='Modern',\n        difficulty_level='Professional',\n        duration=35,\n        key_signature=\"E Major\",\n        availability_status='Available'\n    )\n]\n```",
    "goal": {
      "name": null,
      "composer": "Jean Sibelius",
      "instrumentation": "Full Orchestra",
      "style": "Romantic",
      "difficulty_level": "Intermediate",
      "duration": 10,
      "key_signature": "E Minor",
      "availability_status": "Available"
    },
    "database": [
      {
        "name": "Symphony No. 9",
        "composer": "Anton\u00edn Dvo\u0159\u00e1k",
        "instrumentation": "Full Orchestra",
        "style": "Romantic",
        "difficulty_level": "Advanced",
        "duration": 40,
        "key_signature": "E Minor",
        "availability_status": "Available"
      },
      {
        "name": "The Four Seasons",
        "composer": "Antonio Vivaldi",
        "instrumentation": "String Orchestra",
        "style": "Baroque",
        "difficulty_level": "Intermediate",
        "duration": 40,
        "key_signature": "E Major",
        "availability_status": "Available"
      },
      {
        "name": "Finlandia",
        "composer": "Jean Sibelius",
        "instrumentation": "String Orchestra",
        "style": "Romantic",
        "difficulty_level": "Intermediate",
        "duration": 8,
        "key_signature": "B Major",
        "availability_status": "Available"
      },
      {
        "name": "Piano Concerto No. 1",
        "composer": "Sergei Rachmaninoff",
        "instrumentation": "Piano and Orchestra",
        "style": "Romantic",
        "difficulty_level": "Advanced",
        "duration": 32,
        "key_signature": "C Minor",
        "availability_status": "Available"
      },
      {
        "name": "Adagio for Strings",
        "composer": "Samuel Barber",
        "instrumentation": "String Orchestra",
        "style": "Contemporary",
        "difficulty_level": "Intermediate",
        "duration": 10,
        "key_signature": "B Minor",
        "availability_status": "Available"
      },
      {
        "name": "Symphony No. 1",
        "composer": "Jean Sibelius",
        "instrumentation": "Full Orchestra",
        "style": "Romantic",
        "difficulty_level": "Advanced",
        "duration": 30,
        "key_signature": "E Major",
        "availability_status": "Available"
      },
      {
        "name": "Rhapsody in Blue",
        "composer": "George Gershwin",
        "instrumentation": "Piano and Orchestra",
        "style": "Contemporary",
        "difficulty_level": "Advanced",
        "duration": 16,
        "key_signature": "B Major",
        "availability_status": "Available"
      },
      {
        "name": "The Swan of Tuonela",
        "composer": "Jean Sibelius",
        "instrumentation": "Full Orchestra",
        "style": "Romantic",
        "difficulty_level": "Intermediate",
        "duration": 10,
        "key_signature": "E Minor",
        "availability_status": "Available"
      },
      {
        "name": "Finlandia",
        "composer": "Jean Sibelius",
        "instrumentation": "Full Orchestra",
        "style": "Romantic",
        "difficulty_level": "Intermediate",
        "duration": 8,
        "key_signature": "B Major",
        "availability_status": "Available"
      },
      {
        "name": "Symphony No. 5",
        "composer": "Ludwig van Beethoven",
        "instrumentation": "Full Orchestra",
        "style": "Classical",
        "difficulty_level": "Intermediate",
        "duration": 30,
        "key_signature": "C Minor",
        "availability_status": "Available"
      },
      {
        "name": "Concerto for Two Violins",
        "composer": "Johann Sebastian Bach",
        "instrumentation": "Two Violins and Orchestra",
        "style": "Baroque",
        "difficulty_level": "Advanced",
        "duration": 25,
        "key_signature": "D Minor",
        "availability_status": "Available"
      },
      {
        "name": "The Rite of Spring",
        "composer": "Igor Stravinsky",
        "instrumentation": "Full Orchestra",
        "style": "Modern",
        "difficulty_level": "Professional",
        "duration": 35,
        "key_signature": "E Major",
        "availability_status": "Available"
      },
      {
        "name": "Concerto for Orchestra",
        "composer": "B\u00e9la Bart\u00f3k",
        "instrumentation": "Full Orchestra",
        "style": "Modern",
        "difficulty_level": "Professional",
        "duration": 35,
        "key_signature": "D Major",
        "availability_status": "Available"
      }
    ],
    "status": "complete"
  }
]