[
  {
    "searcher": "Chef",
    "recommender": "Vendor",
    "dialogue": "A chef is working with a vendor to choose produce suppliers, gourmet ingredients, and seasonal availability.",
    "item_type": "Produce Suppliers",
    "criteria": [
      "Quality",
      "Pricing",
      "Delivery"
    ],
    "searcher_schema_code": "```python\nfrom dataclasses import dataclass\nfrom typing import Optional, Literal\n\n@dataclass\nclass ProduceSupplierCriteria:\n    \"\"\"Class to represent criteria and preferences for finding Produce Suppliers.\"\"\"\n    \n    name: Optional[str] = None\n    \"\"\"Optional[str]: The name of the Produce Supplier, if the Chef is looking for a specific one.\"\"\"\n    \n    quality: Optional[Literal['Low', 'Medium', 'High']] = None\n    \"\"\"Optional[Literal['Low', 'Medium', 'High']]: The desired quality level of produce.\"\"\"\n    \n    pricing: Optional[Literal['Budget', 'Moderate', 'Premium']] = None\n    \"\"\"Optional[Literal['Budget', 'Moderate', 'Premium']]: The preferred pricing category.\"\"\"\n    \n    delivery_speed: Optional[Literal['Slow', 'Standard', 'Fast']] = None\n    \"\"\"Optional[Literal['Slow', 'Standard', 'Fast']]: The preferred delivery speed.\"\"\"\n    \n    seasonal_availability: Optional[bool] = None\n    \"\"\"Optional[bool]: Whether the supplier should have seasonal produce available.\"\"\"\n    \n    organic_produce: Optional[bool] = None\n    \"\"\"Optional[bool]: Preference for suppliers who provide organic produce.\"\"\"\n    \n    locality: Optional[Literal['Local', 'National', 'International']] = None\n    \"\"\"Optional[Literal['Local', 'National', 'International']]: The preferred locality of the supplier.\"\"\"\n    \n    eco_friendly: Optional[bool] = None\n    \"\"\"Optional[bool]: Whether the supplier should have eco-friendly practices.\"\"\"\n    \n    customer_service: Optional[Literal['Poor', 'Good', 'Excellent']] = None\n    \"\"\"Optional[Literal['Poor', 'Good', 'Excellent']]: The preferred level of customer service.\"\"\"\n    \n    variety: Optional[Literal['Limited', 'Standard', 'Extensive']] = None\n    \"\"\"Optional[Literal['Limited', 'Standard', 'Extensive']]: The range of produce variety offered.\"\"\"\n```",
    "recommender_schema_code": "```python\nfrom dataclasses import dataclass\nfrom typing import Optional, Literal\n\n@dataclass\nclass ProduceSupplierInfo:\n    \"\"\"Class to represent the knowledge of a Vendor about each Produce Supplier.\"\"\"\n\n    name: Optional[str] = None\n    \"\"\"Optional[str]: The name of the Produce Supplier.\"\"\"\n\n    quality: Optional[Literal['Low', 'Medium', 'High']] = None\n    \"\"\"Optional[Literal['Low', 'Medium', 'High']]: The quality level of produce.\"\"\"\n\n    pricing: Optional[Literal['Budget', 'Moderate', 'Premium']] = None\n    \"\"\"Optional[Literal['Budget', 'Moderate', 'Premium']]: The pricing category.\"\"\"\n\n    delivery_speed: Optional[Literal['Slow', 'Standard', 'Fast']] = None\n    \"\"\"Optional[Literal['Slow', 'Standard', 'Fast']]: The delivery speed.\"\"\"\n\n    seasonal_availability: Optional[bool] = None\n    \"\"\"Optional[bool]: Whether the supplier has seasonal produce available.\"\"\"\n\n    organic_produce: Optional[bool] = None\n    \"\"\"Optional[bool]: Whether the supplier provides organic produce.\"\"\"\n\n    locality: Optional[Literal['Local', 'National', 'International']] = None\n    \"\"\"Optional[Literal['Local', 'National', 'International']]: The locality of the supplier.\"\"\"\n\n    eco_friendly: Optional[bool] = None\n    \"\"\"Optional[bool]: Whether the supplier has eco-friendly practices.\"\"\"\n\n    customer_service: Optional[Literal['Poor', 'Good', 'Excellent']] = None\n    \"\"\"Optional[Literal['Poor', 'Good', 'Excellent']]: The level of customer service.\"\"\"\n\n    variety: Optional[Literal['Limited', 'Standard', 'Extensive']] = None\n    \"\"\"Optional[Literal['Limited', 'Standard', 'Extensive']]: The range of produce variety offered.\"\"\"\n\n    def matches_criteria(self, criteria: 'ProduceSupplierCriteria') -> bool:\n        \"\"\"\n        Check if the supplier information matches all the non-None criteria.\n\n        Args:\n            criteria (ProduceSupplierCriteria): The search criteria.\n\n        Returns:\n            bool: True if the supplier matches all non-None criteria, False otherwise.\n        \"\"\"\n        if criteria.name and self.name != criteria.name:\n            return False\n        if criteria.quality and self.quality != criteria.quality:\n            return False\n        if criteria.pricing and self.pricing != criteria.pricing:\n            return False\n        if criteria.delivery_speed and self.delivery_speed != criteria.delivery_speed:\n            return False\n        if criteria.seasonal_availability is not None and self.seasonal_availability != criteria.seasonal_availability:\n            return False\n        if criteria.organic_produce is not None and self.organic_produce != criteria.organic_produce:\n            return False\n        if criteria.locality and self.locality != criteria.locality:\n            return False\n        if criteria.eco_friendly is not None and self.eco_friendly != criteria.eco_friendly:\n            return False\n        if criteria.customer_service and self.customer_service != criteria.customer_service:\n            return False\n        if criteria.variety and self.variety != criteria.variety:\n            return False\n        \n        return True\n```",
    "searcher_schema": {
      "name": {
        "type": "typing.Optional[str]",
        "desc": "Optional[str]: The name of the Produce Supplier, if the Chef is looking for a specific one."
      },
      "quality": {
        "type": "typing.Optional[typing.Literal['Low', 'Medium', 'High']]",
        "desc": "Optional[Literal['Low', 'Medium', 'High']]: The desired quality level of produce."
      },
      "pricing": {
        "type": "typing.Optional[typing.Literal['Budget', 'Moderate', 'Premium']]",
        "desc": "Optional[Literal['Budget', 'Moderate', 'Premium']]: The preferred pricing category."
      },
      "delivery_speed": {
        "type": "typing.Optional[typing.Literal['Slow', 'Standard', 'Fast']]",
        "desc": "Optional[Literal['Slow', 'Standard', 'Fast']]: The preferred delivery speed."
      },
      "seasonal_availability": {
        "type": "typing.Optional[bool]",
        "desc": "Optional[bool]: Whether the supplier should have seasonal produce available."
      },
      "organic_produce": {
        "type": "typing.Optional[bool]",
        "desc": "Optional[bool]: Preference for suppliers who provide organic produce."
      },
      "locality": {
        "type": "typing.Optional[typing.Literal['Local', 'National', 'International']]",
        "desc": "Optional[Literal['Local', 'National', 'International']]: The preferred locality of the supplier."
      },
      "eco_friendly": {
        "type": "typing.Optional[bool]",
        "desc": "Optional[bool]: Whether the supplier should have eco-friendly practices."
      },
      "customer_service": {
        "type": "typing.Optional[typing.Literal['Poor', 'Good', 'Excellent']]",
        "desc": "Optional[Literal['Poor', 'Good', 'Excellent']]: The preferred level of customer service."
      },
      "variety": {
        "type": "typing.Optional[typing.Literal['Limited', 'Standard', 'Extensive']]",
        "desc": "Optional[Literal['Limited', 'Standard', 'Extensive']]: The range of produce variety offered."
      }
    }
  },
  {
    "searcher": "Chef",
    "recommender": "Vendor",
    "dialogue": "A chef is working with a vendor to choose produce suppliers, gourmet ingredients, and seasonal availability.",
    "item_type": "Gourmet Ingredients",
    "criteria": [
      "Type",
      "Region",
      "Availability"
    ],
    "searcher_schema_code": "```python\nfrom dataclasses import dataclass\nfrom typing import Optional, Literal\n\n@dataclass\nclass GourmetIngredientCriteria:\n    \"\"\"Dataclass to represent the search criteria for gourmet ingredients.\"\"\"\n\n    name: Optional[str] = None\n    \"\"\"The specific name of the gourmet ingredient the Chef is looking for.\"\"\"\n    \n    type: Optional[Literal['vegetable', 'fruit', 'spice', 'herb', 'meat', 'dairy', 'grain']] = None\n    \"\"\"The type of gourmet ingredient, which could be a vegetable, fruit, spice, herb, meat, dairy, or grain.\"\"\"\n    \n    region: Optional[str] = None\n    \"\"\"The geographical region where the gourmet ingredient is sourced from.\"\"\"\n    \n    availability: Optional[Literal['year-round', 'seasonal']] = None\n    \"\"\"The availability of the ingredient, whether it is available year-round or only seasonally.\"\"\"\n    \n    organic: Optional[bool] = None\n    \"\"\"A preference indicating whether the ingredient should be organically produced.\"\"\"\n    \n    price_range: Optional[Literal['low', 'medium', 'high']] = None\n    \"\"\"The preferred price range for the gourmet ingredient: low, medium, or high.\"\"\"\n    \n    supplier_rating: Optional[float] = None\n    \"\"\"The minimum supplier rating required, on a scale from 0.0 to 5.0.\"\"\"\n```\n",
    "recommender_schema_code": "```python\nfrom dataclasses import dataclass\nfrom typing import Optional, Literal\n\n@dataclass\nclass GourmetIngredientInfo:\n    \"\"\"Dataclass to represent the vendor's knowledge of gourmet ingredients.\"\"\"\n\n    name: Optional[str] = None\n    \"\"\"The name of the gourmet ingredient.\"\"\"\n\n    type: Optional[Literal['vegetable', 'fruit', 'spice', 'herb', 'meat', 'dairy', 'grain']] = None\n    \"\"\"The type of gourmet ingredient.\"\"\"\n\n    region: Optional[str] = None\n    \"\"\"The geographical region where the gourmet ingredient is sourced from.\"\"\"\n\n    availability: Optional[Literal['year-round', 'seasonal']] = None\n    \"\"\"The availability of the ingredient.\"\"\"\n\n    organic: Optional[bool] = None\n    \"\"\"Indicates whether the ingredient is organically produced.\"\"\"\n\n    price_range: Optional[Literal['low', 'medium', 'high']] = None\n    \"\"\"The price range of the gourmet ingredient.\"\"\"\n\n    supplier_rating: Optional[float] = None\n    \"\"\"The supplier's rating, from 0.0 to 5.0.\"\"\"\n\n    def matches_criteria(self, criteria: GourmetIngredientCriteria) -> bool:\n        \"\"\"Determines if the ingredient matches the given search criteria.\"\"\"\n        if criteria.name is not None and self.name != criteria.name:\n            return False\n        if criteria.type is not None and self.type != criteria.type:\n            return False\n        if criteria.region is not None and self.region != criteria.region:\n            return False\n        if criteria.availability is not None and self.availability != criteria.availability:\n            return False\n        if criteria.organic is not None and self.organic != criteria.organic:\n            return False\n        if criteria.price_range is not None and self.price_range != criteria.price_range:\n            return False\n        if criteria.supplier_rating is not None and (self.supplier_rating is None or self.supplier_rating < criteria.supplier_rating):\n            return False\n        return True\n```\n",
    "searcher_schema": {
      "name": {
        "type": "typing.Optional[str]",
        "desc": "The specific name of the gourmet ingredient the Chef is looking for."
      },
      "type": {
        "type": "typing.Optional[typing.Literal['vegetable', 'fruit', 'spice', 'herb', 'meat', 'dairy', 'grain']]",
        "desc": "The type of gourmet ingredient, which could be a vegetable, fruit, spice, herb, meat, dairy, or grain."
      },
      "region": {
        "type": "typing.Optional[str]",
        "desc": "The geographical region where the gourmet ingredient is sourced from."
      },
      "availability": {
        "type": "typing.Optional[typing.Literal['year-round', 'seasonal']]",
        "desc": "The availability of the ingredient, whether it is available year-round or only seasonally."
      },
      "organic": {
        "type": "typing.Optional[bool]",
        "desc": "A preference indicating whether the ingredient should be organically produced."
      },
      "price_range": {
        "type": "typing.Optional[typing.Literal['low', 'medium', 'high']]",
        "desc": "The preferred price range for the gourmet ingredient: low, medium, or high."
      },
      "supplier_rating": {
        "type": "typing.Optional[float]",
        "desc": "The minimum supplier rating required, on a scale from 0.0 to 5.0."
      }
    }
  },
  {
    "searcher": "Chef",
    "recommender": "Vendor",
    "dialogue": "A chef is working with a vendor to choose produce suppliers, gourmet ingredients, and seasonal availability.",
    "item_type": "Seasonal Availability",
    "criteria": [
      "Season",
      "Type",
      "Local"
    ],
    "searcher_schema_code": "```python\nfrom dataclasses import dataclass\nfrom typing import Optional, Literal\n\n@dataclass\nclass SeasonalAvailabilityCriteria:\n    \"\"\"\n    A dataclass to represent the criteria and preferences for finding a Seasonal Availability.\n    \"\"\"\n    name: Optional[str] = None\n    \"\"\"The name of the specific Seasonal Availability if the Chef is looking for a particular one.\"\"\"\n    \n    season: Optional[Literal['Spring', 'Summer', 'Fall', 'Winter']] = None\n    \"\"\"The season during which the produce is available.\"\"\"\n    \n    type: Optional[str] = None\n    \"\"\"The type of produce or ingredient, e.g., 'Fruit', 'Vegetable', 'Herb', etc.\"\"\"\n    \n    local: Optional[bool] = None\n    \"\"\"Indicates whether the produce is locally sourced.\"\"\"\n    \n    organic: Optional[bool] = None\n    \"\"\"Indicates whether the produce is organically grown.\"\"\"\n    \n    gourmet: Optional[bool] = None\n    \"\"\"Indicates whether the produce is considered gourmet quality.\"\"\"\n```",
    "recommender_schema_code": "```python\nfrom dataclasses import dataclass\nfrom typing import Optional, Literal\n\n@dataclass\nclass VendorSeasonalAvailability:\n    \"\"\"\n    A dataclass to represent the Vendor's knowledge of each Seasonal Availability.\n    \"\"\"\n    name: Optional[str] = None\n    \"\"\"The name of the specific Seasonal Availability.\"\"\"\n\n    season: Optional[Literal['Spring', 'Summer', 'Fall', 'Winter']] = None\n    \"\"\"The season during which the produce is available.\"\"\"\n\n    type: Optional[str] = None\n    \"\"\"The type of produce or ingredient, e.g., 'Fruit', 'Vegetable', 'Herb', etc.\"\"\"\n\n    local: Optional[bool] = None\n    \"\"\"Indicates whether the produce is locally sourced.\"\"\"\n\n    organic: Optional[bool] = None\n    \"\"\"Indicates whether the produce is organically grown.\"\"\"\n\n    gourmet: Optional[bool] = None\n    \"\"\"Indicates whether the produce is considered gourmet quality.\"\"\"\n\n    def matches_criteria(self, criteria: SeasonalAvailabilityCriteria) -> bool:\n        \"\"\"\n        Determines if the Vendor's Seasonal Availability matches the given search criteria.\n\n        :param criteria: A SeasonalAvailabilityCriteria object containing the search preferences.\n        :return: True if the availability matches the criteria, False otherwise.\n        \"\"\"\n        if criteria.name is not None and self.name != criteria.name:\n            return False\n        if criteria.season is not None and self.season != criteria.season:\n            return False\n        if criteria.type is not None and self.type != criteria.type:\n            return False\n        if criteria.local is not None and self.local != criteria.local:\n            return False\n        if criteria.organic is not None and self.organic != criteria.organic:\n            return False\n        if criteria.gourmet is not None and self.gourmet != criteria.gourmet:\n            return False\n        return True\n```",
    "searcher_schema": {
      "name": {
        "type": "typing.Optional[str]",
        "desc": "The name of the specific Seasonal Availability if the Chef is looking for a particular one."
      },
      "season": {
        "type": "typing.Optional[typing.Literal['Spring', 'Summer', 'Fall', 'Winter']]",
        "desc": "The season during which the produce is available."
      },
      "type": {
        "type": "typing.Optional[str]",
        "desc": "The type of produce or ingredient, e.g., 'Fruit', 'Vegetable', 'Herb', etc."
      },
      "local": {
        "type": "typing.Optional[bool]",
        "desc": "Indicates whether the produce is locally sourced."
      },
      "organic": {
        "type": "typing.Optional[bool]",
        "desc": "Indicates whether the produce is organically grown."
      },
      "gourmet": {
        "type": "typing.Optional[bool]",
        "desc": "Indicates whether the produce is considered gourmet quality."
      }
    }
  }
]