[
  {
    "domain": "Films",
    "turns": [
      [
        "Hey, do you have any Drama films from 2016 directed by Barry Jenkins that were nominated for awards?",
        {
          "name": null,
          "genre": "Drama",
          "runtime": null,
          "awards": "Nominated",
          "language": null,
          "country": null,
          "year": 2016,
          "director": "Barry Jenkins",
          "cast": null,
          "festival_screening": null,
          "jury_panel": null
        },
        "Yes, I have \"Moonlight,\" which fits that description. Would you like more details?"
      ],
      [
        "Yes, could you share the runtime and any awards it was nominated for?",
        {
          "name": "Moonlight",
          "genre": "Drama",
          "runtime": null,
          "awards": "Nominated",
          "language": null,
          "country": null,
          "year": 2016,
          "director": "Barry Jenkins",
          "cast": null,
          "festival_screening": null,
          "jury_panel": null
        },
        "\"Moonlight\" has a runtime of 110 minutes and was nominated for awards."
      ],
      [
        "That sounds perfect! Is it being screened at the festival?",
        {
          "name": "Moonlight",
          "genre": "Drama",
          "runtime": 110,
          "awards": "Nominated",
          "language": null,
          "country": null,
          "year": 2016,
          "director": "Barry Jenkins",
          "cast": null,
          "festival_screening": null,
          "jury_panel": null
        },
        "Yes, \"Moonlight\" is being screened at the festival."
      ],
      [
        "Great! Let\u2019s finalize \"Moonlight\" for the festival.",
        {
          "name": "Moonlight",
          "genre": "Drama",
          "runtime": 110,
          "awards": "Nominated",
          "language": null,
          "country": null,
          "year": 2016,
          "director": "Barry Jenkins",
          "cast": null,
          "festival_screening": true,
          "jury_panel": null
        },
        "Awesome choice! \"Moonlight\" is confirmed for the festival."
      ]
    ],
    "preferences_code": "```python\npreferences = FilmCriteria(\n    name='Moonlight',\n    genre='Drama',\n    runtime=110,\n    awards='Nominated',\n    language='English',\n    country='USA',\n    year=2016,\n    director='Barry Jenkins',\n    cast='Alex R. Hibbert, Mahershala Ali, Naomie Harris',\n    festival_screening=True,\n    jury_panel=False,\n)\n```",
    "red_herrings_code": "```python\n# Global variable containing a list of Film examples that are similar to the target film\nsimilar_films = [\n    Film(\n        name='Moonlight',\n        genre='Drama',\n        runtime=110,\n        awards='Nominated',\n        language='English',\n        country='USA',\n        year=2016,\n        director='Barry Jenkins',\n        cast=['Alex R. Hibbert', 'Mahershala Ali', 'Naomie Harris'],\n        festival_screening=True,\n        jury_panel=False,\n    ),\n    Film(\n        name='Moonlight',\n        genre='Drama',\n        runtime=111,\n        awards='Won',\n        language='Spanish',\n        country='USA',\n        year=2016,\n        director='Barry Jenkins',\n        cast=['Alex R. Hibbert', 'Mahershala Ali', 'Naomie Harris'],\n        festival_screening=True,\n        jury_panel=False,\n    ),\n    Film(\n        name='Moonlight',\n        genre='Drama',\n        runtime=120,\n        awards='None',\n        language='English',\n        country='Canada',\n        year=2016,\n        director='Barry Jenkins',\n        cast=['Alex R. Hibbert', 'Mahershala Ali', 'Naomie Harris'],\n        festival_screening=False,\n        jury_panel=True,\n    )\n]\n```",
    "database_code": "```python\n# Global variable representing a list of Film examples\nfilms: List[Film] = [\n    Film(\n        name=\"Inception\",\n        genre=\"Science Fiction\",\n        runtime=148,\n        awards=\"Won\",\n        language=\"English\",\n        country=\"USA\",\n        year=2010,\n        director=\"Christopher Nolan\",\n        cast=[\"Leonardo DiCaprio\", \"Joseph Gordon-Levitt\", \"Elliot Page\"],\n        festival_screening=True,\n        jury_panel=False\n    ),\n    Film(\n        name=\"Parasite\",\n        genre=\"Thriller\",\n        runtime=132,\n        awards=\"Won\",\n        language=\"Korean\",\n        country=\"South Korea\",\n        year=2019,\n        director=\"Bong Joon-ho\",\n        cast=[\"Kang-ho Song\", \"Yeo-jeong Jo\", \"Choi Woo-shik\"],\n        festival_screening=True,\n        jury_panel=True\n    ),\n    Film(\n        name=\"The Godfather\",\n        genre=\"Crime\",\n        runtime=175,\n        awards=\"Won\",\n        language=\"English\",\n        country=\"USA\",\n        year=1972,\n        director=\"Francis Ford Coppola\",\n        cast=[\"Marlon Brando\", \"Al Pacino\", \"James Caan\"],\n        festival_screening=False,\n        jury_panel=False\n    ),\n    Film(\n        name=\"Am\u00e9lie\",\n        genre=\"Romantic Comedy\",\n        runtime=122,\n        awards=\"Nominated\",\n        language=\"French\",\n        country=\"France\",\n        year=2001,\n        director=\"Jean-Pierre Jeunet\",\n        cast=[\"Audrey Tautou\", \"Mathieu Kassovitz\", \"Rufus\"],\n        festival_screening=True,\n        jury_panel=False\n    ),\n    Film(\n        name=\"Spirited Away\",\n        genre=\"Animation\",\n        runtime=125,\n        awards=\"Won\",\n        language=\"Japanese\",\n        country=\"Japan\",\n        year=2001,\n        director=\"Hayao Miyazaki\",\n        cast=[\"Rumi Hiiragi\", \"Miyu Irino\", \"Mari Natsuki\"],\n        festival_screening=True,\n        jury_panel=True\n    ),\n    Film(\n        name=\"The Shawshank Redemption\",\n        genre=\"Drama\",\n        runtime=142,\n        awards=\"Nominated\",\n        language=\"English\",\n        country=\"USA\",\n        year=1994,\n        director=\"Frank Darabont\",\n        cast=[\"Tim Robbins\", \"Morgan Freeman\", \"William Sadler\"],\n        festival_screening=False,\n        jury_panel=False\n    ),\n    Film(\n        name=\"The Grand Budapest Hotel\",\n        genre=\"Comedy\",\n        runtime=99,\n        awards=\"Nominated\",\n        language=\"English\",\n        country=\"USA\",\n        year=2014,\n        director=\"Wes Anderson\",\n        cast=[\"Ralph Fiennes\", \"F. Murray Abraham\", \"Mathieu Amalric\"],\n        festival_screening=True,\n        jury_panel=False\n    ),\n    Film(\n        name=\"Crouching Tiger, Hidden Dragon\",\n        genre=\"Action\",\n        runtime=120,\n        awards=\"Won\",\n        language=\"Mandarin\",\n        country=\"China\",\n        year=2000,\n        director=\"Ang Lee\",\n        cast=[\"Michelle Yeoh\", \"Chow Yun-fat\", \"Zhang Ziyi\"],\n        festival_screening=True,\n        jury_panel=True\n    ),\n    Film(\n        name=\"Moonlight\",\n        genre=\"Drama\",\n        runtime=111,\n        awards=\"Won\",\n        language=\"English\",\n        country=\"USA\",\n        year=2016,\n        director=\"Barry Jenkins\",\n        cast=[\"Alex R. Hibbert\", \"Mahershala Ali\", \"Naomie Harris\"],\n        festival_screening=True,\n        jury_panel=False\n    ),\n    Film(\n        name=\"Get Out\",\n        genre=\"Horror\",\n        runtime=104,\n        awards=\"Nominated\",\n        language=\"English\",\n        country=\"USA\",\n        year=2017,\n        director=\"Jordan Peele\",\n        cast=[\"Daniel Kaluuya\", \"Allison Williams\", \"Catherine Keener\"],\n        festival_screening=False,\n        jury_panel=False\n    )\n]\n```",
    "goal": {
      "name": null,
      "genre": "Drama",
      "runtime": 110,
      "awards": "Nominated",
      "language": null,
      "country": null,
      "year": 2016,
      "director": "Barry Jenkins",
      "cast": null,
      "festival_screening": null,
      "jury_panel": false
    },
    "database": [
      {
        "name": "Moonlight",
        "genre": "Drama",
        "runtime": 110,
        "awards": "Nominated",
        "language": "English",
        "country": "USA",
        "year": 2016,
        "director": "Barry Jenkins",
        "cast": [
          "Alex R. Hibbert",
          "Mahershala Ali",
          "Naomie Harris"
        ],
        "festival_screening": true,
        "jury_panel": false
      },
      {
        "name": "The Shawshank Redemption",
        "genre": "Drama",
        "runtime": 142,
        "awards": "Nominated",
        "language": "English",
        "country": "USA",
        "year": 1994,
        "director": "Frank Darabont",
        "cast": [
          "Tim Robbins",
          "Morgan Freeman",
          "William Sadler"
        ],
        "festival_screening": false,
        "jury_panel": false
      },
      {
        "name": "Am\u00e9lie",
        "genre": "Romantic Comedy",
        "runtime": 122,
        "awards": "Nominated",
        "language": "French",
        "country": "France",
        "year": 2001,
        "director": "Jean-Pierre Jeunet",
        "cast": [
          "Audrey Tautou",
          "Mathieu Kassovitz",
          "Rufus"
        ],
        "festival_screening": true,
        "jury_panel": false
      },
      {
        "name": "The Godfather",
        "genre": "Crime",
        "runtime": 175,
        "awards": "Won",
        "language": "English",
        "country": "USA",
        "year": 1972,
        "director": "Francis Ford Coppola",
        "cast": [
          "Marlon Brando",
          "Al Pacino",
          "James Caan"
        ],
        "festival_screening": false,
        "jury_panel": false
      },
      {
        "name": "Crouching Tiger, Hidden Dragon",
        "genre": "Action",
        "runtime": 120,
        "awards": "Won",
        "language": "Mandarin",
        "country": "China",
        "year": 2000,
        "director": "Ang Lee",
        "cast": [
          "Michelle Yeoh",
          "Chow Yun-fat",
          "Zhang Ziyi"
        ],
        "festival_screening": true,
        "jury_panel": true
      },
      {
        "name": "Spirited Away",
        "genre": "Animation",
        "runtime": 125,
        "awards": "Won",
        "language": "Japanese",
        "country": "Japan",
        "year": 2001,
        "director": "Hayao Miyazaki",
        "cast": [
          "Rumi Hiiragi",
          "Miyu Irino",
          "Mari Natsuki"
        ],
        "festival_screening": true,
        "jury_panel": true
      },
      {
        "name": "Inception",
        "genre": "Science Fiction",
        "runtime": 148,
        "awards": "Won",
        "language": "English",
        "country": "USA",
        "year": 2010,
        "director": "Christopher Nolan",
        "cast": [
          "Leonardo DiCaprio",
          "Joseph Gordon-Levitt",
          "Elliot Page"
        ],
        "festival_screening": true,
        "jury_panel": false
      },
      {
        "name": "Parasite",
        "genre": "Thriller",
        "runtime": 132,
        "awards": "Won",
        "language": "Korean",
        "country": "South Korea",
        "year": 2019,
        "director": "Bong Joon-ho",
        "cast": [
          "Kang-ho Song",
          "Yeo-jeong Jo",
          "Choi Woo-shik"
        ],
        "festival_screening": true,
        "jury_panel": true
      },
      {
        "name": "Moonlight",
        "genre": "Drama",
        "runtime": 120,
        "awards": "None",
        "language": "English",
        "country": "Canada",
        "year": 2016,
        "director": "Barry Jenkins",
        "cast": [
          "Alex R. Hibbert",
          "Mahershala Ali",
          "Naomie Harris"
        ],
        "festival_screening": false,
        "jury_panel": true
      },
      {
        "name": "The Grand Budapest Hotel",
        "genre": "Comedy",
        "runtime": 99,
        "awards": "Nominated",
        "language": "English",
        "country": "USA",
        "year": 2014,
        "director": "Wes Anderson",
        "cast": [
          "Ralph Fiennes",
          "F. Murray Abraham",
          "Mathieu Amalric"
        ],
        "festival_screening": true,
        "jury_panel": false
      },
      {
        "name": "Moonlight",
        "genre": "Drama",
        "runtime": 111,
        "awards": "Won",
        "language": "English",
        "country": "USA",
        "year": 2016,
        "director": "Barry Jenkins",
        "cast": [
          "Alex R. Hibbert",
          "Mahershala Ali",
          "Naomie Harris"
        ],
        "festival_screening": true,
        "jury_panel": false
      },
      {
        "name": "Moonlight",
        "genre": "Drama",
        "runtime": 111,
        "awards": "Won",
        "language": "Spanish",
        "country": "USA",
        "year": 2016,
        "director": "Barry Jenkins",
        "cast": [
          "Alex R. Hibbert",
          "Mahershala Ali",
          "Naomie Harris"
        ],
        "festival_screening": true,
        "jury_panel": false
      },
      {
        "name": "Get Out",
        "genre": "Horror",
        "runtime": 104,
        "awards": "Nominated",
        "language": "English",
        "country": "USA",
        "year": 2017,
        "director": "Jordan Peele",
        "cast": [
          "Daniel Kaluuya",
          "Allison Williams",
          "Catherine Keener"
        ],
        "festival_screening": false,
        "jury_panel": false
      }
    ],
    "status": "complete"
  },
  {
    "domain": "Screening Schedules",
    "turns": [
      [
        "Thanks! Now, can you help me find any morning screenings in 3D?",
        {
          "name": null,
          "time_of_day": "morning",
          "duration": null,
          "screening_format": "3D",
          "audience_type": null,
          "language": null,
          "genre": null,
          "is_premiere": null,
          "subtitle_language": null,
          "location": null
        },
        "Sure! Let me check for morning screenings in 3D. Just a moment!"
      ],
      [
        "Thanks! I appreciate it.",
        {
          "name": null,
          "time_of_day": "morning",
          "duration": null,
          "screening_format": "3D",
          "audience_type": null,
          "language": null,
          "genre": null,
          "is_premiere": null,
          "subtitle_language": null,
          "location": null
        },
        "You're welcome! I found one: the \"Moonlight Educational Screening\" in 3D, scheduled for the morning. Would you like more details?"
      ],
      [
        "Yes, please! What\u2019s the duration and the exact time?",
        {
          "name": "Moonlight Educational Screening",
          "time_of_day": "morning",
          "duration": 110,
          "screening_format": "3D",
          "audience_type": null,
          "language": null,
          "genre": null,
          "is_premiere": null,
          "subtitle_language": null,
          "location": null
        },
        "The \"Moonlight Educational Screening\" has a duration of 120 minutes. The exact time is in the morning, but I can check the specific time for you if you'd like!"
      ],
      [
        "Yes, could you find out the specific time for me?",
        {
          "name": "Moonlight Educational Screening",
          "time_of_day": "morning",
          "duration": 120,
          "screening_format": "3D",
          "audience_type": null,
          "language": null,
          "genre": null,
          "is_premiere": null,
          "subtitle_language": null,
          "location": null
        },
        "I'm sorry, but I don't have the specific time available. Would you like to proceed with the morning screening anyway?"
      ],
      [
        "Yes, let\u2019s proceed with the morning screening then!",
        {
          "name": "Moonlight Educational Screening",
          "time_of_day": "morning",
          "duration": 120,
          "screening_format": "3D",
          "audience_type": null,
          "language": null,
          "genre": null,
          "is_premiere": null,
          "subtitle_language": null,
          "location": null
        },
        "Great choice! The \"Moonlight Educational Screening\" is confirmed for the morning."
      ]
    ],
    "preferences_code": "```python\npreferences = ScreeningScheduleCriteria(\n    name='Moonlight Educational Screening',\n    time_of_day='morning',\n    duration=120,\n    screening_format='3D',\n    audience_type='general',\n    language='English',\n    genre='Drama',\n    is_premiere=False,\n    subtitle_language=None,\n    location='Educational Center',\n)\n```",
    "red_herrings_code": "```python\n# Global variable containing a list of similar FestivalScreeningSchedule objects\nsimilar_screening_schedules = [\n    FestivalScreeningSchedule(\n        name='Moonlight Evening Screening',\n        time_of_day='evening',\n        duration=110,\n        screening_format='2D',\n        audience_type='general',\n        language='English',\n        genre='Drama',\n        is_premiere=False,\n        subtitle_language=None,\n        location='Community Hall',\n    ),\n    FestivalScreeningSchedule(\n        name='Moonlight Educational Screening',\n        time_of_day='morning',\n        duration=120,  # Different duration\n        screening_format='3D',\n        audience_type='general',\n        language='English',\n        genre='Drama',\n        is_premiere=False,\n        subtitle_language=None,\n        location='Educational Center',\n    ),\n    FestivalScreeningSchedule(\n        name='Moonlight Press Screening',\n        time_of_day='morning',\n        duration=110,\n        screening_format='2D',\n        audience_type='press',  # Different audience type\n        language='English',\n        genre='Drama',\n        is_premiere=False,\n        subtitle_language=None,\n        location='Press Room',\n    ),\n]\n```",
    "database_code": "```python\n# Global variable representing a list of screening schedules\nscreening_schedules = [\n    FestivalScreeningSchedule(\n        name=\"Moonlight Premiere\",\n        time_of_day='evening',\n        duration=110,\n        screening_format='2D',\n        audience_type='general',\n        language='English',\n        genre='Drama',\n        is_premiere=True,\n        subtitle_language=None,\n        location='Main Auditorium'\n    ),\n    FestivalScreeningSchedule(\n        name=\"Moonlight Press Screening\",\n        time_of_day='afternoon',\n        duration=110,\n        screening_format='2D',\n        audience_type='press',\n        language='English',\n        genre='Drama',\n        is_premiere=False,\n        subtitle_language='Spanish',\n        location='Press Room'\n    ),\n    FestivalScreeningSchedule(\n        name=\"Moonlight VIP Screening\",\n        time_of_day='night',\n        duration=110,\n        screening_format='IMAX',\n        audience_type='vip',\n        language='English',\n        genre='Drama',\n        is_premiere=False,\n        subtitle_language=None,\n        location='VIP Lounge'\n    ),\n    FestivalScreeningSchedule(\n        name=\"Moonlight General Screening\",\n        time_of_day='afternoon',\n        duration=110,\n        screening_format='3D',\n        audience_type='general',\n        language='English',\n        genre='Drama',\n        is_premiere=False,\n        subtitle_language='French',\n        location='Screening Room 1'\n    ),\n    FestivalScreeningSchedule(\n        name=\"Moonlight Late Night Screening\",\n        time_of_day='night',\n        duration=110,\n        screening_format='4DX',\n        audience_type='general',\n        language='English',\n        genre='Drama',\n        is_premiere=False,\n        subtitle_language=None,\n        location='Screening Room 2'\n    ),\n    FestivalScreeningSchedule(\n        name=\"Moonlight Industry Screening\",\n        time_of_day='morning',\n        duration=110,\n        screening_format='2D',\n        audience_type='industry',\n        language='English',\n        genre='Drama',\n        is_premiere=False,\n        subtitle_language='German',\n        location='Industry Hall'\n    ),\n    FestivalScreeningSchedule(\n        name=\"Moonlight Family Screening\",\n        time_of_day='afternoon',\n        duration=110,\n        screening_format='2D',\n        audience_type='general',\n        language='English',\n        genre='Drama',\n        is_premiere=False,\n        subtitle_language='Italian',\n        location='Family Zone'\n    ),\n    FestivalScreeningSchedule(\n        name=\"Moonlight Special Screening\",\n        time_of_day='evening',\n        duration=110,\n        screening_format='3D',\n        audience_type='vip',\n        language='English',\n        genre='Drama',\n        is_premiere=True,\n        subtitle_language='Chinese',\n        location='Special Events Room'\n    ),\n    FestivalScreeningSchedule(\n        name=\"Moonlight Educational Screening\",\n        time_of_day='morning',\n        duration=110,\n        screening_format='2D',\n        audience_type='general',\n        language='English',\n        genre='Drama',\n        is_premiere=False,\n        subtitle_language=None,\n        location='Educational Center'\n    ),\n    FestivalScreeningSchedule(\n        name=\"Moonlight Community Screening\",\n        time_of_day='afternoon',\n        duration=110,\n        screening_format='IMAX',\n        audience_type='general',\n        language='English',\n        genre='Drama',\n        is_premiere=False,\n        subtitle_language='Japanese',\n        location='Community Hall'\n    )\n]\n```",
    "goal": {
      "name": null,
      "time_of_day": "morning",
      "duration": 120,
      "screening_format": "3D",
      "audience_type": "general",
      "language": "English",
      "genre": "Drama",
      "is_premiere": false,
      "subtitle_language": null,
      "location": "Educational Center"
    },
    "database": [
      {
        "name": "Moonlight Press Screening",
        "time_of_day": "afternoon",
        "duration": 110,
        "screening_format": "2D",
        "audience_type": "press",
        "language": "English",
        "genre": "Drama",
        "is_premiere": false,
        "subtitle_language": "Spanish",
        "location": "Press Room"
      },
      {
        "name": "Moonlight Late Night Screening",
        "time_of_day": "night",
        "duration": 110,
        "screening_format": "4DX",
        "audience_type": "general",
        "language": "English",
        "genre": "Drama",
        "is_premiere": false,
        "subtitle_language": null,
        "location": "Screening Room 2"
      },
      {
        "name": "Moonlight Premiere",
        "time_of_day": "evening",
        "duration": 110,
        "screening_format": "2D",
        "audience_type": "general",
        "language": "English",
        "genre": "Drama",
        "is_premiere": true,
        "subtitle_language": null,
        "location": "Main Auditorium"
      },
      {
        "name": "Moonlight Educational Screening",
        "time_of_day": "morning",
        "duration": 120,
        "screening_format": "3D",
        "audience_type": "general",
        "language": "English",
        "genre": "Drama",
        "is_premiere": false,
        "subtitle_language": null,
        "location": "Educational Center"
      },
      {
        "name": "Moonlight Special Screening",
        "time_of_day": "evening",
        "duration": 110,
        "screening_format": "3D",
        "audience_type": "vip",
        "language": "English",
        "genre": "Drama",
        "is_premiere": true,
        "subtitle_language": "Chinese",
        "location": "Special Events Room"
      },
      {
        "name": "Moonlight Press Screening",
        "time_of_day": "morning",
        "duration": 110,
        "screening_format": "2D",
        "audience_type": "press",
        "language": "English",
        "genre": "Drama",
        "is_premiere": false,
        "subtitle_language": null,
        "location": "Press Room"
      },
      {
        "name": "Moonlight Family Screening",
        "time_of_day": "afternoon",
        "duration": 110,
        "screening_format": "2D",
        "audience_type": "general",
        "language": "English",
        "genre": "Drama",
        "is_premiere": false,
        "subtitle_language": "Italian",
        "location": "Family Zone"
      },
      {
        "name": "Moonlight Industry Screening",
        "time_of_day": "morning",
        "duration": 110,
        "screening_format": "2D",
        "audience_type": "industry",
        "language": "English",
        "genre": "Drama",
        "is_premiere": false,
        "subtitle_language": "German",
        "location": "Industry Hall"
      },
      {
        "name": "Moonlight Community Screening",
        "time_of_day": "afternoon",
        "duration": 110,
        "screening_format": "IMAX",
        "audience_type": "general",
        "language": "English",
        "genre": "Drama",
        "is_premiere": false,
        "subtitle_language": "Japanese",
        "location": "Community Hall"
      },
      {
        "name": "Moonlight VIP Screening",
        "time_of_day": "night",
        "duration": 110,
        "screening_format": "IMAX",
        "audience_type": "vip",
        "language": "English",
        "genre": "Drama",
        "is_premiere": false,
        "subtitle_language": null,
        "location": "VIP Lounge"
      },
      {
        "name": "Moonlight Evening Screening",
        "time_of_day": "evening",
        "duration": 110,
        "screening_format": "2D",
        "audience_type": "general",
        "language": "English",
        "genre": "Drama",
        "is_premiere": false,
        "subtitle_language": null,
        "location": "Community Hall"
      },
      {
        "name": "Moonlight Educational Screening",
        "time_of_day": "morning",
        "duration": 110,
        "screening_format": "2D",
        "audience_type": "general",
        "language": "English",
        "genre": "Drama",
        "is_premiere": false,
        "subtitle_language": null,
        "location": "Educational Center"
      },
      {
        "name": "Moonlight General Screening",
        "time_of_day": "afternoon",
        "duration": 110,
        "screening_format": "3D",
        "audience_type": "general",
        "language": "English",
        "genre": "Drama",
        "is_premiere": false,
        "subtitle_language": "French",
        "location": "Screening Room 1"
      }
    ],
    "status": "complete"
  },
  {
    "domain": "Jury Panels",
    "turns": [
      [
        "Awesome! Now, can you help me find a Jury Panel? I\u2019m looking for eight jurors.",
        {
          "name": null,
          "experience_level": null,
          "number_of_jurors": 8,
          "diversity_criteria": null,
          "specialization": null
        },
        "Sure! Do you have any preferences for experience level or diversity criteria for the jury panel?"
      ],
      [
        "Yes, I need an intermediate experience level and a focus on gender diversity.",
        {
          "name": null,
          "experience_level": "Intermediate",
          "number_of_jurors": 8,
          "diversity_criteria": "Gender",
          "specialization": null
        },
        "I found two options: Panel B with 8 jurors and Panel E with 6 jurors. Would you like to go with Panel B?"
      ],
      [
        "Yes, let\u2019s go with Panel B!",
        {
          "name": null,
          "experience_level": "Intermediate",
          "number_of_jurors": 8,
          "diversity_criteria": "Gender",
          "specialization": null
        },
        "Panel B is confirmed for the jury panel!"
      ]
    ],
    "preferences_code": "```python\npreferences = JuryPanelCriteria(\n    name='Panel B',\n    experience_level='Intermediate',\n    number_of_jurors=8,\n    diversity_criteria='Gender',\n    specialization='Science Fiction'\n)\n```",
    "red_herrings_code": "```python\n# Global variable to represent a list of Jury Panel examples\njury_panel_examples = [\n    JuryPanelInfo(\n        name='Panel A',\n        experience_level='Expert',\n        number_of_jurors=10,\n        diversity_criteria='Ethnicity',\n        specialization='Drama'\n    ),\n    JuryPanelInfo(\n        name='Panel B',\n        experience_level='Intermediate',\n        number_of_jurors=8,\n        diversity_criteria='Gender',\n        specialization='Science Fiction'\n    ),\n    JuryPanelInfo(\n        name='Panel C',\n        experience_level='Expert',\n        number_of_jurors=12,\n        diversity_criteria='Ethnicity',\n        specialization='Fantasy'\n    )\n]\n```",
    "database_code": "```python\n# Global variable to hold a list of Jury Panel examples\njury_panels: list[JuryPanelInfo] = [\n    JuryPanelInfo(name=\"Panel A\", experience_level=\"Expert\", number_of_jurors=5, diversity_criteria=\"Gender\", specialization=\"Documentary\"),\n    JuryPanelInfo(name=\"Panel B\", experience_level=\"Intermediate\", number_of_jurors=7, diversity_criteria=\"Ethnicity\", specialization=\"Short Films\"),\n    JuryPanelInfo(name=\"Panel C\", experience_level=\"Novice\", number_of_jurors=3, diversity_criteria=\"Age\", specialization=\"Animation\"),\n    JuryPanelInfo(name=\"Panel D\", experience_level=\"Expert\", number_of_jurors=4, diversity_criteria=\"Geographical\", specialization=\"Feature Films\"),\n    JuryPanelInfo(name=\"Panel E\", experience_level=\"Intermediate\", number_of_jurors=6, diversity_criteria=\"Gender\", specialization=\"Experimental\"),\n    JuryPanelInfo(name=\"Panel F\", experience_level=\"Novice\", number_of_jurors=2, diversity_criteria=\"Ethnicity\", specialization=\"Horror\"),\n    JuryPanelInfo(name=\"Panel G\", experience_level=\"Expert\", number_of_jurors=8, diversity_criteria=\"Age\", specialization=\"Drama\"),\n    JuryPanelInfo(name=\"Panel H\", experience_level=\"Intermediate\", number_of_jurors=5, diversity_criteria=\"Geographical\", specialization=\"Comedy\"),\n    JuryPanelInfo(name=\"Panel I\", experience_level=\"Novice\", number_of_jurors=4, diversity_criteria=\"Gender\", specialization=\"Thriller\"),\n    JuryPanelInfo(name=\"Panel J\", experience_level=\"Expert\", number_of_jurors=10, diversity_criteria=\"Ethnicity\", specialization=\"Science Fiction\"),\n]\n```",
    "goal": {
      "name": null,
      "experience_level": "Intermediate",
      "number_of_jurors": 8,
      "diversity_criteria": "Gender",
      "specialization": "Science Fiction"
    },
    "database": [
      {
        "name": "Panel H",
        "experience_level": "Intermediate",
        "number_of_jurors": 5,
        "diversity_criteria": "Geographical",
        "specialization": "Comedy"
      },
      {
        "name": "Panel C",
        "experience_level": "Expert",
        "number_of_jurors": 12,
        "diversity_criteria": "Ethnicity",
        "specialization": "Fantasy"
      },
      {
        "name": "Panel G",
        "experience_level": "Expert",
        "number_of_jurors": 8,
        "diversity_criteria": "Age",
        "specialization": "Drama"
      },
      {
        "name": "Panel A",
        "experience_level": "Expert",
        "number_of_jurors": 10,
        "diversity_criteria": "Ethnicity",
        "specialization": "Drama"
      },
      {
        "name": "Panel B",
        "experience_level": "Intermediate",
        "number_of_jurors": 8,
        "diversity_criteria": "Gender",
        "specialization": "Science Fiction"
      },
      {
        "name": "Panel E",
        "experience_level": "Intermediate",
        "number_of_jurors": 6,
        "diversity_criteria": "Gender",
        "specialization": "Experimental"
      },
      {
        "name": "Panel A",
        "experience_level": "Expert",
        "number_of_jurors": 5,
        "diversity_criteria": "Gender",
        "specialization": "Documentary"
      },
      {
        "name": "Panel B",
        "experience_level": "Intermediate",
        "number_of_jurors": 7,
        "diversity_criteria": "Ethnicity",
        "specialization": "Short Films"
      },
      {
        "name": "Panel J",
        "experience_level": "Expert",
        "number_of_jurors": 10,
        "diversity_criteria": "Ethnicity",
        "specialization": "Science Fiction"
      },
      {
        "name": "Panel F",
        "experience_level": "Novice",
        "number_of_jurors": 2,
        "diversity_criteria": "Ethnicity",
        "specialization": "Horror"
      },
      {
        "name": "Panel D",
        "experience_level": "Expert",
        "number_of_jurors": 4,
        "diversity_criteria": "Geographical",
        "specialization": "Feature Films"
      },
      {
        "name": "Panel C",
        "experience_level": "Novice",
        "number_of_jurors": 3,
        "diversity_criteria": "Age",
        "specialization": "Animation"
      },
      {
        "name": "Panel I",
        "experience_level": "Novice",
        "number_of_jurors": 4,
        "diversity_criteria": "Gender",
        "specialization": "Thriller"
      }
    ],
    "status": "complete"
  }
]