[
  {
    "domain": "Films",
    "turns": [
      [
        "Hey, do we have any comedies from 2001 directed by Wes Anderson?",
        {
          "name": null,
          "genre": "Comedy",
          "runtime": null,
          "awards": null,
          "language": null,
          "country": null,
          "year": 2001,
          "director": "Wes Anderson",
          "cast": null,
          "festival_screening": null,
          "jury_panel": null
        },
        "No, we don't have any comedies from 2001 directed by Wes Anderson."
      ],
      [
        "How about a comedy from 2001 in English with a runtime around 108 minutes?",
        {
          "name": null,
          "genre": "Comedy",
          "runtime": 108,
          "awards": null,
          "language": "English",
          "country": null,
          "year": 2001,
          "director": null,
          "cast": null,
          "festival_screening": null,
          "jury_panel": null
        },
        "We don't have a comedy from 2001 that fits those criteria. Would you like to explore other options?"
      ],
      [
        "Sure, can we look at comedies from the early 2000s, say 2000 to 2003?",
        {
          "name": null,
          "genre": "Comedy",
          "runtime": null,
          "awards": null,
          "language": "English",
          "country": null,
          "year": null,
          "director": null,
          "cast": null,
          "festival_screening": null,
          "jury_panel": null
        },
        "We have \"The Royal Tenenbaums\" from 2001 and \"Moonrise Kingdom\" from 2012. Would you like more details on either?"
      ],
      [
        "Let's go with \"The Royal Tenenbaums.\" What can you tell me about it?",
        {
          "name": "The Royal Tenenbaums",
          "genre": "Comedy",
          "runtime": 108,
          "awards": null,
          "language": "English",
          "country": null,
          "year": 2001,
          "director": "Wes Anderson",
          "cast": null,
          "festival_screening": null,
          "jury_panel": null
        },
        "\"The Royal Tenenbaums\" is a comedy from 2001, directed by Wes Anderson, with a runtime of 108 minutes, and it features a cast including Gene Hackman and Gwyneth Paltrow."
      ],
      [
        "That sounds perfect! Is it nominated for any awards?",
        {
          "name": "The Royal Tenenbaums",
          "genre": "Comedy",
          "runtime": 108,
          "awards": null,
          "language": null,
          "country": null,
          "year": 2001,
          "director": "Wes Anderson",
          "cast": "Gene Hackman, Gwyneth Paltrow",
          "festival_screening": null,
          "jury_panel": null
        },
        "Yes, \"The Royal Tenenbaums\" was nominated for awards. Would you like to confirm your choice?"
      ],
      [
        "Yes, let's confirm \"The Royal Tenenbaums\" for the festival!",
        {
          "name": "The Royal Tenenbaums",
          "genre": "Comedy",
          "runtime": 108,
          "awards": "Nominated",
          "language": "English",
          "country": null,
          "year": 2001,
          "director": "Wes Anderson",
          "cast": "Gene Hackman, Gwyneth Paltrow",
          "festival_screening": null,
          "jury_panel": null
        },
        "Great choice! \"The Royal Tenenbaums\" is confirmed for the festival."
      ]
    ],
    "preferences_code": "```python\npreferences = FilmCriteria(\n    name='The Royal Tenenbaums',\n    genre='Comedy',\n    runtime=108,\n    awards='Nominated',\n    language='English',\n    country='USA',\n    year=2001,\n    director='Wes Anderson',\n    cast='Gene Hackman, Gwyneth Paltrow, Anjelica Huston',\n    festival_screening=False,\n    jury_panel=True,\n)\n```",
    "red_herrings_code": "```python\n# Global variable representing a list of Film examples similar to the target film\nsimilar_films = [\n    Film(\n        name='The Grand Budapest Hotel',\n        genre='Comedy',\n        runtime=99,\n        awards='Won',\n        language='English',\n        country='USA',\n        year=2014,\n        director='Wes Anderson',\n        cast=['Ralph Fiennes', 'F. Murray Abraham', 'Mathieu Amalric'],\n        festival_screening=True,\n        jury_panel=False,\n    ),\n    Film(\n        name='Moonrise Kingdom',\n        genre='Comedy',\n        runtime=94,\n        awards='Nominated',\n        language='English',\n        country='USA',\n        year=2012,\n        director='Wes Anderson',\n        cast=['Jared Gilman', 'Kara Hayward', 'Bruce Willis'],\n        festival_screening=True,\n        jury_panel=False,\n    ),\n    Film(\n        name='The Royal Tenenbaums',\n        genre='Comedy',\n        runtime=108,\n        awards='Nominated',\n        language='English',\n        country='USA',\n        year=2001,\n        director='Wes Anderson',\n        cast=['Gene Hackman', 'Gwyneth Paltrow', 'Anjelica Huston'],\n        festival_screening=False,\n        jury_panel=True,\n    ),\n]\n```",
    "database_code": "```python\n# Global variable representing a list of Film examples\nfilms: List[Film] = [\n    Film(\n        name=\"Inception\",\n        genre=\"Science Fiction\",\n        runtime=148,\n        awards=\"Won\",\n        language=\"English\",\n        country=\"USA\",\n        year=2010,\n        director=\"Christopher Nolan\",\n        cast=[\"Leonardo DiCaprio\", \"Joseph Gordon-Levitt\", \"Elliot Page\"],\n        festival_screening=True,\n        jury_panel=False\n    ),\n    Film(\n        name=\"Parasite\",\n        genre=\"Thriller\",\n        runtime=132,\n        awards=\"Won\",\n        language=\"Korean\",\n        country=\"South Korea\",\n        year=2019,\n        director=\"Bong Joon-ho\",\n        cast=[\"Kang-ho Song\", \"Yeo-jeong Jo\", \"Choi Woo-shik\"],\n        festival_screening=True,\n        jury_panel=True\n    ),\n    Film(\n        name=\"The Godfather\",\n        genre=\"Crime\",\n        runtime=175,\n        awards=\"Won\",\n        language=\"English\",\n        country=\"USA\",\n        year=1972,\n        director=\"Francis Ford Coppola\",\n        cast=[\"Marlon Brando\", \"Al Pacino\", \"James Caan\"],\n        festival_screening=False,\n        jury_panel=False\n    ),\n    Film(\n        name=\"Am\u00e9lie\",\n        genre=\"Romantic Comedy\",\n        runtime=122,\n        awards=\"Nominated\",\n        language=\"French\",\n        country=\"France\",\n        year=2001,\n        director=\"Jean-Pierre Jeunet\",\n        cast=[\"Audrey Tautou\", \"Mathieu Kassovitz\", \"Rufus\"],\n        festival_screening=True,\n        jury_panel=False\n    ),\n    Film(\n        name=\"Spirited Away\",\n        genre=\"Animation\",\n        runtime=125,\n        awards=\"Won\",\n        language=\"Japanese\",\n        country=\"Japan\",\n        year=2001,\n        director=\"Hayao Miyazaki\",\n        cast=[\"Rumi Hiiragi\", \"Miyu Irino\", \"Mari Natsuki\"],\n        festival_screening=True,\n        jury_panel=True\n    ),\n    Film(\n        name=\"The Shawshank Redemption\",\n        genre=\"Drama\",\n        runtime=142,\n        awards=\"Nominated\",\n        language=\"English\",\n        country=\"USA\",\n        year=1994,\n        director=\"Frank Darabont\",\n        cast=[\"Tim Robbins\", \"Morgan Freeman\", \"William Sadler\"],\n        festival_screening=False,\n        jury_panel=False\n    ),\n    Film(\n        name=\"The Grand Budapest Hotel\",\n        genre=\"Comedy\",\n        runtime=99,\n        awards=\"Nominated\",\n        language=\"English\",\n        country=\"USA\",\n        year=2014,\n        director=\"Wes Anderson\",\n        cast=[\"Ralph Fiennes\", \"F. Murray Abraham\", \"Mathieu Amalric\"],\n        festival_screening=True,\n        jury_panel=False\n    ),\n    Film(\n        name=\"Crouching Tiger, Hidden Dragon\",\n        genre=\"Action\",\n        runtime=120,\n        awards=\"Won\",\n        language=\"Mandarin\",\n        country=\"China\",\n        year=2000,\n        director=\"Ang Lee\",\n        cast=[\"Michelle Yeoh\", \"Chow Yun-fat\", \"Zhang Ziyi\"],\n        festival_screening=True,\n        jury_panel=True\n    ),\n    Film(\n        name=\"Moonlight\",\n        genre=\"Drama\",\n        runtime=111,\n        awards=\"Won\",\n        language=\"English\",\n        country=\"USA\",\n        year=2016,\n        director=\"Barry Jenkins\",\n        cast=[\"Alex R. Hibbert\", \"Mahershala Ali\", \"Naomie Harris\"],\n        festival_screening=True,\n        jury_panel=False\n    ),\n    Film(\n        name=\"Get Out\",\n        genre=\"Horror\",\n        runtime=104,\n        awards=\"Nominated\",\n        language=\"English\",\n        country=\"USA\",\n        year=2017,\n        director=\"Jordan Peele\",\n        cast=[\"Daniel Kaluuya\", \"Allison Williams\", \"Catherine Keener\"],\n        festival_screening=False,\n        jury_panel=False\n    )\n]\n```",
    "goal": {
      "name": null,
      "genre": "Comedy",
      "runtime": 108,
      "awards": "Nominated",
      "language": "English",
      "country": "USA",
      "year": 2001,
      "director": "Wes Anderson",
      "cast": "Gene Hackman, Gwyneth Paltrow, Anjelica Huston",
      "festival_screening": false,
      "jury_panel": true
    },
    "database": [
      {
        "name": "The Grand Budapest Hotel",
        "genre": "Comedy",
        "runtime": 99,
        "awards": "Nominated",
        "language": "English",
        "country": "USA",
        "year": 2014,
        "director": "Wes Anderson",
        "cast": [
          "Ralph Fiennes",
          "F. Murray Abraham",
          "Mathieu Amalric"
        ],
        "festival_screening": true,
        "jury_panel": false
      },
      {
        "name": "Inception",
        "genre": "Science Fiction",
        "runtime": 148,
        "awards": "Won",
        "language": "English",
        "country": "USA",
        "year": 2010,
        "director": "Christopher Nolan",
        "cast": [
          "Leonardo DiCaprio",
          "Joseph Gordon-Levitt",
          "Elliot Page"
        ],
        "festival_screening": true,
        "jury_panel": false
      },
      {
        "name": "Moonrise Kingdom",
        "genre": "Comedy",
        "runtime": 94,
        "awards": "Nominated",
        "language": "English",
        "country": "USA",
        "year": 2012,
        "director": "Wes Anderson",
        "cast": [
          "Jared Gilman",
          "Kara Hayward",
          "Bruce Willis"
        ],
        "festival_screening": true,
        "jury_panel": false
      },
      {
        "name": "Crouching Tiger, Hidden Dragon",
        "genre": "Action",
        "runtime": 120,
        "awards": "Won",
        "language": "Mandarin",
        "country": "China",
        "year": 2000,
        "director": "Ang Lee",
        "cast": [
          "Michelle Yeoh",
          "Chow Yun-fat",
          "Zhang Ziyi"
        ],
        "festival_screening": true,
        "jury_panel": true
      },
      {
        "name": "The Grand Budapest Hotel",
        "genre": "Comedy",
        "runtime": 99,
        "awards": "Won",
        "language": "English",
        "country": "USA",
        "year": 2014,
        "director": "Wes Anderson",
        "cast": [
          "Ralph Fiennes",
          "F. Murray Abraham",
          "Mathieu Amalric"
        ],
        "festival_screening": true,
        "jury_panel": false
      },
      {
        "name": "Spirited Away",
        "genre": "Animation",
        "runtime": 125,
        "awards": "Won",
        "language": "Japanese",
        "country": "Japan",
        "year": 2001,
        "director": "Hayao Miyazaki",
        "cast": [
          "Rumi Hiiragi",
          "Miyu Irino",
          "Mari Natsuki"
        ],
        "festival_screening": true,
        "jury_panel": true
      },
      {
        "name": "The Shawshank Redemption",
        "genre": "Drama",
        "runtime": 142,
        "awards": "Nominated",
        "language": "English",
        "country": "USA",
        "year": 1994,
        "director": "Frank Darabont",
        "cast": [
          "Tim Robbins",
          "Morgan Freeman",
          "William Sadler"
        ],
        "festival_screening": false,
        "jury_panel": false
      },
      {
        "name": "Moonlight",
        "genre": "Drama",
        "runtime": 111,
        "awards": "Won",
        "language": "English",
        "country": "USA",
        "year": 2016,
        "director": "Barry Jenkins",
        "cast": [
          "Alex R. Hibbert",
          "Mahershala Ali",
          "Naomie Harris"
        ],
        "festival_screening": true,
        "jury_panel": false
      },
      {
        "name": "Parasite",
        "genre": "Thriller",
        "runtime": 132,
        "awards": "Won",
        "language": "Korean",
        "country": "South Korea",
        "year": 2019,
        "director": "Bong Joon-ho",
        "cast": [
          "Kang-ho Song",
          "Yeo-jeong Jo",
          "Choi Woo-shik"
        ],
        "festival_screening": true,
        "jury_panel": true
      },
      {
        "name": "Am\u00e9lie",
        "genre": "Romantic Comedy",
        "runtime": 122,
        "awards": "Nominated",
        "language": "French",
        "country": "France",
        "year": 2001,
        "director": "Jean-Pierre Jeunet",
        "cast": [
          "Audrey Tautou",
          "Mathieu Kassovitz",
          "Rufus"
        ],
        "festival_screening": true,
        "jury_panel": false
      },
      {
        "name": "The Godfather",
        "genre": "Crime",
        "runtime": 175,
        "awards": "Won",
        "language": "English",
        "country": "USA",
        "year": 1972,
        "director": "Francis Ford Coppola",
        "cast": [
          "Marlon Brando",
          "Al Pacino",
          "James Caan"
        ],
        "festival_screening": false,
        "jury_panel": false
      },
      {
        "name": "Get Out",
        "genre": "Horror",
        "runtime": 104,
        "awards": "Nominated",
        "language": "English",
        "country": "USA",
        "year": 2017,
        "director": "Jordan Peele",
        "cast": [
          "Daniel Kaluuya",
          "Allison Williams",
          "Catherine Keener"
        ],
        "festival_screening": false,
        "jury_panel": false
      },
      {
        "name": "The Royal Tenenbaums",
        "genre": "Comedy",
        "runtime": 108,
        "awards": "Nominated",
        "language": "English",
        "country": "USA",
        "year": 2001,
        "director": "Wes Anderson",
        "cast": [
          "Gene Hackman",
          "Gwyneth Paltrow",
          "Anjelica Huston"
        ],
        "festival_screening": false,
        "jury_panel": true
      }
    ],
    "status": "complete"
  },
  {
    "domain": "Screening Schedules",
    "turns": [
      [
        "Awesome! Now, can we find a morning screening for a comedy premiere in English?",
        {
          "name": null,
          "time_of_day": "morning",
          "duration": null,
          "screening_format": null,
          "audience_type": null,
          "language": "English",
          "genre": "comedy",
          "is_premiere": true,
          "subtitle_language": null,
          "location": null
        },
        "Sure! We have a morning screening of \"Moonrise Kingdom\" that's a premiere in English. Would you like more details?"
      ],
      [
        "Yes, please share the details about the morning screening of \"Moonrise Kingdom.\"",
        {
          "name": "Moonrise Kingdom",
          "time_of_day": "morning",
          "duration": null,
          "screening_format": null,
          "audience_type": null,
          "language": "English",
          "genre": "comedy",
          "is_premiere": true,
          "subtitle_language": null,
          "location": null
        },
        "The morning screening of \"Moonrise Kingdom\" is at the Main Theater, it's 94 minutes long, in 2D, for a general audience, and has Spanish subtitles."
      ],
      [
        "That sounds great! Let's go ahead and confirm the morning screening of \"Moonrise Kingdom.\"",
        {
          "name": "Moonrise Kingdom",
          "time_of_day": "morning",
          "duration": 94,
          "screening_format": "2D",
          "audience_type": "general",
          "language": "English",
          "genre": "comedy",
          "is_premiere": true,
          "subtitle_language": "Spanish",
          "location": "Main Theater"
        },
        "Fantastic! The morning screening of \"Moonrise Kingdom\" is confirmed for the festival."
      ]
    ],
    "preferences_code": "```python\npreferences = ScreeningScheduleCriteria(\n    name='Morning Screening of The Grand Budapest Hotel',\n    time_of_day='morning',\n    duration=99,\n    screening_format='2D',\n    audience_type='general',\n    language='English',\n    genre='Comedy',\n    is_premiere=True,\n    subtitle_language='Spanish',\n    location='Main Theater',\n)\n```",
    "red_herrings_code": "```python\n# Global variable to store a list of example screening schedules\nexample_screening_schedules = [\n    FestivalScreeningSchedule(\n        name='Morning Screening of The Grand Budapest Hotel',\n        time_of_day='morning',\n        duration=99,\n        screening_format='2D',\n        audience_type='general',\n        language='English',\n        genre='Comedy',\n        is_premiere=True,\n        subtitle_language='Spanish',\n        location='Main Theater',\n    ),\n    FestivalScreeningSchedule(\n        name='Afternoon Screening of Moonrise Kingdom',\n        time_of_day='afternoon',\n        duration=94,\n        screening_format='2D',\n        audience_type='general',\n        language='English',\n        genre='Comedy',\n        is_premiere=False,\n        subtitle_language='Spanish',\n        location='Main Theater',\n    ),\n    FestivalScreeningSchedule(\n        name='Morning Screening of Fantastic Mr. Fox',\n        time_of_day='morning',\n        duration=87,\n        screening_format='2D',\n        audience_type='general',\n        language='English',\n        genre='Comedy',\n        is_premiere=False,\n        subtitle_language='Spanish',\n        location='Main Theater',\n    ),\n]\n```",
    "database_code": "```python\n# Global variable to store examples of Screening Schedules\nscreening_schedules = [\n    FestivalScreeningSchedule(\n        name=\"Morning Screening of The Royal Tenenbaums\",\n        time_of_day='morning',\n        duration=108,\n        screening_format='2D',\n        audience_type='general',\n        language='English',\n        genre='Comedy',\n        is_premiere=False,\n        subtitle_language=None,\n        location='Main Theater'\n    ),\n    FestivalScreeningSchedule(\n        name=\"Afternoon Press Screening of The Royal Tenenbaums\",\n        time_of_day='afternoon',\n        duration=108,\n        screening_format='2D',\n        audience_type='press',\n        language='English',\n        genre='Comedy',\n        is_premiere=False,\n        subtitle_language=None,\n        location='Press Room'\n    ),\n    FestivalScreeningSchedule(\n        name=\"Evening VIP Screening of The Royal Tenenbaums\",\n        time_of_day='evening',\n        duration=108,\n        screening_format='IMAX',\n        audience_type='vip',\n        language='English',\n        genre='Comedy',\n        is_premiere=True,\n        subtitle_language='French',\n        location='VIP Lounge'\n    ),\n    FestivalScreeningSchedule(\n        name=\"Night Screening of The Royal Tenenbaums\",\n        time_of_day='night',\n        duration=108,\n        screening_format='4DX',\n        audience_type='general',\n        language='English',\n        genre='Comedy',\n        is_premiere=False,\n        subtitle_language=None,\n        location='Cineplex'\n    ),\n    FestivalScreeningSchedule(\n        name=\"Morning Screening of Moonrise Kingdom\",\n        time_of_day='morning',\n        duration=94,\n        screening_format='2D',\n        audience_type='general',\n        language='English',\n        genre='Comedy',\n        is_premiere=True,\n        subtitle_language='Spanish',\n        location='Main Theater'\n    ),\n    FestivalScreeningSchedule(\n        name=\"Afternoon Industry Screening of Moonrise Kingdom\",\n        time_of_day='afternoon',\n        duration=94,\n        screening_format='3D',\n        audience_type='industry',\n        language='English',\n        genre='Comedy',\n        is_premiere=False,\n        subtitle_language='German',\n        location='Industry Hall'\n    ),\n    FestivalScreeningSchedule(\n        name=\"Evening General Screening of Moonrise Kingdom\",\n        time_of_day='evening',\n        duration=94,\n        screening_format='2D',\n        audience_type='general',\n        language='English',\n        genre='Comedy',\n        is_premiere=False,\n        subtitle_language=None,\n        location='Main Theater'\n    ),\n    FestivalScreeningSchedule(\n        name=\"Night VIP Screening of Moonrise Kingdom\",\n        time_of_day='night',\n        duration=94,\n        screening_format='IMAX',\n        audience_type='vip',\n        language='English',\n        genre='Comedy',\n        is_premiere=True,\n        subtitle_language='Italian',\n        location='VIP Lounge'\n    ),\n    FestivalScreeningSchedule(\n        name=\"Morning Screening of The Grand Budapest Hotel\",\n        time_of_day='morning',\n        duration=99,\n        screening_format='2D',\n        audience_type='general',\n        language='English',\n        genre='Comedy',\n        is_premiere=False,\n        subtitle_language=None,\n        location='Main Theater'\n    ),\n    FestivalScreeningSchedule(\n        name=\"Afternoon Screening of Fantastic Mr. Fox\",\n        time_of_day='afternoon',\n        duration=87,\n        screening_format='3D',\n        audience_type='general',\n        language='English',\n        genre='Comedy',\n        is_premiere=True,\n        subtitle_language='Portuguese',\n        location='Animation Hall'\n    )\n]\n```",
    "goal": {
      "name": null,
      "time_of_day": "morning",
      "duration": null,
      "screening_format": "2D",
      "audience_type": "general",
      "language": "English",
      "genre": "Comedy",
      "is_premiere": true,
      "subtitle_language": null,
      "location": "Main Theater"
    },
    "database": [
      {
        "name": "Afternoon Industry Screening of Moonrise Kingdom",
        "time_of_day": "afternoon",
        "duration": 94,
        "screening_format": "3D",
        "audience_type": "industry",
        "language": "English",
        "genre": "Comedy",
        "is_premiere": false,
        "subtitle_language": "German",
        "location": "Industry Hall"
      },
      {
        "name": "Morning Screening of The Grand Budapest Hotel",
        "time_of_day": "morning",
        "duration": 99,
        "screening_format": "2D",
        "audience_type": "general",
        "language": "English",
        "genre": "Comedy",
        "is_premiere": true,
        "subtitle_language": "Spanish",
        "location": "Main Theater"
      },
      {
        "name": "Afternoon Press Screening of The Royal Tenenbaums",
        "time_of_day": "afternoon",
        "duration": 108,
        "screening_format": "2D",
        "audience_type": "press",
        "language": "English",
        "genre": "Comedy",
        "is_premiere": false,
        "subtitle_language": null,
        "location": "Press Room"
      },
      {
        "name": "Afternoon Screening of Moonrise Kingdom",
        "time_of_day": "afternoon",
        "duration": 94,
        "screening_format": "2D",
        "audience_type": "general",
        "language": "English",
        "genre": "Comedy",
        "is_premiere": false,
        "subtitle_language": "Spanish",
        "location": "Main Theater"
      },
      {
        "name": "Night Screening of The Royal Tenenbaums",
        "time_of_day": "night",
        "duration": 108,
        "screening_format": "4DX",
        "audience_type": "general",
        "language": "English",
        "genre": "Comedy",
        "is_premiere": false,
        "subtitle_language": null,
        "location": "Cineplex"
      },
      {
        "name": "Morning Screening of The Royal Tenenbaums",
        "time_of_day": "morning",
        "duration": 108,
        "screening_format": "2D",
        "audience_type": "general",
        "language": "English",
        "genre": "Comedy",
        "is_premiere": false,
        "subtitle_language": null,
        "location": "Main Theater"
      },
      {
        "name": "Evening VIP Screening of The Royal Tenenbaums",
        "time_of_day": "evening",
        "duration": 108,
        "screening_format": "IMAX",
        "audience_type": "vip",
        "language": "English",
        "genre": "Comedy",
        "is_premiere": true,
        "subtitle_language": "French",
        "location": "VIP Lounge"
      },
      {
        "name": "Morning Screening of Moonrise Kingdom",
        "time_of_day": "morning",
        "duration": 94,
        "screening_format": "2D",
        "audience_type": "general",
        "language": "English",
        "genre": "Comedy",
        "is_premiere": true,
        "subtitle_language": "Spanish",
        "location": "Main Theater"
      },
      {
        "name": "Morning Screening of The Grand Budapest Hotel",
        "time_of_day": "morning",
        "duration": 99,
        "screening_format": "2D",
        "audience_type": "general",
        "language": "English",
        "genre": "Comedy",
        "is_premiere": false,
        "subtitle_language": null,
        "location": "Main Theater"
      },
      {
        "name": "Afternoon Screening of Fantastic Mr. Fox",
        "time_of_day": "afternoon",
        "duration": 87,
        "screening_format": "3D",
        "audience_type": "general",
        "language": "English",
        "genre": "Comedy",
        "is_premiere": true,
        "subtitle_language": "Portuguese",
        "location": "Animation Hall"
      },
      {
        "name": "Morning Screening of Fantastic Mr. Fox",
        "time_of_day": "morning",
        "duration": 87,
        "screening_format": "2D",
        "audience_type": "general",
        "language": "English",
        "genre": "Comedy",
        "is_premiere": false,
        "subtitle_language": "Spanish",
        "location": "Main Theater"
      },
      {
        "name": "Night VIP Screening of Moonrise Kingdom",
        "time_of_day": "night",
        "duration": 94,
        "screening_format": "IMAX",
        "audience_type": "vip",
        "language": "English",
        "genre": "Comedy",
        "is_premiere": true,
        "subtitle_language": "Italian",
        "location": "VIP Lounge"
      },
      {
        "name": "Evening General Screening of Moonrise Kingdom",
        "time_of_day": "evening",
        "duration": 94,
        "screening_format": "2D",
        "audience_type": "general",
        "language": "English",
        "genre": "Comedy",
        "is_premiere": false,
        "subtitle_language": null,
        "location": "Main Theater"
      }
    ],
    "status": "complete"
  },
  {
    "domain": "Jury Panels",
    "turns": [
      [
        "Great! Now, can we look for a Jury Panel? I'm thinking of 4 novice jurors.",
        {
          "name": null,
          "experience_level": "Novice",
          "number_of_jurors": 4,
          "diversity_criteria": null,
          "specialization": null
        },
        "We have a panel with 4 novice jurors that matches your criteria. Would you like to know more about it?"
      ],
      [
        "Yes, please tell me about the panel!",
        {
          "name": null,
          "experience_level": "Novice",
          "number_of_jurors": 4,
          "diversity_criteria": null,
          "specialization": null
        },
        "The panel is \"Panel A,\" with 4 novice jurors, focusing on Gender diversity and specializing in Short Films."
      ],
      [
        "That sounds perfect! Let's confirm \"Panel A\" for the festival.",
        {
          "name": "Panel A",
          "experience_level": "Novice",
          "number_of_jurors": 4,
          "diversity_criteria": "Gender",
          "specialization": "Short Films"
        },
        "\"Panel A\" is confirmed for the festival!"
      ]
    ],
    "preferences_code": "```python\npreferences = JuryPanelCriteria(\n    name='Panel A',\n    experience_level='Novice',\n    number_of_jurors=4,\n    diversity_criteria='Gender',\n    specialization='Short Films',\n)\n```",
    "red_herrings_code": "```python\n# Global variable representing a list of similar Jury Panels\nsimilar_jury_panels = [\n    JuryPanelInfo(\n        name='Panel A',\n        experience_level='Novice',\n        number_of_jurors=4,\n        diversity_criteria='Gender',\n        specialization='Short Films',\n    ),\n    JuryPanelInfo(\n        name='Panel B',\n        experience_level='Intermediate',\n        number_of_jurors=4,\n        diversity_criteria='Age',\n        specialization='Documentaries',\n    ),\n    JuryPanelInfo(\n        name='Panel C',\n        experience_level='Novice',\n        number_of_jurors=5,\n        diversity_criteria='Age',\n        specialization='Short Films',\n    ),\n]\n```",
    "database_code": "```python\njury_panels: list[JuryPanelInfo] = [\n    JuryPanelInfo(name=\"Panel A\", experience_level='Expert', number_of_jurors=5, diversity_criteria='Gender', specialization='Documentary'),\n    JuryPanelInfo(name=\"Panel B\", experience_level='Intermediate', number_of_jurors=3, diversity_criteria='Ethnicity', specialization='Animation'),\n    JuryPanelInfo(name=\"Panel C\", experience_level='Novice', number_of_jurors=4, diversity_criteria='Age', specialization='Short Films'),\n    JuryPanelInfo(name=\"Panel D\", experience_level='Expert', number_of_jurors=7, diversity_criteria='Geographical', specialization='Feature Films'),\n    JuryPanelInfo(name=\"Panel E\", experience_level='Intermediate', number_of_jurors=6, diversity_criteria='Gender', specialization='Experimental'),\n    JuryPanelInfo(name=\"Panel F\", experience_level='Novice', number_of_jurors=2, diversity_criteria='Ethnicity', specialization='Horror'),\n    JuryPanelInfo(name=\"Panel G\", experience_level='Expert', number_of_jurors=8, diversity_criteria='Age', specialization='Thriller'),\n    JuryPanelInfo(name=\"Panel H\", experience_level='Intermediate', number_of_jurors=3, diversity_criteria='Geographical', specialization='Comedy'),\n    JuryPanelInfo(name=\"Panel I\", experience_level='Novice', number_of_jurors=5, diversity_criteria='Gender', specialization='Drama'),\n    JuryPanelInfo(name=\"Panel J\", experience_level='Expert', number_of_jurors=4, diversity_criteria='Ethnicity', specialization='Science Fiction'),\n]\n```",
    "goal": {
      "name": null,
      "experience_level": "Novice",
      "number_of_jurors": 4,
      "diversity_criteria": "Gender",
      "specialization": "Short Films"
    },
    "database": [
      {
        "name": "Panel F",
        "experience_level": "Novice",
        "number_of_jurors": 2,
        "diversity_criteria": "Ethnicity",
        "specialization": "Horror"
      },
      {
        "name": "Panel B",
        "experience_level": "Intermediate",
        "number_of_jurors": 3,
        "diversity_criteria": "Ethnicity",
        "specialization": "Animation"
      },
      {
        "name": "Panel C",
        "experience_level": "Novice",
        "number_of_jurors": 5,
        "diversity_criteria": "Age",
        "specialization": "Short Films"
      },
      {
        "name": "Panel D",
        "experience_level": "Expert",
        "number_of_jurors": 7,
        "diversity_criteria": "Geographical",
        "specialization": "Feature Films"
      },
      {
        "name": "Panel J",
        "experience_level": "Expert",
        "number_of_jurors": 4,
        "diversity_criteria": "Ethnicity",
        "specialization": "Science Fiction"
      },
      {
        "name": "Panel E",
        "experience_level": "Intermediate",
        "number_of_jurors": 6,
        "diversity_criteria": "Gender",
        "specialization": "Experimental"
      },
      {
        "name": "Panel H",
        "experience_level": "Intermediate",
        "number_of_jurors": 3,
        "diversity_criteria": "Geographical",
        "specialization": "Comedy"
      },
      {
        "name": "Panel B",
        "experience_level": "Intermediate",
        "number_of_jurors": 4,
        "diversity_criteria": "Age",
        "specialization": "Documentaries"
      },
      {
        "name": "Panel A",
        "experience_level": "Novice",
        "number_of_jurors": 4,
        "diversity_criteria": "Gender",
        "specialization": "Short Films"
      },
      {
        "name": "Panel C",
        "experience_level": "Novice",
        "number_of_jurors": 4,
        "diversity_criteria": "Age",
        "specialization": "Short Films"
      },
      {
        "name": "Panel A",
        "experience_level": "Expert",
        "number_of_jurors": 5,
        "diversity_criteria": "Gender",
        "specialization": "Documentary"
      },
      {
        "name": "Panel G",
        "experience_level": "Expert",
        "number_of_jurors": 8,
        "diversity_criteria": "Age",
        "specialization": "Thriller"
      },
      {
        "name": "Panel I",
        "experience_level": "Novice",
        "number_of_jurors": 5,
        "diversity_criteria": "Gender",
        "specialization": "Drama"
      }
    ],
    "status": "complete"
  }
]