[
  {
    "domain": "Films",
    "turns": [
      [
        "Hey, do we have any Korean crime films that are 132 minutes long and nominated for awards?",
        {
          "name": null,
          "genre": "Crime",
          "runtime": 132,
          "awards": "Nominated",
          "language": "Korean",
          "country": null,
          "year": null,
          "director": null,
          "cast": null,
          "festival_screening": null,
          "jury_panel": null
        },
        "Yes, we have \"Memories of Murder,\" which is a Korean crime film, 132 minutes long, and nominated for awards. Would you like to know more about it?"
      ],
      [
        "Yes, can you tell me if it's directed by Bong Joon-ho?",
        {
          "name": "Memories of Murder",
          "genre": "Crime",
          "runtime": 132,
          "awards": "Nominated",
          "language": "Korean",
          "country": "South Korea",
          "year": null,
          "director": "Bong Joon-ho",
          "cast": null,
          "festival_screening": null,
          "jury_panel": null
        },
        "Yes, \"Memories of Murder\" is directed by Bong Joon-ho. Would you like to consider it for screening?"
      ],
      [
        "Absolutely, let's go ahead and include it for screening!",
        {
          "name": "Memories of Murder",
          "genre": "Crime",
          "runtime": 132,
          "awards": "Nominated",
          "language": "Korean",
          "country": "South Korea",
          "year": null,
          "director": "Bong Joon-ho",
          "cast": null,
          "festival_screening": true,
          "jury_panel": null
        },
        "Great choice! \"Memories of Murder\" will be included for screening. Anything else you need help with?"
      ]
    ],
    "preferences_code": "```python\npreferences = FilmCriteria(\n    name='Memories of Murder',\n    genre='Crime',\n    runtime=132,\n    awards='Nominated',\n    language='Korean',\n    country='South Korea',\n    year=2003,\n    director='Bong Joon-ho',\n    cast='Song Kang-ho, Kim Sang-kyung, Kim Roi-ha',\n    festival_screening=True,\n    jury_panel=True,\n)\n```",
    "red_herrings_code": "```python\n# Global variable representing a list of Film examples similar to the target film\nsimilar_films = [\n    Film(\n        name='Parasite',\n        genre='Thriller',\n        runtime=132,\n        awards='Won',\n        language='Korean',\n        country='South Korea',\n        year=2019,\n        director='Bong Joon-ho',\n        cast=['Kang-ho Song', 'Yeo-jeong Jo', 'Choi Woo-shik'],\n        festival_screening=True,\n        jury_panel=True,\n    ),\n    Film(\n        name='Snowpiercer',\n        genre='Action',\n        runtime=126,\n        awards='Nominated',\n        language='English',\n        country='South Korea',\n        year=2013,\n        director='Bong Joon-ho',\n        cast=['Chris Evans', 'Tilda Swinton', 'Octavia Spencer'],\n        festival_screening=False,\n        jury_panel=False,\n    ),\n    Film(\n        name='The Handmaiden',\n        genre='Drama',\n        runtime=145,\n        awards='Nominated',\n        language='Korean',\n        country='South Korea',\n        year=2016,\n        director='Park Chan-wook',\n        cast=['Kim Tae-ri', 'Ha Jung-woo', 'Kim Min-hee'],\n        festival_screening=True,\n        jury_panel=False,\n    ),\n    Film(\n        name='Memories of Murder',\n        genre='Crime',\n        runtime=132,\n        awards='Nominated',\n        language='Korean',\n        country='South Korea',\n        year=2003,\n        director='Bong Joon-ho',\n        cast=['Song Kang-ho', 'Kim Sang-kyung', 'Kim Roi-ha'],\n        festival_screening=True,\n        jury_panel=True,\n    ),\n]\n```",
    "database_code": "```python\n# Global variable representing a list of Film examples\nfilms: List[Film] = [\n    Film(\n        name=\"Inception\",\n        genre=\"Science Fiction\",\n        runtime=148,\n        awards=\"Won\",\n        language=\"English\",\n        country=\"USA\",\n        year=2010,\n        director=\"Christopher Nolan\",\n        cast=[\"Leonardo DiCaprio\", \"Joseph Gordon-Levitt\", \"Elliot Page\"],\n        festival_screening=True,\n        jury_panel=False\n    ),\n    Film(\n        name=\"Parasite\",\n        genre=\"Thriller\",\n        runtime=132,\n        awards=\"Won\",\n        language=\"Korean\",\n        country=\"South Korea\",\n        year=2019,\n        director=\"Bong Joon-ho\",\n        cast=[\"Kang-ho Song\", \"Yeo-jeong Jo\", \"Choi Woo-shik\"],\n        festival_screening=True,\n        jury_panel=True\n    ),\n    Film(\n        name=\"The Godfather\",\n        genre=\"Crime\",\n        runtime=175,\n        awards=\"Won\",\n        language=\"English\",\n        country=\"USA\",\n        year=1972,\n        director=\"Francis Ford Coppola\",\n        cast=[\"Marlon Brando\", \"Al Pacino\", \"James Caan\"],\n        festival_screening=False,\n        jury_panel=False\n    ),\n    Film(\n        name=\"Am\u00e9lie\",\n        genre=\"Romantic Comedy\",\n        runtime=122,\n        awards=\"Nominated\",\n        language=\"French\",\n        country=\"France\",\n        year=2001,\n        director=\"Jean-Pierre Jeunet\",\n        cast=[\"Audrey Tautou\", \"Mathieu Kassovitz\", \"Rufus\"],\n        festival_screening=True,\n        jury_panel=False\n    ),\n    Film(\n        name=\"Spirited Away\",\n        genre=\"Animation\",\n        runtime=125,\n        awards=\"Won\",\n        language=\"Japanese\",\n        country=\"Japan\",\n        year=2001,\n        director=\"Hayao Miyazaki\",\n        cast=[\"Rumi Hiiragi\", \"Miyu Irino\", \"Mari Natsuki\"],\n        festival_screening=True,\n        jury_panel=True\n    ),\n    Film(\n        name=\"The Shawshank Redemption\",\n        genre=\"Drama\",\n        runtime=142,\n        awards=\"Nominated\",\n        language=\"English\",\n        country=\"USA\",\n        year=1994,\n        director=\"Frank Darabont\",\n        cast=[\"Tim Robbins\", \"Morgan Freeman\", \"William Sadler\"],\n        festival_screening=False,\n        jury_panel=False\n    ),\n    Film(\n        name=\"The Grand Budapest Hotel\",\n        genre=\"Comedy\",\n        runtime=99,\n        awards=\"Nominated\",\n        language=\"English\",\n        country=\"USA\",\n        year=2014,\n        director=\"Wes Anderson\",\n        cast=[\"Ralph Fiennes\", \"F. Murray Abraham\", \"Mathieu Amalric\"],\n        festival_screening=True,\n        jury_panel=False\n    ),\n    Film(\n        name=\"Crouching Tiger, Hidden Dragon\",\n        genre=\"Action\",\n        runtime=120,\n        awards=\"Won\",\n        language=\"Mandarin\",\n        country=\"China\",\n        year=2000,\n        director=\"Ang Lee\",\n        cast=[\"Michelle Yeoh\", \"Chow Yun-fat\", \"Zhang Ziyi\"],\n        festival_screening=True,\n        jury_panel=True\n    ),\n    Film(\n        name=\"Moonlight\",\n        genre=\"Drama\",\n        runtime=111,\n        awards=\"Won\",\n        language=\"English\",\n        country=\"USA\",\n        year=2016,\n        director=\"Barry Jenkins\",\n        cast=[\"Alex R. Hibbert\", \"Mahershala Ali\", \"Naomie Harris\"],\n        festival_screening=True,\n        jury_panel=False\n    ),\n    Film(\n        name=\"Get Out\",\n        genre=\"Horror\",\n        runtime=104,\n        awards=\"Nominated\",\n        language=\"English\",\n        country=\"USA\",\n        year=2017,\n        director=\"Jordan Peele\",\n        cast=[\"Daniel Kaluuya\", \"Allison Williams\", \"Catherine Keener\"],\n        festival_screening=False,\n        jury_panel=False\n    )\n]\n```",
    "goal": {
      "name": null,
      "genre": "Crime",
      "runtime": 132,
      "awards": "Nominated",
      "language": "Korean",
      "country": "South Korea",
      "year": null,
      "director": "Bong Joon-ho",
      "cast": null,
      "festival_screening": true,
      "jury_panel": true
    },
    "database": [
      {
        "name": "Parasite",
        "genre": "Thriller",
        "runtime": 132,
        "awards": "Won",
        "language": "Korean",
        "country": "South Korea",
        "year": 2019,
        "director": "Bong Joon-ho",
        "cast": [
          "Kang-ho Song",
          "Yeo-jeong Jo",
          "Choi Woo-shik"
        ],
        "festival_screening": true,
        "jury_panel": true
      },
      {
        "name": "Am\u00e9lie",
        "genre": "Romantic Comedy",
        "runtime": 122,
        "awards": "Nominated",
        "language": "French",
        "country": "France",
        "year": 2001,
        "director": "Jean-Pierre Jeunet",
        "cast": [
          "Audrey Tautou",
          "Mathieu Kassovitz",
          "Rufus"
        ],
        "festival_screening": true,
        "jury_panel": false
      },
      {
        "name": "Memories of Murder",
        "genre": "Crime",
        "runtime": 132,
        "awards": "Nominated",
        "language": "Korean",
        "country": "South Korea",
        "year": 2003,
        "director": "Bong Joon-ho",
        "cast": [
          "Song Kang-ho",
          "Kim Sang-kyung",
          "Kim Roi-ha"
        ],
        "festival_screening": true,
        "jury_panel": true
      },
      {
        "name": "Spirited Away",
        "genre": "Animation",
        "runtime": 125,
        "awards": "Won",
        "language": "Japanese",
        "country": "Japan",
        "year": 2001,
        "director": "Hayao Miyazaki",
        "cast": [
          "Rumi Hiiragi",
          "Miyu Irino",
          "Mari Natsuki"
        ],
        "festival_screening": true,
        "jury_panel": true
      },
      {
        "name": "Moonlight",
        "genre": "Drama",
        "runtime": 111,
        "awards": "Won",
        "language": "English",
        "country": "USA",
        "year": 2016,
        "director": "Barry Jenkins",
        "cast": [
          "Alex R. Hibbert",
          "Mahershala Ali",
          "Naomie Harris"
        ],
        "festival_screening": true,
        "jury_panel": false
      },
      {
        "name": "Inception",
        "genre": "Science Fiction",
        "runtime": 148,
        "awards": "Won",
        "language": "English",
        "country": "USA",
        "year": 2010,
        "director": "Christopher Nolan",
        "cast": [
          "Leonardo DiCaprio",
          "Joseph Gordon-Levitt",
          "Elliot Page"
        ],
        "festival_screening": true,
        "jury_panel": false
      },
      {
        "name": "The Grand Budapest Hotel",
        "genre": "Comedy",
        "runtime": 99,
        "awards": "Nominated",
        "language": "English",
        "country": "USA",
        "year": 2014,
        "director": "Wes Anderson",
        "cast": [
          "Ralph Fiennes",
          "F. Murray Abraham",
          "Mathieu Amalric"
        ],
        "festival_screening": true,
        "jury_panel": false
      },
      {
        "name": "Crouching Tiger, Hidden Dragon",
        "genre": "Action",
        "runtime": 120,
        "awards": "Won",
        "language": "Mandarin",
        "country": "China",
        "year": 2000,
        "director": "Ang Lee",
        "cast": [
          "Michelle Yeoh",
          "Chow Yun-fat",
          "Zhang Ziyi"
        ],
        "festival_screening": true,
        "jury_panel": true
      },
      {
        "name": "Parasite",
        "genre": "Thriller",
        "runtime": 132,
        "awards": "Won",
        "language": "Korean",
        "country": "South Korea",
        "year": 2019,
        "director": "Bong Joon-ho",
        "cast": [
          "Kang-ho Song",
          "Yeo-jeong Jo",
          "Choi Woo-shik"
        ],
        "festival_screening": true,
        "jury_panel": true
      },
      {
        "name": "The Godfather",
        "genre": "Crime",
        "runtime": 175,
        "awards": "Won",
        "language": "English",
        "country": "USA",
        "year": 1972,
        "director": "Francis Ford Coppola",
        "cast": [
          "Marlon Brando",
          "Al Pacino",
          "James Caan"
        ],
        "festival_screening": false,
        "jury_panel": false
      },
      {
        "name": "Snowpiercer",
        "genre": "Action",
        "runtime": 126,
        "awards": "Nominated",
        "language": "English",
        "country": "South Korea",
        "year": 2013,
        "director": "Bong Joon-ho",
        "cast": [
          "Chris Evans",
          "Tilda Swinton",
          "Octavia Spencer"
        ],
        "festival_screening": false,
        "jury_panel": false
      },
      {
        "name": "The Handmaiden",
        "genre": "Drama",
        "runtime": 145,
        "awards": "Nominated",
        "language": "Korean",
        "country": "South Korea",
        "year": 2016,
        "director": "Park Chan-wook",
        "cast": [
          "Kim Tae-ri",
          "Ha Jung-woo",
          "Kim Min-hee"
        ],
        "festival_screening": true,
        "jury_panel": false
      },
      {
        "name": "The Shawshank Redemption",
        "genre": "Drama",
        "runtime": 142,
        "awards": "Nominated",
        "language": "English",
        "country": "USA",
        "year": 1994,
        "director": "Frank Darabont",
        "cast": [
          "Tim Robbins",
          "Morgan Freeman",
          "William Sadler"
        ],
        "festival_screening": false,
        "jury_panel": false
      },
      {
        "name": "Get Out",
        "genre": "Horror",
        "runtime": 104,
        "awards": "Nominated",
        "language": "English",
        "country": "USA",
        "year": 2017,
        "director": "Jordan Peele",
        "cast": [
          "Daniel Kaluuya",
          "Allison Williams",
          "Catherine Keener"
        ],
        "festival_screening": false,
        "jury_panel": false
      }
    ],
    "status": "complete"
  },
  {
    "domain": "Screening Schedules",
    "turns": [
      [
        "Yes, can you help me find any screening schedules for crime films that are 132 minutes long?",
        {
          "name": null,
          "time_of_day": null,
          "duration": 132,
          "screening_format": null,
          "audience_type": null,
          "language": "Korean",
          "genre": "crime",
          "is_premiere": null,
          "subtitle_language": null,
          "location": null
        },
        "The only crime film that matches your criteria is \"Memories of Murder,\" which is 132 minutes long. Would you like to schedule it?"
      ],
      [
        "Yes, let's schedule \"Memories of Murder\"! What time slots do we have available?",
        {
          "name": "Memories of Murder",
          "time_of_day": null,
          "duration": 132,
          "screening_format": null,
          "audience_type": null,
          "language": "Korean",
          "genre": "Crime",
          "is_premiere": null,
          "subtitle_language": null,
          "location": null
        },
        "\"Memories of Murder\" is scheduled for the morning slot. Would you like to confirm that?"
      ],
      [
        "Yes, I confirm the morning slot for \"Memories of Murder\"!",
        {
          "name": "Memories of Murder",
          "time_of_day": "morning",
          "duration": 132,
          "screening_format": null,
          "audience_type": null,
          "language": "Korean",
          "genre": "crime",
          "is_premiere": null,
          "subtitle_language": null,
          "location": null
        },
        "Perfect! \"Memories of Murder\" is scheduled for the morning slot. Anything else you need assistance with?"
      ]
    ],
    "preferences_code": "```python\npreferences = ScreeningScheduleCriteria(\n    name='Afternoon Screening of Classic Noir',\n    time_of_day='afternoon',\n    duration=132,\n    screening_format='2D',\n    audience_type='general',\n    language='Korean',\n    genre='Crime',\n    is_premiere=False,\n    subtitle_language='English',\n    location='Cinema Hall 2',\n)\n```",
    "red_herrings_code": "```python\n# Global variable representing a list of similar FestivalScreeningSchedule examples\nsimilar_screening_schedules = [\n    FestivalScreeningSchedule(\n        name='Evening Screening of Classic Noir',\n        time_of_day='evening',\n        duration=120,\n        screening_format='3D',\n        audience_type='general',\n        language='Korean',\n        genre='Noir',\n        is_premiere=False,\n        subtitle_language='English',\n        location='Cinema Hall 1',\n    ),\n    FestivalScreeningSchedule(\n        name='Afternoon Screening of Classic Noir',\n        time_of_day='afternoon',\n        duration=115,\n        screening_format='2D',\n        audience_type='general',\n        language='Korean',\n        genre='Noir',\n        is_premiere=False,\n        subtitle_language='English',\n        location='Cinema Hall 2',\n    ),\n    FestivalScreeningSchedule(\n        name='Evening Screening of Classic Thriller',\n        time_of_day='evening',\n        duration=115,\n        screening_format='IMAX',\n        audience_type='general',\n        language='Korean',\n        genre='Thriller',\n        is_premiere=False,\n        subtitle_language='English',\n        location='Cinema Hall 3',\n    ),\n]\n```",
    "database_code": "```python\n# Global variable containing a list of screening schedule examples\nscreening_schedules = [\n    FestivalScreeningSchedule(\n        name=\"Morning Screening of Memories of Murder\",\n        time_of_day='morning',\n        duration=132,\n        screening_format='2D',\n        audience_type='general',\n        language='Korean',\n        genre='Crime',\n        is_premiere=False,\n        subtitle_language='English',\n        location='Main Auditorium'\n    ),\n    FestivalScreeningSchedule(\n        name=\"Afternoon Premiere of New Thriller\",\n        time_of_day='afternoon',\n        duration=120,\n        screening_format='IMAX',\n        audience_type='vip',\n        language='Korean',\n        genre='Thriller',\n        is_premiere=True,\n        subtitle_language='Korean',\n        location='VIP Lounge'\n    ),\n    FestivalScreeningSchedule(\n        name=\"Evening Screening of Classic Noir\",\n        time_of_day='evening',\n        duration=115,\n        screening_format='3D',\n        audience_type='general',\n        language='Korean',\n        genre='Noir',\n        is_premiere=False,\n        subtitle_language='English',\n        location='Cinema Hall 1'\n    ),\n    FestivalScreeningSchedule(\n        name=\"Night Screening of Indie Drama\",\n        time_of_day='night',\n        duration=95,\n        screening_format='2D',\n        audience_type='press',\n        language='Korean',\n        genre='Drama',\n        is_premiere=False,\n        subtitle_language='English',\n        location='Cinema Hall 2'\n    ),\n    FestivalScreeningSchedule(\n        name=\"Morning Screening of Action Flick\",\n        time_of_day='morning',\n        duration=140,\n        screening_format='4DX',\n        audience_type='general',\n        language='Korean',\n        genre='Action',\n        is_premiere=False,\n        subtitle_language='Korean',\n        location='Main Auditorium'\n    ),\n    FestivalScreeningSchedule(\n        name=\"Afternoon Documentary Screening\",\n        time_of_day='afternoon',\n        duration=100,\n        screening_format='2D',\n        audience_type='industry',\n        language='Korean',\n        genre='Documentary',\n        is_premiere=False,\n        subtitle_language='English',\n        location='Conference Room A'\n    ),\n    FestivalScreeningSchedule(\n        name=\"Evening Screening of Romantic Comedy\",\n        time_of_day='evening',\n        duration=110,\n        screening_format='2D',\n        audience_type='general',\n        language='Korean',\n        genre='Romantic Comedy',\n        is_premiere=True,\n        subtitle_language='Korean',\n        location='Cinema Hall 3'\n    ),\n    FestivalScreeningSchedule(\n        name=\"Night Screening of Horror Film\",\n        time_of_day='night',\n        duration=125,\n        screening_format='3D',\n        audience_type='vip',\n        language='Korean',\n        genre='Horror',\n        is_premiere=False,\n        subtitle_language='English',\n        location='Cinema Hall 4'\n    ),\n    FestivalScreeningSchedule(\n        name=\"Morning Screening of Historical Drama\",\n        time_of_day='morning',\n        duration=130,\n        screening_format='IMAX',\n        audience_type='general',\n        language='Korean',\n        genre='Historical',\n        is_premiere=True,\n        subtitle_language='Korean',\n        location='Main Auditorium'\n    ),\n    FestivalScreeningSchedule(\n        name=\"Afternoon Screening of Sci-Fi Epic\",\n        time_of_day='afternoon',\n        duration=150,\n        screening_format='4DX',\n        audience_type='press',\n        language='Korean',\n        genre='Sci-Fi',\n        is_premiere=False,\n        subtitle_language='English',\n        location='Cinema Hall 5'\n    )\n]\n```",
    "goal": {
      "name": null,
      "time_of_day": null,
      "duration": 132,
      "screening_format": null,
      "audience_type": "general",
      "language": null,
      "genre": "Crime",
      "is_premiere": false,
      "subtitle_language": "English",
      "location": null
    },
    "database": [
      {
        "name": "Night Screening of Horror Film",
        "time_of_day": "night",
        "duration": 125,
        "screening_format": "3D",
        "audience_type": "vip",
        "language": "Korean",
        "genre": "Horror",
        "is_premiere": false,
        "subtitle_language": "English",
        "location": "Cinema Hall 4"
      },
      {
        "name": "Evening Screening of Classic Noir",
        "time_of_day": "evening",
        "duration": 120,
        "screening_format": "3D",
        "audience_type": "general",
        "language": "Korean",
        "genre": "Noir",
        "is_premiere": false,
        "subtitle_language": "English",
        "location": "Cinema Hall 1"
      },
      {
        "name": "Afternoon Premiere of New Thriller",
        "time_of_day": "afternoon",
        "duration": 120,
        "screening_format": "IMAX",
        "audience_type": "vip",
        "language": "Korean",
        "genre": "Thriller",
        "is_premiere": true,
        "subtitle_language": "Korean",
        "location": "VIP Lounge"
      },
      {
        "name": "Evening Screening of Romantic Comedy",
        "time_of_day": "evening",
        "duration": 110,
        "screening_format": "2D",
        "audience_type": "general",
        "language": "Korean",
        "genre": "Romantic Comedy",
        "is_premiere": true,
        "subtitle_language": "Korean",
        "location": "Cinema Hall 3"
      },
      {
        "name": "Morning Screening of Action Flick",
        "time_of_day": "morning",
        "duration": 140,
        "screening_format": "4DX",
        "audience_type": "general",
        "language": "Korean",
        "genre": "Action",
        "is_premiere": false,
        "subtitle_language": "Korean",
        "location": "Main Auditorium"
      },
      {
        "name": "Night Screening of Indie Drama",
        "time_of_day": "night",
        "duration": 95,
        "screening_format": "2D",
        "audience_type": "press",
        "language": "Korean",
        "genre": "Drama",
        "is_premiere": false,
        "subtitle_language": "English",
        "location": "Cinema Hall 2"
      },
      {
        "name": "Afternoon Documentary Screening",
        "time_of_day": "afternoon",
        "duration": 100,
        "screening_format": "2D",
        "audience_type": "industry",
        "language": "Korean",
        "genre": "Documentary",
        "is_premiere": false,
        "subtitle_language": "English",
        "location": "Conference Room A"
      },
      {
        "name": "Afternoon Screening of Classic Noir",
        "time_of_day": "afternoon",
        "duration": 115,
        "screening_format": "2D",
        "audience_type": "general",
        "language": "Korean",
        "genre": "Noir",
        "is_premiere": false,
        "subtitle_language": "English",
        "location": "Cinema Hall 2"
      },
      {
        "name": "Morning Screening of Memories of Murder",
        "time_of_day": "morning",
        "duration": 132,
        "screening_format": "2D",
        "audience_type": "general",
        "language": "Korean",
        "genre": "Crime",
        "is_premiere": false,
        "subtitle_language": "English",
        "location": "Main Auditorium"
      },
      {
        "name": "Afternoon Screening of Sci-Fi Epic",
        "time_of_day": "afternoon",
        "duration": 150,
        "screening_format": "4DX",
        "audience_type": "press",
        "language": "Korean",
        "genre": "Sci-Fi",
        "is_premiere": false,
        "subtitle_language": "English",
        "location": "Cinema Hall 5"
      },
      {
        "name": "Evening Screening of Classic Noir",
        "time_of_day": "evening",
        "duration": 115,
        "screening_format": "3D",
        "audience_type": "general",
        "language": "Korean",
        "genre": "Noir",
        "is_premiere": false,
        "subtitle_language": "English",
        "location": "Cinema Hall 1"
      },
      {
        "name": "Morning Screening of Historical Drama",
        "time_of_day": "morning",
        "duration": 130,
        "screening_format": "IMAX",
        "audience_type": "general",
        "language": "Korean",
        "genre": "Historical",
        "is_premiere": true,
        "subtitle_language": "Korean",
        "location": "Main Auditorium"
      },
      {
        "name": "Evening Screening of Classic Thriller",
        "time_of_day": "evening",
        "duration": 115,
        "screening_format": "IMAX",
        "audience_type": "general",
        "language": "Korean",
        "genre": "Thriller",
        "is_premiere": false,
        "subtitle_language": "English",
        "location": "Cinema Hall 3"
      }
    ],
    "status": "complete"
  },
  {
    "domain": "Jury Panels",
    "turns": [
      [
        "Yes, I need help finding a Jury Panel. Do you have any experts in Drama available?",
        {
          "name": null,
          "experience_level": "Expert",
          "number_of_jurors": null,
          "diversity_criteria": null,
          "specialization": "Drama"
        },
        "Yes, we have \"Panel A\" and \"Panel B,\" both with expert jurors in Drama. Would you like more details on either?"
      ],
      [
        "Can you tell me about \"Panel A\"?",
        {
          "name": "Panel A",
          "experience_level": "Expert",
          "number_of_jurors": null,
          "diversity_criteria": null,
          "specialization": "Drama"
        },
        "\"Panel A\" has 6 jurors, is expert level, and meets geographical diversity criteria. Interested in this panel?"
      ],
      [
        "Yes, \"Panel A\" sounds perfect! Let's go with that.",
        {
          "name": "Panel A",
          "experience_level": "Expert",
          "number_of_jurors": 6,
          "diversity_criteria": "Geographical",
          "specialization": "Drama"
        },
        "Great choice! \"Panel A\" is confirmed for your jury panel. Anything else you need?"
      ]
    ],
    "preferences_code": "```python\npreferences = JuryPanelCriteria(\n    name='Panel A',\n    experience_level='Expert',\n    number_of_jurors=6,\n    diversity_criteria='Geographical',\n    specialization='Drama',\n)\n```",
    "red_herrings_code": "```python\n# Global variable to represent a list of Jury Panel examples\njury_panels = [\n    JuryPanelInfo(\n        name='Panel A',\n        experience_level='Expert',\n        number_of_jurors=6,\n        diversity_criteria='Geographical',\n        specialization='Drama',\n    ),\n    JuryPanelInfo(\n        name='Panel B',\n        experience_level='Intermediate',\n        number_of_jurors=6,\n        diversity_criteria='Geographical',\n        specialization='Action',\n    ),\n    JuryPanelInfo(\n        name='Panel C',\n        experience_level='Expert',\n        number_of_jurors=5,\n        diversity_criteria='Gender',\n        specialization='Action',\n    ),\n]\n```",
    "database_code": "```python\n# Global variable to hold a list of example Jury Panels\njury_panels: list[JuryPanelInfo] = [\n    JuryPanelInfo(name=\"Panel A\", experience_level='Expert', number_of_jurors=5, diversity_criteria='Gender', specialization='Documentary'),\n    JuryPanelInfo(name=\"Panel B\", experience_level='Intermediate', number_of_jurors=7, diversity_criteria='Ethnicity', specialization='Drama'),\n    JuryPanelInfo(name=\"Panel C\", experience_level='Novice', number_of_jurors=3, diversity_criteria='Age', specialization='Animation'),\n    JuryPanelInfo(name=\"Panel D\", experience_level='Expert', number_of_jurors=6, diversity_criteria='Geographical', specialization='Action'),\n    JuryPanelInfo(name=\"Panel E\", experience_level='Intermediate', number_of_jurors=4, diversity_criteria='Gender', specialization='Thriller'),\n    JuryPanelInfo(name=\"Panel F\", experience_level='Expert', number_of_jurors=8, diversity_criteria='Ethnicity', specialization='Comedy'),\n    JuryPanelInfo(name=\"Panel G\", experience_level='Novice', number_of_jurors=2, diversity_criteria='Age', specialization='Horror'),\n    JuryPanelInfo(name=\"Panel H\", experience_level='Intermediate', number_of_jurors=5, diversity_criteria='Geographical', specialization='Sci-Fi'),\n    JuryPanelInfo(name=\"Panel I\", experience_level='Expert', number_of_jurors=9, diversity_criteria='Gender', specialization='Romance'),\n    JuryPanelInfo(name=\"Panel J\", experience_level='Intermediate', number_of_jurors=3, diversity_criteria='Ethnicity', specialization='Fantasy'),\n]\n```",
    "goal": {
      "name": null,
      "experience_level": "Expert",
      "number_of_jurors": 6,
      "diversity_criteria": "Geographical",
      "specialization": "Drama"
    },
    "database": [
      {
        "name": "Panel C",
        "experience_level": "Expert",
        "number_of_jurors": 5,
        "diversity_criteria": "Gender",
        "specialization": "Action"
      },
      {
        "name": "Panel A",
        "experience_level": "Expert",
        "number_of_jurors": 5,
        "diversity_criteria": "Gender",
        "specialization": "Documentary"
      },
      {
        "name": "Panel C",
        "experience_level": "Novice",
        "number_of_jurors": 3,
        "diversity_criteria": "Age",
        "specialization": "Animation"
      },
      {
        "name": "Panel I",
        "experience_level": "Expert",
        "number_of_jurors": 9,
        "diversity_criteria": "Gender",
        "specialization": "Romance"
      },
      {
        "name": "Panel E",
        "experience_level": "Intermediate",
        "number_of_jurors": 4,
        "diversity_criteria": "Gender",
        "specialization": "Thriller"
      },
      {
        "name": "Panel A",
        "experience_level": "Expert",
        "number_of_jurors": 6,
        "diversity_criteria": "Geographical",
        "specialization": "Drama"
      },
      {
        "name": "Panel G",
        "experience_level": "Novice",
        "number_of_jurors": 2,
        "diversity_criteria": "Age",
        "specialization": "Horror"
      },
      {
        "name": "Panel D",
        "experience_level": "Expert",
        "number_of_jurors": 6,
        "diversity_criteria": "Geographical",
        "specialization": "Action"
      },
      {
        "name": "Panel B",
        "experience_level": "Intermediate",
        "number_of_jurors": 7,
        "diversity_criteria": "Ethnicity",
        "specialization": "Drama"
      },
      {
        "name": "Panel B",
        "experience_level": "Intermediate",
        "number_of_jurors": 6,
        "diversity_criteria": "Geographical",
        "specialization": "Action"
      },
      {
        "name": "Panel H",
        "experience_level": "Intermediate",
        "number_of_jurors": 5,
        "diversity_criteria": "Geographical",
        "specialization": "Sci-Fi"
      },
      {
        "name": "Panel F",
        "experience_level": "Expert",
        "number_of_jurors": 8,
        "diversity_criteria": "Ethnicity",
        "specialization": "Comedy"
      },
      {
        "name": "Panel J",
        "experience_level": "Intermediate",
        "number_of_jurors": 3,
        "diversity_criteria": "Ethnicity",
        "specialization": "Fantasy"
      }
    ],
    "status": "complete"
  }
]