[
  {
    "searcher": "Film Critic",
    "recommender": "Festival Programmer",
    "dialogue": "A film critic is working with a festival programmer to select films, screening schedules, and jury panels for an international festival.",
    "item_type": "Films",
    "criteria": [
      "Genre",
      "Runtime",
      "Awards",
      "Language",
      "Country"
    ],
    "searcher_schema_code": "```python\nfrom dataclasses import dataclass\nfrom typing import Optional, Literal\n\n@dataclass\nclass FilmCriteria:\n    \"\"\"A dataclass representing the criteria and preferences for selecting a film at a festival.\"\"\"\n\n    name: Optional[str] = None\n    \"\"\"The name of the film, if the Film Critic is looking for a specific film.\"\"\"\n\n    genre: Optional[str] = None\n    \"\"\"The genre of the film, such as Drama, Comedy, Thriller, etc.\"\"\"\n\n    runtime: Optional[int] = None\n    \"\"\"The runtime of the film in minutes.\"\"\"\n\n    awards: Optional[Literal['Won', 'Nominated', 'None']] = None\n    \"\"\"The award status of the film, indicating if it has won or been nominated for any awards.\"\"\"\n\n    language: Optional[str] = None\n    \"\"\"The primary language in which the film is produced.\"\"\"\n\n    country: Optional[str] = None\n    \"\"\"The country where the film was produced.\"\"\"\n\n    year: Optional[int] = None\n    \"\"\"The year the film was released.\"\"\"\n\n    director: Optional[str] = None\n    \"\"\"The director of the film, if looking for films by a particular director.\"\"\"\n\n    cast: Optional[str] = None\n    \"\"\"The cast of the film, if looking for films featuring particular actors or actresses.\"\"\"\n\n    festival_screening: Optional[bool] = None\n    \"\"\"Indicates if the film is being screened at the current festival.\"\"\"\n\n    jury_panel: Optional[bool] = None\n    \"\"\"Indicates if the film is part of the jury panel's selection.\"\"\"\n```",
    "recommender_schema_code": "```python\nfrom dataclasses import dataclass\nfrom typing import Optional, List, Literal\n\n@dataclass\nclass Film:\n    \"\"\"A dataclass representing a film with attributes corresponding to various details about the film.\"\"\"\n\n    name: Optional[str] = None\n    \"\"\"The name of the film.\"\"\"\n\n    genre: Optional[str] = None\n    \"\"\"The genre of the film.\"\"\"\n\n    runtime: Optional[int] = None\n    \"\"\"The runtime of the film in minutes.\"\"\"\n\n    awards: Optional[Literal['Won', 'Nominated', 'None']] = None\n    \"\"\"The award status of the film.\"\"\"\n\n    language: Optional[str] = None\n    \"\"\"The primary language of the film.\"\"\"\n\n    country: Optional[str] = None\n    \"\"\"The country where the film was produced.\"\"\"\n\n    year: Optional[int] = None\n    \"\"\"The year the film was released.\"\"\"\n\n    director: Optional[str] = None\n    \"\"\"The director of the film.\"\"\"\n\n    cast: Optional[List[str]] = None\n    \"\"\"The list of cast members in the film.\"\"\"\n\n    festival_screening: Optional[bool] = None\n    \"\"\"Indicates if the film is being screened at the current festival.\"\"\"\n\n    jury_panel: Optional[bool] = None\n    \"\"\"Indicates if the film is part of the jury panel's selection.\"\"\"\n\n    def matches_criteria(self, criteria: 'FilmCriteria') -> bool:\n        \"\"\"\n        Determines if the film matches the given search criteria.\n\n        Args:\n            criteria (FilmCriteria): The search criteria to match against.\n\n        Returns:\n            bool: True if the film matches all specified criteria, False otherwise.\n        \"\"\"\n        if criteria.name and self.name != criteria.name:\n            return False\n        if criteria.genre and self.genre != criteria.genre:\n            return False\n        if criteria.runtime and self.runtime != criteria.runtime:\n            return False\n        if criteria.awards and self.awards != criteria.awards:\n            return False\n        if criteria.language and self.language != criteria.language:\n            return False\n        if criteria.country and self.country != criteria.country:\n            return False\n        if criteria.year and self.year != criteria.year:\n            return False\n        if criteria.director and self.director != criteria.director:\n            return False\n        if criteria.cast and (not self.cast or not any(actor in self.cast for actor in criteria.cast.split(', '))):\n            return False\n        if criteria.festival_screening is not None and self.festival_screening != criteria.festival_screening:\n            return False\n        if criteria.jury_panel is not None and self.jury_panel != criteria.jury_panel:\n            return False\n\n        return True\n```",
    "searcher_schema": {
      "name": {
        "type": "typing.Optional[str]",
        "desc": "The name of the film, if the Film Critic is looking for a specific film."
      },
      "genre": {
        "type": "typing.Optional[str]",
        "desc": "The genre of the film, such as Drama, Comedy, Thriller, etc."
      },
      "runtime": {
        "type": "typing.Optional[int]",
        "desc": "The runtime of the film in minutes."
      },
      "awards": {
        "type": "typing.Optional[typing.Literal['Won', 'Nominated', 'None']]",
        "desc": "The award status of the film, indicating if it has won or been nominated for any awards."
      },
      "language": {
        "type": "typing.Optional[str]",
        "desc": "The primary language in which the film is produced."
      },
      "country": {
        "type": "typing.Optional[str]",
        "desc": "The country where the film was produced."
      },
      "year": {
        "type": "typing.Optional[int]",
        "desc": "The year the film was released."
      },
      "director": {
        "type": "typing.Optional[str]",
        "desc": "The director of the film, if looking for films by a particular director."
      },
      "cast": {
        "type": "typing.Optional[str]",
        "desc": "The cast of the film, if looking for films featuring particular actors or actresses."
      },
      "festival_screening": {
        "type": "typing.Optional[bool]",
        "desc": "Indicates if the film is being screened at the current festival."
      },
      "jury_panel": {
        "type": "typing.Optional[bool]",
        "desc": "Indicates if the film is part of the jury panel's selection."
      }
    }
  },
  {
    "searcher": "Film Critic",
    "recommender": "Festival Programmer",
    "dialogue": "A film critic is working with a festival programmer to select films, screening schedules, and jury panels for an international festival.",
    "item_type": "Screening Schedules",
    "criteria": [
      "Time of Day",
      "Duration",
      "Screening Format",
      "Audience Type"
    ],
    "searcher_schema_code": "```python\nfrom dataclasses import dataclass\nfrom typing import Optional, Literal\n\n@dataclass\nclass ScreeningScheduleCriteria:\n    \"\"\"\n    A class to represent the criteria and preferences for searching screening schedules\n    for a film festival.\n    \"\"\"\n\n    name: Optional[str] = None\n    \"\"\"The name of the specific screening schedule, if known.\"\"\"\n\n    time_of_day: Optional[Literal['morning', 'afternoon', 'evening', 'night']] = None\n    \"\"\"Preferred time of day for the screening.\"\"\"\n\n    duration: Optional[int] = None\n    \"\"\"Preferred duration of the screening in minutes.\"\"\"\n\n    screening_format: Optional[Literal['2D', '3D', 'IMAX', '4DX']] = None\n    \"\"\"Preferred screening format.\"\"\"\n\n    audience_type: Optional[Literal['general', 'press', 'industry', 'vip']] = None\n    \"\"\"Type of audience for the screening.\"\"\"\n\n    language: Optional[str] = None\n    \"\"\"Preferred language of the film being screened.\"\"\"\n\n    genre: Optional[str] = None\n    \"\"\"Preferred genre of the film.\"\"\"\n\n    is_premiere: Optional[bool] = None\n    \"\"\"Indicates if the screening is a premiere.\"\"\"\n\n    subtitle_language: Optional[str] = None\n    \"\"\"Preferred subtitle language, if subtitles are available.\"\"\"\n\n    location: Optional[str] = None\n    \"\"\"Preferred location or venue of the screening.\"\"\"\n```\n",
    "recommender_schema_code": "```python\nfrom dataclasses import dataclass\nfrom typing import Optional, Literal\n\n@dataclass\nclass FestivalScreeningSchedule:\n    \"\"\"\n    A class to represent the festival programmer's knowledge of each screening schedule\n    for a film festival.\n    \"\"\"\n\n    name: Optional[str] = None\n    \"\"\"The name of the specific screening schedule.\"\"\"\n\n    time_of_day: Optional[Literal['morning', 'afternoon', 'evening', 'night']] = None\n    \"\"\"Time of day for the screening.\"\"\"\n\n    duration: Optional[int] = None\n    \"\"\"Duration of the screening in minutes.\"\"\"\n\n    screening_format: Optional[Literal['2D', '3D', 'IMAX', '4DX']] = None\n    \"\"\"Screening format.\"\"\"\n\n    audience_type: Optional[Literal['general', 'press', 'industry', 'vip']] = None\n    \"\"\"Type of audience for the screening.\"\"\"\n\n    language: Optional[str] = None\n    \"\"\"Language of the film being screened.\"\"\"\n\n    genre: Optional[str] = None\n    \"\"\"Genre of the film.\"\"\"\n\n    is_premiere: Optional[bool] = None\n    \"\"\"Indicates if the screening is a premiere.\"\"\"\n\n    subtitle_language: Optional[str] = None\n    \"\"\"Subtitle language, if subtitles are available.\"\"\"\n\n    location: Optional[str] = None\n    \"\"\"Location or venue of the screening.\"\"\"\n\n    def matches_criteria(self, criteria: ScreeningScheduleCriteria) -> bool:\n        \"\"\"\n        Determines if the current screening schedule matches the given search criteria.\n\n        Returns True if the schedule matches the criteria, otherwise False.\n        \"\"\"\n        if criteria.name and self.name != criteria.name:\n            return False\n        if criteria.time_of_day and self.time_of_day != criteria.time_of_day:\n            return False\n        if criteria.duration and self.duration != criteria.duration:\n            return False\n        if criteria.screening_format and self.screening_format != criteria.screening_format:\n            return False\n        if criteria.audience_type and self.audience_type != criteria.audience_type:\n            return False\n        if criteria.language and self.language != criteria.language:\n            return False\n        if criteria.genre and self.genre != criteria.genre:\n            return False\n        if criteria.is_premiere is not None and self.is_premiere != criteria.is_premiere:\n            return False\n        if criteria.subtitle_language and self.subtitle_language != criteria.subtitle_language:\n            return False\n        if criteria.location and self.location != criteria.location:\n            return False\n        \n        return True\n```",
    "searcher_schema": {
      "name": {
        "type": "typing.Optional[str]",
        "desc": "The name of the specific screening schedule, if known."
      },
      "time_of_day": {
        "type": "typing.Optional[typing.Literal['morning', 'afternoon', 'evening', 'night']]",
        "desc": "Preferred time of day for the screening."
      },
      "duration": {
        "type": "typing.Optional[int]",
        "desc": "Preferred duration of the screening in minutes."
      },
      "screening_format": {
        "type": "typing.Optional[typing.Literal['2D', '3D', 'IMAX', '4DX']]",
        "desc": "Preferred screening format."
      },
      "audience_type": {
        "type": "typing.Optional[typing.Literal['general', 'press', 'industry', 'vip']]",
        "desc": "Type of audience for the screening."
      },
      "language": {
        "type": "typing.Optional[str]",
        "desc": "Preferred language of the film being screened."
      },
      "genre": {
        "type": "typing.Optional[str]",
        "desc": "Preferred genre of the film."
      },
      "is_premiere": {
        "type": "typing.Optional[bool]",
        "desc": "Indicates if the screening is a premiere."
      },
      "subtitle_language": {
        "type": "typing.Optional[str]",
        "desc": "Preferred subtitle language, if subtitles are available."
      },
      "location": {
        "type": "typing.Optional[str]",
        "desc": "Preferred location or venue of the screening."
      }
    }
  },
  {
    "searcher": "Film Critic",
    "recommender": "Festival Programmer",
    "dialogue": "A film critic is working with a festival programmer to select films, screening schedules, and jury panels for an international festival.",
    "item_type": "Jury Panels",
    "criteria": [
      "Experience Level",
      "Number of Jurors",
      "Diversity Criteria",
      "Specialization"
    ],
    "searcher_schema_code": "```python\nfrom dataclasses import dataclass\nfrom typing import Optional, Literal\n\n@dataclass\nclass JuryPanelCriteria:\n    \"\"\"\n    Data class to represent the criteria and preferences for selecting a Jury Panel.\n    Each field is optional and can be used to filter the panel based on specific requirements.\n    \"\"\"\n\n    name: Optional[str] = None\n    \"\"\"The name of the Jury Panel, if the Film Critic is looking for a specific one.\"\"\"\n\n    experience_level: Optional[Literal['Novice', 'Intermediate', 'Expert']] = None\n    \"\"\"The level of experience required for the jurors: Novice, Intermediate, or Expert.\"\"\"\n\n    number_of_jurors: Optional[int] = None\n    \"\"\"The desired number of jurors in the panel.\"\"\"\n\n    diversity_criteria: Optional[Literal['Gender', 'Ethnicity', 'Age', 'Geographical']] = None\n    \"\"\"The type of diversity criteria to consider: Gender, Ethnicity, Age, or Geographical.\"\"\"\n\n    specialization: Optional[str] = None\n    \"\"\"A specific area of specialization required for the jurors, such as a film genre or technical skill.\"\"\"\n```\n",
    "recommender_schema_code": "```python\nfrom dataclasses import dataclass\nfrom typing import Optional, Literal\n\n@dataclass\nclass JuryPanelInfo:\n    \"\"\"\n    Data class to represent known information about each Jury Panel.\n    Each field is optional and can represent missing information if set to None.\n    \"\"\"\n\n    name: Optional[str] = None\n    \"\"\"The name of the Jury Panel.\"\"\"\n\n    experience_level: Optional[Literal['Novice', 'Intermediate', 'Expert']] = None\n    \"\"\"The level of experience of the jurors: Novice, Intermediate, or Expert.\"\"\"\n\n    number_of_jurors: Optional[int] = None\n    \"\"\"The actual number of jurors in the panel.\"\"\"\n\n    diversity_criteria: Optional[Literal['Gender', 'Ethnicity', 'Age', 'Geographical']] = None\n    \"\"\"The diversity criteria met by the panel: Gender, Ethnicity, Age, or Geographical.\"\"\"\n\n    specialization: Optional[str] = None\n    \"\"\"A specific area of specialization of the jurors, such as a film genre or technical skill.\"\"\"\n\n    def matches_criteria(self, criteria: JuryPanelCriteria) -> bool:\n        \"\"\"\n        Determine if the Jury Panel matches the given criteria.\n\n        Args:\n            criteria (JuryPanelCriteria): The criteria to be matched against.\n\n        Returns:\n            bool: True if all specified criteria match the panel information, False otherwise.\n        \"\"\"\n        if criteria.name is not None and self.name != criteria.name:\n            return False\n        if criteria.experience_level is not None and self.experience_level != criteria.experience_level:\n            return False\n        if criteria.number_of_jurors is not None and self.number_of_jurors != criteria.number_of_jurors:\n            return False\n        if criteria.diversity_criteria is not None and self.diversity_criteria != criteria.diversity_criteria:\n            return False\n        if criteria.specialization is not None and self.specialization != criteria.specialization:\n            return False\n        return True\n```",
    "searcher_schema": {
      "name": {
        "type": "typing.Optional[str]",
        "desc": "The name of the Jury Panel, if the Film Critic is looking for a specific one."
      },
      "experience_level": {
        "type": "typing.Optional[typing.Literal['Novice', 'Intermediate', 'Expert']]",
        "desc": "The level of experience required for the jurors: Novice, Intermediate, or Expert."
      },
      "number_of_jurors": {
        "type": "typing.Optional[int]",
        "desc": "The desired number of jurors in the panel."
      },
      "diversity_criteria": {
        "type": "typing.Optional[typing.Literal['Gender', 'Ethnicity', 'Age', 'Geographical']]",
        "desc": "The type of diversity criteria to consider: Gender, Ethnicity, Age, or Geographical."
      },
      "specialization": {
        "type": "typing.Optional[str]",
        "desc": "A specific area of specialization required for the jurors, such as a film genre or technical skill."
      }
    }
  }
]