[
  {
    "domain": "Diversification Strategies",
    "turns": [
      [
        "What do you think about focusing on a medium-risk diversification strategy in telecommunications?",
        {
          "name": null,
          "risk_level": "Medium",
          "investment_size": null,
          "market_trend": null,
          "industry_focus": "Telecommunications",
          "time_horizon": null,
          "geographic_focus": null,
          "resource_availability": null,
          "synergy_potential": null
        },
        "That sounds like a solid choice! Are you looking for a specific investment size or time horizon?"
      ],
      [
        "I'm considering an investment size of around $300,000 and a time horizon of about 5 years. How does that sound to you?",
        {
          "name": null,
          "risk_level": "Medium",
          "investment_size": 300000,
          "market_trend": null,
          "industry_focus": "Telecommunications",
          "time_horizon": 5,
          "geographic_focus": null,
          "resource_availability": null,
          "synergy_potential": null
        },
        "That aligns well! We have a couple of options in telecommunications. Do you prefer a strategy with synergy potential?"
      ],
      [
        "Yes, I definitely prefer a strategy that has synergy potential with our existing operations.",
        {
          "name": null,
          "risk_level": "Medium",
          "investment_size": 300000,
          "market_trend": null,
          "industry_focus": "Telecommunications",
          "time_horizon": 5,
          "geographic_focus": null,
          "resource_availability": null,
          "synergy_potential": true
        },
        "Great! The \"Telecommunications Expansion\" strategy fits your criteria perfectly. Would you like to go with that?"
      ],
      [
        "Yes, let's go with the \"Telecommunications Expansion\" strategy!",
        {
          "name": "Telecommunications Expansion",
          "risk_level": "Medium",
          "investment_size": 300000,
          "market_trend": null,
          "industry_focus": null,
          "time_horizon": 5,
          "geographic_focus": null,
          "resource_availability": null,
          "synergy_potential": true
        },
        "Awesome choice! \"Telecommunications Expansion\" it is!"
      ]
    ],
    "preferences_code": "```python\npreferences = DiversificationCriteria(\n    name='Telecommunications Expansion',\n    risk_level='Medium',\n    investment_size=300000.0,\n    market_trend='Stable',\n    industry_focus='Telecommunications',\n    time_horizon=5,\n    geographic_focus='North America',\n    resource_availability='Medium',\n    synergy_potential=True,\n)\n```",
    "red_herrings_code": "```python\n# Global variable representing a list of Diversification Strategy examples\ndiversification_strategies = [\n    DiversificationStrategy(\n        name='Telecommunications Expansion',\n        risk_level='Medium',\n        investment_size=300000.0,\n        market_trend='Stable',\n        industry_focus='Telecommunications',\n        time_horizon=5,\n        geographic_focus='North America',\n        resource_availability='Medium',\n        synergy_potential=True,\n    ),\n    DiversificationStrategy(\n        name='Telecom Infrastructure',\n        risk_level='Low',\n        investment_size=400000.0,\n        market_trend='Growing',\n        industry_focus='Telecommunications',\n        time_horizon=7,\n        geographic_focus='North America',\n        resource_availability='High',\n        synergy_potential=False,\n    ),\n    DiversificationStrategy(\n        name='Digital Media Services',\n        risk_level='Medium',\n        investment_size=350000.0,\n        market_trend='Growing',\n        industry_focus='Media',\n        time_horizon=6,\n        geographic_focus='North America',\n        resource_availability='Medium',\n        synergy_potential=True,\n    )\n]\n```",
    "database_code": "```python\n# Global variable representing a list of Diversification Strategies examples\ndiversification_strategies = [\n    DiversificationStrategy(\n        name=\"Tech Expansion\",\n        risk_level='High',\n        investment_size=500000.0,\n        market_trend='Growing',\n        industry_focus=\"Technology\",\n        time_horizon=5,\n        geographic_focus=\"North America\",\n        resource_availability='Medium',\n        synergy_potential=True\n    ),\n    DiversificationStrategy(\n        name=\"Real Estate Investment\",\n        risk_level='Medium',\n        investment_size=300000.0,\n        market_trend='Stable',\n        industry_focus=\"Real Estate\",\n        time_horizon=10,\n        geographic_focus=\"Urban Areas\",\n        resource_availability='High',\n        synergy_potential=False\n    ),\n    DiversificationStrategy(\n        name=\"Green Energy\",\n        risk_level='Medium',\n        investment_size=400000.0,\n        market_trend='Growing',\n        industry_focus=\"Energy\",\n        time_horizon=7,\n        geographic_focus=\"Global\",\n        resource_availability='Medium',\n        synergy_potential=True\n    ),\n    DiversificationStrategy(\n        name=\"Healthcare Innovations\",\n        risk_level='Low',\n        investment_size=250000.0,\n        market_trend='Growing',\n        industry_focus=\"Healthcare\",\n        time_horizon=3,\n        geographic_focus=\"North America\",\n        resource_availability='High',\n        synergy_potential=True\n    ),\n    DiversificationStrategy(\n        name=\"Retail Diversification\",\n        risk_level='Medium',\n        investment_size=200000.0,\n        market_trend='Stable',\n        industry_focus=\"Retail\",\n        time_horizon=5,\n        geographic_focus=\"Europe\",\n        resource_availability='Medium',\n        synergy_potential=False\n    ),\n    DiversificationStrategy(\n        name=\"Agricultural Investment\",\n        risk_level='Low',\n        investment_size=150000.0,\n        market_trend='Growing',\n        industry_focus=\"Agriculture\",\n        time_horizon=8,\n        geographic_focus=\"Rural Areas\",\n        resource_availability='Medium',\n        synergy_potential=True\n    ),\n    DiversificationStrategy(\n        name=\"Artificial Intelligence\",\n        risk_level='High',\n        investment_size=600000.0,\n        market_trend='Growing',\n        industry_focus=\"Technology\",\n        time_horizon=4,\n        geographic_focus=\"Global\",\n        resource_availability='High',\n        synergy_potential=True\n    ),\n    DiversificationStrategy(\n        name=\"Telecommunications\",\n        risk_level='Medium',\n        investment_size=350000.0,\n        market_trend='Stable',\n        industry_focus=\"Telecommunications\",\n        time_horizon=6,\n        geographic_focus=\"North America\",\n        resource_availability='Medium',\n        synergy_potential=False\n    ),\n    DiversificationStrategy(\n        name=\"Financial Services\",\n        risk_level='Medium',\n        investment_size=400000.0,\n        market_trend='Growing',\n        industry_focus=\"Finance\",\n        time_horizon=5,\n        geographic_focus=\"Global\",\n        resource_availability='High',\n        synergy_potential=True\n    ),\n    DiversificationStrategy(\n        name=\"E-commerce Growth\",\n        risk_level='High',\n        investment_size=450000.0,\n        market_trend='Growing',\n        industry_focus=\"E-commerce\",\n        time_horizon=3,\n        geographic_focus=\"Global\",\n        resource_availability='Medium',\n        synergy_potential=True\n    )\n]\n```",
    "goal": {
      "name": null,
      "risk_level": "Medium",
      "investment_size": 300000.0,
      "market_trend": "Stable",
      "industry_focus": "Telecommunications",
      "time_horizon": 5,
      "geographic_focus": "North America",
      "resource_availability": "Medium",
      "synergy_potential": true
    },
    "database": [
      {
        "name": "Telecommunications",
        "risk_level": "Medium",
        "investment_size": 350000.0,
        "market_trend": "Stable",
        "industry_focus": "Telecommunications",
        "time_horizon": 6,
        "geographic_focus": "North America",
        "resource_availability": "Medium",
        "synergy_potential": false
      },
      {
        "name": "Digital Media Services",
        "risk_level": "Medium",
        "investment_size": 350000.0,
        "market_trend": "Growing",
        "industry_focus": "Media",
        "time_horizon": 6,
        "geographic_focus": "North America",
        "resource_availability": "Medium",
        "synergy_potential": true
      },
      {
        "name": "Telecommunications Expansion",
        "risk_level": "Medium",
        "investment_size": 300000.0,
        "market_trend": "Stable",
        "industry_focus": "Telecommunications",
        "time_horizon": 5,
        "geographic_focus": "North America",
        "resource_availability": "Medium",
        "synergy_potential": true
      },
      {
        "name": "E-commerce Growth",
        "risk_level": "High",
        "investment_size": 450000.0,
        "market_trend": "Growing",
        "industry_focus": "E-commerce",
        "time_horizon": 3,
        "geographic_focus": "Global",
        "resource_availability": "Medium",
        "synergy_potential": true
      },
      {
        "name": "Telecom Infrastructure",
        "risk_level": "Low",
        "investment_size": 400000.0,
        "market_trend": "Growing",
        "industry_focus": "Telecommunications",
        "time_horizon": 7,
        "geographic_focus": "North America",
        "resource_availability": "High",
        "synergy_potential": false
      },
      {
        "name": "Artificial Intelligence",
        "risk_level": "High",
        "investment_size": 600000.0,
        "market_trend": "Growing",
        "industry_focus": "Technology",
        "time_horizon": 4,
        "geographic_focus": "Global",
        "resource_availability": "High",
        "synergy_potential": true
      },
      {
        "name": "Real Estate Investment",
        "risk_level": "Medium",
        "investment_size": 300000.0,
        "market_trend": "Stable",
        "industry_focus": "Real Estate",
        "time_horizon": 10,
        "geographic_focus": "Urban Areas",
        "resource_availability": "High",
        "synergy_potential": false
      },
      {
        "name": "Agricultural Investment",
        "risk_level": "Low",
        "investment_size": 150000.0,
        "market_trend": "Growing",
        "industry_focus": "Agriculture",
        "time_horizon": 8,
        "geographic_focus": "Rural Areas",
        "resource_availability": "Medium",
        "synergy_potential": true
      },
      {
        "name": "Healthcare Innovations",
        "risk_level": "Low",
        "investment_size": 250000.0,
        "market_trend": "Growing",
        "industry_focus": "Healthcare",
        "time_horizon": 3,
        "geographic_focus": "North America",
        "resource_availability": "High",
        "synergy_potential": true
      },
      {
        "name": "Tech Expansion",
        "risk_level": "High",
        "investment_size": 500000.0,
        "market_trend": "Growing",
        "industry_focus": "Technology",
        "time_horizon": 5,
        "geographic_focus": "North America",
        "resource_availability": "Medium",
        "synergy_potential": true
      },
      {
        "name": "Financial Services",
        "risk_level": "Medium",
        "investment_size": 400000.0,
        "market_trend": "Growing",
        "industry_focus": "Finance",
        "time_horizon": 5,
        "geographic_focus": "Global",
        "resource_availability": "High",
        "synergy_potential": true
      },
      {
        "name": "Retail Diversification",
        "risk_level": "Medium",
        "investment_size": 200000.0,
        "market_trend": "Stable",
        "industry_focus": "Retail",
        "time_horizon": 5,
        "geographic_focus": "Europe",
        "resource_availability": "Medium",
        "synergy_potential": false
      },
      {
        "name": "Green Energy",
        "risk_level": "Medium",
        "investment_size": 400000.0,
        "market_trend": "Growing",
        "industry_focus": "Energy",
        "time_horizon": 7,
        "geographic_focus": "Global",
        "resource_availability": "Medium",
        "synergy_potential": true
      }
    ],
    "status": "complete"
  },
  {
    "domain": "Financial Forecasts",
    "turns": [
      [
        "Now, let's find a suitable financial forecast for that strategy. What do you think about a long-term forecast?",
        {
          "name": "Telecommunications Expansion",
          "time_horizon": "long-term",
          "expected_growth_rate": null,
          "market_conditions": null,
          "risk_tolerance": "medium",
          "industry": "Telecommunications",
          "currency": null,
          "inflation_rate_assumption": null,
          "interest_rate_assumption": null
        },
        "A long-term forecast could work well! Do you have any specific growth rate or market conditions in mind?"
      ],
      [
        "I'm thinking of an expected growth rate of around 4% in bullish market conditions. How does that sound?",
        {
          "name": null,
          "time_horizon": "long-term",
          "expected_growth_rate": 4.0,
          "market_conditions": "bullish",
          "risk_tolerance": "medium",
          "industry": "telecommunications",
          "currency": null,
          "inflation_rate_assumption": null,
          "interest_rate_assumption": null
        },
        "That sounds good! Let me check our options for that criteria. Would you prefer a specific currency for the forecast?"
      ],
      [
        "Yes, I'd like the forecast to be in EUR, please.",
        {
          "name": "Telecommunications Expansion",
          "time_horizon": "long-term",
          "expected_growth_rate": 4.0,
          "market_conditions": "bullish",
          "risk_tolerance": "medium",
          "industry": "Telecommunications",
          "currency": "EUR",
          "inflation_rate_assumption": null,
          "interest_rate_assumption": null
        },
        "Got it! Based on your criteria, we have \"Forecast A\" with a 4% growth rate in bullish conditions. Does that work for you?"
      ],
      [
        "Yes, \"Forecast A\" sounds perfect! Let's proceed with that.",
        {
          "name": "Forecast A",
          "time_horizon": "long-term",
          "expected_growth_rate": 4.0,
          "market_conditions": "bullish",
          "risk_tolerance": "medium",
          "industry": "telecommunications",
          "currency": "EUR",
          "inflation_rate_assumption": null,
          "interest_rate_assumption": null
        },
        "Fantastic choice! \"Forecast A\" it is!"
      ]
    ],
    "preferences_code": "```python\npreferences = FinancialForecastCriteria(\n    name='Forecast A',\n    time_horizon='long-term',\n    expected_growth_rate=4.0,\n    market_conditions='bullish',\n    risk_tolerance='high',\n    industry='Telecommunications',\n    currency='EUR',\n    inflation_rate_assumption=2.5,\n    interest_rate_assumption=4.0,\n)\n```",
    "red_herrings_code": "```python\n# Global variable containing a list of similar Financial Forecasts examples\nsimilar_financial_forecasts = [\n    FinancialForecastKnowledge(\n        name='Forecast A',\n        time_horizon='long-term',\n        expected_growth_rate=4.0,\n        market_conditions='bullish',\n        risk_tolerance='high',\n        industry='Telecommunications',\n        currency='EUR',\n        inflation_rate_assumption=2.5,\n        interest_rate_assumption=4.0,\n    ),\n    FinancialForecastKnowledge(\n        name='Forecast B',\n        time_horizon='long-term',\n        expected_growth_rate=3.5,\n        market_conditions='bearish',\n        risk_tolerance='medium',\n        industry='Telecommunications',\n        currency='EUR',\n        inflation_rate_assumption=3.0,\n        interest_rate_assumption=4.0,\n    ),\n    FinancialForecastKnowledge(\n        name='Forecast D',\n        time_horizon='medium-term',\n        expected_growth_rate=4.0,\n        market_conditions='bearish',\n        risk_tolerance='high',\n        industry='Telecommunications',\n        currency='USD',\n        inflation_rate_assumption=2.5,\n        interest_rate_assumption=3.5,\n    ),\n]\n```",
    "database_code": "```python\n# Global variable to hold a list of Financial Forecasts examples\nfinancial_forecasts = [\n    FinancialForecastKnowledge(\n        name=\"Forecast A\",\n        time_horizon='medium-term',\n        expected_growth_rate=5.0,\n        market_conditions='stable',\n        risk_tolerance='medium',\n        industry='Telecommunications',\n        currency='USD',\n        inflation_rate_assumption=2.0,\n        interest_rate_assumption=3.0\n    ),\n    FinancialForecastKnowledge(\n        name=\"Forecast B\",\n        time_horizon='short-term',\n        expected_growth_rate=7.0,\n        market_conditions='bullish',\n        risk_tolerance='low',\n        industry='Telecommunications',\n        currency='USD',\n        inflation_rate_assumption=1.5,\n        interest_rate_assumption=2.5\n    ),\n    FinancialForecastKnowledge(\n        name=\"Forecast C\",\n        time_horizon='long-term',\n        expected_growth_rate=4.0,\n        market_conditions='bearish',\n        risk_tolerance='high',\n        industry='Telecommunications',\n        currency='EUR',\n        inflation_rate_assumption=2.5,\n        interest_rate_assumption=4.0\n    ),\n    FinancialForecastKnowledge(\n        name=\"Forecast D\",\n        time_horizon='medium-term',\n        expected_growth_rate=6.0,\n        market_conditions='stable',\n        risk_tolerance='medium',\n        industry='Telecommunications',\n        currency='GBP',\n        inflation_rate_assumption=2.0,\n        interest_rate_assumption=3.5\n    ),\n    FinancialForecastKnowledge(\n        name=\"Forecast E\",\n        time_horizon='short-term',\n        expected_growth_rate=8.0,\n        market_conditions='bullish',\n        risk_tolerance='low',\n        industry='Telecommunications',\n        currency='USD',\n        inflation_rate_assumption=1.0,\n        interest_rate_assumption=2.0\n    ),\n    FinancialForecastKnowledge(\n        name=\"Forecast F\",\n        time_horizon='long-term',\n        expected_growth_rate=3.0,\n        market_conditions='bearish',\n        risk_tolerance='high',\n        industry='Telecommunications',\n        currency='EUR',\n        inflation_rate_assumption=3.0,\n        interest_rate_assumption=5.0\n    ),\n    FinancialForecastKnowledge(\n        name=\"Forecast G\",\n        time_horizon='medium-term',\n        expected_growth_rate=5.5,\n        market_conditions='stable',\n        risk_tolerance='medium',\n        industry='Telecommunications',\n        currency='USD',\n        inflation_rate_assumption=2.0,\n        interest_rate_assumption=3.0\n    ),\n    FinancialForecastKnowledge(\n        name=\"Forecast H\",\n        time_horizon='short-term',\n        expected_growth_rate=9.0,\n        market_conditions='bullish',\n        risk_tolerance='low',\n        industry='Telecommunications',\n        currency='GBP',\n        inflation_rate_assumption=1.2,\n        interest_rate_assumption=2.2\n    ),\n    FinancialForecastKnowledge(\n        name=\"Forecast I\",\n        time_horizon='long-term',\n        expected_growth_rate=2.5,\n        market_conditions='bearish',\n        risk_tolerance='high',\n        industry='Telecommunications',\n        currency='EUR',\n        inflation_rate_assumption=2.8,\n        interest_rate_assumption=4.5\n    ),\n    FinancialForecastKnowledge(\n        name=\"Forecast J\",\n        time_horizon='medium-term',\n        expected_growth_rate=6.5,\n        market_conditions='stable',\n        risk_tolerance='medium',\n        industry='Telecommunications',\n        currency='USD',\n        inflation_rate_assumption=1.8,\n        interest_rate_assumption=3.2\n    ),\n]\n```",
    "goal": {
      "name": null,
      "time_horizon": "long-term",
      "expected_growth_rate": 4.0,
      "market_conditions": "bullish",
      "risk_tolerance": "high",
      "industry": "Telecommunications",
      "currency": "EUR",
      "inflation_rate_assumption": 2.5,
      "interest_rate_assumption": 4.0
    },
    "database": [
      {
        "name": "Forecast J",
        "time_horizon": "medium-term",
        "expected_growth_rate": 6.5,
        "market_conditions": "stable",
        "risk_tolerance": "medium",
        "industry": "Telecommunications",
        "currency": "USD",
        "inflation_rate_assumption": 1.8,
        "interest_rate_assumption": 3.2
      },
      {
        "name": "Forecast D",
        "time_horizon": "medium-term",
        "expected_growth_rate": 4.0,
        "market_conditions": "bearish",
        "risk_tolerance": "high",
        "industry": "Telecommunications",
        "currency": "USD",
        "inflation_rate_assumption": 2.5,
        "interest_rate_assumption": 3.5
      },
      {
        "name": "Forecast C",
        "time_horizon": "long-term",
        "expected_growth_rate": 4.0,
        "market_conditions": "bearish",
        "risk_tolerance": "high",
        "industry": "Telecommunications",
        "currency": "EUR",
        "inflation_rate_assumption": 2.5,
        "interest_rate_assumption": 4.0
      },
      {
        "name": "Forecast B",
        "time_horizon": "short-term",
        "expected_growth_rate": 7.0,
        "market_conditions": "bullish",
        "risk_tolerance": "low",
        "industry": "Telecommunications",
        "currency": "USD",
        "inflation_rate_assumption": 1.5,
        "interest_rate_assumption": 2.5
      },
      {
        "name": "Forecast I",
        "time_horizon": "long-term",
        "expected_growth_rate": 2.5,
        "market_conditions": "bearish",
        "risk_tolerance": "high",
        "industry": "Telecommunications",
        "currency": "EUR",
        "inflation_rate_assumption": 2.8,
        "interest_rate_assumption": 4.5
      },
      {
        "name": "Forecast H",
        "time_horizon": "short-term",
        "expected_growth_rate": 9.0,
        "market_conditions": "bullish",
        "risk_tolerance": "low",
        "industry": "Telecommunications",
        "currency": "GBP",
        "inflation_rate_assumption": 1.2,
        "interest_rate_assumption": 2.2
      },
      {
        "name": "Forecast G",
        "time_horizon": "medium-term",
        "expected_growth_rate": 5.5,
        "market_conditions": "stable",
        "risk_tolerance": "medium",
        "industry": "Telecommunications",
        "currency": "USD",
        "inflation_rate_assumption": 2.0,
        "interest_rate_assumption": 3.0
      },
      {
        "name": "Forecast B",
        "time_horizon": "long-term",
        "expected_growth_rate": 3.5,
        "market_conditions": "bearish",
        "risk_tolerance": "medium",
        "industry": "Telecommunications",
        "currency": "EUR",
        "inflation_rate_assumption": 3.0,
        "interest_rate_assumption": 4.0
      },
      {
        "name": "Forecast A",
        "time_horizon": "long-term",
        "expected_growth_rate": 4.0,
        "market_conditions": "bullish",
        "risk_tolerance": "high",
        "industry": "Telecommunications",
        "currency": "EUR",
        "inflation_rate_assumption": 2.5,
        "interest_rate_assumption": 4.0
      },
      {
        "name": "Forecast E",
        "time_horizon": "short-term",
        "expected_growth_rate": 8.0,
        "market_conditions": "bullish",
        "risk_tolerance": "low",
        "industry": "Telecommunications",
        "currency": "USD",
        "inflation_rate_assumption": 1.0,
        "interest_rate_assumption": 2.0
      },
      {
        "name": "Forecast A",
        "time_horizon": "medium-term",
        "expected_growth_rate": 5.0,
        "market_conditions": "stable",
        "risk_tolerance": "medium",
        "industry": "Telecommunications",
        "currency": "USD",
        "inflation_rate_assumption": 2.0,
        "interest_rate_assumption": 3.0
      },
      {
        "name": "Forecast F",
        "time_horizon": "long-term",
        "expected_growth_rate": 3.0,
        "market_conditions": "bearish",
        "risk_tolerance": "high",
        "industry": "Telecommunications",
        "currency": "EUR",
        "inflation_rate_assumption": 3.0,
        "interest_rate_assumption": 5.0
      },
      {
        "name": "Forecast D",
        "time_horizon": "medium-term",
        "expected_growth_rate": 6.0,
        "market_conditions": "stable",
        "risk_tolerance": "medium",
        "industry": "Telecommunications",
        "currency": "GBP",
        "inflation_rate_assumption": 2.0,
        "interest_rate_assumption": 3.5
      }
    ],
    "status": "complete"
  },
  {
    "domain": "Human Resource Policies",
    "turns": [
      [
        "Thanks! Now, let's talk about Human Resource Policies. How important is employee satisfaction for you?",
        {
          "name": null,
          "employee_satisfaction": null,
          "turnover_rate": null,
          "compliance": null,
          "flexible_work_hours": null,
          "remote_work_options": null,
          "diversity_inclusion": null,
          "training_development": null,
          "benefits_comprehensiveness": null
        },
        "Employee satisfaction is crucial! What percentage are you aiming for in your HR policy?"
      ],
      [
        "I'm aiming for an employee satisfaction rate of 85%.",
        {
          "name": null,
          "employee_satisfaction": 85,
          "turnover_rate": null,
          "compliance": null,
          "flexible_work_hours": null,
          "remote_work_options": null,
          "diversity_inclusion": null,
          "training_development": null,
          "benefits_comprehensiveness": null
        },
        "Got it! Are you also looking for a specific turnover rate or compliance level?"
      ],
      [
        "Yes, I would like the turnover rate to be around 10% and compliance to be high.",
        {
          "name": null,
          "employee_satisfaction": 85,
          "turnover_rate": 10,
          "compliance": "high",
          "flexible_work_hours": null,
          "remote_work_options": null,
          "diversity_inclusion": null,
          "training_development": null,
          "benefits_comprehensiveness": null
        },
        "Understood! I'll look for policies that meet those criteria. Do you have preferences for flexible work hours or remote work options?"
      ],
      [
        "I prefer remote work options but not flexible work hours.",
        {
          "name": null,
          "employee_satisfaction": 85,
          "turnover_rate": 10,
          "compliance": "high",
          "flexible_work_hours": false,
          "remote_work_options": true,
          "diversity_inclusion": null,
          "training_development": null,
          "benefits_comprehensiveness": null
        },
        "Thanks for that! Let me summarize: you want high compliance, 85% employee satisfaction, 10% turnover rate, remote work options, and no flexible work hours. Does that sound right?"
      ],
      [
        "Yes, that sounds exactly right!",
        {
          "name": null,
          "employee_satisfaction": 85,
          "turnover_rate": 10,
          "compliance": "high",
          "flexible_work_hours": false,
          "remote_work_options": true,
          "diversity_inclusion": null,
          "training_development": null,
          "benefits_comprehensiveness": null
        },
        "Great! I found \"Policy A\" and \"Policy C\" that match your criteria. Would you like to go with one of those?"
      ],
      [
        "Let's go with \"Policy A\"!",
        {
          "name": "Policy A",
          "employee_satisfaction": 85,
          "turnover_rate": 10,
          "compliance": "high",
          "flexible_work_hours": false,
          "remote_work_options": true,
          "diversity_inclusion": null,
          "training_development": null,
          "benefits_comprehensiveness": null
        },
        "Excellent choice! \"Policy A\" it is!"
      ]
    ],
    "preferences_code": "```python\npreferences = HumanResourcePolicyCriteria(\n    name='Policy C',\n    employee_satisfaction=85,\n    turnover_rate=10,\n    compliance='high',\n    flexible_work_hours=False,\n    remote_work_options=True,\n    diversity_inclusion='medium',\n    training_development='extensive',\n    benefits_comprehensiveness='comprehensive',\n)\n```",
    "red_herrings_code": "```python\n# Global variable containing a list of similar Human Resource Policies examples\nsimilar_human_resource_policies = [\n    HumanResourcePolicy(\n        name='Policy A',\n        employee_satisfaction=85,\n        turnover_rate=7,\n        compliance='high',\n        flexible_work_hours=True,\n        remote_work_options=True,\n        diversity_inclusion='high',\n        training_development='extensive',\n        benefits_comprehensiveness='comprehensive',\n    ),\n    HumanResourcePolicy(\n        name='Policy B',\n        employee_satisfaction=90,\n        turnover_rate=10,\n        compliance='medium',\n        flexible_work_hours=True,\n        remote_work_options=False,\n        diversity_inclusion='high',\n        training_development='moderate',\n        benefits_comprehensiveness='standard',\n    ),\n    HumanResourcePolicy(\n        name='Policy C',\n        employee_satisfaction=88,\n        turnover_rate=9,\n        compliance='high',\n        flexible_work_hours=False,\n        remote_work_options=True,\n        diversity_inclusion='medium',\n        training_development='extensive',\n        benefits_comprehensiveness='comprehensive',\n    ),\n]\n```",
    "database_code": "```python\n# Global variable representing a list of Human Resource Policies examples\nhuman_resource_policies = [\n    HumanResourcePolicy(\n        name=\"Policy A\",\n        employee_satisfaction=85,\n        turnover_rate=10,\n        compliance='high',\n        flexible_work_hours=True,\n        remote_work_options=True,\n        diversity_inclusion='high',\n        training_development='extensive',\n        benefits_comprehensiveness='comprehensive'\n    ),\n    HumanResourcePolicy(\n        name=\"Policy B\",\n        employee_satisfaction=75,\n        turnover_rate=15,\n        compliance='medium',\n        flexible_work_hours=False,\n        remote_work_options=True,\n        diversity_inclusion='medium',\n        training_development='moderate',\n        benefits_comprehensiveness='standard'\n    ),\n    HumanResourcePolicy(\n        name=\"Policy C\",\n        employee_satisfaction=90,\n        turnover_rate=5,\n        compliance='high',\n        flexible_work_hours=True,\n        remote_work_options=True,\n        diversity_inclusion='high',\n        training_development='extensive',\n        benefits_comprehensiveness='comprehensive'\n    ),\n    HumanResourcePolicy(\n        name=\"Policy D\",\n        employee_satisfaction=70,\n        turnover_rate=20,\n        compliance='low',\n        flexible_work_hours=False,\n        remote_work_options=False,\n        diversity_inclusion='low',\n        training_development='basic',\n        benefits_comprehensiveness='minimal'\n    ),\n    HumanResourcePolicy(\n        name=\"Policy E\",\n        employee_satisfaction=80,\n        turnover_rate=12,\n        compliance='medium',\n        flexible_work_hours=True,\n        remote_work_options=False,\n        diversity_inclusion='medium',\n        training_development='moderate',\n        benefits_comprehensiveness='standard'\n    ),\n    HumanResourcePolicy(\n        name=\"Policy F\",\n        employee_satisfaction=88,\n        turnover_rate=8,\n        compliance='high',\n        flexible_work_hours=True,\n        remote_work_options=True,\n        diversity_inclusion='high',\n        training_development='extensive',\n        benefits_comprehensiveness='comprehensive'\n    ),\n    HumanResourcePolicy(\n        name=\"Policy G\",\n        employee_satisfaction=65,\n        turnover_rate=25,\n        compliance='low',\n        flexible_work_hours=False,\n        remote_work_options=False,\n        diversity_inclusion='low',\n        training_development='basic',\n        benefits_comprehensiveness='minimal'\n    ),\n    HumanResourcePolicy(\n        name=\"Policy H\",\n        employee_satisfaction=78,\n        turnover_rate=18,\n        compliance='medium',\n        flexible_work_hours=True,\n        remote_work_options=True,\n        diversity_inclusion='medium',\n        training_development='moderate',\n        benefits_comprehensiveness='standard'\n    ),\n    HumanResourcePolicy(\n        name=\"Policy I\",\n        employee_satisfaction=92,\n        turnover_rate=3,\n        compliance='high',\n        flexible_work_hours=True,\n        remote_work_options=True,\n        diversity_inclusion='high',\n        training_development='extensive',\n        benefits_comprehensiveness='comprehensive'\n    ),\n    HumanResourcePolicy(\n        name=\"Policy J\",\n        employee_satisfaction=72,\n        turnover_rate=22,\n        compliance='medium',\n        flexible_work_hours=False,\n        remote_work_options=False,\n        diversity_inclusion='medium',\n        training_development='basic',\n        benefits_comprehensiveness='minimal'\n    )\n]\n```",
    "goal": {
      "name": null,
      "employee_satisfaction": 85,
      "turnover_rate": 10,
      "compliance": "high",
      "flexible_work_hours": false,
      "remote_work_options": true,
      "diversity_inclusion": "medium",
      "training_development": "extensive",
      "benefits_comprehensiveness": "comprehensive"
    },
    "database": [
      {
        "name": "Policy E",
        "employee_satisfaction": 80,
        "turnover_rate": 12,
        "compliance": "medium",
        "flexible_work_hours": true,
        "remote_work_options": false,
        "diversity_inclusion": "medium",
        "training_development": "moderate",
        "benefits_comprehensiveness": "standard"
      },
      {
        "name": "Policy H",
        "employee_satisfaction": 78,
        "turnover_rate": 18,
        "compliance": "medium",
        "flexible_work_hours": true,
        "remote_work_options": true,
        "diversity_inclusion": "medium",
        "training_development": "moderate",
        "benefits_comprehensiveness": "standard"
      },
      {
        "name": "Policy C",
        "employee_satisfaction": 88,
        "turnover_rate": 9,
        "compliance": "high",
        "flexible_work_hours": false,
        "remote_work_options": true,
        "diversity_inclusion": "medium",
        "training_development": "extensive",
        "benefits_comprehensiveness": "comprehensive"
      },
      {
        "name": "Policy B",
        "employee_satisfaction": 90,
        "turnover_rate": 10,
        "compliance": "medium",
        "flexible_work_hours": true,
        "remote_work_options": false,
        "diversity_inclusion": "high",
        "training_development": "moderate",
        "benefits_comprehensiveness": "standard"
      },
      {
        "name": "Policy J",
        "employee_satisfaction": 72,
        "turnover_rate": 22,
        "compliance": "medium",
        "flexible_work_hours": false,
        "remote_work_options": false,
        "diversity_inclusion": "medium",
        "training_development": "basic",
        "benefits_comprehensiveness": "minimal"
      },
      {
        "name": "Policy C",
        "employee_satisfaction": 90,
        "turnover_rate": 5,
        "compliance": "high",
        "flexible_work_hours": true,
        "remote_work_options": true,
        "diversity_inclusion": "high",
        "training_development": "extensive",
        "benefits_comprehensiveness": "comprehensive"
      },
      {
        "name": "Policy B",
        "employee_satisfaction": 75,
        "turnover_rate": 15,
        "compliance": "medium",
        "flexible_work_hours": false,
        "remote_work_options": true,
        "diversity_inclusion": "medium",
        "training_development": "moderate",
        "benefits_comprehensiveness": "standard"
      },
      {
        "name": "Policy A",
        "employee_satisfaction": 85,
        "turnover_rate": 10,
        "compliance": "high",
        "flexible_work_hours": true,
        "remote_work_options": true,
        "diversity_inclusion": "high",
        "training_development": "extensive",
        "benefits_comprehensiveness": "comprehensive"
      },
      {
        "name": "Policy G",
        "employee_satisfaction": 65,
        "turnover_rate": 25,
        "compliance": "low",
        "flexible_work_hours": false,
        "remote_work_options": false,
        "diversity_inclusion": "low",
        "training_development": "basic",
        "benefits_comprehensiveness": "minimal"
      },
      {
        "name": "Policy A",
        "employee_satisfaction": 85,
        "turnover_rate": 7,
        "compliance": "high",
        "flexible_work_hours": true,
        "remote_work_options": true,
        "diversity_inclusion": "high",
        "training_development": "extensive",
        "benefits_comprehensiveness": "comprehensive"
      },
      {
        "name": "Policy I",
        "employee_satisfaction": 92,
        "turnover_rate": 3,
        "compliance": "high",
        "flexible_work_hours": true,
        "remote_work_options": true,
        "diversity_inclusion": "high",
        "training_development": "extensive",
        "benefits_comprehensiveness": "comprehensive"
      },
      {
        "name": "Policy F",
        "employee_satisfaction": 88,
        "turnover_rate": 8,
        "compliance": "high",
        "flexible_work_hours": true,
        "remote_work_options": true,
        "diversity_inclusion": "high",
        "training_development": "extensive",
        "benefits_comprehensiveness": "comprehensive"
      },
      {
        "name": "Policy D",
        "employee_satisfaction": 70,
        "turnover_rate": 20,
        "compliance": "low",
        "flexible_work_hours": false,
        "remote_work_options": false,
        "diversity_inclusion": "low",
        "training_development": "basic",
        "benefits_comprehensiveness": "minimal"
      }
    ],
    "status": "complete"
  }
]