[
  {
    "domain": "Diversification Strategies",
    "turns": [
      [
        "What are your thoughts on diversifying into the Food & Beverage industry?",
        {
          "name": null,
          "risk_level": null,
          "investment_size": null,
          "market_trend": null,
          "industry_focus": "Food & Beverage",
          "time_horizon": null,
          "geographic_focus": null,
          "resource_availability": null,
          "synergy_potential": null
        },
        "I think it's a promising area, especially with growing trends. What specific goals do you have in mind?"
      ],
      [
        "I'm looking for low-risk opportunities with a time horizon of around six years.",
        {
          "name": null,
          "risk_level": "Low",
          "investment_size": null,
          "market_trend": "Growing",
          "industry_focus": "Food & Beverage",
          "time_horizon": 6,
          "geographic_focus": null,
          "resource_availability": null,
          "synergy_potential": null
        },
        "How do you feel about an investment size of around $250,000?"
      ],
      [
        "That sounds reasonable; I believe we can find good options within that budget.",
        {
          "name": null,
          "risk_level": "Low",
          "investment_size": 250000,
          "market_trend": "Growing",
          "industry_focus": "Food & Beverage",
          "time_horizon": 6,
          "geographic_focus": null,
          "resource_availability": null,
          "synergy_potential": null
        },
        "Great! I have a couple of options that match your criteria. Would you prefer a focus on organic food or general food and beverage expansion?"
      ],
      [
        "I think focusing on organic food could align well with current market trends.",
        {
          "name": null,
          "risk_level": "Low",
          "investment_size": 250000,
          "market_trend": "Growing",
          "industry_focus": "Organic Food",
          "time_horizon": 6,
          "geographic_focus": null,
          "resource_availability": null,
          "synergy_potential": null
        },
        "Perfect! The \"Organic Food Expansion\" strategy fits your criteria well. Would you like to go with that option?"
      ],
      [
        "Yes, let's proceed with the \"Organic Food Expansion\" strategy!",
        {
          "name": "Organic Food Expansion",
          "risk_level": "Low",
          "investment_size": 250000,
          "market_trend": "Growing",
          "industry_focus": "Food & Beverage",
          "time_horizon": 6,
          "geographic_focus": null,
          "resource_availability": null,
          "synergy_potential": null
        },
        "Awesome choice! I'll note down the \"Organic Food Expansion\" strategy for you."
      ]
    ],
    "preferences_code": "```python\npreferences = DiversificationCriteria(\n    name='Organic Food Expansion',\n    risk_level='Low',\n    investment_size=250000,\n    market_trend='Growing',\n    industry_focus='Food & Beverage',\n    time_horizon=6,\n    geographic_focus='North America',\n    resource_availability='Medium',\n    synergy_potential=True,\n)\n```",
    "red_herrings_code": "```python\n# Global variable containing a list of example Diversification Strategies\ndiversification_strategies = [\n    DiversificationStrategy(\n        name='Beverage Market Entry',\n        risk_level='Low',\n        investment_size=200000,\n        market_trend='Growing',\n        industry_focus='Food & Beverage',\n        time_horizon=4,\n        geographic_focus='North America',\n        resource_availability='Medium',\n        synergy_potential=True,\n    ),\n    DiversificationStrategy(\n        name='Healthy Snack Launch',\n        risk_level='Medium',\n        investment_size=300000,\n        market_trend='Growing',\n        industry_focus='Food & Beverage',\n        time_horizon=5,\n        geographic_focus='North America',\n        resource_availability='High',\n        synergy_potential=False,\n    ),\n    DiversificationStrategy(\n        name='Organic Food Expansion',\n        risk_level='Low',\n        investment_size=250000,\n        market_trend='Growing',\n        industry_focus='Food & Beverage',\n        time_horizon=6,\n        geographic_focus='North America',\n        resource_availability='Medium',\n        synergy_potential=True,\n    ),\n]\n```",
    "database_code": "```python\n# Global variable containing a list of DiversificationStrategy examples.\ndiversification_strategies = [\n    DiversificationStrategy(\n        name=\"Tech Expansion\",\n        risk_level='High',\n        investment_size=500000,\n        market_trend='Growing',\n        industry_focus=\"Technology\",\n        time_horizon=5,\n        geographic_focus=\"North America\",\n        resource_availability='Medium',\n        synergy_potential=True\n    ),\n    DiversificationStrategy(\n        name=\"Retail Diversification\",\n        risk_level='Medium',\n        investment_size=300000,\n        market_trend='Stable',\n        industry_focus=\"Retail\",\n        time_horizon=3,\n        geographic_focus=\"Europe\",\n        resource_availability='High',\n        synergy_potential=False\n    ),\n    DiversificationStrategy(\n        name=\"Sustainable Energy\",\n        risk_level='Low',\n        investment_size=200000,\n        market_trend='Growing',\n        industry_focus=\"Energy\",\n        time_horizon=7,\n        geographic_focus=\"Global\",\n        resource_availability='Medium',\n        synergy_potential=True\n    ),\n    DiversificationStrategy(\n        name=\"Healthcare Innovation\",\n        risk_level='Medium',\n        investment_size=400000,\n        market_trend='Growing',\n        industry_focus=\"Healthcare\",\n        time_horizon=4,\n        geographic_focus=\"North America\",\n        resource_availability='Low',\n        synergy_potential=True\n    ),\n    DiversificationStrategy(\n        name=\"Real Estate Investment\",\n        risk_level='Medium',\n        investment_size=600000,\n        market_trend='Stable',\n        industry_focus=\"Real Estate\",\n        time_horizon=10,\n        geographic_focus=\"Asia\",\n        resource_availability='High',\n        synergy_potential=False\n    ),\n    DiversificationStrategy(\n        name=\"Food & Beverage Expansion\",\n        risk_level='Low',\n        investment_size=250000,\n        market_trend='Growing',\n        industry_focus=\"Food & Beverage\",\n        time_horizon=5,\n        geographic_focus=\"North America\",\n        resource_availability='Medium',\n        synergy_potential=True\n    ),\n    DiversificationStrategy(\n        name=\"Financial Services\",\n        risk_level='High',\n        investment_size=700000,\n        market_trend='Growing',\n        industry_focus=\"Finance\",\n        time_horizon=3,\n        geographic_focus=\"Europe\",\n        resource_availability='Medium',\n        synergy_potential=False\n    ),\n    DiversificationStrategy(\n        name=\"Telecom Infrastructure\",\n        risk_level='Medium',\n        investment_size=450000,\n        market_trend='Stable',\n        industry_focus=\"Telecommunications\",\n        time_horizon=6,\n        geographic_focus=\"Global\",\n        resource_availability='High',\n        synergy_potential=True\n    ),\n    DiversificationStrategy(\n        name=\"E-commerce Platform\",\n        risk_level='High',\n        investment_size=300000,\n        market_trend='Growing',\n        industry_focus=\"E-commerce\",\n        time_horizon=2,\n        geographic_focus=\"Global\",\n        resource_availability='Low',\n        synergy_potential=True\n    ),\n    DiversificationStrategy(\n        name=\"Transportation Services\",\n        risk_level='Medium',\n        investment_size=350000,\n        market_trend='Stable',\n        industry_focus=\"Transportation\",\n        time_horizon=4,\n        geographic_focus=\"North America\",\n        resource_availability='Medium',\n        synergy_potential=False\n    )\n]\n```",
    "goal": {
      "name": null,
      "risk_level": "Low",
      "investment_size": 250000,
      "market_trend": "Growing",
      "industry_focus": "Food & Beverage",
      "time_horizon": 6,
      "geographic_focus": "North America",
      "resource_availability": "Medium",
      "synergy_potential": true
    },
    "database": [
      {
        "name": "Tech Expansion",
        "risk_level": "High",
        "investment_size": 500000,
        "market_trend": "Growing",
        "industry_focus": "Technology",
        "time_horizon": 5,
        "geographic_focus": "North America",
        "resource_availability": "Medium",
        "synergy_potential": true
      },
      {
        "name": "Healthcare Innovation",
        "risk_level": "Medium",
        "investment_size": 400000,
        "market_trend": "Growing",
        "industry_focus": "Healthcare",
        "time_horizon": 4,
        "geographic_focus": "North America",
        "resource_availability": "Low",
        "synergy_potential": true
      },
      {
        "name": "Sustainable Energy",
        "risk_level": "Low",
        "investment_size": 200000,
        "market_trend": "Growing",
        "industry_focus": "Energy",
        "time_horizon": 7,
        "geographic_focus": "Global",
        "resource_availability": "Medium",
        "synergy_potential": true
      },
      {
        "name": "Telecom Infrastructure",
        "risk_level": "Medium",
        "investment_size": 450000,
        "market_trend": "Stable",
        "industry_focus": "Telecommunications",
        "time_horizon": 6,
        "geographic_focus": "Global",
        "resource_availability": "High",
        "synergy_potential": true
      },
      {
        "name": "Retail Diversification",
        "risk_level": "Medium",
        "investment_size": 300000,
        "market_trend": "Stable",
        "industry_focus": "Retail",
        "time_horizon": 3,
        "geographic_focus": "Europe",
        "resource_availability": "High",
        "synergy_potential": false
      },
      {
        "name": "E-commerce Platform",
        "risk_level": "High",
        "investment_size": 300000,
        "market_trend": "Growing",
        "industry_focus": "E-commerce",
        "time_horizon": 2,
        "geographic_focus": "Global",
        "resource_availability": "Low",
        "synergy_potential": true
      },
      {
        "name": "Beverage Market Entry",
        "risk_level": "Low",
        "investment_size": 200000,
        "market_trend": "Growing",
        "industry_focus": "Food & Beverage",
        "time_horizon": 4,
        "geographic_focus": "North America",
        "resource_availability": "Medium",
        "synergy_potential": true
      },
      {
        "name": "Healthy Snack Launch",
        "risk_level": "Medium",
        "investment_size": 300000,
        "market_trend": "Growing",
        "industry_focus": "Food & Beverage",
        "time_horizon": 5,
        "geographic_focus": "North America",
        "resource_availability": "High",
        "synergy_potential": false
      },
      {
        "name": "Organic Food Expansion",
        "risk_level": "Low",
        "investment_size": 250000,
        "market_trend": "Growing",
        "industry_focus": "Food & Beverage",
        "time_horizon": 6,
        "geographic_focus": "North America",
        "resource_availability": "Medium",
        "synergy_potential": true
      },
      {
        "name": "Real Estate Investment",
        "risk_level": "Medium",
        "investment_size": 600000,
        "market_trend": "Stable",
        "industry_focus": "Real Estate",
        "time_horizon": 10,
        "geographic_focus": "Asia",
        "resource_availability": "High",
        "synergy_potential": false
      },
      {
        "name": "Food & Beverage Expansion",
        "risk_level": "Low",
        "investment_size": 250000,
        "market_trend": "Growing",
        "industry_focus": "Food & Beverage",
        "time_horizon": 5,
        "geographic_focus": "North America",
        "resource_availability": "Medium",
        "synergy_potential": true
      },
      {
        "name": "Financial Services",
        "risk_level": "High",
        "investment_size": 700000,
        "market_trend": "Growing",
        "industry_focus": "Finance",
        "time_horizon": 3,
        "geographic_focus": "Europe",
        "resource_availability": "Medium",
        "synergy_potential": false
      },
      {
        "name": "Transportation Services",
        "risk_level": "Medium",
        "investment_size": 350000,
        "market_trend": "Stable",
        "industry_focus": "Transportation",
        "time_horizon": 4,
        "geographic_focus": "North America",
        "resource_availability": "Medium",
        "synergy_potential": false
      }
    ],
    "status": "complete"
  },
  {
    "domain": "Financial Forecasts",
    "turns": [
      [
        "Thanks! Now, can you help me find a financial forecast that matches a short-term horizon?",
        {
          "name": null,
          "time_horizon": "short-term",
          "expected_growth_rate": null,
          "market_conditions": null,
          "risk_tolerance": "low",
          "industry": "Food & Beverage",
          "currency": null,
          "inflation_rate_assumption": null,
          "interest_rate_assumption": null
        },
        "Sure! Are you looking for low-risk forecasts specifically within the organic food sector?"
      ],
      [
        "Yes, exactly! Low-risk forecasts in the organic food sector would be ideal.",
        {
          "name": null,
          "time_horizon": "short-term",
          "expected_growth_rate": null,
          "market_conditions": null,
          "risk_tolerance": "low",
          "industry": "Organic Food",
          "currency": null,
          "inflation_rate_assumption": null,
          "interest_rate_assumption": null
        },
        "I have a few options: how about the \"Organic Snack Line 2024\" or the \"Local Organic Produce Initiative 2023\"?"
      ],
      [
        "I prefer the \"Local Organic Produce Initiative 2023\" for its immediate market impact.",
        {
          "name": "Local Organic Produce Initiative 2023",
          "time_horizon": "short-term",
          "expected_growth_rate": null,
          "market_conditions": null,
          "risk_tolerance": "low",
          "industry": "Organic Food",
          "currency": null,
          "inflation_rate_assumption": null,
          "interest_rate_assumption": null
        },
        "Great choice! The \"Local Organic Produce Initiative 2023\" is a solid option."
      ]
    ],
    "preferences_code": "```python\npreferences = FinancialForecastCriteria(\n    name='Organic Snack Line 2024',\n    time_horizon='short-term',\n    expected_growth_rate=22.0,\n    market_conditions='bullish',\n    risk_tolerance='low',\n    industry='Organic Food',\n    currency='USD',\n    inflation_rate_assumption=1.8,\n    interest_rate_assumption=2.0,\n)\n```",
    "red_herrings_code": "```python\n# Global variable to hold a list of Financial Forecasts examples\nfinancial_forecasts = [\n    FinancialForecastKnowledge(\n        name='Organic Snack Line 2024',\n        time_horizon='short-term',\n        expected_growth_rate=22.0,\n        market_conditions='bullish',\n        risk_tolerance='low',\n        industry='Organic Food',\n        currency='USD',\n        inflation_rate_assumption=1.8,\n        interest_rate_assumption=2.0,\n    ),\n    FinancialForecastKnowledge(\n        name='Organic Beverage Line 2023',\n        time_horizon='medium-term',\n        expected_growth_rate=18.0,\n        market_conditions='stable',\n        risk_tolerance='low',\n        industry='Organic Food',\n        currency='USD',\n        inflation_rate_assumption=1.8,\n        interest_rate_assumption=2.0,\n    ),\n    FinancialForecastKnowledge(\n        name='Organic Snack Line 2023',\n        time_horizon='short-term',\n        expected_growth_rate=20.0,\n        market_conditions='bearish',\n        risk_tolerance='medium',\n        industry='Organic Food',\n        currency='USD',\n        inflation_rate_assumption=2.0,\n        interest_rate_assumption=2.0,\n    ),\n]\n```",
    "database_code": "```python\n# Global variable to hold a list of Financial Forecast examples\nfinancial_forecasts = [\n    FinancialForecastKnowledge(\n        name=\"Organic Growth Plan 2024\",\n        time_horizon='short-term',\n        expected_growth_rate=15.0,\n        market_conditions='bullish',\n        risk_tolerance='low',\n        industry=\"Organic Food\",\n        currency=\"USD\",\n        inflation_rate_assumption=2.5,\n        interest_rate_assumption=3.0\n    ),\n    FinancialForecastKnowledge(\n        name=\"Sustainable Beverage Expansion 2025\",\n        time_horizon='medium-term',\n        expected_growth_rate=10.0,\n        market_conditions='stable',\n        risk_tolerance='medium',\n        industry=\"Beverage\",\n        currency=\"USD\",\n        inflation_rate_assumption=2.0,\n        interest_rate_assumption=2.5\n    ),\n    FinancialForecastKnowledge(\n        name=\"Organic Snack Line 2023\",\n        time_horizon='short-term',\n        expected_growth_rate=20.0,\n        market_conditions='bullish',\n        risk_tolerance='low',\n        industry=\"Organic Food\",\n        currency=\"USD\",\n        inflation_rate_assumption=1.8,\n        interest_rate_assumption=2.0\n    ),\n    FinancialForecastKnowledge(\n        name=\"Plant-Based Product Launch 2026\",\n        time_horizon='long-term',\n        expected_growth_rate=12.0,\n        market_conditions='bullish',\n        risk_tolerance='medium',\n        industry=\"Organic Food\",\n        currency=\"USD\",\n        inflation_rate_assumption=2.2,\n        interest_rate_assumption=3.5\n    ),\n    FinancialForecastKnowledge(\n        name=\"Health-Conscious Beverage Strategy 2024\",\n        time_horizon='short-term',\n        expected_growth_rate=18.0,\n        market_conditions='stable',\n        risk_tolerance='low',\n        industry=\"Beverage\",\n        currency=\"USD\",\n        inflation_rate_assumption=2.0,\n        interest_rate_assumption=2.8\n    ),\n    FinancialForecastKnowledge(\n        name=\"Organic Meal Kit Service 2025\",\n        time_horizon='medium-term',\n        expected_growth_rate=14.0,\n        market_conditions='bearish',\n        risk_tolerance='medium',\n        industry=\"Organic Food\",\n        currency=\"USD\",\n        inflation_rate_assumption=2.3,\n        interest_rate_assumption=3.0\n    ),\n    FinancialForecastKnowledge(\n        name=\"Local Organic Produce Initiative 2023\",\n        time_horizon='short-term',\n        expected_growth_rate=22.0,\n        market_conditions='bullish',\n        risk_tolerance='low',\n        industry=\"Organic Food\",\n        currency=\"USD\",\n        inflation_rate_assumption=1.5,\n        interest_rate_assumption=2.2\n    ),\n    FinancialForecastKnowledge(\n        name=\"Functional Beverage Growth Plan 2026\",\n        time_horizon='long-term',\n        expected_growth_rate=11.0,\n        market_conditions='stable',\n        risk_tolerance='medium',\n        industry=\"Beverage\",\n        currency=\"USD\",\n        inflation_rate_assumption=2.1,\n        interest_rate_assumption=2.9\n    ),\n    FinancialForecastKnowledge(\n        name=\"Organic Bakery Expansion 2024\",\n        time_horizon='short-term',\n        expected_growth_rate=16.0,\n        market_conditions='bullish',\n        risk_tolerance='low',\n        industry=\"Organic Food\",\n        currency=\"USD\",\n        inflation_rate_assumption=2.4,\n        interest_rate_assumption=3.1\n    ),\n    FinancialForecastKnowledge(\n        name=\"Eco-Friendly Packaging Strategy 2025\",\n        time_horizon='medium-term',\n        expected_growth_rate=13.0,\n        market_conditions='stable',\n        risk_tolerance='medium',\n        industry=\"Beverage\",\n        currency=\"USD\",\n        inflation_rate_assumption=2.2,\n        interest_rate_assumption=2.7\n    )\n]\n```",
    "goal": {
      "name": null,
      "time_horizon": "short-term",
      "expected_growth_rate": 22.0,
      "market_conditions": "bullish",
      "risk_tolerance": "low",
      "industry": "Organic Food",
      "currency": "USD",
      "inflation_rate_assumption": 1.8,
      "interest_rate_assumption": 2.0
    },
    "database": [
      {
        "name": "Organic Snack Line 2024",
        "time_horizon": "short-term",
        "expected_growth_rate": 22.0,
        "market_conditions": "bullish",
        "risk_tolerance": "low",
        "industry": "Organic Food",
        "currency": "USD",
        "inflation_rate_assumption": 1.8,
        "interest_rate_assumption": 2.0
      },
      {
        "name": "Organic Growth Plan 2024",
        "time_horizon": "short-term",
        "expected_growth_rate": 15.0,
        "market_conditions": "bullish",
        "risk_tolerance": "low",
        "industry": "Organic Food",
        "currency": "USD",
        "inflation_rate_assumption": 2.5,
        "interest_rate_assumption": 3.0
      },
      {
        "name": "Eco-Friendly Packaging Strategy 2025",
        "time_horizon": "medium-term",
        "expected_growth_rate": 13.0,
        "market_conditions": "stable",
        "risk_tolerance": "medium",
        "industry": "Beverage",
        "currency": "USD",
        "inflation_rate_assumption": 2.2,
        "interest_rate_assumption": 2.7
      },
      {
        "name": "Organic Snack Line 2023",
        "time_horizon": "short-term",
        "expected_growth_rate": 20.0,
        "market_conditions": "bullish",
        "risk_tolerance": "low",
        "industry": "Organic Food",
        "currency": "USD",
        "inflation_rate_assumption": 1.8,
        "interest_rate_assumption": 2.0
      },
      {
        "name": "Organic Bakery Expansion 2024",
        "time_horizon": "short-term",
        "expected_growth_rate": 16.0,
        "market_conditions": "bullish",
        "risk_tolerance": "low",
        "industry": "Organic Food",
        "currency": "USD",
        "inflation_rate_assumption": 2.4,
        "interest_rate_assumption": 3.1
      },
      {
        "name": "Local Organic Produce Initiative 2023",
        "time_horizon": "short-term",
        "expected_growth_rate": 22.0,
        "market_conditions": "bullish",
        "risk_tolerance": "low",
        "industry": "Organic Food",
        "currency": "USD",
        "inflation_rate_assumption": 1.5,
        "interest_rate_assumption": 2.2
      },
      {
        "name": "Health-Conscious Beverage Strategy 2024",
        "time_horizon": "short-term",
        "expected_growth_rate": 18.0,
        "market_conditions": "stable",
        "risk_tolerance": "low",
        "industry": "Beverage",
        "currency": "USD",
        "inflation_rate_assumption": 2.0,
        "interest_rate_assumption": 2.8
      },
      {
        "name": "Organic Snack Line 2023",
        "time_horizon": "short-term",
        "expected_growth_rate": 20.0,
        "market_conditions": "bearish",
        "risk_tolerance": "medium",
        "industry": "Organic Food",
        "currency": "USD",
        "inflation_rate_assumption": 2.0,
        "interest_rate_assumption": 2.0
      },
      {
        "name": "Organic Beverage Line 2023",
        "time_horizon": "medium-term",
        "expected_growth_rate": 18.0,
        "market_conditions": "stable",
        "risk_tolerance": "low",
        "industry": "Organic Food",
        "currency": "USD",
        "inflation_rate_assumption": 1.8,
        "interest_rate_assumption": 2.0
      },
      {
        "name": "Organic Meal Kit Service 2025",
        "time_horizon": "medium-term",
        "expected_growth_rate": 14.0,
        "market_conditions": "bearish",
        "risk_tolerance": "medium",
        "industry": "Organic Food",
        "currency": "USD",
        "inflation_rate_assumption": 2.3,
        "interest_rate_assumption": 3.0
      },
      {
        "name": "Plant-Based Product Launch 2026",
        "time_horizon": "long-term",
        "expected_growth_rate": 12.0,
        "market_conditions": "bullish",
        "risk_tolerance": "medium",
        "industry": "Organic Food",
        "currency": "USD",
        "inflation_rate_assumption": 2.2,
        "interest_rate_assumption": 3.5
      },
      {
        "name": "Sustainable Beverage Expansion 2025",
        "time_horizon": "medium-term",
        "expected_growth_rate": 10.0,
        "market_conditions": "stable",
        "risk_tolerance": "medium",
        "industry": "Beverage",
        "currency": "USD",
        "inflation_rate_assumption": 2.0,
        "interest_rate_assumption": 2.5
      },
      {
        "name": "Functional Beverage Growth Plan 2026",
        "time_horizon": "long-term",
        "expected_growth_rate": 11.0,
        "market_conditions": "stable",
        "risk_tolerance": "medium",
        "industry": "Beverage",
        "currency": "USD",
        "inflation_rate_assumption": 2.1,
        "interest_rate_assumption": 2.9
      }
    ],
    "status": "complete"
  },
  {
    "domain": "Human Resource Policies",
    "turns": [
      [
        "Thanks! Now, let's talk about Human Resource Policies. What do you think about flexible work hours for the team?",
        {
          "name": null,
          "employee_satisfaction": null,
          "turnover_rate": null,
          "compliance": null,
          "flexible_work_hours": true,
          "remote_work_options": null,
          "diversity_inclusion": null,
          "training_development": null,
          "benefits_comprehensiveness": null
        },
        "Flexible work hours can boost productivity and employee satisfaction. Do you have a specific satisfaction percentage in mind?"
      ],
      [
        "I\u2019m aiming for around 85% employee satisfaction.",
        {
          "name": null,
          "employee_satisfaction": 85,
          "turnover_rate": null,
          "compliance": null,
          "flexible_work_hours": true,
          "remote_work_options": null,
          "diversity_inclusion": null,
          "training_development": null,
          "benefits_comprehensiveness": null
        },
        "Got it! Would you also consider a turnover rate of 10% or lower?"
      ],
      [
        "Yes, a turnover rate of 10% or lower is definitely acceptable.",
        {
          "name": null,
          "employee_satisfaction": 85,
          "turnover_rate": 10,
          "compliance": null,
          "flexible_work_hours": true,
          "remote_work_options": null,
          "diversity_inclusion": null,
          "training_development": null,
          "benefits_comprehensiveness": null
        },
        "Great! Would you like to prioritize high compliance and options for remote work as well?"
      ],
      [
        "I prefer high compliance, but I\u2019m not looking for remote work options.",
        {
          "name": null,
          "employee_satisfaction": 85,
          "turnover_rate": 10,
          "compliance": "high",
          "flexible_work_hours": true,
          "remote_work_options": false,
          "diversity_inclusion": null,
          "training_development": null,
          "benefits_comprehensiveness": null
        },
        "Understood! Let me find policies that meet high compliance and no remote work options. One moment!"
      ],
      [
        "Sure, take your time!",
        {
          "name": null,
          "employee_satisfaction": 85,
          "turnover_rate": 10,
          "compliance": "high",
          "flexible_work_hours": true,
          "remote_work_options": false,
          "diversity_inclusion": null,
          "training_development": null,
          "benefits_comprehensiveness": null
        },
        "I found a match: the \"Health and Wellness Policy\" has high compliance, 88% employee satisfaction, and a 9% turnover rate. How does that sound?"
      ],
      [
        "That sounds excellent! Let\u2019s go with the \"Health and Wellness Policy.\"",
        {
          "name": "Health and Wellness Policy",
          "employee_satisfaction": 85,
          "turnover_rate": 10,
          "compliance": "high",
          "flexible_work_hours": true,
          "remote_work_options": false,
          "diversity_inclusion": null,
          "training_development": null,
          "benefits_comprehensiveness": null
        },
        "Awesome choice! I'll finalize the \"Health and Wellness Policy\" for you."
      ]
    ],
    "preferences_code": "```python\npreferences = HumanResourcePolicyCriteria(\n    name='Health and Wellness Policy',\n    employee_satisfaction=85,\n    turnover_rate=10,\n    compliance='high',\n    flexible_work_hours=True,\n    remote_work_options=False,\n    diversity_inclusion='medium',\n    training_development='extensive',\n    benefits_comprehensiveness='comprehensive',\n)\n```",
    "red_herrings_code": "```python\n# Global variable containing a list of similar Human Resource Policies\nsimilar_human_resource_policies = [\n    HumanResourcePolicy(\n        name='Health and Wellness Policy',\n        employee_satisfaction=85,\n        turnover_rate=10,\n        compliance='high',\n        flexible_work_hours=True,\n        remote_work_options=False,\n        diversity_inclusion='medium',\n        training_development='extensive',\n        benefits_comprehensiveness='comprehensive',\n    ),\n    HumanResourcePolicy(\n        name='Work-Life Balance Policy',\n        employee_satisfaction=90,\n        turnover_rate=8,\n        compliance='high',\n        flexible_work_hours=True,\n        remote_work_options=True,\n        diversity_inclusion='medium',\n        training_development='moderate',\n        benefits_comprehensiveness='comprehensive',\n    ),\n    HumanResourcePolicy(\n        name='Employee Engagement Policy',\n        employee_satisfaction=87,\n        turnover_rate=11,\n        compliance='medium',\n        flexible_work_hours=False,\n        remote_work_options=False,\n        diversity_inclusion='high',\n        training_development='extensive',\n        benefits_comprehensiveness='standard',\n    ),\n]\n```",
    "database_code": "```python\n# Global variable representing a list of Human Resource Policies examples\nhuman_resource_policies = [\n    HumanResourcePolicy(\n        name=\"Flexible Work Policy\",\n        employee_satisfaction=85,\n        turnover_rate=10,\n        compliance='high',\n        flexible_work_hours=True,\n        remote_work_options=True,\n        diversity_inclusion='high',\n        training_development='extensive',\n        benefits_comprehensiveness='comprehensive'\n    ),\n    HumanResourcePolicy(\n        name=\"Standard Employee Policy\",\n        employee_satisfaction=75,\n        turnover_rate=15,\n        compliance='medium',\n        flexible_work_hours=False,\n        remote_work_options=False,\n        diversity_inclusion='medium',\n        training_development='moderate',\n        benefits_comprehensiveness='standard'\n    ),\n    HumanResourcePolicy(\n        name=\"Minimalist Policy\",\n        employee_satisfaction=60,\n        turnover_rate=20,\n        compliance='low',\n        flexible_work_hours=False,\n        remote_work_options=False,\n        diversity_inclusion='low',\n        training_development='basic',\n        benefits_comprehensiveness='minimal'\n    ),\n    HumanResourcePolicy(\n        name=\"Remote Work Initiative\",\n        employee_satisfaction=90,\n        turnover_rate=8,\n        compliance='high',\n        flexible_work_hours=True,\n        remote_work_options=True,\n        diversity_inclusion='high',\n        training_development='extensive',\n        benefits_comprehensiveness='comprehensive'\n    ),\n    HumanResourcePolicy(\n        name=\"Diversity and Inclusion Policy\",\n        employee_satisfaction=80,\n        turnover_rate=12,\n        compliance='medium',\n        flexible_work_hours=True,\n        remote_work_options=True,\n        diversity_inclusion='high',\n        training_development='moderate',\n        benefits_comprehensiveness='standard'\n    ),\n    HumanResourcePolicy(\n        name=\"Health and Wellness Policy\",\n        employee_satisfaction=88,\n        turnover_rate=9,\n        compliance='high',\n        flexible_work_hours=True,\n        remote_work_options=False,\n        diversity_inclusion='medium',\n        training_development='extensive',\n        benefits_comprehensiveness='comprehensive'\n    ),\n    HumanResourcePolicy(\n        name=\"Work-Life Balance Policy\",\n        employee_satisfaction=82,\n        turnover_rate=11,\n        compliance='high',\n        flexible_work_hours=True,\n        remote_work_options=True,\n        diversity_inclusion='medium',\n        training_development='moderate',\n        benefits_comprehensiveness='standard'\n    ),\n    HumanResourcePolicy(\n        name=\"Traditional Policy\",\n        employee_satisfaction=70,\n        turnover_rate=18,\n        compliance='medium',\n        flexible_work_hours=False,\n        remote_work_options=False,\n        diversity_inclusion='low',\n        training_development='basic',\n        benefits_comprehensiveness='minimal'\n    ),\n    HumanResourcePolicy(\n        name=\"Innovation and Creativity Policy\",\n        employee_satisfaction=86,\n        turnover_rate=10,\n        compliance='high',\n        flexible_work_hours=True,\n        remote_work_options=True,\n        diversity_inclusion='high',\n        training_development='extensive',\n        benefits_comprehensiveness='comprehensive'\n    ),\n    HumanResourcePolicy(\n        name=\"Entry-Level Support Policy\",\n        employee_satisfaction=78,\n        turnover_rate=16,\n        compliance='medium',\n        flexible_work_hours=False,\n        remote_work_options=False,\n        diversity_inclusion='medium',\n        training_development='moderate',\n        benefits_comprehensiveness='standard'\n    )\n]\n```",
    "goal": {
      "name": null,
      "employee_satisfaction": 85,
      "turnover_rate": 10,
      "compliance": "high",
      "flexible_work_hours": true,
      "remote_work_options": false,
      "diversity_inclusion": "medium",
      "training_development": "extensive",
      "benefits_comprehensiveness": "comprehensive"
    },
    "database": [
      {
        "name": "Minimalist Policy",
        "employee_satisfaction": 60,
        "turnover_rate": 20,
        "compliance": "low",
        "flexible_work_hours": false,
        "remote_work_options": false,
        "diversity_inclusion": "low",
        "training_development": "basic",
        "benefits_comprehensiveness": "minimal"
      },
      {
        "name": "Traditional Policy",
        "employee_satisfaction": 70,
        "turnover_rate": 18,
        "compliance": "medium",
        "flexible_work_hours": false,
        "remote_work_options": false,
        "diversity_inclusion": "low",
        "training_development": "basic",
        "benefits_comprehensiveness": "minimal"
      },
      {
        "name": "Diversity and Inclusion Policy",
        "employee_satisfaction": 80,
        "turnover_rate": 12,
        "compliance": "medium",
        "flexible_work_hours": true,
        "remote_work_options": true,
        "diversity_inclusion": "high",
        "training_development": "moderate",
        "benefits_comprehensiveness": "standard"
      },
      {
        "name": "Health and Wellness Policy",
        "employee_satisfaction": 88,
        "turnover_rate": 9,
        "compliance": "high",
        "flexible_work_hours": true,
        "remote_work_options": false,
        "diversity_inclusion": "medium",
        "training_development": "extensive",
        "benefits_comprehensiveness": "comprehensive"
      },
      {
        "name": "Health and Wellness Policy",
        "employee_satisfaction": 85,
        "turnover_rate": 10,
        "compliance": "high",
        "flexible_work_hours": true,
        "remote_work_options": false,
        "diversity_inclusion": "medium",
        "training_development": "extensive",
        "benefits_comprehensiveness": "comprehensive"
      },
      {
        "name": "Standard Employee Policy",
        "employee_satisfaction": 75,
        "turnover_rate": 15,
        "compliance": "medium",
        "flexible_work_hours": false,
        "remote_work_options": false,
        "diversity_inclusion": "medium",
        "training_development": "moderate",
        "benefits_comprehensiveness": "standard"
      },
      {
        "name": "Remote Work Initiative",
        "employee_satisfaction": 90,
        "turnover_rate": 8,
        "compliance": "high",
        "flexible_work_hours": true,
        "remote_work_options": true,
        "diversity_inclusion": "high",
        "training_development": "extensive",
        "benefits_comprehensiveness": "comprehensive"
      },
      {
        "name": "Work-Life Balance Policy",
        "employee_satisfaction": 82,
        "turnover_rate": 11,
        "compliance": "high",
        "flexible_work_hours": true,
        "remote_work_options": true,
        "diversity_inclusion": "medium",
        "training_development": "moderate",
        "benefits_comprehensiveness": "standard"
      },
      {
        "name": "Employee Engagement Policy",
        "employee_satisfaction": 87,
        "turnover_rate": 11,
        "compliance": "medium",
        "flexible_work_hours": false,
        "remote_work_options": false,
        "diversity_inclusion": "high",
        "training_development": "extensive",
        "benefits_comprehensiveness": "standard"
      },
      {
        "name": "Entry-Level Support Policy",
        "employee_satisfaction": 78,
        "turnover_rate": 16,
        "compliance": "medium",
        "flexible_work_hours": false,
        "remote_work_options": false,
        "diversity_inclusion": "medium",
        "training_development": "moderate",
        "benefits_comprehensiveness": "standard"
      },
      {
        "name": "Innovation and Creativity Policy",
        "employee_satisfaction": 86,
        "turnover_rate": 10,
        "compliance": "high",
        "flexible_work_hours": true,
        "remote_work_options": true,
        "diversity_inclusion": "high",
        "training_development": "extensive",
        "benefits_comprehensiveness": "comprehensive"
      },
      {
        "name": "Flexible Work Policy",
        "employee_satisfaction": 85,
        "turnover_rate": 10,
        "compliance": "high",
        "flexible_work_hours": true,
        "remote_work_options": true,
        "diversity_inclusion": "high",
        "training_development": "extensive",
        "benefits_comprehensiveness": "comprehensive"
      },
      {
        "name": "Work-Life Balance Policy",
        "employee_satisfaction": 90,
        "turnover_rate": 8,
        "compliance": "high",
        "flexible_work_hours": true,
        "remote_work_options": true,
        "diversity_inclusion": "medium",
        "training_development": "moderate",
        "benefits_comprehensiveness": "comprehensive"
      }
    ],
    "status": "complete"
  }
]