[
  {
    "domain": "Diversification Strategies",
    "turns": [
      [
        "Hey there! What specific areas of retail are you most interested in for diversification?",
        {
          "name": null,
          "risk_level": null,
          "investment_size": null,
          "market_trend": null,
          "industry_focus": null,
          "time_horizon": null,
          "geographic_focus": null,
          "resource_availability": null,
          "synergy_potential": null
        },
        "I'm looking for opportunities in e-commerce and sustainable retail practices."
      ],
      [
        "That sounds promising! Are you open to exploring partnerships or acquisitions in those areas?",
        {
          "name": null,
          "risk_level": null,
          "investment_size": null,
          "market_trend": null,
          "industry_focus": "e-commerce and sustainable retail practices",
          "time_horizon": null,
          "geographic_focus": null,
          "resource_availability": null,
          "synergy_potential": null
        },
        "Yes, I'm definitely open to partnerships or acquisitions in those sectors."
      ],
      [
        "Great! How do you feel about targeting companies that already have a strong presence in Europe?",
        {
          "name": null,
          "risk_level": null,
          "investment_size": null,
          "market_trend": null,
          "industry_focus": "e-commerce and sustainable retail practices",
          "time_horizon": null,
          "geographic_focus": "Europe",
          "resource_availability": null,
          "synergy_potential": null
        },
        "That sounds like a solid plan; targeting Europe could be beneficial."
      ],
      [
        "Awesome! Given your focus on sustainability, would you prefer to partner with companies that have existing eco-friendly practices?",
        {
          "name": null,
          "risk_level": null,
          "investment_size": null,
          "market_trend": null,
          "industry_focus": "e-commerce and sustainable retail practices",
          "time_horizon": null,
          "geographic_focus": "Europe",
          "resource_availability": null,
          "synergy_potential": true
        },
        "Absolutely, partnering with eco-friendly companies aligns perfectly with my vision."
      ],
      [
        "Perfect! Would you be comfortable with a medium risk level for these partnerships, considering the potential for growth?",
        {
          "name": null,
          "risk_level": "Medium",
          "investment_size": null,
          "market_trend": null,
          "industry_focus": "e-commerce and sustainable retail practices",
          "time_horizon": null,
          "geographic_focus": "Europe",
          "resource_availability": null,
          "synergy_potential": true
        },
        "Yes, a medium risk level would be acceptable for the potential growth opportunities."
      ],
      [
        "Excellent! With a budget of around 250,000, are you looking for a majority stake or would a minority stake be sufficient?",
        {
          "name": null,
          "risk_level": "Medium",
          "investment_size": 250000,
          "market_trend": null,
          "industry_focus": "e-commerce and sustainable retail practices",
          "time_horizon": null,
          "geographic_focus": "Europe",
          "resource_availability": null,
          "synergy_potential": true
        },
        "A minority stake would be sufficient for our initial investment."
      ],
      [
        "Got it! Lastly, how important is it for these partnerships to have synergy with your existing operations?",
        {
          "name": null,
          "risk_level": "Medium",
          "investment_size": 250000,
          "market_trend": null,
          "industry_focus": "e-commerce and sustainable retail practices",
          "time_horizon": null,
          "geographic_focus": "Europe",
          "resource_availability": null,
          "synergy_potential": true
        },
        "Having synergy with existing operations is very important for us."
      ],
      [
        "Great! Based on everything you've shared, I recommend exploring partnerships with established e-commerce companies in Europe that focus on sustainable practices and have synergy with your retail operations.",
        {
          "name": null,
          "risk_level": "Medium",
          "investment_size": 250000.0,
          "market_trend": null,
          "industry_focus": "E-commerce and sustainable retail practices",
          "time_horizon": null,
          "geographic_focus": "Europe",
          "resource_availability": null,
          "synergy_potential": true
        },
        "That sounds like a great direction! Do you have specific strategies in mind that fit those criteria?"
      ],
      [
        "Yes, I suggest looking into joint ventures with eco-friendly e-commerce platforms or investing in sustainable product lines within existing companies.",
        {
          "name": null,
          "risk_level": "Medium",
          "investment_size": 250000,
          "market_trend": null,
          "industry_focus": "e-commerce and sustainable retail practices",
          "time_horizon": null,
          "geographic_focus": "Europe",
          "resource_availability": null,
          "synergy_potential": true
        },
        "Those are excellent suggestions! Any particular companies or platforms you have in mind for these joint ventures?"
      ],
      [
        "You might consider platforms like EcoCart or ThredUp, as they align well with sustainability and have a strong European presence.",
        {
          "name": null,
          "risk_level": "Medium",
          "investment_size": 250000,
          "market_trend": null,
          "industry_focus": "e-commerce and sustainable retail practices",
          "time_horizon": null,
          "geographic_focus": "Europe",
          "resource_availability": null,
          "synergy_potential": true
        },
        "Those are fantastic options! I'm excited to explore potential collaborations with EcoCart and ThredUp."
      ],
      [
        "I'm glad you're excited! Let\u2019s set up some meetings to discuss potential collaborations with them.",
        {
          "name": null,
          "risk_level": "Medium",
          "investment_size": 250000.0,
          "market_trend": null,
          "industry_focus": "e-commerce and sustainable retail practices",
          "time_horizon": null,
          "geographic_focus": "Europe",
          "resource_availability": null,
          "synergy_potential": true
        },
        "Sounds like a plan! I\u2019ll get started on scheduling those meetings."
      ]
    ],
    "preferences_code": "```python\npreferences = DiversificationCriteria(\n    name='Retail Expansion',\n    risk_level='Medium',\n    investment_size=250000,\n    market_trend='Stable',\n    industry_focus='Retail',\n    time_horizon=4,\n    geographic_focus='Europe',\n    resource_availability='High',\n    synergy_potential=True,\n)\n```",
    "red_herrings_code": "```python\n# Global variable representing a list of Diversification Strategy examples\ndiversification_strategies = [\n    DiversificationStrategy(\n        name='Retail Expansion',\n        risk_level='Medium',\n        investment_size=250000,\n        market_trend='Stable',\n        industry_focus='Retail',\n        time_horizon=4,\n        geographic_focus='Europe',\n        resource_availability='High',\n        synergy_potential=True,\n    ),\n    DiversificationStrategy(\n        name='E-commerce Diversification',\n        risk_level='Medium',\n        investment_size=300000,\n        market_trend='Growing',\n        industry_focus='Retail',\n        time_horizon=2,\n        geographic_focus='Global',\n        resource_availability='Medium',\n        synergy_potential=False,\n    ),\n    DiversificationStrategy(\n        name='Retail Franchise Development',\n        risk_level='Low',\n        investment_size=350000,\n        market_trend='Stable',\n        industry_focus='Retail',\n        time_horizon=5,\n        geographic_focus='Europe',\n        resource_availability='High',\n        synergy_potential=True,\n    ),\n]\n```",
    "database_code": "```python\n# Global variable containing a list of DiversificationStrategy examples.\ndiversification_strategies = [\n    DiversificationStrategy(\n        name=\"Tech Expansion\",\n        risk_level='High',\n        investment_size=500000,\n        market_trend='Growing',\n        industry_focus=\"Technology\",\n        time_horizon=5,\n        geographic_focus=\"North America\",\n        resource_availability='Medium',\n        synergy_potential=True\n    ),\n    DiversificationStrategy(\n        name=\"Retail Diversification\",\n        risk_level='Medium',\n        investment_size=300000,\n        market_trend='Stable',\n        industry_focus=\"Retail\",\n        time_horizon=3,\n        geographic_focus=\"Europe\",\n        resource_availability='High',\n        synergy_potential=False\n    ),\n    DiversificationStrategy(\n        name=\"Sustainable Energy\",\n        risk_level='Low',\n        investment_size=200000,\n        market_trend='Growing',\n        industry_focus=\"Energy\",\n        time_horizon=7,\n        geographic_focus=\"Global\",\n        resource_availability='Medium',\n        synergy_potential=True\n    ),\n    DiversificationStrategy(\n        name=\"Healthcare Innovation\",\n        risk_level='Medium',\n        investment_size=400000,\n        market_trend='Growing',\n        industry_focus=\"Healthcare\",\n        time_horizon=4,\n        geographic_focus=\"North America\",\n        resource_availability='Low',\n        synergy_potential=True\n    ),\n    DiversificationStrategy(\n        name=\"Real Estate Investment\",\n        risk_level='Medium',\n        investment_size=600000,\n        market_trend='Stable',\n        industry_focus=\"Real Estate\",\n        time_horizon=10,\n        geographic_focus=\"Asia\",\n        resource_availability='High',\n        synergy_potential=False\n    ),\n    DiversificationStrategy(\n        name=\"Food & Beverage Expansion\",\n        risk_level='Low',\n        investment_size=250000,\n        market_trend='Growing',\n        industry_focus=\"Food & Beverage\",\n        time_horizon=5,\n        geographic_focus=\"North America\",\n        resource_availability='Medium',\n        synergy_potential=True\n    ),\n    DiversificationStrategy(\n        name=\"Financial Services\",\n        risk_level='High',\n        investment_size=700000,\n        market_trend='Growing',\n        industry_focus=\"Finance\",\n        time_horizon=3,\n        geographic_focus=\"Europe\",\n        resource_availability='Medium',\n        synergy_potential=False\n    ),\n    DiversificationStrategy(\n        name=\"Telecom Infrastructure\",\n        risk_level='Medium',\n        investment_size=450000,\n        market_trend='Stable',\n        industry_focus=\"Telecommunications\",\n        time_horizon=6,\n        geographic_focus=\"Global\",\n        resource_availability='High',\n        synergy_potential=True\n    ),\n    DiversificationStrategy(\n        name=\"E-commerce Platform\",\n        risk_level='High',\n        investment_size=300000,\n        market_trend='Growing',\n        industry_focus=\"E-commerce\",\n        time_horizon=2,\n        geographic_focus=\"Global\",\n        resource_availability='Low',\n        synergy_potential=True\n    ),\n    DiversificationStrategy(\n        name=\"Transportation Services\",\n        risk_level='Medium',\n        investment_size=350000,\n        market_trend='Stable',\n        industry_focus=\"Transportation\",\n        time_horizon=4,\n        geographic_focus=\"North America\",\n        resource_availability='Medium',\n        synergy_potential=False\n    )\n]\n```",
    "goal": {
      "name": null,
      "risk_level": "Medium",
      "investment_size": 250000,
      "market_trend": "Stable",
      "industry_focus": "Retail",
      "time_horizon": 4,
      "geographic_focus": "Europe",
      "resource_availability": "High",
      "synergy_potential": true
    },
    "database": [
      {
        "name": "Healthcare Innovation",
        "risk_level": "Medium",
        "investment_size": 400000,
        "market_trend": "Growing",
        "industry_focus": "Healthcare",
        "time_horizon": 4,
        "geographic_focus": "North America",
        "resource_availability": "Low",
        "synergy_potential": true
      },
      {
        "name": "Telecom Infrastructure",
        "risk_level": "Medium",
        "investment_size": 450000,
        "market_trend": "Stable",
        "industry_focus": "Telecommunications",
        "time_horizon": 6,
        "geographic_focus": "Global",
        "resource_availability": "High",
        "synergy_potential": true
      },
      {
        "name": "E-commerce Platform",
        "risk_level": "High",
        "investment_size": 300000,
        "market_trend": "Growing",
        "industry_focus": "E-commerce",
        "time_horizon": 2,
        "geographic_focus": "Global",
        "resource_availability": "Low",
        "synergy_potential": true
      },
      {
        "name": "Transportation Services",
        "risk_level": "Medium",
        "investment_size": 350000,
        "market_trend": "Stable",
        "industry_focus": "Transportation",
        "time_horizon": 4,
        "geographic_focus": "North America",
        "resource_availability": "Medium",
        "synergy_potential": false
      },
      {
        "name": "Real Estate Investment",
        "risk_level": "Medium",
        "investment_size": 600000,
        "market_trend": "Stable",
        "industry_focus": "Real Estate",
        "time_horizon": 10,
        "geographic_focus": "Asia",
        "resource_availability": "High",
        "synergy_potential": false
      },
      {
        "name": "Retail Diversification",
        "risk_level": "Medium",
        "investment_size": 300000,
        "market_trend": "Stable",
        "industry_focus": "Retail",
        "time_horizon": 3,
        "geographic_focus": "Europe",
        "resource_availability": "High",
        "synergy_potential": false
      },
      {
        "name": "Sustainable Energy",
        "risk_level": "Low",
        "investment_size": 200000,
        "market_trend": "Growing",
        "industry_focus": "Energy",
        "time_horizon": 7,
        "geographic_focus": "Global",
        "resource_availability": "Medium",
        "synergy_potential": true
      },
      {
        "name": "Tech Expansion",
        "risk_level": "High",
        "investment_size": 500000,
        "market_trend": "Growing",
        "industry_focus": "Technology",
        "time_horizon": 5,
        "geographic_focus": "North America",
        "resource_availability": "Medium",
        "synergy_potential": true
      },
      {
        "name": "Retail Expansion",
        "risk_level": "Medium",
        "investment_size": 250000,
        "market_trend": "Stable",
        "industry_focus": "Retail",
        "time_horizon": 4,
        "geographic_focus": "Europe",
        "resource_availability": "High",
        "synergy_potential": true
      },
      {
        "name": "E-commerce Diversification",
        "risk_level": "Medium",
        "investment_size": 300000,
        "market_trend": "Growing",
        "industry_focus": "Retail",
        "time_horizon": 2,
        "geographic_focus": "Global",
        "resource_availability": "Medium",
        "synergy_potential": false
      },
      {
        "name": "Food & Beverage Expansion",
        "risk_level": "Low",
        "investment_size": 250000,
        "market_trend": "Growing",
        "industry_focus": "Food & Beverage",
        "time_horizon": 5,
        "geographic_focus": "North America",
        "resource_availability": "Medium",
        "synergy_potential": true
      },
      {
        "name": "Financial Services",
        "risk_level": "High",
        "investment_size": 700000,
        "market_trend": "Growing",
        "industry_focus": "Finance",
        "time_horizon": 3,
        "geographic_focus": "Europe",
        "resource_availability": "Medium",
        "synergy_potential": false
      },
      {
        "name": "Retail Franchise Development",
        "risk_level": "Low",
        "investment_size": 350000,
        "market_trend": "Stable",
        "industry_focus": "Retail",
        "time_horizon": 5,
        "geographic_focus": "Europe",
        "resource_availability": "High",
        "synergy_potential": true
      }
    ],
    "status": "complete"
  },
  {
    "domain": "Financial Forecasts",
    "turns": [
      [
        "That\u2019s great to hear! Now, can we talk about your financial forecasts for the next few months? What growth rate are you expecting?",
        {
          "name": null,
          "time_horizon": "medium-term",
          "expected_growth_rate": null,
          "market_conditions": null,
          "risk_tolerance": "medium",
          "industry": "e-commerce",
          "currency": null,
          "inflation_rate_assumption": null,
          "interest_rate_assumption": null
        },
        "I'm expecting a growth rate of around 15% for the next few months."
      ],
      [
        "Perfect! Would you prefer to base your forecasts on bullish market conditions?",
        {
          "name": null,
          "time_horizon": "short-term",
          "expected_growth_rate": 15.0,
          "market_conditions": "bullish",
          "risk_tolerance": "medium",
          "industry": "e-commerce",
          "currency": null,
          "inflation_rate_assumption": null,
          "interest_rate_assumption": null
        },
        "Yes, bullish market conditions would be ideal for our forecasts."
      ],
      [
        "Got it! And what's your risk tolerance level for these financial forecasts?",
        {
          "name": null,
          "time_horizon": "short-term",
          "expected_growth_rate": 15.0,
          "market_conditions": "bullish",
          "risk_tolerance": "medium",
          "industry": null,
          "currency": null,
          "inflation_rate_assumption": null,
          "interest_rate_assumption": null
        },
        "My risk tolerance level for the forecasts is medium."
      ],
      [
        "Great! Lastly, do you have a specific currency in mind for these financial forecasts?",
        {
          "name": null,
          "time_horizon": null,
          "expected_growth_rate": 15.0,
          "market_conditions": "bullish",
          "risk_tolerance": "medium",
          "industry": null,
          "currency": null,
          "inflation_rate_assumption": null,
          "interest_rate_assumption": null
        },
        "Yes, I would like to use EUR for the financial forecasts."
      ]
    ],
    "preferences_code": "```python\npreferences = FinancialForecastCriteria(\n    name='Eco-Friendly Expansion',\n    time_horizon='short-term',\n    expected_growth_rate=14.0,\n    market_conditions='bullish',\n    risk_tolerance='medium',\n    industry='E-commerce',\n    currency='EUR',\n    inflation_rate_assumption=2.0,\n    interest_rate_assumption=1.5,\n)\n```",
    "red_herrings_code": "```python\n# Global variable to hold a list of Financial Forecasts examples\nsimilar_financial_forecasts = [\n    FinancialForecastKnowledge(\n        name='Eco-Friendly Expansion',\n        time_horizon='short-term',\n        expected_growth_rate=14.0,\n        market_conditions='bullish',\n        risk_tolerance='medium',\n        industry='E-commerce',\n        currency='EUR',\n        inflation_rate_assumption=2.0,\n        interest_rate_assumption=1.5,\n    ),\n    FinancialForecastKnowledge(\n        name='Sustainable Growth',\n        time_horizon='medium-term',\n        expected_growth_rate=15.0,\n        market_conditions='stable',\n        risk_tolerance='medium',\n        industry='E-commerce',\n        currency='EUR',\n        inflation_rate_assumption=2.0,\n        interest_rate_assumption=1.5,\n    ),\n    FinancialForecastKnowledge(\n        name='Green Initiative',\n        time_horizon='short-term',\n        expected_growth_rate=16.0,\n        market_conditions='bullish',\n        risk_tolerance='low',\n        industry='E-commerce',\n        currency='EUR',\n        inflation_rate_assumption=2.0,\n        interest_rate_assumption=1.5,\n    ),\n]\n```",
    "database_code": "```python\nfinancial_forecasts = [\n    FinancialForecastKnowledge(\n        name=\"Eco-Friendly Growth\",\n        time_horizon='short-term',\n        expected_growth_rate=15.0,\n        market_conditions='bullish',\n        risk_tolerance='medium',\n        industry=\"E-commerce\",\n        currency=\"EUR\",\n        inflation_rate_assumption=2.0,\n        interest_rate_assumption=1.5\n    ),\n    FinancialForecastKnowledge(\n        name=\"Sustainable Expansion\",\n        time_horizon='medium-term',\n        expected_growth_rate=10.0,\n        market_conditions='stable',\n        risk_tolerance='low',\n        industry=\"Retail\",\n        currency=\"EUR\",\n        inflation_rate_assumption=1.8,\n        interest_rate_assumption=1.2\n    ),\n    FinancialForecastKnowledge(\n        name=\"Green Product Line\",\n        time_horizon='long-term',\n        expected_growth_rate=20.0,\n        market_conditions='bullish',\n        risk_tolerance='high',\n        industry=\"Fashion\",\n        currency=\"EUR\",\n        inflation_rate_assumption=3.0,\n        interest_rate_assumption=2.0\n    ),\n    FinancialForecastKnowledge(\n        name=\"Circular Economy Initiative\",\n        time_horizon='short-term',\n        expected_growth_rate=12.0,\n        market_conditions='bearish',\n        risk_tolerance='medium',\n        industry=\"Manufacturing\",\n        currency=\"EUR\",\n        inflation_rate_assumption=2.5,\n        interest_rate_assumption=1.8\n    ),\n    FinancialForecastKnowledge(\n        name=\"Digital Transformation\",\n        time_horizon='medium-term',\n        expected_growth_rate=18.0,\n        market_conditions='stable',\n        risk_tolerance='low',\n        industry=\"Technology\",\n        currency=\"EUR\",\n        inflation_rate_assumption=1.5,\n        interest_rate_assumption=1.0\n    ),\n    FinancialForecastKnowledge(\n        name=\"Sustainable Supply Chain\",\n        time_horizon='long-term',\n        expected_growth_rate=14.0,\n        market_conditions='bullish',\n        risk_tolerance='medium',\n        industry=\"Logistics\",\n        currency=\"EUR\",\n        inflation_rate_assumption=2.2,\n        interest_rate_assumption=1.7\n    ),\n    FinancialForecastKnowledge(\n        name=\"Eco-Branding Strategy\",\n        time_horizon='short-term',\n        expected_growth_rate=9.0,\n        market_conditions='stable',\n        risk_tolerance='low',\n        industry=\"Marketing\",\n        currency=\"EUR\",\n        inflation_rate_assumption=1.0,\n        interest_rate_assumption=1.3\n    ),\n    FinancialForecastKnowledge(\n        name=\"Green Tech Investment\",\n        time_horizon='medium-term',\n        expected_growth_rate=22.0,\n        market_conditions='bullish',\n        risk_tolerance='high',\n        industry=\"Energy\",\n        currency=\"EUR\",\n        inflation_rate_assumption=3.5,\n        interest_rate_assumption=2.5\n    ),\n    FinancialForecastKnowledge(\n        name=\"Sustainable Fashion Line\",\n        time_horizon='long-term',\n        expected_growth_rate=16.0,\n        market_conditions='bearish',\n        risk_tolerance='medium',\n        industry=\"Fashion\",\n        currency=\"EUR\",\n        inflation_rate_assumption=2.8,\n        interest_rate_assumption=1.9\n    ),\n    FinancialForecastKnowledge(\n        name=\"Eco-Friendly Packaging\",\n        time_horizon='short-term',\n        expected_growth_rate=11.0,\n        market_conditions='stable',\n        risk_tolerance='low',\n        industry=\"Packaging\",\n        currency=\"EUR\",\n        inflation_rate_assumption=1.7,\n        interest_rate_assumption=1.1\n    )\n]\n```",
    "goal": {
      "name": null,
      "time_horizon": "short-term",
      "expected_growth_rate": 14.0,
      "market_conditions": "bullish",
      "risk_tolerance": "medium",
      "industry": "E-commerce",
      "currency": "EUR",
      "inflation_rate_assumption": 2.0,
      "interest_rate_assumption": 1.5
    },
    "database": [
      {
        "name": "Sustainable Growth",
        "time_horizon": "medium-term",
        "expected_growth_rate": 15.0,
        "market_conditions": "stable",
        "risk_tolerance": "medium",
        "industry": "E-commerce",
        "currency": "EUR",
        "inflation_rate_assumption": 2.0,
        "interest_rate_assumption": 1.5
      },
      {
        "name": "Eco-Friendly Growth",
        "time_horizon": "short-term",
        "expected_growth_rate": 15.0,
        "market_conditions": "bullish",
        "risk_tolerance": "medium",
        "industry": "E-commerce",
        "currency": "EUR",
        "inflation_rate_assumption": 2.0,
        "interest_rate_assumption": 1.5
      },
      {
        "name": "Sustainable Expansion",
        "time_horizon": "medium-term",
        "expected_growth_rate": 10.0,
        "market_conditions": "stable",
        "risk_tolerance": "low",
        "industry": "Retail",
        "currency": "EUR",
        "inflation_rate_assumption": 1.8,
        "interest_rate_assumption": 1.2
      },
      {
        "name": "Sustainable Supply Chain",
        "time_horizon": "long-term",
        "expected_growth_rate": 14.0,
        "market_conditions": "bullish",
        "risk_tolerance": "medium",
        "industry": "Logistics",
        "currency": "EUR",
        "inflation_rate_assumption": 2.2,
        "interest_rate_assumption": 1.7
      },
      {
        "name": "Digital Transformation",
        "time_horizon": "medium-term",
        "expected_growth_rate": 18.0,
        "market_conditions": "stable",
        "risk_tolerance": "low",
        "industry": "Technology",
        "currency": "EUR",
        "inflation_rate_assumption": 1.5,
        "interest_rate_assumption": 1.0
      },
      {
        "name": "Green Product Line",
        "time_horizon": "long-term",
        "expected_growth_rate": 20.0,
        "market_conditions": "bullish",
        "risk_tolerance": "high",
        "industry": "Fashion",
        "currency": "EUR",
        "inflation_rate_assumption": 3.0,
        "interest_rate_assumption": 2.0
      },
      {
        "name": "Circular Economy Initiative",
        "time_horizon": "short-term",
        "expected_growth_rate": 12.0,
        "market_conditions": "bearish",
        "risk_tolerance": "medium",
        "industry": "Manufacturing",
        "currency": "EUR",
        "inflation_rate_assumption": 2.5,
        "interest_rate_assumption": 1.8
      },
      {
        "name": "Sustainable Fashion Line",
        "time_horizon": "long-term",
        "expected_growth_rate": 16.0,
        "market_conditions": "bearish",
        "risk_tolerance": "medium",
        "industry": "Fashion",
        "currency": "EUR",
        "inflation_rate_assumption": 2.8,
        "interest_rate_assumption": 1.9
      },
      {
        "name": "Green Tech Investment",
        "time_horizon": "medium-term",
        "expected_growth_rate": 22.0,
        "market_conditions": "bullish",
        "risk_tolerance": "high",
        "industry": "Energy",
        "currency": "EUR",
        "inflation_rate_assumption": 3.5,
        "interest_rate_assumption": 2.5
      },
      {
        "name": "Eco-Branding Strategy",
        "time_horizon": "short-term",
        "expected_growth_rate": 9.0,
        "market_conditions": "stable",
        "risk_tolerance": "low",
        "industry": "Marketing",
        "currency": "EUR",
        "inflation_rate_assumption": 1.0,
        "interest_rate_assumption": 1.3
      },
      {
        "name": "Eco-Friendly Expansion",
        "time_horizon": "short-term",
        "expected_growth_rate": 14.0,
        "market_conditions": "bullish",
        "risk_tolerance": "medium",
        "industry": "E-commerce",
        "currency": "EUR",
        "inflation_rate_assumption": 2.0,
        "interest_rate_assumption": 1.5
      },
      {
        "name": "Eco-Friendly Packaging",
        "time_horizon": "short-term",
        "expected_growth_rate": 11.0,
        "market_conditions": "stable",
        "risk_tolerance": "low",
        "industry": "Packaging",
        "currency": "EUR",
        "inflation_rate_assumption": 1.7,
        "interest_rate_assumption": 1.1
      },
      {
        "name": "Green Initiative",
        "time_horizon": "short-term",
        "expected_growth_rate": 16.0,
        "market_conditions": "bullish",
        "risk_tolerance": "low",
        "industry": "E-commerce",
        "currency": "EUR",
        "inflation_rate_assumption": 2.0,
        "interest_rate_assumption": 1.5
      }
    ],
    "status": "complete"
  },
  {
    "domain": "Human Resource Policies",
    "turns": [
      [
        "That\u2019s a solid choice! Now, shifting gears a bit, how important is employee satisfaction for your overall business strategy?",
        {
          "name": null,
          "employee_satisfaction": null,
          "turnover_rate": null,
          "compliance": null,
          "flexible_work_hours": null,
          "remote_work_options": null,
          "diversity_inclusion": null,
          "training_development": null,
          "benefits_comprehensiveness": null
        },
        "Employee satisfaction is very important; it directly impacts productivity and retention."
      ],
      [
        "Absolutely! Would you say an employee satisfaction rate of around 85% is a good target for your company?",
        {
          "name": null,
          "employee_satisfaction": 85,
          "turnover_rate": null,
          "compliance": null,
          "flexible_work_hours": null,
          "remote_work_options": null,
          "diversity_inclusion": null,
          "training_development": null,
          "benefits_comprehensiveness": null
        },
        "Yes, an 85% employee satisfaction rate would be an excellent target for us."
      ],
      [
        "Perfect! How do you feel about implementing flexible work hours to help achieve that satisfaction rate?",
        {
          "name": null,
          "employee_satisfaction": 85,
          "turnover_rate": null,
          "compliance": null,
          "flexible_work_hours": true,
          "remote_work_options": null,
          "diversity_inclusion": null,
          "training_development": null,
          "benefits_comprehensiveness": null
        },
        "Implementing flexible work hours would definitely help boost employee satisfaction."
      ],
      [
        "Great choice! Would you also be interested in offering remote work options to enhance flexibility?",
        {
          "name": null,
          "employee_satisfaction": 85,
          "turnover_rate": null,
          "compliance": null,
          "flexible_work_hours": true,
          "remote_work_options": true,
          "diversity_inclusion": null,
          "training_development": null,
          "benefits_comprehensiveness": null
        },
        "Yes, offering remote work options would further enhance flexibility and satisfaction."
      ],
      [
        "Excellent! Now, how important is diversity and inclusion within your workforce?",
        {
          "name": null,
          "employee_satisfaction": 85,
          "turnover_rate": null,
          "compliance": null,
          "flexible_work_hours": true,
          "remote_work_options": true,
          "diversity_inclusion": null,
          "training_development": null,
          "benefits_comprehensiveness": null
        },
        "Diversity and inclusion are very important; they foster innovation and a positive workplace culture."
      ],
      [
        "Absolutely! Would you prefer a high level of diversity and inclusion in your HR policies?",
        {
          "name": null,
          "employee_satisfaction": 85,
          "turnover_rate": null,
          "compliance": null,
          "flexible_work_hours": true,
          "remote_work_options": true,
          "diversity_inclusion": "high",
          "training_development": null,
          "benefits_comprehensiveness": null
        },
        "Yes, I would prefer a high level of diversity and inclusion in our HR policies."
      ],
      [
        "Got it! Lastly, how comprehensive do you want your employee benefits to be? Would you prefer a comprehensive package?",
        {
          "name": null,
          "employee_satisfaction": 85,
          "turnover_rate": null,
          "compliance": null,
          "flexible_work_hours": true,
          "remote_work_options": true,
          "diversity_inclusion": "high",
          "training_development": null,
          "benefits_comprehensiveness": "comprehensive"
        },
        "Yes, a comprehensive benefits package would be ideal for our employees."
      ]
    ],
    "preferences_code": "```python\npreferences = HumanResourcePolicyCriteria(\n    name='Policy A',\n    employee_satisfaction=85,\n    turnover_rate=7,\n    compliance='high',\n    flexible_work_hours=True,\n    remote_work_options=True,\n    diversity_inclusion='high',\n    training_development='extensive',\n    benefits_comprehensiveness='comprehensive',\n)\n```",
    "red_herrings_code": "```python\n# Global variable representing a list of similar Human Resource Policies\nsimilar_humanresourcepolicies = [\n    HumanResourcePolicy(\n        name='Policy A',\n        employee_satisfaction=88,\n        turnover_rate=6,\n        compliance='high',\n        flexible_work_hours=True,\n        remote_work_options=True,\n        diversity_inclusion='high',\n        training_development='extensive',\n        benefits_comprehensiveness='comprehensive',\n    ),\n    HumanResourcePolicy(\n        name='Policy B',\n        employee_satisfaction=92,\n        turnover_rate=4,\n        compliance='medium',\n        flexible_work_hours=True,\n        remote_work_options=True,\n        diversity_inclusion='high',\n        training_development='moderate',\n        benefits_comprehensiveness='comprehensive',\n    ),\n    HumanResourcePolicy(\n        name='Policy D',\n        employee_satisfaction=89,\n        turnover_rate=5,\n        compliance='high',\n        flexible_work_hours=False,\n        remote_work_options=True,\n        diversity_inclusion='medium',\n        training_development='extensive',\n        benefits_comprehensiveness='standard',\n    ),\n]\n```",
    "database_code": "```python\n# Global variable representing a list of Human Resource Policies examples\nhuman_resource_policies = [\n    HumanResourcePolicy(\n        name=\"Policy A\",\n        employee_satisfaction=85,\n        turnover_rate=10,\n        compliance='high',\n        flexible_work_hours=True,\n        remote_work_options=True,\n        diversity_inclusion='high',\n        training_development='extensive',\n        benefits_comprehensiveness='comprehensive'\n    ),\n    HumanResourcePolicy(\n        name=\"Policy B\",\n        employee_satisfaction=75,\n        turnover_rate=15,\n        compliance='medium',\n        flexible_work_hours=False,\n        remote_work_options=False,\n        diversity_inclusion='medium',\n        training_development='moderate',\n        benefits_comprehensiveness='standard'\n    ),\n    HumanResourcePolicy(\n        name=\"Policy C\",\n        employee_satisfaction=90,\n        turnover_rate=5,\n        compliance='high',\n        flexible_work_hours=True,\n        remote_work_options=True,\n        diversity_inclusion='high',\n        training_development='extensive',\n        benefits_comprehensiveness='comprehensive'\n    ),\n    HumanResourcePolicy(\n        name=\"Policy D\",\n        employee_satisfaction=60,\n        turnover_rate=20,\n        compliance='low',\n        flexible_work_hours=False,\n        remote_work_options=False,\n        diversity_inclusion='low',\n        training_development='basic',\n        benefits_comprehensiveness='minimal'\n    ),\n    HumanResourcePolicy(\n        name=\"Policy E\",\n        employee_satisfaction=70,\n        turnover_rate=12,\n        compliance='medium',\n        flexible_work_hours=True,\n        remote_work_options=False,\n        diversity_inclusion='medium',\n        training_development='moderate',\n        benefits_comprehensiveness='standard'\n    ),\n    HumanResourcePolicy(\n        name=\"Policy F\",\n        employee_satisfaction=88,\n        turnover_rate=8,\n        compliance='high',\n        flexible_work_hours=True,\n        remote_work_options=True,\n        diversity_inclusion='high',\n        training_development='extensive',\n        benefits_comprehensiveness='comprehensive'\n    ),\n    HumanResourcePolicy(\n        name=\"Policy G\",\n        employee_satisfaction=65,\n        turnover_rate=18,\n        compliance='medium',\n        flexible_work_hours=False,\n        remote_work_options=False,\n        diversity_inclusion='medium',\n        training_development='basic',\n        benefits_comprehensiveness='minimal'\n    ),\n    HumanResourcePolicy(\n        name=\"Policy H\",\n        employee_satisfaction=82,\n        turnover_rate=11,\n        compliance='high',\n        flexible_work_hours=True,\n        remote_work_options=True,\n        diversity_inclusion='high',\n        training_development='moderate',\n        benefits_comprehensiveness='standard'\n    ),\n    HumanResourcePolicy(\n        name=\"Policy I\",\n        employee_satisfaction=76,\n        turnover_rate=14,\n        compliance='medium',\n        flexible_work_hours=True,\n        remote_work_options=False,\n        diversity_inclusion='medium',\n        training_development='moderate',\n        benefits_comprehensiveness='standard'\n    ),\n    HumanResourcePolicy(\n        name=\"Policy J\",\n        employee_satisfaction=92,\n        turnover_rate=4,\n        compliance='high',\n        flexible_work_hours=True,\n        remote_work_options=True,\n        diversity_inclusion='high',\n        training_development='extensive',\n        benefits_comprehensiveness='comprehensive'\n    ),\n]\n```",
    "goal": {
      "name": null,
      "employee_satisfaction": 85,
      "turnover_rate": 7,
      "compliance": "high",
      "flexible_work_hours": true,
      "remote_work_options": true,
      "diversity_inclusion": "high",
      "training_development": null,
      "benefits_comprehensiveness": "comprehensive"
    },
    "database": [
      {
        "name": "Policy H",
        "employee_satisfaction": 82,
        "turnover_rate": 11,
        "compliance": "high",
        "flexible_work_hours": true,
        "remote_work_options": true,
        "diversity_inclusion": "high",
        "training_development": "moderate",
        "benefits_comprehensiveness": "standard"
      },
      {
        "name": "Policy E",
        "employee_satisfaction": 70,
        "turnover_rate": 12,
        "compliance": "medium",
        "flexible_work_hours": true,
        "remote_work_options": false,
        "diversity_inclusion": "medium",
        "training_development": "moderate",
        "benefits_comprehensiveness": "standard"
      },
      {
        "name": "Policy I",
        "employee_satisfaction": 76,
        "turnover_rate": 14,
        "compliance": "medium",
        "flexible_work_hours": true,
        "remote_work_options": false,
        "diversity_inclusion": "medium",
        "training_development": "moderate",
        "benefits_comprehensiveness": "standard"
      },
      {
        "name": "Policy A",
        "employee_satisfaction": 85,
        "turnover_rate": 10,
        "compliance": "high",
        "flexible_work_hours": true,
        "remote_work_options": true,
        "diversity_inclusion": "high",
        "training_development": "extensive",
        "benefits_comprehensiveness": "comprehensive"
      },
      {
        "name": "Policy F",
        "employee_satisfaction": 88,
        "turnover_rate": 8,
        "compliance": "high",
        "flexible_work_hours": true,
        "remote_work_options": true,
        "diversity_inclusion": "high",
        "training_development": "extensive",
        "benefits_comprehensiveness": "comprehensive"
      },
      {
        "name": "Policy G",
        "employee_satisfaction": 65,
        "turnover_rate": 18,
        "compliance": "medium",
        "flexible_work_hours": false,
        "remote_work_options": false,
        "diversity_inclusion": "medium",
        "training_development": "basic",
        "benefits_comprehensiveness": "minimal"
      },
      {
        "name": "Policy B",
        "employee_satisfaction": 92,
        "turnover_rate": 4,
        "compliance": "medium",
        "flexible_work_hours": true,
        "remote_work_options": true,
        "diversity_inclusion": "high",
        "training_development": "moderate",
        "benefits_comprehensiveness": "comprehensive"
      },
      {
        "name": "Policy J",
        "employee_satisfaction": 92,
        "turnover_rate": 4,
        "compliance": "high",
        "flexible_work_hours": true,
        "remote_work_options": true,
        "diversity_inclusion": "high",
        "training_development": "extensive",
        "benefits_comprehensiveness": "comprehensive"
      },
      {
        "name": "Policy C",
        "employee_satisfaction": 90,
        "turnover_rate": 5,
        "compliance": "high",
        "flexible_work_hours": true,
        "remote_work_options": true,
        "diversity_inclusion": "high",
        "training_development": "extensive",
        "benefits_comprehensiveness": "comprehensive"
      },
      {
        "name": "Policy B",
        "employee_satisfaction": 75,
        "turnover_rate": 15,
        "compliance": "medium",
        "flexible_work_hours": false,
        "remote_work_options": false,
        "diversity_inclusion": "medium",
        "training_development": "moderate",
        "benefits_comprehensiveness": "standard"
      },
      {
        "name": "Policy D",
        "employee_satisfaction": 60,
        "turnover_rate": 20,
        "compliance": "low",
        "flexible_work_hours": false,
        "remote_work_options": false,
        "diversity_inclusion": "low",
        "training_development": "basic",
        "benefits_comprehensiveness": "minimal"
      },
      {
        "name": "Policy D",
        "employee_satisfaction": 89,
        "turnover_rate": 5,
        "compliance": "high",
        "flexible_work_hours": false,
        "remote_work_options": true,
        "diversity_inclusion": "medium",
        "training_development": "extensive",
        "benefits_comprehensiveness": "standard"
      },
      {
        "name": "Policy A",
        "employee_satisfaction": 88,
        "turnover_rate": 6,
        "compliance": "high",
        "flexible_work_hours": true,
        "remote_work_options": true,
        "diversity_inclusion": "high",
        "training_development": "extensive",
        "benefits_comprehensiveness": "comprehensive"
      }
    ],
    "status": "complete"
  }
]