[
  {
    "domain": "Database Systems",
    "turns": [
      [
        "Hey, do you think Amazon DynamoDB would fit our scalability needs?",
        {
          "name": "Amazon DynamoDB",
          "scalability": "high",
          "cost": null,
          "type": null,
          "support": null,
          "replication_support": null,
          "cloud_compatibility": null,
          "open_source": null
        },
        "Yes, Amazon DynamoDB has high scalability. What other features are you considering?"
      ],
      [
        "I'm looking for a non-relational type with 24/7 support. How does that sound?",
        {
          "name": "Amazon DynamoDB",
          "scalability": "high",
          "cost": null,
          "type": "non-relational",
          "support": "24/7",
          "replication_support": null,
          "cloud_compatibility": null,
          "open_source": null
        },
        "That sounds great! Amazon DynamoDB fits those criteria perfectly. Are you concerned about cost?"
      ],
      [
        "Yes, I'm aiming for a medium cost. Is that feasible with DynamoDB?",
        {
          "name": "Amazon DynamoDB",
          "scalability": "high",
          "cost": "medium",
          "type": "non-relational",
          "support": "24/7",
          "replication_support": null,
          "cloud_compatibility": null,
          "open_source": null
        },
        "Yes, Amazon DynamoDB has a medium cost. Would you like to explore any other options or are you set on DynamoDB?"
      ],
      [
        "I'm pretty set on DynamoDB, but do you think it handles replication well?",
        {
          "name": "Amazon DynamoDB",
          "scalability": "high",
          "cost": "medium",
          "type": "non-relational",
          "support": "24/7",
          "replication_support": null,
          "cloud_compatibility": null,
          "open_source": null
        },
        "Yes, Amazon DynamoDB supports replication effectively. Are you ready to go with it?"
      ],
      [
        "Yes, let's finalize on Amazon DynamoDB then!",
        {
          "name": "Amazon DynamoDB",
          "scalability": "high",
          "cost": "medium",
          "type": "non-relational",
          "support": "24/7",
          "replication_support": true,
          "cloud_compatibility": null,
          "open_source": null
        },
        "Great choice! Amazon DynamoDB it is."
      ]
    ],
    "preferences_code": "```python\npreferences = DatabaseCriteria(\n    name='Amazon DynamoDB',\n    scalability='high',\n    cost='medium',\n    type='non-relational',\n    support='24/7',\n    replication_support=True,\n    cloud_compatibility=True,\n    open_source=False,\n)\n```",
    "red_herrings_code": "```python\ntarget_databasesystem = DatabaseSystem(\n    name='Firebase Firestore',\n    scalability='high',\n    cost='medium',\n    type='non-relational',\n    support='24/7',\n    replication_support=True,\n    cloud_compatibility=True,\n    open_source=False,\n)\n\nsimilar_database_systems = [\n    DatabaseSystem(\n        name='Amazon DynamoDB',\n        scalability='high',\n        cost='medium',\n        type='non-relational',\n        support='24/7',\n        replication_support=True,\n        cloud_compatibility=True,\n        open_source=False,\n    ),\n    DatabaseSystem(\n        name='MongoDB Atlas',\n        scalability='high',\n        cost='high',\n        type='non-relational',\n        support='24/7',\n        replication_support=True,\n        cloud_compatibility=True,\n        open_source=True,\n    ),\n    DatabaseSystem(\n        name='Couchbase',\n        scalability='medium',\n        cost='medium',\n        type='non-relational',\n        support='24/7',\n        replication_support=True,\n        cloud_compatibility=True,\n        open_source=False,\n    ),\n]\n```",
    "database_code": "```python\n# Global variable containing a list of Database Systems examples\ndatabase_systems = [\n    DatabaseSystem(\n        name=\"PostgreSQL\",\n        scalability='high',\n        cost='low',\n        type='relational',\n        support='24/7',\n        replication_support=True,\n        cloud_compatibility=True,\n        open_source=True\n    ),\n    DatabaseSystem(\n        name=\"MongoDB\",\n        scalability='high',\n        cost='medium',\n        type='non-relational',\n        support='business hours',\n        replication_support=True,\n        cloud_compatibility=True,\n        open_source=True\n    ),\n    DatabaseSystem(\n        name=\"MySQL\",\n        scalability='medium',\n        cost='low',\n        type='relational',\n        support='24/7',\n        replication_support=True,\n        cloud_compatibility=True,\n        open_source=True\n    ),\n    DatabaseSystem(\n        name=\"Oracle Database\",\n        scalability='high',\n        cost='high',\n        type='relational',\n        support='24/7',\n        replication_support=True,\n        cloud_compatibility=True,\n        open_source=False\n    ),\n    DatabaseSystem(\n        name=\"Redis\",\n        scalability='high',\n        cost='medium',\n        type='in-memory',\n        support='business hours',\n        replication_support=True,\n        cloud_compatibility=True,\n        open_source=True\n    ),\n    DatabaseSystem(\n        name=\"Cassandra\",\n        scalability='high',\n        cost='medium',\n        type='non-relational',\n        support='business hours',\n        replication_support=True,\n        cloud_compatibility=True,\n        open_source=True\n    ),\n    DatabaseSystem(\n        name=\"Neo4j\",\n        scalability='medium',\n        cost='high',\n        type='graph',\n        support='business hours',\n        replication_support=True,\n        cloud_compatibility=True,\n        open_source=True\n    ),\n    DatabaseSystem(\n        name=\"SQLite\",\n        scalability='low',\n        cost='low',\n        type='relational',\n        support='community-based',\n        replication_support=False,\n        cloud_compatibility=False,\n        open_source=True\n    ),\n    DatabaseSystem(\n        name=\"Microsoft SQL Server\",\n        scalability='high',\n        cost='high',\n        type='relational',\n        support='24/7',\n        replication_support=True,\n        cloud_compatibility=True,\n        open_source=False\n    ),\n    DatabaseSystem(\n        name=\"Firebase Firestore\",\n        scalability='high',\n        cost='medium',\n        type='non-relational',\n        support='24/7',\n        replication_support=True,\n        cloud_compatibility=True,\n        open_source=False\n    )\n]\n```",
    "goal": {
      "name": "Amazon DynamoDB",
      "scalability": "high",
      "cost": "medium",
      "type": "non-relational",
      "support": "24/7",
      "replication_support": true,
      "cloud_compatibility": true,
      "open_source": false
    },
    "database": [
      {
        "name": "PostgreSQL",
        "scalability": "high",
        "cost": "low",
        "type": "relational",
        "support": "24/7",
        "replication_support": true,
        "cloud_compatibility": true,
        "open_source": true
      },
      {
        "name": "Oracle Database",
        "scalability": "high",
        "cost": "high",
        "type": "relational",
        "support": "24/7",
        "replication_support": true,
        "cloud_compatibility": true,
        "open_source": false
      },
      {
        "name": "MongoDB Atlas",
        "scalability": "high",
        "cost": "high",
        "type": "non-relational",
        "support": "24/7",
        "replication_support": true,
        "cloud_compatibility": true,
        "open_source": true
      },
      {
        "name": "Firebase Firestore",
        "scalability": "high",
        "cost": "medium",
        "type": "non-relational",
        "support": "24/7",
        "replication_support": true,
        "cloud_compatibility": true,
        "open_source": false
      },
      {
        "name": "Couchbase",
        "scalability": "medium",
        "cost": "medium",
        "type": "non-relational",
        "support": "24/7",
        "replication_support": true,
        "cloud_compatibility": true,
        "open_source": false
      },
      {
        "name": "MySQL",
        "scalability": "medium",
        "cost": "low",
        "type": "relational",
        "support": "24/7",
        "replication_support": true,
        "cloud_compatibility": true,
        "open_source": true
      },
      {
        "name": "Neo4j",
        "scalability": "medium",
        "cost": "high",
        "type": "graph",
        "support": "business hours",
        "replication_support": true,
        "cloud_compatibility": true,
        "open_source": true
      },
      {
        "name": "Cassandra",
        "scalability": "high",
        "cost": "medium",
        "type": "non-relational",
        "support": "business hours",
        "replication_support": true,
        "cloud_compatibility": true,
        "open_source": true
      },
      {
        "name": "SQLite",
        "scalability": "low",
        "cost": "low",
        "type": "relational",
        "support": "community-based",
        "replication_support": false,
        "cloud_compatibility": false,
        "open_source": true
      },
      {
        "name": "MongoDB",
        "scalability": "high",
        "cost": "medium",
        "type": "non-relational",
        "support": "business hours",
        "replication_support": true,
        "cloud_compatibility": true,
        "open_source": true
      },
      {
        "name": "Microsoft SQL Server",
        "scalability": "high",
        "cost": "high",
        "type": "relational",
        "support": "24/7",
        "replication_support": true,
        "cloud_compatibility": true,
        "open_source": false
      },
      {
        "name": "Amazon DynamoDB",
        "scalability": "high",
        "cost": "medium",
        "type": "non-relational",
        "support": "24/7",
        "replication_support": true,
        "cloud_compatibility": true,
        "open_source": false
      },
      {
        "name": "Redis",
        "scalability": "high",
        "cost": "medium",
        "type": "in-memory",
        "support": "business hours",
        "replication_support": true,
        "cloud_compatibility": true,
        "open_source": true
      }
    ],
    "status": "complete"
  },
  {
    "domain": "Indexing Strategies",
    "turns": [
      [
        "Awesome! Now, can you recommend a full-text indexing strategy that offers high efficiency?",
        {
          "name": null,
          "type": "Full-text",
          "efficiency": "High",
          "maintenance": null,
          "use_case": null,
          "scalability": null,
          "cost": null
        },
        "Sure! The \"Full-text Index\" has high efficiency. Would you like to know more about its features?"
      ],
      [
        "Yes, what are the maintenance requirements for the Full-text Index?",
        {
          "name": "Full-text Index",
          "type": "Full-text",
          "efficiency": "High",
          "maintenance": null,
          "use_case": null,
          "scalability": null,
          "cost": null
        },
        "The Full-text Index has complex maintenance requirements. Does that fit your needs?"
      ],
      [
        "Hmm, complex maintenance might be a concern. Is there a simpler option available?",
        {
          "name": null,
          "type": "Full-text",
          "efficiency": "High",
          "maintenance": "Complex",
          "use_case": null,
          "scalability": null,
          "cost": null
        },
        "Yes, you could consider the \"Searchable Index,\" which has moderate maintenance. Would that work for you?"
      ],
      [
        "Yes, the \"Searchable Index\" sounds better. How does it perform in terms of efficiency?",
        {
          "name": "Searchable Index",
          "type": "Full-text",
          "efficiency": "High",
          "maintenance": "Moderate",
          "use_case": null,
          "scalability": null,
          "cost": null
        },
        "The \"Searchable Index\" has medium efficiency. Does that meet your requirements?"
      ],
      [
        "Medium efficiency might not be ideal. Is there a full-text option with easier maintenance?",
        {
          "name": null,
          "type": "Full-text",
          "efficiency": null,
          "maintenance": "Complex",
          "use_case": null,
          "scalability": null,
          "cost": null
        },
        "Yes, the \"Full-text Index\" has high efficiency but complex maintenance; however, there's no full-text option with easier maintenance. Would you like to explore other types?"
      ],
      [
        "Sure, what about a B-tree index? How does it compare in terms of efficiency and maintenance?",
        {
          "name": null,
          "type": "B-tree",
          "efficiency": null,
          "maintenance": null,
          "use_case": null,
          "scalability": null,
          "cost": null
        },
        "B-tree indexes generally have high efficiency and easy to moderate maintenance. Would you like to look at specific B-tree options?"
      ],
      [
        "Yes, please share some specific B-tree options that we could consider.",
        {
          "name": null,
          "type": "B-tree",
          "efficiency": "High",
          "maintenance": "Easy",
          "use_case": null,
          "scalability": null,
          "cost": null
        },
        "You can consider the \"Clustered Index,\" \"Non-Clustered Index,\" and \"Unique Index,\" all of which have high efficiency and easy maintenance. Which one interests you?"
      ],
      [
        "I'm leaning towards the \"Clustered Index.\" What are its primary use cases?",
        {
          "name": "Clustered Index",
          "type": "B-tree",
          "efficiency": "High",
          "maintenance": "Easy",
          "use_case": null,
          "scalability": null,
          "cost": null
        },
        "The \"Clustered Index\" is primarily used for transactional use cases. Does that align with your needs?"
      ],
      [
        "Yes, that aligns well! Let's go with the \"Clustered Index\" then.",
        {
          "name": "Clustered Index",
          "type": "B-tree",
          "efficiency": "High",
          "maintenance": "Easy",
          "use_case": "Transactional",
          "scalability": null,
          "cost": null
        },
        "Great choice! The \"Clustered Index\" it is."
      ]
    ],
    "preferences_code": "```python\npreferences = IndexingStrategyCriteria(\n    name='Full-text Index',\n    type='Full-text',\n    efficiency='High',\n    maintenance='Moderate',\n    use_case='Mixed',\n    scalability='Good',\n    cost='Expensive',\n)\n```",
    "red_herrings_code": "```python\n# Global variable to store a list of IndexingStrategy examples\nindexing_strategies = [\n    IndexingStrategy(\n        name='Full-text Index',\n        type='Full-text',\n        efficiency='High',\n        maintenance='Moderate',\n        use_case='Mixed',\n        scalability='Good',\n        cost='Expensive',\n    ),\n    IndexingStrategy(\n        name='Searchable Index',\n        type='Full-text',\n        efficiency='Medium',\n        maintenance='Complex',\n        use_case='Mixed',\n        scalability='Good',\n        cost='Moderate',\n    ),\n    IndexingStrategy(\n        name='Text Search Index',\n        type='Full-text',\n        efficiency='High',\n        maintenance='Complex',\n        use_case='Transactional',\n        scalability='Good',\n        cost='Expensive',\n    ),\n]\n```",
    "database_code": "```python\n# Global variable containing a list of Indexing Strategies examples\nindexing_strategies = [\n    IndexingStrategy(\n        name=\"Default B-tree Index\",\n        type=\"B-tree\",\n        efficiency=\"High\",\n        maintenance=\"Easy\",\n        use_case=\"Transactional\",\n        scalability=\"Good\",\n        cost=\"Moderate\"\n    ),\n    IndexingStrategy(\n        name=\"Hash Index\",\n        type=\"Hash\",\n        efficiency=\"High\",\n        maintenance=\"Easy\",\n        use_case=\"Transactional\",\n        scalability=\"Good\",\n        cost=\"Cheap\"\n    ),\n    IndexingStrategy(\n        name=\"Bitmap Index\",\n        type=\"Bitmap\",\n        efficiency=\"Medium\",\n        maintenance=\"Moderate\",\n        use_case=\"Analytical\",\n        scalability=\"Limited\",\n        cost=\"Moderate\"\n    ),\n    IndexingStrategy(\n        name=\"Full-text Index\",\n        type=\"Full-text\",\n        efficiency=\"High\",\n        maintenance=\"Complex\",\n        use_case=\"Mixed\",\n        scalability=\"Good\",\n        cost=\"Expensive\"\n    ),\n    IndexingStrategy(\n        name=\"Spatial Index\",\n        type=\"Spatial\",\n        efficiency=\"Medium\",\n        maintenance=\"Moderate\",\n        use_case=\"Mixed\",\n        scalability=\"Good\",\n        cost=\"Moderate\"\n    ),\n    IndexingStrategy(\n        name=\"Clustered Index\",\n        type=\"B-tree\",\n        efficiency=\"High\",\n        maintenance=\"Moderate\",\n        use_case=\"Transactional\",\n        scalability=\"Good\",\n        cost=\"Moderate\"\n    ),\n    IndexingStrategy(\n        name=\"Non-Clustered Index\",\n        type=\"B-tree\",\n        efficiency=\"High\",\n        maintenance=\"Easy\",\n        use_case=\"Transactional\",\n        scalability=\"Good\",\n        cost=\"Moderate\"\n    ),\n    IndexingStrategy(\n        name=\"Unique Index\",\n        type=\"B-tree\",\n        efficiency=\"High\",\n        maintenance=\"Easy\",\n        use_case=\"Transactional\",\n        scalability=\"Good\",\n        cost=\"Moderate\"\n    ),\n    IndexingStrategy(\n        name=\"Composite Index\",\n        type=\"B-tree\",\n        efficiency=\"Medium\",\n        maintenance=\"Moderate\",\n        use_case=\"Mixed\",\n        scalability=\"Good\",\n        cost=\"Moderate\"\n    ),\n    IndexingStrategy(\n        name=\"Function-based Index\",\n        type=\"B-tree\",\n        efficiency=\"Medium\",\n        maintenance=\"Complex\",\n        use_case=\"Mixed\",\n        scalability=\"Limited\",\n        cost=\"Moderate\"\n    )\n]\n```",
    "goal": {
      "name": "Full-text Index",
      "type": "Full-text",
      "efficiency": "High",
      "maintenance": "Moderate",
      "use_case": "Mixed",
      "scalability": "Good",
      "cost": "Expensive"
    },
    "database": [
      {
        "name": "Clustered Index",
        "type": "B-tree",
        "efficiency": "High",
        "maintenance": "Moderate",
        "use_case": "Transactional",
        "scalability": "Good",
        "cost": "Moderate"
      },
      {
        "name": "Text Search Index",
        "type": "Full-text",
        "efficiency": "High",
        "maintenance": "Complex",
        "use_case": "Transactional",
        "scalability": "Good",
        "cost": "Expensive"
      },
      {
        "name": "Spatial Index",
        "type": "Spatial",
        "efficiency": "Medium",
        "maintenance": "Moderate",
        "use_case": "Mixed",
        "scalability": "Good",
        "cost": "Moderate"
      },
      {
        "name": "Bitmap Index",
        "type": "Bitmap",
        "efficiency": "Medium",
        "maintenance": "Moderate",
        "use_case": "Analytical",
        "scalability": "Limited",
        "cost": "Moderate"
      },
      {
        "name": "Hash Index",
        "type": "Hash",
        "efficiency": "High",
        "maintenance": "Easy",
        "use_case": "Transactional",
        "scalability": "Good",
        "cost": "Cheap"
      },
      {
        "name": "Non-Clustered Index",
        "type": "B-tree",
        "efficiency": "High",
        "maintenance": "Easy",
        "use_case": "Transactional",
        "scalability": "Good",
        "cost": "Moderate"
      },
      {
        "name": "Composite Index",
        "type": "B-tree",
        "efficiency": "Medium",
        "maintenance": "Moderate",
        "use_case": "Mixed",
        "scalability": "Good",
        "cost": "Moderate"
      },
      {
        "name": "Default B-tree Index",
        "type": "B-tree",
        "efficiency": "High",
        "maintenance": "Easy",
        "use_case": "Transactional",
        "scalability": "Good",
        "cost": "Moderate"
      },
      {
        "name": "Full-text Index",
        "type": "Full-text",
        "efficiency": "High",
        "maintenance": "Complex",
        "use_case": "Mixed",
        "scalability": "Good",
        "cost": "Expensive"
      },
      {
        "name": "Searchable Index",
        "type": "Full-text",
        "efficiency": "Medium",
        "maintenance": "Complex",
        "use_case": "Mixed",
        "scalability": "Good",
        "cost": "Moderate"
      },
      {
        "name": "Unique Index",
        "type": "B-tree",
        "efficiency": "High",
        "maintenance": "Easy",
        "use_case": "Transactional",
        "scalability": "Good",
        "cost": "Moderate"
      },
      {
        "name": "Full-text Index",
        "type": "Full-text",
        "efficiency": "High",
        "maintenance": "Moderate",
        "use_case": "Mixed",
        "scalability": "Good",
        "cost": "Expensive"
      },
      {
        "name": "Function-based Index",
        "type": "B-tree",
        "efficiency": "Medium",
        "maintenance": "Complex",
        "use_case": "Mixed",
        "scalability": "Limited",
        "cost": "Moderate"
      }
    ],
    "status": "complete"
  },
  {
    "domain": "Server Configurations",
    "turns": [
      [
        "Thanks! Now, can you help me find a server configuration that meets these specs?",
        {
          "name": null,
          "cpu_cores": null,
          "memory_gb": null,
          "storage_gb": null,
          "storage_type": null,
          "network_speed_mbps": null,
          "operating_system": null,
          "location": null,
          "cost_per_month": null
        },
        "Of course! What specific specifications are you looking for in the server configuration?"
      ],
      [
        "I'm looking for 4 CPU cores and 16 GB of memory. Can we find that?",
        {
          "name": null,
          "cpu_cores": 4,
          "memory_gb": 16,
          "storage_gb": null,
          "storage_type": null,
          "network_speed_mbps": null,
          "operating_system": null,
          "location": null,
          "cost_per_month": null
        },
        "Yes, we have a couple of options with 4 CPU cores and 16 GB of memory. Do you have a preference for storage type or cost?"
      ],
      [
        "I prefer HDD storage and a maximum cost of $110 per month. Can we work with that?",
        {
          "name": null,
          "cpu_cores": 4,
          "memory_gb": 16,
          "storage_gb": null,
          "storage_type": "HDD",
          "network_speed_mbps": null,
          "operating_system": null,
          "location": null,
          "cost_per_month": 110.0
        },
        "Yes, there's a configuration with 4 CPU cores, 16 GB memory, HDD storage, and costs $110 per month. Would you like to go with that option?"
      ]
    ],
    "preferences_code": "```python\npreferences = ServerConfigurationCriteria(\n    name='Config A',\n    cpu_cores=4,\n    memory_gb=16,\n    storage_gb=256,\n    storage_type='HDD',\n    network_speed_mbps=100,\n    operating_system='Linux',\n    location='EU-West',\n    cost_per_month=110.0,\n)\n```",
    "red_herrings_code": "```python\n# Global variable containing a list of similar Server Configuration examples\nserver_configurations = [\n    ServerConfiguration(\n        name='Config A',\n        cpu_cores=4,\n        memory_gb=16,\n        storage_gb=256,\n        storage_type='HDD',\n        network_speed_mbps=100,\n        operating_system='Linux',\n        location='EU-West',\n        cost_per_month=110.0,\n    ),\n    ServerConfiguration(\n        name='Config B',\n        cpu_cores=4,\n        memory_gb=32,\n        storage_gb=256,\n        storage_type='HDD',\n        network_speed_mbps=100,\n        operating_system='Linux',\n        location='EU-West',\n        cost_per_month=130.0,\n    ),\n    ServerConfiguration(\n        name='Config C',\n        cpu_cores=2,\n        memory_gb=16,\n        storage_gb=512,\n        storage_type='SSD',\n        network_speed_mbps=100,\n        operating_system='Linux',\n        location='EU-West',\n        cost_per_month=140.0,\n    ),\n]\n```",
    "database_code": "```python\n# Global variable representing a list of server configurations known to the Database Administrator\nserver_configurations = [\n    ServerConfiguration(name=\"Config A\", cpu_cores=4, memory_gb=16, storage_gb=256, storage_type='SSD', network_speed_mbps=100, operating_system='Linux', location='US-East', cost_per_month=150.0),\n    ServerConfiguration(name=\"Config B\", cpu_cores=8, memory_gb=32, storage_gb=512, storage_type='HDD', network_speed_mbps=200, operating_system='Windows', location='US-West', cost_per_month=200.0),\n    ServerConfiguration(name=\"Config C\", cpu_cores=16, memory_gb=64, storage_gb=1024, storage_type='SSD', network_speed_mbps=300, operating_system='Linux', location='EU-Central', cost_per_month=350.0),\n    ServerConfiguration(name=\"Config D\", cpu_cores=2, memory_gb=8, storage_gb=128, storage_type='SSD', network_speed_mbps=50, operating_system='macOS', location='US-East', cost_per_month=100.0),\n    ServerConfiguration(name=\"Config E\", cpu_cores=4, memory_gb=16, storage_gb=256, storage_type='HDD', network_speed_mbps=100, operating_system='Linux', location='EU-West', cost_per_month=120.0),\n    ServerConfiguration(name=\"Config F\", cpu_cores=8, memory_gb=32, storage_gb=512, storage_type='SSD', network_speed_mbps=250, operating_system='Windows', location='US-West', cost_per_month=250.0),\n    ServerConfiguration(name=\"Config G\", cpu_cores=16, memory_gb=64, storage_gb=2048, storage_type='SSD', network_speed_mbps=400, operating_system='Linux', location='AP-South', cost_per_month=500.0),\n    ServerConfiguration(name=\"Config H\", cpu_cores=2, memory_gb=4, storage_gb=64, storage_type='HDD', network_speed_mbps=30, operating_system='Windows', location='US-East', cost_per_month=80.0),\n    ServerConfiguration(name=\"Config I\", cpu_cores=4, memory_gb=32, storage_gb=512, storage_type='SSD', network_speed_mbps=150, operating_system='macOS', location='EU-Central', cost_per_month=180.0),\n    ServerConfiguration(name=\"Config J\", cpu_cores=8, memory_gb=16, storage_gb=256, storage_type='HDD', network_speed_mbps=100, operating_system='Linux', location='AP-Northeast', cost_per_month=130.0)\n]\n```",
    "goal": {
      "name": null,
      "cpu_cores": 4,
      "memory_gb": 16,
      "storage_gb": 256,
      "storage_type": "HDD",
      "network_speed_mbps": 100,
      "operating_system": "Linux",
      "location": "EU-West",
      "cost_per_month": 110.0
    },
    "database": [
      {
        "name": "Config B",
        "cpu_cores": 4,
        "memory_gb": 32,
        "storage_gb": 256,
        "storage_type": "HDD",
        "network_speed_mbps": 100,
        "operating_system": "Linux",
        "location": "EU-West",
        "cost_per_month": 130.0
      },
      {
        "name": "Config D",
        "cpu_cores": 2,
        "memory_gb": 8,
        "storage_gb": 128,
        "storage_type": "SSD",
        "network_speed_mbps": 50,
        "operating_system": "macOS",
        "location": "US-East",
        "cost_per_month": 100.0
      },
      {
        "name": "Config F",
        "cpu_cores": 8,
        "memory_gb": 32,
        "storage_gb": 512,
        "storage_type": "SSD",
        "network_speed_mbps": 250,
        "operating_system": "Windows",
        "location": "US-West",
        "cost_per_month": 250.0
      },
      {
        "name": "Config C",
        "cpu_cores": 2,
        "memory_gb": 16,
        "storage_gb": 512,
        "storage_type": "SSD",
        "network_speed_mbps": 100,
        "operating_system": "Linux",
        "location": "EU-West",
        "cost_per_month": 140.0
      },
      {
        "name": "Config G",
        "cpu_cores": 16,
        "memory_gb": 64,
        "storage_gb": 2048,
        "storage_type": "SSD",
        "network_speed_mbps": 400,
        "operating_system": "Linux",
        "location": "AP-South",
        "cost_per_month": 500.0
      },
      {
        "name": "Config A",
        "cpu_cores": 4,
        "memory_gb": 16,
        "storage_gb": 256,
        "storage_type": "SSD",
        "network_speed_mbps": 100,
        "operating_system": "Linux",
        "location": "US-East",
        "cost_per_month": 150.0
      },
      {
        "name": "Config I",
        "cpu_cores": 4,
        "memory_gb": 32,
        "storage_gb": 512,
        "storage_type": "SSD",
        "network_speed_mbps": 150,
        "operating_system": "macOS",
        "location": "EU-Central",
        "cost_per_month": 180.0
      },
      {
        "name": "Config A",
        "cpu_cores": 4,
        "memory_gb": 16,
        "storage_gb": 256,
        "storage_type": "HDD",
        "network_speed_mbps": 100,
        "operating_system": "Linux",
        "location": "EU-West",
        "cost_per_month": 110.0
      },
      {
        "name": "Config B",
        "cpu_cores": 8,
        "memory_gb": 32,
        "storage_gb": 512,
        "storage_type": "HDD",
        "network_speed_mbps": 200,
        "operating_system": "Windows",
        "location": "US-West",
        "cost_per_month": 200.0
      },
      {
        "name": "Config H",
        "cpu_cores": 2,
        "memory_gb": 4,
        "storage_gb": 64,
        "storage_type": "HDD",
        "network_speed_mbps": 30,
        "operating_system": "Windows",
        "location": "US-East",
        "cost_per_month": 80.0
      },
      {
        "name": "Config C",
        "cpu_cores": 16,
        "memory_gb": 64,
        "storage_gb": 1024,
        "storage_type": "SSD",
        "network_speed_mbps": 300,
        "operating_system": "Linux",
        "location": "EU-Central",
        "cost_per_month": 350.0
      },
      {
        "name": "Config J",
        "cpu_cores": 8,
        "memory_gb": 16,
        "storage_gb": 256,
        "storage_type": "HDD",
        "network_speed_mbps": 100,
        "operating_system": "Linux",
        "location": "AP-Northeast",
        "cost_per_month": 130.0
      },
      {
        "name": "Config E",
        "cpu_cores": 4,
        "memory_gb": 16,
        "storage_gb": 256,
        "storage_type": "HDD",
        "network_speed_mbps": 100,
        "operating_system": "Linux",
        "location": "EU-West",
        "cost_per_month": 120.0
      }
    ],
    "status": "complete"
  }
]