[
  {
    "domain": "Study Methods",
    "turns": [
      [
        "Hey there! What do you think about a mixed method study for a longer duration?",
        {
          "name": null,
          "method_type": "mixed",
          "duration": "long",
          "engagement_level": null,
          "cultural_perspective": null,
          "ethical_considerations": null,
          "fieldwork_required": null,
          "resource_intensity": null
        },
        "That sounds interesting! Are you looking for high engagement or is medium engagement acceptable?"
      ],
      [
        "Medium engagement would be just fine for this study. What do you think?",
        {
          "name": null,
          "method_type": "mixed",
          "duration": "long",
          "engagement_level": "medium",
          "cultural_perspective": null,
          "ethical_considerations": null,
          "fieldwork_required": null,
          "resource_intensity": null
        },
        "Great! Would you prefer an emic or etic cultural perspective for this study?"
      ],
      [
        "I prefer an emic perspective for this study. Does that resonate with you?",
        {
          "name": null,
          "method_type": "mixed",
          "duration": "long",
          "engagement_level": "medium",
          "cultural_perspective": "emic",
          "ethical_considerations": null,
          "fieldwork_required": null,
          "resource_intensity": null
        },
        "Absolutely! How about the ethical considerations\u2014are you looking for strict, moderate, or basic?"
      ],
      [
        "I'm leaning towards basic ethical considerations for this study. Does that work for you?",
        {
          "name": null,
          "method_type": "mixed",
          "duration": "long",
          "engagement_level": "medium",
          "cultural_perspective": "emic",
          "ethical_considerations": "basic",
          "fieldwork_required": null,
          "resource_intensity": null
        },
        "That\u2019s a bit tricky since most mixed methods with emic perspective lean towards stricter ethics. Would you consider moderate ethical considerations instead?"
      ],
      [
        "Sure, I can adjust to moderate ethical considerations. Does that sound better?",
        {
          "name": null,
          "method_type": "mixed",
          "duration": "long",
          "engagement_level": "medium",
          "cultural_perspective": "emic",
          "ethical_considerations": "moderate",
          "fieldwork_required": null,
          "resource_intensity": null
        },
        "Yes, that works! Lastly, do you need fieldwork to be required for this study?"
      ],
      [
        "Yes, fieldwork is definitely required for this study. Are you on board with that?",
        {
          "name": null,
          "method_type": "mixed",
          "duration": "long",
          "engagement_level": "medium",
          "cultural_perspective": "emic",
          "ethical_considerations": "moderate",
          "fieldwork_required": true,
          "resource_intensity": null
        },
        "Absolutely! Based on your criteria, the \"Mixed-Methods Study\" fits perfectly. Would you like to go with that?"
      ]
    ],
    "preferences_code": "```python\npreferences = StudyMethodsCriteria(\n    name='Mixed-Methods Study',\n    method_type='mixed',\n    duration='long',\n    engagement_level='medium',\n    cultural_perspective='emic',\n    ethical_considerations='basic',\n    fieldwork_required=True,\n    resource_intensity='medium',\n)\n```",
    "red_herrings_code": "```python\n# Global variable containing a list of similar StudyMethod examples\nsimilar_study_methods = [\n    StudyMethod(\n        name='Qualitative Study',\n        method_type='qualitative',\n        duration='medium',\n        engagement_level='medium',\n        cultural_perspective='emic',\n        ethical_considerations='moderate',\n        fieldwork_required=True,\n        resource_intensity='medium',\n    ),\n    StudyMethod(\n        name='Quantitative Study',\n        method_type='quantitative',\n        duration='medium',\n        engagement_level='medium',\n        cultural_perspective='etic',\n        ethical_considerations='moderate',\n        fieldwork_required=True,\n        resource_intensity='medium',\n    ),\n    StudyMethod(\n        name='Mixed-Methods Study',\n        method_type='mixed',\n        duration='long',\n        engagement_level='medium',\n        cultural_perspective='emic',\n        ethical_considerations='basic',\n        fieldwork_required=True,\n        resource_intensity='medium',\n    ),\n]\n```",
    "database_code": "```python\n# Global variable containing a list of StudyMethod examples.\nstudy_methods_examples = [\n    StudyMethod(\n        name=\"Focus Group\",\n        method_type=\"qualitative\",\n        duration=\"short\",\n        engagement_level=\"high\",\n        cultural_perspective=\"emic\",\n        ethical_considerations=\"strict\",\n        fieldwork_required=True,\n        resource_intensity=\"medium\"\n    ),\n    StudyMethod(\n        name=\"Survey\",\n        method_type=\"quantitative\",\n        duration=\"medium\",\n        engagement_level=\"low\",\n        cultural_perspective=\"etic\",\n        ethical_considerations=\"moderate\",\n        fieldwork_required=False,\n        resource_intensity=\"low\"\n    ),\n    StudyMethod(\n        name=\"Participant Observation\",\n        method_type=\"qualitative\",\n        duration=\"long\",\n        engagement_level=\"high\",\n        cultural_perspective=\"emic\",\n        ethical_considerations=\"strict\",\n        fieldwork_required=True,\n        resource_intensity=\"high\"\n    ),\n    StudyMethod(\n        name=\"Case Study\",\n        method_type=\"mixed\",\n        duration=\"medium\",\n        engagement_level=\"medium\",\n        cultural_perspective=\"etic\",\n        ethical_considerations=\"moderate\",\n        fieldwork_required=True,\n        resource_intensity=\"medium\"\n    ),\n    StudyMethod(\n        name=\"Ethnographic Study\",\n        method_type=\"qualitative\",\n        duration=\"long\",\n        engagement_level=\"high\",\n        cultural_perspective=\"emic\",\n        ethical_considerations=\"strict\",\n        fieldwork_required=True,\n        resource_intensity=\"high\"\n    ),\n    StudyMethod(\n        name=\"Longitudinal Study\",\n        method_type=\"quantitative\",\n        duration=\"long\",\n        engagement_level=\"medium\",\n        cultural_perspective=\"etic\",\n        ethical_considerations=\"moderate\",\n        fieldwork_required=True,\n        resource_intensity=\"high\"\n    ),\n    StudyMethod(\n        name=\"Cross-Sectional Survey\",\n        method_type=\"quantitative\",\n        duration=\"short\",\n        engagement_level=\"low\",\n        cultural_perspective=\"etic\",\n        ethical_considerations=\"basic\",\n        fieldwork_required=False,\n        resource_intensity=\"low\"\n    ),\n    StudyMethod(\n        name=\"Action Research\",\n        method_type=\"mixed\",\n        duration=\"medium\",\n        engagement_level=\"high\",\n        cultural_perspective=\"emic\",\n        ethical_considerations=\"strict\",\n        fieldwork_required=True,\n        resource_intensity=\"medium\"\n    ),\n    StudyMethod(\n        name=\"Content Analysis\",\n        method_type=\"qualitative\",\n        duration=\"short\",\n        engagement_level=\"low\",\n        cultural_perspective=\"etic\",\n        ethical_considerations=\"basic\",\n        fieldwork_required=False,\n        resource_intensity=\"low\"\n    ),\n    StudyMethod(\n        name=\"Mixed-Methods Study\",\n        method_type=\"mixed\",\n        duration=\"medium\",\n        engagement_level=\"medium\",\n        cultural_perspective=\"emic\",\n        ethical_considerations=\"moderate\",\n        fieldwork_required=True,\n        resource_intensity=\"medium\"\n    )\n]\n```",
    "goal": {
      "name": null,
      "method_type": "mixed",
      "duration": "long",
      "engagement_level": "medium",
      "cultural_perspective": "emic",
      "ethical_considerations": "basic",
      "fieldwork_required": true,
      "resource_intensity": "medium"
    },
    "database": [
      {
        "name": "Longitudinal Study",
        "method_type": "quantitative",
        "duration": "long",
        "engagement_level": "medium",
        "cultural_perspective": "etic",
        "ethical_considerations": "moderate",
        "fieldwork_required": true,
        "resource_intensity": "high"
      },
      {
        "name": "Action Research",
        "method_type": "mixed",
        "duration": "medium",
        "engagement_level": "high",
        "cultural_perspective": "emic",
        "ethical_considerations": "strict",
        "fieldwork_required": true,
        "resource_intensity": "medium"
      },
      {
        "name": "Focus Group",
        "method_type": "qualitative",
        "duration": "short",
        "engagement_level": "high",
        "cultural_perspective": "emic",
        "ethical_considerations": "strict",
        "fieldwork_required": true,
        "resource_intensity": "medium"
      },
      {
        "name": "Mixed-Methods Study",
        "method_type": "mixed",
        "duration": "long",
        "engagement_level": "medium",
        "cultural_perspective": "emic",
        "ethical_considerations": "basic",
        "fieldwork_required": true,
        "resource_intensity": "medium"
      },
      {
        "name": "Cross-Sectional Survey",
        "method_type": "quantitative",
        "duration": "short",
        "engagement_level": "low",
        "cultural_perspective": "etic",
        "ethical_considerations": "basic",
        "fieldwork_required": false,
        "resource_intensity": "low"
      },
      {
        "name": "Quantitative Study",
        "method_type": "quantitative",
        "duration": "medium",
        "engagement_level": "medium",
        "cultural_perspective": "etic",
        "ethical_considerations": "moderate",
        "fieldwork_required": true,
        "resource_intensity": "medium"
      },
      {
        "name": "Case Study",
        "method_type": "mixed",
        "duration": "medium",
        "engagement_level": "medium",
        "cultural_perspective": "etic",
        "ethical_considerations": "moderate",
        "fieldwork_required": true,
        "resource_intensity": "medium"
      },
      {
        "name": "Participant Observation",
        "method_type": "qualitative",
        "duration": "long",
        "engagement_level": "high",
        "cultural_perspective": "emic",
        "ethical_considerations": "strict",
        "fieldwork_required": true,
        "resource_intensity": "high"
      },
      {
        "name": "Mixed-Methods Study",
        "method_type": "mixed",
        "duration": "medium",
        "engagement_level": "medium",
        "cultural_perspective": "emic",
        "ethical_considerations": "moderate",
        "fieldwork_required": true,
        "resource_intensity": "medium"
      },
      {
        "name": "Ethnographic Study",
        "method_type": "qualitative",
        "duration": "long",
        "engagement_level": "high",
        "cultural_perspective": "emic",
        "ethical_considerations": "strict",
        "fieldwork_required": true,
        "resource_intensity": "high"
      },
      {
        "name": "Survey",
        "method_type": "quantitative",
        "duration": "medium",
        "engagement_level": "low",
        "cultural_perspective": "etic",
        "ethical_considerations": "moderate",
        "fieldwork_required": false,
        "resource_intensity": "low"
      },
      {
        "name": "Qualitative Study",
        "method_type": "qualitative",
        "duration": "medium",
        "engagement_level": "medium",
        "cultural_perspective": "emic",
        "ethical_considerations": "moderate",
        "fieldwork_required": true,
        "resource_intensity": "medium"
      },
      {
        "name": "Content Analysis",
        "method_type": "qualitative",
        "duration": "short",
        "engagement_level": "low",
        "cultural_perspective": "etic",
        "ethical_considerations": "basic",
        "fieldwork_required": false,
        "resource_intensity": "low"
      }
    ],
    "status": "complete"
  },
  {
    "domain": "Cultural Perspectives",
    "turns": [
      [
        "Yes, let's go with that! Now, can you suggest any local storytelling techniques we should focus on?",
        {
          "name": "Mixed-Methods Study",
          "perspective_type": "Emic",
          "focus": null,
          "involvement": "Participant Observation",
          "ethical_considerations": "Moderate",
          "scope": "Local"
        },
        "I recommend exploring \"Cultural Narratives\" with a focus on \"Storytelling Techniques.\" Would that interest you?"
      ]
    ],
    "preferences_code": "```python\npreferences = CulturalPerspectiveCriteria(\n    name='Cultural Narratives',\n    perspective_type='Emic',\n    focus='Storytelling Techniques',\n    involvement='Participant Observation',\n    ethical_considerations='Cultural Sensitivity',\n    scope='Local',\n)\n```",
    "red_herrings_code": "```python\n# Global variable to represent a list of similar Cultural Perspectives examples\nsimilar_cultural_perspectives = [\n    CommunityLeaderKnowledge(\n        name='Cultural Narratives',\n        perspective_type='Emic',\n        focus='Folklore and Myths in Different Cultures',\n        involvement='Interviews',\n        ethical_considerations='Cultural Sensitivity',\n        scope='Local',\n    ),\n    CommunityLeaderKnowledge(\n        name='Cultural Narratives',\n        perspective_type='Emic',\n        focus='Storytelling Techniques',\n        involvement='Participant Observation',\n        ethical_considerations='Cultural Sensitivity',\n        scope='Local',\n    ),\n    CommunityLeaderKnowledge(\n        name='Cultural Narratives',\n        perspective_type='Emic',\n        focus='Oral Traditions',\n        involvement='Interviews',\n        ethical_considerations='Informed Consent',\n        scope='Regional',\n    ),\n]\n```",
    "database_code": "```python\n# Global variable to hold a list of Cultural Perspectives examples\ncultural_perspectives_examples = [\n    CommunityLeaderKnowledge(\n        name=\"Indigenous Knowledge\",\n        perspective_type='Emic',\n        focus=\"Traditional Ecological Knowledge\",\n        involvement='Participant Observation',\n        ethical_considerations=\"Informed Consent\",\n        scope='Local'\n    ),\n    CommunityLeaderKnowledge(\n        name=\"Urban Anthropology\",\n        perspective_type='Etic',\n        focus=\"Social Structures in Cities\",\n        involvement='Surveys',\n        ethical_considerations=\"Privacy Concerns\",\n        scope='Regional'\n    ),\n    CommunityLeaderKnowledge(\n        name=\"Ritual Studies\",\n        perspective_type='Emic',\n        focus=\"Cultural Rituals and Practices\",\n        involvement='Interviews',\n        ethical_considerations=\"Cultural Sensitivity\",\n        scope='Local'\n    ),\n    CommunityLeaderKnowledge(\n        name=\"Globalization Effects\",\n        perspective_type='Etic',\n        focus=\"Impact of Globalization on Local Cultures\",\n        involvement='Document Analysis',\n        ethical_considerations=\"Informed Consent\",\n        scope='Global'\n    ),\n    CommunityLeaderKnowledge(\n        name=\"Language and Identity\",\n        perspective_type='Emic',\n        focus=\"Language Use in Cultural Identity\",\n        involvement='Participant Observation',\n        ethical_considerations=\"Informed Consent\",\n        scope='National'\n    ),\n    CommunityLeaderKnowledge(\n        name=\"Social Movements\",\n        perspective_type='Etic',\n        focus=\"Analysis of Social Movements\",\n        involvement='Non-Participant Observation',\n        ethical_considerations=\"Privacy Concerns\",\n        scope='Regional'\n    ),\n    CommunityLeaderKnowledge(\n        name=\"Cultural Narratives\",\n        perspective_type='Emic',\n        focus=\"Storytelling in Different Cultures\",\n        involvement='Interviews',\n        ethical_considerations=\"Cultural Sensitivity\",\n        scope='Local'\n    ),\n    CommunityLeaderKnowledge(\n        name=\"Health and Culture\",\n        perspective_type='Etic',\n        focus=\"Cultural Influences on Health Practices\",\n        involvement='Surveys',\n        ethical_considerations=\"Informed Consent\",\n        scope='National'\n    ),\n    CommunityLeaderKnowledge(\n        name=\"Art and Society\",\n        perspective_type='Emic',\n        focus=\"Role of Art in Community Identity\",\n        involvement='Participant Observation',\n        ethical_considerations=\"Cultural Sensitivity\",\n        scope='Local'\n    ),\n    CommunityLeaderKnowledge(\n        name=\"Migration Studies\",\n        perspective_type='Etic',\n        focus=\"Cultural Adaptation of Migrants\",\n        involvement='Document Analysis',\n        ethical_considerations=\"Privacy Concerns\",\n        scope='Global'\n    )\n]\n```",
    "goal": {
      "name": null,
      "perspective_type": null,
      "focus": "Storytelling Techniques",
      "involvement": null,
      "ethical_considerations": null,
      "scope": null
    },
    "database": [
      {
        "name": "Indigenous Knowledge",
        "perspective_type": "Emic",
        "focus": "Traditional Ecological Knowledge",
        "involvement": "Participant Observation",
        "ethical_considerations": "Informed Consent",
        "scope": "Local"
      },
      {
        "name": "Art and Society",
        "perspective_type": "Emic",
        "focus": "Role of Art in Community Identity",
        "involvement": "Participant Observation",
        "ethical_considerations": "Cultural Sensitivity",
        "scope": "Local"
      },
      {
        "name": "Migration Studies",
        "perspective_type": "Etic",
        "focus": "Cultural Adaptation of Migrants",
        "involvement": "Document Analysis",
        "ethical_considerations": "Privacy Concerns",
        "scope": "Global"
      },
      {
        "name": "Cultural Narratives",
        "perspective_type": "Emic",
        "focus": "Folklore and Myths in Different Cultures",
        "involvement": "Interviews",
        "ethical_considerations": "Cultural Sensitivity",
        "scope": "Local"
      },
      {
        "name": "Health and Culture",
        "perspective_type": "Etic",
        "focus": "Cultural Influences on Health Practices",
        "involvement": "Surveys",
        "ethical_considerations": "Informed Consent",
        "scope": "National"
      },
      {
        "name": "Ritual Studies",
        "perspective_type": "Emic",
        "focus": "Cultural Rituals and Practices",
        "involvement": "Interviews",
        "ethical_considerations": "Cultural Sensitivity",
        "scope": "Local"
      },
      {
        "name": "Cultural Narratives",
        "perspective_type": "Emic",
        "focus": "Storytelling in Different Cultures",
        "involvement": "Interviews",
        "ethical_considerations": "Cultural Sensitivity",
        "scope": "Local"
      },
      {
        "name": "Cultural Narratives",
        "perspective_type": "Emic",
        "focus": "Oral Traditions",
        "involvement": "Interviews",
        "ethical_considerations": "Informed Consent",
        "scope": "Regional"
      },
      {
        "name": "Cultural Narratives",
        "perspective_type": "Emic",
        "focus": "Storytelling Techniques",
        "involvement": "Participant Observation",
        "ethical_considerations": "Cultural Sensitivity",
        "scope": "Local"
      },
      {
        "name": "Globalization Effects",
        "perspective_type": "Etic",
        "focus": "Impact of Globalization on Local Cultures",
        "involvement": "Document Analysis",
        "ethical_considerations": "Informed Consent",
        "scope": "Global"
      },
      {
        "name": "Urban Anthropology",
        "perspective_type": "Etic",
        "focus": "Social Structures in Cities",
        "involvement": "Surveys",
        "ethical_considerations": "Privacy Concerns",
        "scope": "Regional"
      },
      {
        "name": "Social Movements",
        "perspective_type": "Etic",
        "focus": "Analysis of Social Movements",
        "involvement": "Non-Participant Observation",
        "ethical_considerations": "Privacy Concerns",
        "scope": "Regional"
      },
      {
        "name": "Language and Identity",
        "perspective_type": "Emic",
        "focus": "Language Use in Cultural Identity",
        "involvement": "Participant Observation",
        "ethical_considerations": "Informed Consent",
        "scope": "National"
      }
    ],
    "status": "complete"
  },
  {
    "domain": "Ethical Considerations",
    "turns": [
      [
        "That sounds intriguing! Speaking of narratives, can we discuss ethical considerations around data privacy?",
        {
          "name": "Mixed-Methods Study",
          "principle": "Moderate",
          "impact": null,
          "sensitivity": null,
          "cultural_perspective": "Emic",
          "legal_compliance": null,
          "community_involvement": "Required",
          "resource_availability": null
        },
        "Sure! Are you looking for high sensitivity or medium sensitivity regarding data privacy?"
      ],
      [
        "I think medium sensitivity would be appropriate for data privacy. How does that sound?",
        {
          "name": "Mixed-Methods Study",
          "principle": null,
          "impact": null,
          "sensitivity": "Medium",
          "cultural_perspective": "Emic",
          "legal_compliance": null,
          "community_involvement": "Required",
          "resource_availability": null
        },
        "That sounds good! Would you prefer community involvement to be required or optional for data privacy considerations?"
      ],
      [
        "I\u2019d prefer community involvement to be optional for data privacy considerations. Does that work for you?",
        {
          "name": "Data Privacy",
          "principle": null,
          "impact": null,
          "sensitivity": "Medium",
          "cultural_perspective": null,
          "legal_compliance": null,
          "community_involvement": "Optional",
          "resource_availability": null
        },
        "Yes, that works! Based on that, I suggest the \"Data Privacy\" ethical consideration. Would you like to choose that?"
      ],
      [
        "Yes, let's choose \"Data Privacy\" as our ethical consideration! Thank you for your help!",
        {
          "name": "Data Privacy",
          "principle": null,
          "impact": null,
          "sensitivity": "Medium",
          "cultural_perspective": null,
          "legal_compliance": null,
          "community_involvement": "Optional",
          "resource_availability": null
        },
        "You're welcome! I'm glad we found the right fit. Good luck with your study!"
      ]
    ],
    "preferences_code": "```python\npreferences = EthicalConsiderationCriteria(\n    name='Data Privacy',\n    principle='Justice',\n    impact='Medium',\n    sensitivity='Medium',\n    cultural_perspective='Local Community',\n    legal_compliance='Yes',\n    community_involvement='Optional',\n    resource_availability='Limited',\n)\n```",
    "red_herrings_code": "```python\n# Global variable to store examples of Ethical Considerations\nethical_considerations_examples = [\n    CommunityLeaderKnowledge(\n        name='Data Privacy',\n        principle='Justice',\n        impact='Medium',\n        sensitivity='Medium',\n        cultural_perspective='Local Community',\n        legal_compliance='Yes',\n        community_involvement='Optional',\n        resource_availability='Limited',\n    ),\n    CommunityLeaderKnowledge(\n        name='Informed Consent',\n        principle='Respect for Persons',\n        impact='Medium',\n        sensitivity='High',\n        cultural_perspective='Local Community',\n        legal_compliance='Yes',\n        community_involvement='Required',\n        resource_availability='Sufficient',\n    ),\n    CommunityLeaderKnowledge(\n        name='Data Sharing',\n        principle='Justice',\n        impact='High',\n        sensitivity='High',\n        cultural_perspective='Local Community',\n        legal_compliance='No',\n        community_involvement='Optional',\n        resource_availability='Scarce',\n    ),\n]\n```",
    "database_code": "```python\nethical_considerations_examples = [\n    CommunityLeaderKnowledge(\n        name=\"Informed Consent\",\n        principle=\"Respect for Persons\",\n        impact=\"High\",\n        sensitivity=\"High\",\n        cultural_perspective=\"Indigenous\",\n        legal_compliance=\"Yes\",\n        community_involvement=\"Required\",\n        resource_availability=\"Sufficient\"\n    ),\n    CommunityLeaderKnowledge(\n        name=\"Data Privacy\",\n        principle=\"Justice\",\n        impact=\"Medium\",\n        sensitivity=\"High\",\n        cultural_perspective=\"Local Community\",\n        legal_compliance=\"Yes\",\n        community_involvement=\"Optional\",\n        resource_availability=\"Limited\"\n    ),\n    CommunityLeaderKnowledge(\n        name=\"Beneficence in Research\",\n        principle=\"Beneficence\",\n        impact=\"High\",\n        sensitivity=\"Medium\",\n        cultural_perspective=\"Urban\",\n        legal_compliance=\"Yes\",\n        community_involvement=\"Required\",\n        resource_availability=\"Sufficient\"\n    ),\n    CommunityLeaderKnowledge(\n        name=\"Cultural Sensitivity\",\n        principle=\"Respect for Persons\",\n        impact=\"Medium\",\n        sensitivity=\"High\",\n        cultural_perspective=\"Rural\",\n        legal_compliance=\"Not Applicable\",\n        community_involvement=\"Required\",\n        resource_availability=\"Scarce\"\n    ),\n    CommunityLeaderKnowledge(\n        name=\"Fair Participant Selection\",\n        principle=\"Justice\",\n        impact=\"High\",\n        sensitivity=\"Medium\",\n        cultural_perspective=\"Mixed\",\n        legal_compliance=\"Yes\",\n        community_involvement=\"Optional\",\n        resource_availability=\"Limited\"\n    ),\n    CommunityLeaderKnowledge(\n        name=\"Transparency in Reporting\",\n        principle=\"Beneficence\",\n        impact=\"Medium\",\n        sensitivity=\"Low\",\n        cultural_perspective=\"Global\",\n        legal_compliance=\"No\",\n        community_involvement=\"Not Needed\",\n        resource_availability=\"Sufficient\"\n    ),\n    CommunityLeaderKnowledge(\n        name=\"Community Benefit\",\n        principle=\"Beneficence\",\n        impact=\"High\",\n        sensitivity=\"Medium\",\n        cultural_perspective=\"Local Community\",\n        legal_compliance=\"Yes\",\n        community_involvement=\"Required\",\n        resource_availability=\"Sufficient\"\n    ),\n    CommunityLeaderKnowledge(\n        name=\"Avoiding Harm\",\n        principle=\"Beneficence\",\n        impact=\"High\",\n        sensitivity=\"High\",\n        cultural_perspective=\"Indigenous\",\n        legal_compliance=\"Yes\",\n        community_involvement=\"Optional\",\n        resource_availability=\"Limited\"\n    ),\n    CommunityLeaderKnowledge(\n        name=\"Equitable Resource Distribution\",\n        principle=\"Justice\",\n        impact=\"Medium\",\n        sensitivity=\"Medium\",\n        cultural_perspective=\"Urban\",\n        legal_compliance=\"Not Applicable\",\n        community_involvement=\"Required\",\n        resource_availability=\"Scarce\"\n    ),\n    CommunityLeaderKnowledge(\n        name=\"Respect for Local Traditions\",\n        principle=\"Respect for Persons\",\n        impact=\"Medium\",\n        sensitivity=\"High\",\n        cultural_perspective=\"Rural\",\n        legal_compliance=\"Yes\",\n        community_involvement=\"Required\",\n        resource_availability=\"Sufficient\"\n    )\n]\n```",
    "goal": {
      "name": "Data Privacy",
      "principle": "Justice",
      "impact": "Medium",
      "sensitivity": "Medium",
      "cultural_perspective": "Local Community",
      "legal_compliance": "Yes",
      "community_involvement": "Optional",
      "resource_availability": "Limited"
    },
    "database": [
      {
        "name": "Avoiding Harm",
        "principle": "Beneficence",
        "impact": "High",
        "sensitivity": "High",
        "cultural_perspective": "Indigenous",
        "legal_compliance": "Yes",
        "community_involvement": "Optional",
        "resource_availability": "Limited"
      },
      {
        "name": "Informed Consent",
        "principle": "Respect for Persons",
        "impact": "High",
        "sensitivity": "High",
        "cultural_perspective": "Indigenous",
        "legal_compliance": "Yes",
        "community_involvement": "Required",
        "resource_availability": "Sufficient"
      },
      {
        "name": "Equitable Resource Distribution",
        "principle": "Justice",
        "impact": "Medium",
        "sensitivity": "Medium",
        "cultural_perspective": "Urban",
        "legal_compliance": "Not Applicable",
        "community_involvement": "Required",
        "resource_availability": "Scarce"
      },
      {
        "name": "Cultural Sensitivity",
        "principle": "Respect for Persons",
        "impact": "Medium",
        "sensitivity": "High",
        "cultural_perspective": "Rural",
        "legal_compliance": "Not Applicable",
        "community_involvement": "Required",
        "resource_availability": "Scarce"
      },
      {
        "name": "Informed Consent",
        "principle": "Respect for Persons",
        "impact": "Medium",
        "sensitivity": "High",
        "cultural_perspective": "Local Community",
        "legal_compliance": "Yes",
        "community_involvement": "Required",
        "resource_availability": "Sufficient"
      },
      {
        "name": "Transparency in Reporting",
        "principle": "Beneficence",
        "impact": "Medium",
        "sensitivity": "Low",
        "cultural_perspective": "Global",
        "legal_compliance": "No",
        "community_involvement": "Not Needed",
        "resource_availability": "Sufficient"
      },
      {
        "name": "Community Benefit",
        "principle": "Beneficence",
        "impact": "High",
        "sensitivity": "Medium",
        "cultural_perspective": "Local Community",
        "legal_compliance": "Yes",
        "community_involvement": "Required",
        "resource_availability": "Sufficient"
      },
      {
        "name": "Data Privacy",
        "principle": "Justice",
        "impact": "Medium",
        "sensitivity": "Medium",
        "cultural_perspective": "Local Community",
        "legal_compliance": "Yes",
        "community_involvement": "Optional",
        "resource_availability": "Limited"
      },
      {
        "name": "Data Sharing",
        "principle": "Justice",
        "impact": "High",
        "sensitivity": "High",
        "cultural_perspective": "Local Community",
        "legal_compliance": "No",
        "community_involvement": "Optional",
        "resource_availability": "Scarce"
      },
      {
        "name": "Beneficence in Research",
        "principle": "Beneficence",
        "impact": "High",
        "sensitivity": "Medium",
        "cultural_perspective": "Urban",
        "legal_compliance": "Yes",
        "community_involvement": "Required",
        "resource_availability": "Sufficient"
      },
      {
        "name": "Data Privacy",
        "principle": "Justice",
        "impact": "Medium",
        "sensitivity": "High",
        "cultural_perspective": "Local Community",
        "legal_compliance": "Yes",
        "community_involvement": "Optional",
        "resource_availability": "Limited"
      },
      {
        "name": "Fair Participant Selection",
        "principle": "Justice",
        "impact": "High",
        "sensitivity": "Medium",
        "cultural_perspective": "Mixed",
        "legal_compliance": "Yes",
        "community_involvement": "Optional",
        "resource_availability": "Limited"
      },
      {
        "name": "Respect for Local Traditions",
        "principle": "Respect for Persons",
        "impact": "Medium",
        "sensitivity": "High",
        "cultural_perspective": "Rural",
        "legal_compliance": "Yes",
        "community_involvement": "Required",
        "resource_availability": "Sufficient"
      }
    ],
    "status": "complete"
  }
]