[
  {
    "domain": "Study Methods",
    "turns": [
      [
        "Hey there! What do you think about using a qualitative method for our study?",
        {
          "name": null,
          "method_type": "qualitative",
          "duration": null,
          "engagement_level": null,
          "cultural_perspective": null,
          "ethical_considerations": null,
          "fieldwork_required": null,
          "resource_intensity": null
        },
        "Qualitative methods can provide deep insights; what specific aspects are you looking to explore?"
      ],
      [
        "I'm interested in exploring the community's cultural practices from an insider's perspective. How does that sound?",
        {
          "name": null,
          "method_type": "qualitative",
          "duration": null,
          "engagement_level": null,
          "cultural_perspective": "emic",
          "ethical_considerations": null,
          "fieldwork_required": null,
          "resource_intensity": null
        },
        "That sounds great! An emic perspective would be ideal for that. Would you prefer a high level of engagement in your study?"
      ],
      [
        "Yes, I think a high level of engagement would really enrich our findings. Do you agree?",
        {
          "name": null,
          "method_type": "qualitative",
          "duration": null,
          "engagement_level": "high",
          "cultural_perspective": "emic",
          "ethical_considerations": null,
          "fieldwork_required": null,
          "resource_intensity": null
        },
        "Absolutely, high engagement fosters deeper connections. Are you open to fieldwork being a requirement?"
      ],
      [
        "Actually, I prefer not to have fieldwork required for this study. Does that work for you?",
        {
          "name": null,
          "method_type": "qualitative",
          "duration": null,
          "engagement_level": "high",
          "cultural_perspective": "emic",
          "ethical_considerations": null,
          "fieldwork_required": false,
          "resource_intensity": null
        },
        "That narrows it down a bit; we might need to adjust the engagement level. Would you consider a medium engagement instead?"
      ],
      [
        "I'm okay with adjusting to a medium engagement level if it helps us find a suitable method. What do you think?",
        {
          "name": null,
          "method_type": "qualitative",
          "duration": null,
          "engagement_level": "medium",
          "cultural_perspective": "emic",
          "ethical_considerations": null,
          "fieldwork_required": false,
          "resource_intensity": null
        },
        "That sounds like a good compromise! Let's look for methods with medium engagement, emic perspective, and no fieldwork required."
      ],
      [
        "Great! I think we can consider a short qualitative interview study. How does that sound to you?",
        {
          "name": null,
          "method_type": "qualitative",
          "duration": "short",
          "engagement_level": "medium",
          "cultural_perspective": "emic",
          "ethical_considerations": null,
          "fieldwork_required": false,
          "resource_intensity": null
        },
        "A short qualitative study is a solid choice! However, we might not find a perfect match without fieldwork. Would you like to explore other options?"
      ],
      [
        "I'm open to exploring other options if it helps us find a better fit. What do you suggest?",
        {
          "name": null,
          "method_type": "qualitative",
          "duration": "short",
          "engagement_level": "medium",
          "cultural_perspective": "emic",
          "ethical_considerations": null,
          "fieldwork_required": false,
          "resource_intensity": null
        },
        "How about a Focus Group? It allows for medium engagement and has no fieldwork requirement. Would that interest you?"
      ],
      [
        "Yes, a focus group sounds like a fantastic option! Let's go with that.",
        {
          "name": "Focus Group",
          "method_type": "qualitative",
          "duration": "short",
          "engagement_level": "medium",
          "cultural_perspective": "emic",
          "ethical_considerations": null,
          "fieldwork_required": false,
          "resource_intensity": null
        },
        "Awesome choice! A Focus Group will provide valuable insights into the community's cultural practices."
      ],
      [
        "Absolutely! I'm excited to see what we discover together through the focus group.",
        {
          "name": "Focus Group",
          "method_type": "qualitative",
          "duration": "short",
          "engagement_level": "medium",
          "cultural_perspective": "emic",
          "ethical_considerations": null,
          "fieldwork_required": false,
          "resource_intensity": null
        },
        "Me too! It's going to be a great journey of discovery."
      ],
      [
        "Definitely! Looking forward to working closely with you on this.",
        {
          "name": "Focus Group",
          "method_type": "qualitative",
          "duration": "short",
          "engagement_level": "medium",
          "cultural_perspective": "emic",
          "ethical_considerations": null,
          "fieldwork_required": false,
          "resource_intensity": null
        },
        "Likewise! I'm excited to collaborate and make this study a success!"
      ]
    ],
    "preferences_code": "```python\npreferences = StudyMethodsCriteria(\n    name='Focus Group',\n    method_type='qualitative',\n    duration='short',\n    engagement_level='high',\n    cultural_perspective='emic',\n    ethical_considerations='basic',\n    fieldwork_required=False,\n    resource_intensity='low',\n)\n```",
    "red_herrings_code": "```python\n# Global variable representing a list of similar StudyMethod examples.\nsimilar_study_methods = [\n    StudyMethod(\n        name='Participant Observation',\n        method_type='qualitative',\n        duration='long',\n        engagement_level='high',\n        cultural_perspective='emic',\n        ethical_considerations='strict',\n        fieldwork_required=True,\n        resource_intensity='high',\n    ),\n    StudyMethod(\n        name='Case Study',\n        method_type='qualitative',\n        duration='medium',\n        engagement_level='medium',\n        cultural_perspective='etic',\n        ethical_considerations='moderate',\n        fieldwork_required=True,\n        resource_intensity='medium',\n    ),\n    StudyMethod(\n        name='Focus Group',\n        method_type='qualitative',\n        duration='short',\n        engagement_level='high',\n        cultural_perspective='emic',\n        ethical_considerations='basic',\n        fieldwork_required=False,\n        resource_intensity='low',\n    ),\n]\n```",
    "database_code": "```python\n# Global variable containing a list of StudyMethod examples.\nstudy_methods_examples = [\n    StudyMethod(\n        name=\"Focus Group\",\n        method_type=\"qualitative\",\n        duration=\"short\",\n        engagement_level=\"high\",\n        cultural_perspective=\"emic\",\n        ethical_considerations=\"strict\",\n        fieldwork_required=True,\n        resource_intensity=\"medium\"\n    ),\n    StudyMethod(\n        name=\"Survey\",\n        method_type=\"quantitative\",\n        duration=\"medium\",\n        engagement_level=\"low\",\n        cultural_perspective=\"etic\",\n        ethical_considerations=\"moderate\",\n        fieldwork_required=False,\n        resource_intensity=\"low\"\n    ),\n    StudyMethod(\n        name=\"Participant Observation\",\n        method_type=\"qualitative\",\n        duration=\"long\",\n        engagement_level=\"high\",\n        cultural_perspective=\"emic\",\n        ethical_considerations=\"strict\",\n        fieldwork_required=True,\n        resource_intensity=\"high\"\n    ),\n    StudyMethod(\n        name=\"Case Study\",\n        method_type=\"mixed\",\n        duration=\"medium\",\n        engagement_level=\"medium\",\n        cultural_perspective=\"etic\",\n        ethical_considerations=\"moderate\",\n        fieldwork_required=True,\n        resource_intensity=\"medium\"\n    ),\n    StudyMethod(\n        name=\"Ethnographic Study\",\n        method_type=\"qualitative\",\n        duration=\"long\",\n        engagement_level=\"high\",\n        cultural_perspective=\"emic\",\n        ethical_considerations=\"strict\",\n        fieldwork_required=True,\n        resource_intensity=\"high\"\n    ),\n    StudyMethod(\n        name=\"Longitudinal Study\",\n        method_type=\"quantitative\",\n        duration=\"long\",\n        engagement_level=\"medium\",\n        cultural_perspective=\"etic\",\n        ethical_considerations=\"moderate\",\n        fieldwork_required=True,\n        resource_intensity=\"high\"\n    ),\n    StudyMethod(\n        name=\"Cross-Sectional Survey\",\n        method_type=\"quantitative\",\n        duration=\"short\",\n        engagement_level=\"low\",\n        cultural_perspective=\"etic\",\n        ethical_considerations=\"basic\",\n        fieldwork_required=False,\n        resource_intensity=\"low\"\n    ),\n    StudyMethod(\n        name=\"Action Research\",\n        method_type=\"mixed\",\n        duration=\"medium\",\n        engagement_level=\"high\",\n        cultural_perspective=\"emic\",\n        ethical_considerations=\"strict\",\n        fieldwork_required=True,\n        resource_intensity=\"medium\"\n    ),\n    StudyMethod(\n        name=\"Content Analysis\",\n        method_type=\"qualitative\",\n        duration=\"short\",\n        engagement_level=\"low\",\n        cultural_perspective=\"etic\",\n        ethical_considerations=\"basic\",\n        fieldwork_required=False,\n        resource_intensity=\"low\"\n    ),\n    StudyMethod(\n        name=\"Mixed-Methods Study\",\n        method_type=\"mixed\",\n        duration=\"medium\",\n        engagement_level=\"medium\",\n        cultural_perspective=\"emic\",\n        ethical_considerations=\"moderate\",\n        fieldwork_required=True,\n        resource_intensity=\"medium\"\n    )\n]\n```",
    "goal": {
      "name": null,
      "method_type": "qualitative",
      "duration": "short",
      "engagement_level": "high",
      "cultural_perspective": "emic",
      "ethical_considerations": "basic",
      "fieldwork_required": false,
      "resource_intensity": "low"
    },
    "database": [
      {
        "name": "Mixed-Methods Study",
        "method_type": "mixed",
        "duration": "medium",
        "engagement_level": "medium",
        "cultural_perspective": "emic",
        "ethical_considerations": "moderate",
        "fieldwork_required": true,
        "resource_intensity": "medium"
      },
      {
        "name": "Longitudinal Study",
        "method_type": "quantitative",
        "duration": "long",
        "engagement_level": "medium",
        "cultural_perspective": "etic",
        "ethical_considerations": "moderate",
        "fieldwork_required": true,
        "resource_intensity": "high"
      },
      {
        "name": "Participant Observation",
        "method_type": "qualitative",
        "duration": "long",
        "engagement_level": "high",
        "cultural_perspective": "emic",
        "ethical_considerations": "strict",
        "fieldwork_required": true,
        "resource_intensity": "high"
      },
      {
        "name": "Case Study",
        "method_type": "mixed",
        "duration": "medium",
        "engagement_level": "medium",
        "cultural_perspective": "etic",
        "ethical_considerations": "moderate",
        "fieldwork_required": true,
        "resource_intensity": "medium"
      },
      {
        "name": "Focus Group",
        "method_type": "qualitative",
        "duration": "short",
        "engagement_level": "high",
        "cultural_perspective": "emic",
        "ethical_considerations": "basic",
        "fieldwork_required": false,
        "resource_intensity": "low"
      },
      {
        "name": "Action Research",
        "method_type": "mixed",
        "duration": "medium",
        "engagement_level": "high",
        "cultural_perspective": "emic",
        "ethical_considerations": "strict",
        "fieldwork_required": true,
        "resource_intensity": "medium"
      },
      {
        "name": "Case Study",
        "method_type": "qualitative",
        "duration": "medium",
        "engagement_level": "medium",
        "cultural_perspective": "etic",
        "ethical_considerations": "moderate",
        "fieldwork_required": true,
        "resource_intensity": "medium"
      },
      {
        "name": "Survey",
        "method_type": "quantitative",
        "duration": "medium",
        "engagement_level": "low",
        "cultural_perspective": "etic",
        "ethical_considerations": "moderate",
        "fieldwork_required": false,
        "resource_intensity": "low"
      },
      {
        "name": "Focus Group",
        "method_type": "qualitative",
        "duration": "short",
        "engagement_level": "high",
        "cultural_perspective": "emic",
        "ethical_considerations": "strict",
        "fieldwork_required": true,
        "resource_intensity": "medium"
      },
      {
        "name": "Content Analysis",
        "method_type": "qualitative",
        "duration": "short",
        "engagement_level": "low",
        "cultural_perspective": "etic",
        "ethical_considerations": "basic",
        "fieldwork_required": false,
        "resource_intensity": "low"
      },
      {
        "name": "Participant Observation",
        "method_type": "qualitative",
        "duration": "long",
        "engagement_level": "high",
        "cultural_perspective": "emic",
        "ethical_considerations": "strict",
        "fieldwork_required": true,
        "resource_intensity": "high"
      },
      {
        "name": "Cross-Sectional Survey",
        "method_type": "quantitative",
        "duration": "short",
        "engagement_level": "low",
        "cultural_perspective": "etic",
        "ethical_considerations": "basic",
        "fieldwork_required": false,
        "resource_intensity": "low"
      },
      {
        "name": "Ethnographic Study",
        "method_type": "qualitative",
        "duration": "long",
        "engagement_level": "high",
        "cultural_perspective": "emic",
        "ethical_considerations": "strict",
        "fieldwork_required": true,
        "resource_intensity": "high"
      }
    ],
    "status": "complete"
  },
  {
    "domain": "Cultural Perspectives",
    "turns": [
      [
        "Absolutely! Can you help me identify any local cultural practices we should focus on?",
        {
          "name": null,
          "perspective_type": "Emic",
          "focus": null,
          "involvement": "Interviews",
          "ethical_considerations": null,
          "scope": "Local"
        },
        "Sure! We could explore rituals, culinary traditions, or traditional healing practices. Which one interests you the most?"
      ],
      [
        "I'm particularly interested in exploring culinary traditions. They really reflect the community's identity!",
        {
          "name": null,
          "perspective_type": "Emic",
          "focus": "Culinary Traditions",
          "involvement": "Interviews",
          "ethical_considerations": null,
          "scope": null
        },
        "Great choice! Culinary traditions are rich in cultural significance. Would you like to include participant observation in your study?"
      ],
      [
        "I think we should stick with the focus group for now, but I appreciate the suggestion!",
        {
          "name": null,
          "perspective_type": "Emic",
          "focus": "Culinary Traditions",
          "involvement": "Focus Group",
          "ethical_considerations": null,
          "scope": null
        },
        "That sounds good! A focus group will still provide great insights into culinary traditions."
      ],
      [
        "Exactly! I'm looking forward to seeing how the community shares their culinary stories.",
        {
          "name": null,
          "perspective_type": "Emic",
          "focus": "Culinary Traditions",
          "involvement": "Interviews",
          "ethical_considerations": null,
          "scope": null
        },
        "It'll be fascinating to hear their stories! The focus group should bring out some rich narratives."
      ],
      [
        "Absolutely! I can't wait to dive into those narratives and learn from the community.",
        {
          "name": null,
          "perspective_type": "Emic",
          "focus": "Culinary Traditions",
          "involvement": "Interviews",
          "ethical_considerations": null,
          "scope": null
        },
        "It's going to be a rewarding experience! Learning from the community is what it's all about."
      ],
      [
        "Definitely! Engaging with the community is key to understanding their culture deeply.",
        {
          "name": null,
          "perspective_type": "Emic",
          "focus": "Culinary Traditions",
          "involvement": "Non-Participant Observation",
          "ethical_considerations": null,
          "scope": null
        },
        "Absolutely! Their perspectives will provide invaluable context and depth to your study."
      ],
      [
        "Exactly! It\u2019s all about capturing those unique insights that only they can share.",
        {
          "name": null,
          "perspective_type": "Emic",
          "focus": "Culinary Traditions",
          "involvement": "Focus Group",
          "ethical_considerations": null,
          "scope": null
        },
        "Exactly! Those unique insights will truly enrich your understanding of their culture."
      ],
      [
        "I completely agree! I'm excited to see how their experiences shape our findings.",
        {
          "name": null,
          "perspective_type": "Emic",
          "focus": "Culinary Traditions",
          "involvement": "Focus Group",
          "ethical_considerations": null,
          "scope": null
        },
        "It'll be enlightening for sure! Their experiences will add a vibrant layer to your research."
      ],
      [
        "Absolutely! I'm looking forward to uncovering those vibrant layers together.",
        {
          "name": null,
          "perspective_type": "Emic",
          "focus": "Culinary Traditions",
          "involvement": "Focus Group",
          "ethical_considerations": null,
          "scope": null
        },
        "Me too! It\u2019s going to be a fantastic journey of discovery together!"
      ],
      [
        "Absolutely! I can't wait to get started on this journey with you!",
        {
          "name": null,
          "perspective_type": "Emic",
          "focus": "Culinary Traditions",
          "involvement": "Focus Group",
          "ethical_considerations": null,
          "scope": null
        },
        "I'm excited too! Let\u2019s make this an amazing experience!"
      ],
      [
        "Yes, let's make it an unforgettable experience for everyone involved!",
        {
          "name": null,
          "perspective_type": "Emic",
          "focus": "Culinary Traditions",
          "involvement": "Focus Group",
          "ethical_considerations": null,
          "scope": null
        },
        "Definitely! Together, we\u2019ll create lasting memories and insights for the community!"
      ],
      [
        "Exactly! I'm thrilled about the impact we can make together!",
        {
          "name": null,
          "perspective_type": "Emic",
          "focus": "Culinary Traditions",
          "involvement": "Focus Group",
          "ethical_considerations": null,
          "scope": null
        },
        "Me too! The positive impact on the community will be truly rewarding!"
      ],
      [
        "Absolutely! It's all about giving back and celebrating their culture!",
        {
          "name": null,
          "perspective_type": "Emic",
          "focus": "Culinary Traditions",
          "involvement": "Focus Group",
          "ethical_considerations": null,
          "scope": null
        },
        "Exactly! Celebrating their culture will strengthen community ties and appreciation!"
      ],
      [
        "Yes! It\u2019s a wonderful opportunity to foster connection and pride within the community!",
        {
          "name": null,
          "perspective_type": "Emic",
          "focus": "Culinary Traditions",
          "involvement": "Focus Group",
          "ethical_considerations": null,
          "scope": null
        },
        "Absolutely! Fostering connection and pride will empower the community and enrich their cultural narrative!"
      ],
      [
        "Exactly! Empowering them to share their stories is what will make this study truly meaningful!",
        {
          "name": null,
          "perspective_type": "Emic",
          "focus": "Culinary Traditions",
          "involvement": "Focus Group",
          "ethical_considerations": null,
          "scope": null
        },
        "Absolutely! Their stories will bring authenticity and depth to the study, making it truly impactful!"
      ],
      [
        "Yes! Authenticity is key, and I can't wait to highlight their voices in our research!",
        {
          "name": null,
          "perspective_type": "Emic",
          "focus": "Culinary Traditions",
          "involvement": "Focus Group",
          "ethical_considerations": null,
          "scope": null
        },
        "That\u2019s the spirit! Highlighting their voices will make the research resonate deeply with everyone involved!"
      ],
      [
        "Absolutely! It\u2019s all about creating a space where their voices can shine!",
        {
          "name": null,
          "perspective_type": "Emic",
          "focus": "Culinary Traditions",
          "involvement": "Focus Group",
          "ethical_considerations": null,
          "scope": null
        },
        "Exactly! Creating that space will encourage openness and genuine sharing of experiences!"
      ],
      [
        "Yes! Openness will lead to richer discussions and more profound insights!",
        {
          "name": null,
          "perspective_type": "Emic",
          "focus": "Culinary Traditions",
          "involvement": "Focus Group",
          "ethical_considerations": null,
          "scope": null
        },
        "Absolutely! Rich discussions will uncover layers of meaning and understanding in their culture!"
      ],
      [
        "Exactly! I\u2019m excited to see how those layers unfold during our focus group!",
        {
          "name": null,
          "perspective_type": "Emic",
          "focus": "Culinary Traditions",
          "involvement": "Focus Group",
          "ethical_considerations": null,
          "scope": null
        },
        "It\u2019ll be exciting to witness those layers unfold! Each story will add to the tapestry of their culture!"
      ],
      [
        "Absolutely! Each story will weave together a beautiful narrative of their cultural identity!",
        {
          "name": null,
          "perspective_type": "Emic",
          "focus": "Culinary Traditions",
          "involvement": "Focus Group",
          "ethical_considerations": null,
          "scope": null
        },
        "Exactly! That narrative will be a powerful testament to their unique cultural identity!"
      ],
      [
        "Yes! It will celebrate their heritage and strengthen their community bonds!",
        {
          "name": null,
          "perspective_type": "Emic",
          "focus": "Culinary Traditions",
          "involvement": "Focus Group",
          "ethical_considerations": null,
          "scope": null
        },
        "Absolutely! Celebrating their heritage will foster unity and pride within the community!"
      ],
      [
        "Exactly! I'm thrilled about the positive impact this study can have on their sense of belonging!",
        {
          "name": null,
          "perspective_type": "Emic",
          "focus": "Culinary Traditions",
          "involvement": "Focus Group",
          "ethical_considerations": null,
          "scope": null
        },
        "Me too! Strengthening their sense of belonging will make a lasting difference in the community!"
      ],
      [
        "Absolutely! I'm looking forward to being part of that positive change!",
        {
          "name": null,
          "perspective_type": "Emic",
          "focus": "Culinary Traditions",
          "involvement": "Focus Group",
          "ethical_considerations": null,
          "scope": null
        },
        "It\u2019s going to be an amazing journey, and I\u2019m excited to be part of it with you!"
      ],
      [
        "Me too! Together, we\u2019ll make this a truly transformative experience!",
        {
          "name": null,
          "perspective_type": "Emic",
          "focus": "Culinary Traditions",
          "involvement": "Focus Group",
          "ethical_considerations": null,
          "scope": null
        },
        "Absolutely! Together, we\u2019ll create a transformative experience for everyone involved!"
      ],
      [
        "Yes! I can\u2019t wait to see the impact we\u2019ll make together!",
        {
          "name": null,
          "perspective_type": "Emic",
          "focus": "Culinary Traditions",
          "involvement": "Focus Group",
          "ethical_considerations": null,
          "scope": null
        },
        "It's going to be incredible! The impact will resonate far beyond the study itself!"
      ],
      [
        "Exactly! It will inspire future generations in the community!",
        {
          "name": null,
          "perspective_type": "Emic",
          "focus": "Culinary Traditions",
          "involvement": "Focus Group",
          "ethical_considerations": null,
          "scope": null
        },
        "Absolutely! Inspiring future generations will ensure their culture continues to thrive!"
      ],
      [
        "Yes! Keeping their culture alive and vibrant is so important!",
        {
          "name": null,
          "perspective_type": "Emic",
          "focus": "Culinary Traditions",
          "involvement": "Focus Group",
          "ethical_considerations": null,
          "scope": null
        },
        "Definitely! A vibrant culture enriches both the community and the wider world!"
      ],
      [
        "Absolutely! It\u2019s a beautiful way to share their heritage with everyone!",
        {
          "name": null,
          "perspective_type": "Emic",
          "focus": "Culinary Traditions",
          "involvement": "Focus Group",
          "ethical_considerations": null,
          "scope": null
        },
        "Exactly! Sharing their heritage will foster appreciation and understanding across cultures!"
      ],
      [
        "Yes! It\u2019s all about building bridges and celebrating diversity!",
        {
          "name": null,
          "perspective_type": "Emic",
          "focus": "Culinary Traditions",
          "involvement": "Focus Group",
          "ethical_considerations": null,
          "scope": null
        },
        "Absolutely! Building bridges through celebration will create a more inclusive and harmonious community!"
      ],
      [
        "Exactly! I\u2019m excited to contribute to that inclusivity through our study!",
        {
          "name": null,
          "perspective_type": "Emic",
          "focus": "Culinary Traditions",
          "involvement": "Focus Group",
          "ethical_considerations": null,
          "scope": null
        },
        "That\u2019s a wonderful mindset! Your contribution will help create a more inclusive narrative!"
      ]
    ],
    "preferences_code": "```python\npreferences = CulturalPerspectiveCriteria(\n    name='Gender Roles in Indigenous Cultures',\n    perspective_type='Emic',\n    focus='Gender and Identity',\n    involvement='Interviews',\n    ethical_considerations='Informed Consent',\n    scope='Local',\n)\n```",
    "red_herrings_code": "```python\n# Global variable to represent a list of similar Cultural Perspectives search results\nsimilar_cultural_perspectives = [\n    CommunityLeaderKnowledge(\n        name='Gender Roles in Urban Cultures',\n        perspective_type='Emic',\n        focus='Gender',\n        involvement='Non-Participant Observation',\n        ethical_considerations='Informed Consent',\n        scope='Local',\n    ),\n    CommunityLeaderKnowledge(\n        name='Gender Roles in Indigenous Cultures',\n        perspective_type='Etic',\n        focus='Gender',\n        involvement='Non-Participant Observation',\n        ethical_considerations='Informed Consent',\n        scope='Local',\n    ),\n    CommunityLeaderKnowledge(\n        name='Gender Roles in Indigenous Cultures',\n        perspective_type='Emic',\n        focus='Gender and Identity',\n        involvement='Interviews',\n        ethical_considerations='Informed Consent',\n        scope='Local',\n    ),\n]\n```",
    "database_code": "```python\n# Global variable representing a list of Cultural Perspectives examples\ncultural_perspectives_examples = [\n    CommunityLeaderKnowledge(\n        name=\"Rituals of the Harvest\",\n        perspective_type='Emic',\n        focus='Rituals',\n        involvement='Participant Observation',\n        ethical_considerations='Informed Consent',\n        scope='Local'\n    ),\n    CommunityLeaderKnowledge(\n        name=\"Language Preservation\",\n        perspective_type='Etic',\n        focus='Language',\n        involvement='Interviews',\n        ethical_considerations='Privacy Concerns',\n        scope='Regional'\n    ),\n    CommunityLeaderKnowledge(\n        name=\"Social Structures in Rural Communities\",\n        perspective_type='Emic',\n        focus='Social Structures',\n        involvement='Document Analysis',\n        ethical_considerations='Community Engagement',\n        scope='Local'\n    ),\n    CommunityLeaderKnowledge(\n        name=\"Urban Migration Patterns\",\n        perspective_type='Etic',\n        focus='Migration',\n        involvement='Surveys',\n        ethical_considerations='Anonymity',\n        scope='National'\n    ),\n    CommunityLeaderKnowledge(\n        name=\"Traditional Healing Practices\",\n        perspective_type='Emic',\n        focus='Health',\n        involvement='Participant Observation',\n        ethical_considerations='Cultural Sensitivity',\n        scope='Local'\n    ),\n    CommunityLeaderKnowledge(\n        name=\"Economic Impact of Tourism\",\n        perspective_type='Etic',\n        focus='Economics',\n        involvement='Interviews',\n        ethical_considerations='Transparency',\n        scope='Regional'\n    ),\n    CommunityLeaderKnowledge(\n        name=\"Gender Roles in Indigenous Cultures\",\n        perspective_type='Emic',\n        focus='Gender',\n        involvement='Non-Participant Observation',\n        ethical_considerations='Informed Consent',\n        scope='Local'\n    ),\n    CommunityLeaderKnowledge(\n        name=\"Effects of Climate Change on Coastal Communities\",\n        perspective_type='Etic',\n        focus='Environment',\n        involvement='Surveys',\n        ethical_considerations='Community Engagement',\n        scope='National'\n    ),\n    CommunityLeaderKnowledge(\n        name=\"Culinary Traditions\",\n        perspective_type='Emic',\n        focus='Food',\n        involvement='Participant Observation',\n        ethical_considerations='Cultural Sensitivity',\n        scope='Local'\n    ),\n    CommunityLeaderKnowledge(\n        name=\"Mythology and Folklore\",\n        perspective_type='Etic',\n        focus='Cultural Narratives',\n        involvement='Document Analysis',\n        ethical_considerations='Informed Consent',\n        scope='Global'\n    )\n]\n```",
    "goal": {
      "name": null,
      "perspective_type": "Emic",
      "focus": null,
      "involvement": "Interviews",
      "ethical_considerations": "Informed Consent",
      "scope": "Local"
    },
    "database": [
      {
        "name": "Economic Impact of Tourism",
        "perspective_type": "Etic",
        "focus": "Economics",
        "involvement": "Interviews",
        "ethical_considerations": "Transparency",
        "scope": "Regional"
      },
      {
        "name": "Gender Roles in Indigenous Cultures",
        "perspective_type": "Etic",
        "focus": "Gender",
        "involvement": "Non-Participant Observation",
        "ethical_considerations": "Informed Consent",
        "scope": "Local"
      },
      {
        "name": "Social Structures in Rural Communities",
        "perspective_type": "Emic",
        "focus": "Social Structures",
        "involvement": "Document Analysis",
        "ethical_considerations": "Community Engagement",
        "scope": "Local"
      },
      {
        "name": "Mythology and Folklore",
        "perspective_type": "Etic",
        "focus": "Cultural Narratives",
        "involvement": "Document Analysis",
        "ethical_considerations": "Informed Consent",
        "scope": "Global"
      },
      {
        "name": "Gender Roles in Urban Cultures",
        "perspective_type": "Emic",
        "focus": "Gender",
        "involvement": "Non-Participant Observation",
        "ethical_considerations": "Informed Consent",
        "scope": "Local"
      },
      {
        "name": "Gender Roles in Indigenous Cultures",
        "perspective_type": "Emic",
        "focus": "Gender and Identity",
        "involvement": "Interviews",
        "ethical_considerations": "Informed Consent",
        "scope": "Local"
      },
      {
        "name": "Urban Migration Patterns",
        "perspective_type": "Etic",
        "focus": "Migration",
        "involvement": "Surveys",
        "ethical_considerations": "Anonymity",
        "scope": "National"
      },
      {
        "name": "Effects of Climate Change on Coastal Communities",
        "perspective_type": "Etic",
        "focus": "Environment",
        "involvement": "Surveys",
        "ethical_considerations": "Community Engagement",
        "scope": "National"
      },
      {
        "name": "Language Preservation",
        "perspective_type": "Etic",
        "focus": "Language",
        "involvement": "Interviews",
        "ethical_considerations": "Privacy Concerns",
        "scope": "Regional"
      },
      {
        "name": "Rituals of the Harvest",
        "perspective_type": "Emic",
        "focus": "Rituals",
        "involvement": "Participant Observation",
        "ethical_considerations": "Informed Consent",
        "scope": "Local"
      },
      {
        "name": "Gender Roles in Indigenous Cultures",
        "perspective_type": "Emic",
        "focus": "Gender",
        "involvement": "Non-Participant Observation",
        "ethical_considerations": "Informed Consent",
        "scope": "Local"
      },
      {
        "name": "Traditional Healing Practices",
        "perspective_type": "Emic",
        "focus": "Health",
        "involvement": "Participant Observation",
        "ethical_considerations": "Cultural Sensitivity",
        "scope": "Local"
      },
      {
        "name": "Culinary Traditions",
        "perspective_type": "Emic",
        "focus": "Food",
        "involvement": "Participant Observation",
        "ethical_considerations": "Cultural Sensitivity",
        "scope": "Local"
      }
    ],
    "status": "incomplete"
  },
  {
    "domain": "Ethical Considerations",
    "turns": [
      [
        "Absolutely! Now, can you help me identify some ethical considerations that align with our goals?",
        {
          "name": null,
          "principle": "Respect for Persons",
          "impact": "Medium",
          "sensitivity": null,
          "cultural_perspective": "Culinary Traditions",
          "legal_compliance": "Not Applicable",
          "community_involvement": "Optional",
          "resource_availability": null
        },
        "Sure! We should focus on considerations like Informed Consent and Cultural Sensitivity. Would you like to explore those?"
      ],
      [
        "Yes, both are essential! Let's dive deeper into how we can implement them effectively.",
        {
          "name": "Informed Consent",
          "principle": "Respect for Persons",
          "impact": "High",
          "sensitivity": "High",
          "cultural_perspective": "Culinary Traditions",
          "legal_compliance": "Yes",
          "community_involvement": "Required",
          "resource_availability": "Sufficient"
        },
        "Great! For Informed Consent, clear communication about the study's purpose is key. How do you plan to approach that?"
      ],
      [
        "I plan to provide a straightforward explanation during the focus group and ensure everyone feels comfortable asking questions. How does that sound?",
        {
          "name": "Informed Consent",
          "principle": "Respect for Persons",
          "impact": "High",
          "sensitivity": "Medium",
          "cultural_perspective": null,
          "legal_compliance": "Yes",
          "community_involvement": "Required",
          "resource_availability": null
        },
        "That sounds excellent! Encouraging questions will foster trust and clarity. What about Cultural Sensitivity?"
      ],
      [
        "I think we should ensure that we respect their cultural practices and language throughout the study. What do you think?",
        {
          "name": "Informed Consent and Cultural Sensitivity",
          "principle": null,
          "impact": null,
          "sensitivity": null,
          "cultural_perspective": null,
          "legal_compliance": null,
          "community_involvement": null,
          "resource_availability": null
        },
        "Absolutely! Respecting their practices and language is vital for building rapport and trust."
      ],
      [
        "Exactly! It will create a safe space for participants to share their experiences openly.",
        {
          "name": "Informed Consent and Cultural Sensitivity",
          "principle": null,
          "impact": null,
          "sensitivity": null,
          "cultural_perspective": null,
          "legal_compliance": null,
          "community_involvement": null,
          "resource_availability": null
        },
        "Exactly! A safe space will encourage authentic sharing and enrich the discussions!"
      ],
      [
        "Yes! Authentic sharing will lead to deeper insights into their cultural narratives!",
        {
          "name": "Informed Consent and Cultural Sensitivity",
          "principle": null,
          "impact": null,
          "sensitivity": null,
          "cultural_perspective": null,
          "legal_compliance": null,
          "community_involvement": null,
          "resource_availability": null
        },
        "Absolutely! Those deeper insights will illuminate the richness of their cultural narratives!"
      ],
      [
        "Exactly! I'm excited to see how those narratives unfold during our focus group!",
        {
          "name": "Informed Consent and Cultural Sensitivity",
          "principle": null,
          "impact": null,
          "sensitivity": null,
          "cultural_perspective": null,
          "legal_compliance": null,
          "community_involvement": null,
          "resource_availability": null
        },
        "It\u2019ll be fascinating to witness those narratives come to life! Each story will add depth to your research!"
      ],
      [
        "Absolutely! Each story will contribute to a richer understanding of their culture!",
        {
          "name": "Informed Consent and Cultural Sensitivity",
          "principle": null,
          "impact": null,
          "sensitivity": null,
          "cultural_perspective": null,
          "legal_compliance": null,
          "community_involvement": null,
          "resource_availability": null
        },
        "Exactly! Together, those stories will create a vibrant tapestry of their cultural identity!"
      ],
      [
        "Yes! I can't wait to weave those stories together in our research!",
        {
          "name": "Informed Consent and Cultural Sensitivity",
          "principle": null,
          "impact": null,
          "sensitivity": null,
          "cultural_perspective": null,
          "legal_compliance": null,
          "community_involvement": null,
          "resource_availability": null
        },
        "It\u2019s going to be a beautiful process! Weaving those stories will create a compelling narrative!"
      ],
      [
        "Absolutely! A compelling narrative will truly honor their cultural heritage!",
        {
          "name": "Informed Consent and Cultural Sensitivity",
          "principle": null,
          "impact": null,
          "sensitivity": null,
          "cultural_perspective": null,
          "legal_compliance": null,
          "community_involvement": null,
          "resource_availability": null
        },
        "Definitely! Honoring their heritage will make the research meaningful and impactful!"
      ]
    ],
    "preferences_code": "```python\npreferences = EthicalConsiderationCriteria(\n    name='Reciprocity',\n    principle='Justice',\n    impact='Medium',\n    sensitivity='Medium',\n    cultural_perspective='Mutual benefit is essential in research.',\n    legal_compliance='Yes',\n    community_involvement='Optional',\n    resource_availability='Sufficient',\n)\n```",
    "red_herrings_code": "```python\nethical_considerations_examples = [\n    CommunityLeaderKnowledge(\n        name='Reciprocity',\n        principle='Justice',\n        impact='Medium',\n        sensitivity='High',\n        cultural_perspective='Mutual benefit is crucial in research.',\n        legal_compliance='Not Applicable',\n        community_involvement='Optional',\n        resource_availability='Limited',\n    ),\n    CommunityLeaderKnowledge(\n        name='Reciprocity',\n        principle='Justice',\n        impact='Low',\n        sensitivity='Medium',\n        cultural_perspective='Mutual benefit is key in research.',\n        legal_compliance='Not Applicable',\n        community_involvement='Required',\n        resource_availability='Scarce',\n    ),\n    CommunityLeaderKnowledge(\n        name='Reciprocity',\n        principle='Justice',\n        impact='Medium',\n        sensitivity='Medium',\n        cultural_perspective='Mutual benefit is essential in research.',\n        legal_compliance='Yes',\n        community_involvement='Optional',\n        resource_availability='Sufficient',\n    ),\n]\n```",
    "database_code": "```python\nethical_considerations_examples = [\n    CommunityLeaderKnowledge(\n        name=\"Informed Consent\",\n        principle=\"Respect for Persons\",\n        impact=\"High\",\n        sensitivity=\"Medium\",\n        cultural_perspective=\"Individual autonomy is paramount.\",\n        legal_compliance=\"Yes\",\n        community_involvement=\"Required\",\n        resource_availability=\"Sufficient\"\n    ),\n    CommunityLeaderKnowledge(\n        name=\"Confidentiality\",\n        principle=\"Beneficence\",\n        impact=\"High\",\n        sensitivity=\"High\",\n        cultural_perspective=\"Protecting personal information is vital.\",\n        legal_compliance=\"Yes\",\n        community_involvement=\"Optional\",\n        resource_availability=\"Limited\"\n    ),\n    CommunityLeaderKnowledge(\n        name=\"Equitable Treatment\",\n        principle=\"Justice\",\n        impact=\"Medium\",\n        sensitivity=\"Medium\",\n        cultural_perspective=\"Fairness in treatment is essential.\",\n        legal_compliance=\"Yes\",\n        community_involvement=\"Required\",\n        resource_availability=\"Sufficient\"\n    ),\n    CommunityLeaderKnowledge(\n        name=\"Cultural Sensitivity\",\n        principle=\"Respect for Persons\",\n        impact=\"High\",\n        sensitivity=\"High\",\n        cultural_perspective=\"Understanding cultural nuances is crucial.\",\n        legal_compliance=\"Not Applicable\",\n        community_involvement=\"Optional\",\n        resource_availability=\"Scarce\"\n    ),\n    CommunityLeaderKnowledge(\n        name=\"Community Benefit\",\n        principle=\"Beneficence\",\n        impact=\"High\",\n        sensitivity=\"Medium\",\n        cultural_perspective=\"Research should benefit the community.\",\n        legal_compliance=\"Yes\",\n        community_involvement=\"Required\",\n        resource_availability=\"Sufficient\"\n    ),\n    CommunityLeaderKnowledge(\n        name=\"Transparency\",\n        principle=\"Justice\",\n        impact=\"Medium\",\n        sensitivity=\"Low\",\n        cultural_perspective=\"Open communication fosters trust.\",\n        legal_compliance=\"Not Applicable\",\n        community_involvement=\"Optional\",\n        resource_availability=\"Limited\"\n    ),\n    CommunityLeaderKnowledge(\n        name=\"Avoiding Harm\",\n        principle=\"Beneficence\",\n        impact=\"High\",\n        sensitivity=\"High\",\n        cultural_perspective=\"Minimizing harm is a priority.\",\n        legal_compliance=\"Yes\",\n        community_involvement=\"Required\",\n        resource_availability=\"Sufficient\"\n    ),\n    CommunityLeaderKnowledge(\n        name=\"Reciprocity\",\n        principle=\"Justice\",\n        impact=\"Medium\",\n        sensitivity=\"Medium\",\n        cultural_perspective=\"Mutual benefit is essential in research.\",\n        legal_compliance=\"Not Applicable\",\n        community_involvement=\"Optional\",\n        resource_availability=\"Limited\"\n    ),\n    CommunityLeaderKnowledge(\n        name=\"Cultural Appropriation\",\n        principle=\"Respect for Persons\",\n        impact=\"High\",\n        sensitivity=\"High\",\n        cultural_perspective=\"Respect for cultural ownership is vital.\",\n        legal_compliance=\"No\",\n        community_involvement=\"Required\",\n        resource_availability=\"Scarce\"\n    ),\n    CommunityLeaderKnowledge(\n        name=\"Feedback Mechanism\",\n        principle=\"Beneficence\",\n        impact=\"Medium\",\n        sensitivity=\"Low\",\n        cultural_perspective=\"Community input enhances research quality.\",\n        legal_compliance=\"Not Applicable\",\n        community_involvement=\"Optional\",\n        resource_availability=\"Sufficient\"\n    )\n]\n```",
    "goal": {
      "name": null,
      "principle": "Justice",
      "impact": "Medium",
      "sensitivity": "Medium",
      "cultural_perspective": "Mutual benefit is essential in research.",
      "legal_compliance": "Yes",
      "community_involvement": "Optional",
      "resource_availability": "Sufficient"
    },
    "database": [
      {
        "name": "Informed Consent",
        "principle": "Respect for Persons",
        "impact": "High",
        "sensitivity": "Medium",
        "cultural_perspective": "Individual autonomy is paramount.",
        "legal_compliance": "Yes",
        "community_involvement": "Required",
        "resource_availability": "Sufficient"
      },
      {
        "name": "Reciprocity",
        "principle": "Justice",
        "impact": "Medium",
        "sensitivity": "Medium",
        "cultural_perspective": "Mutual benefit is essential in research.",
        "legal_compliance": "Yes",
        "community_involvement": "Optional",
        "resource_availability": "Sufficient"
      },
      {
        "name": "Avoiding Harm",
        "principle": "Beneficence",
        "impact": "High",
        "sensitivity": "High",
        "cultural_perspective": "Minimizing harm is a priority.",
        "legal_compliance": "Yes",
        "community_involvement": "Required",
        "resource_availability": "Sufficient"
      },
      {
        "name": "Confidentiality",
        "principle": "Beneficence",
        "impact": "High",
        "sensitivity": "High",
        "cultural_perspective": "Protecting personal information is vital.",
        "legal_compliance": "Yes",
        "community_involvement": "Optional",
        "resource_availability": "Limited"
      },
      {
        "name": "Reciprocity",
        "principle": "Justice",
        "impact": "Medium",
        "sensitivity": "High",
        "cultural_perspective": "Mutual benefit is crucial in research.",
        "legal_compliance": "Not Applicable",
        "community_involvement": "Optional",
        "resource_availability": "Limited"
      },
      {
        "name": "Cultural Sensitivity",
        "principle": "Respect for Persons",
        "impact": "High",
        "sensitivity": "High",
        "cultural_perspective": "Understanding cultural nuances is crucial.",
        "legal_compliance": "Not Applicable",
        "community_involvement": "Optional",
        "resource_availability": "Scarce"
      },
      {
        "name": "Reciprocity",
        "principle": "Justice",
        "impact": "Medium",
        "sensitivity": "Medium",
        "cultural_perspective": "Mutual benefit is essential in research.",
        "legal_compliance": "Not Applicable",
        "community_involvement": "Optional",
        "resource_availability": "Limited"
      },
      {
        "name": "Equitable Treatment",
        "principle": "Justice",
        "impact": "Medium",
        "sensitivity": "Medium",
        "cultural_perspective": "Fairness in treatment is essential.",
        "legal_compliance": "Yes",
        "community_involvement": "Required",
        "resource_availability": "Sufficient"
      },
      {
        "name": "Community Benefit",
        "principle": "Beneficence",
        "impact": "High",
        "sensitivity": "Medium",
        "cultural_perspective": "Research should benefit the community.",
        "legal_compliance": "Yes",
        "community_involvement": "Required",
        "resource_availability": "Sufficient"
      },
      {
        "name": "Reciprocity",
        "principle": "Justice",
        "impact": "Low",
        "sensitivity": "Medium",
        "cultural_perspective": "Mutual benefit is key in research.",
        "legal_compliance": "Not Applicable",
        "community_involvement": "Required",
        "resource_availability": "Scarce"
      },
      {
        "name": "Feedback Mechanism",
        "principle": "Beneficence",
        "impact": "Medium",
        "sensitivity": "Low",
        "cultural_perspective": "Community input enhances research quality.",
        "legal_compliance": "Not Applicable",
        "community_involvement": "Optional",
        "resource_availability": "Sufficient"
      },
      {
        "name": "Cultural Appropriation",
        "principle": "Respect for Persons",
        "impact": "High",
        "sensitivity": "High",
        "cultural_perspective": "Respect for cultural ownership is vital.",
        "legal_compliance": "No",
        "community_involvement": "Required",
        "resource_availability": "Scarce"
      },
      {
        "name": "Transparency",
        "principle": "Justice",
        "impact": "Medium",
        "sensitivity": "Low",
        "cultural_perspective": "Open communication fosters trust.",
        "legal_compliance": "Not Applicable",
        "community_involvement": "Optional",
        "resource_availability": "Limited"
      }
    ],
    "status": "complete"
  }
]