[
  {
    "domain": "Study Methods",
    "turns": [
      [
        "Hey, do you think a long-term quantitative study with high participant engagement would work well for our community?",
        {
          "name": null,
          "method_type": "quantitative",
          "duration": "long",
          "engagement_level": "high",
          "cultural_perspective": null,
          "ethical_considerations": null,
          "fieldwork_required": null,
          "resource_intensity": null
        },
        "That sounds interesting! Just to clarify, are you looking specifically for high engagement in a long-term quantitative study?"
      ],
      [
        "Yes, exactly! I'm also thinking about focusing on an insider's perspective. What do you think?",
        {
          "name": null,
          "method_type": "quantitative",
          "duration": "long",
          "engagement_level": "high",
          "cultural_perspective": "emic",
          "ethical_considerations": null,
          "fieldwork_required": null,
          "resource_intensity": null
        },
        "Great choice! So, you want a long-term quantitative study with high engagement and an emic perspective, right?"
      ],
      [
        "That's right! I also want to ensure we have moderate ethical considerations. How does that sound to you?",
        {
          "name": null,
          "method_type": "quantitative",
          "duration": "long",
          "engagement_level": "high",
          "cultural_perspective": "emic",
          "ethical_considerations": "moderate",
          "fieldwork_required": null,
          "resource_intensity": null
        },
        "That\u2019s a solid approach! Unfortunately, I don\u2019t have a study method that fits all those criteria exactly, but would you consider a mixed-methods study instead?"
      ],
      [
        "I appreciate the suggestion, but I really want to stick with a quantitative method. Can we explore options that require fieldwork?",
        {
          "name": null,
          "method_type": "quantitative",
          "duration": "long",
          "engagement_level": "high",
          "cultural_perspective": "emic",
          "ethical_considerations": "moderate",
          "fieldwork_required": true,
          "resource_intensity": null
        },
        "Sure! For a long-term quantitative study with fieldwork, we have the Longitudinal Study, but it has medium engagement. Would that work for you?"
      ],
      [
        "I need high engagement, so that won't work. Can we look for options that have a high resource intensity?",
        {
          "name": null,
          "method_type": "quantitative",
          "duration": "long",
          "engagement_level": "high",
          "cultural_perspective": "emic",
          "ethical_considerations": "moderate",
          "fieldwork_required": true,
          "resource_intensity": "high"
        },
        "Unfortunately, I don't have a long-term quantitative study with high engagement and high resource intensity. Would you like to consider a qualitative method instead?"
      ],
      [
        "I prefer to stay with quantitative methods, but I might need to adjust the duration to medium. Would that open up more options?",
        {
          "name": null,
          "method_type": "quantitative",
          "duration": "medium",
          "engagement_level": "high",
          "cultural_perspective": "emic",
          "ethical_considerations": "moderate",
          "fieldwork_required": true,
          "resource_intensity": null
        },
        "Yes, adjusting to a medium duration opens up more options! You could consider the Cross-Sectional Study, but it also has medium engagement. Would that work for you?"
      ],
      [
        "Medium engagement is still a bit low for my needs; I really want high engagement. Can we explore other options within medium duration?",
        {
          "name": null,
          "method_type": "quantitative",
          "duration": "medium",
          "engagement_level": null,
          "cultural_perspective": "emic",
          "ethical_considerations": "moderate",
          "fieldwork_required": null,
          "resource_intensity": null
        },
        "The only medium-duration quantitative option I have with fieldwork is the Cross-Sectional Study, but it doesn't meet your high engagement criteria. Would you like to consider a mixed-methods approach again?"
      ],
      [
        "I think I\u2019ll stick with quantitative for now. If we can't meet all the criteria, would you recommend any other adjustments we can make?",
        {
          "name": null,
          "method_type": "quantitative",
          "duration": "medium",
          "engagement_level": null,
          "cultural_perspective": "emic",
          "ethical_considerations": "moderate",
          "fieldwork_required": true,
          "resource_intensity": null
        },
        "You could lower the engagement level to medium for a Cross-Sectional Study, or consider a qualitative method for high engagement. What do you think?"
      ],
      [
        "I\u2019d prefer to lower the engagement level to medium for the Cross-Sectional Study. Let\u2019s go with that!",
        {
          "name": "Cross-Sectional Study",
          "method_type": "quantitative",
          "duration": "medium",
          "engagement_level": "medium",
          "cultural_perspective": "emic",
          "ethical_considerations": "moderate",
          "fieldwork_required": true,
          "resource_intensity": null
        },
        "Great choice! The Cross-Sectional Study it is!"
      ]
    ],
    "preferences_code": "```python\npreferences = StudyMethodsCriteria(\n    name='Longitudinal Study',\n    method_type='quantitative',\n    duration='long',\n    engagement_level='high',\n    cultural_perspective='emic',\n    ethical_considerations='moderate',\n    fieldwork_required=True,\n    resource_intensity='high',\n)\n```",
    "red_herrings_code": "```python\n# Global variable to hold a list of example StudyMethod objects\nstudy_methods_examples = [\n    StudyMethod(\n        name='Cross-Sectional Study',\n        method_type='quantitative',\n        duration='long',\n        engagement_level='medium',\n        cultural_perspective='etic',\n        ethical_considerations='moderate',\n        fieldwork_required=True,\n        resource_intensity='medium',\n    ),\n    StudyMethod(\n        name='Longitudinal Study',\n        method_type='quantitative',\n        duration='long',\n        engagement_level='high',\n        cultural_perspective='emic',\n        ethical_considerations='moderate',\n        fieldwork_required=True,\n        resource_intensity='high',\n    ),\n    StudyMethod(\n        name='Case Study',\n        method_type='qualitative',\n        duration='medium',\n        engagement_level='medium',\n        cultural_perspective='etic',\n        ethical_considerations='strict',\n        fieldwork_required=False,\n        resource_intensity='medium',\n    ),\n]\n```",
    "database_code": "```python\n# Global variable containing a list of StudyMethod examples.\nstudy_methods_examples = [\n    StudyMethod(\n        name=\"Focus Group\",\n        method_type=\"qualitative\",\n        duration=\"short\",\n        engagement_level=\"high\",\n        cultural_perspective=\"emic\",\n        ethical_considerations=\"strict\",\n        fieldwork_required=True,\n        resource_intensity=\"medium\"\n    ),\n    StudyMethod(\n        name=\"Survey\",\n        method_type=\"quantitative\",\n        duration=\"medium\",\n        engagement_level=\"low\",\n        cultural_perspective=\"etic\",\n        ethical_considerations=\"moderate\",\n        fieldwork_required=False,\n        resource_intensity=\"low\"\n    ),\n    StudyMethod(\n        name=\"Participant Observation\",\n        method_type=\"qualitative\",\n        duration=\"long\",\n        engagement_level=\"high\",\n        cultural_perspective=\"emic\",\n        ethical_considerations=\"strict\",\n        fieldwork_required=True,\n        resource_intensity=\"high\"\n    ),\n    StudyMethod(\n        name=\"Case Study\",\n        method_type=\"mixed\",\n        duration=\"medium\",\n        engagement_level=\"medium\",\n        cultural_perspective=\"etic\",\n        ethical_considerations=\"moderate\",\n        fieldwork_required=True,\n        resource_intensity=\"medium\"\n    ),\n    StudyMethod(\n        name=\"Ethnographic Study\",\n        method_type=\"qualitative\",\n        duration=\"long\",\n        engagement_level=\"high\",\n        cultural_perspective=\"emic\",\n        ethical_considerations=\"strict\",\n        fieldwork_required=True,\n        resource_intensity=\"high\"\n    ),\n    StudyMethod(\n        name=\"Longitudinal Study\",\n        method_type=\"quantitative\",\n        duration=\"long\",\n        engagement_level=\"medium\",\n        cultural_perspective=\"etic\",\n        ethical_considerations=\"moderate\",\n        fieldwork_required=True,\n        resource_intensity=\"high\"\n    ),\n    StudyMethod(\n        name=\"Cross-Sectional Survey\",\n        method_type=\"quantitative\",\n        duration=\"short\",\n        engagement_level=\"low\",\n        cultural_perspective=\"etic\",\n        ethical_considerations=\"basic\",\n        fieldwork_required=False,\n        resource_intensity=\"low\"\n    ),\n    StudyMethod(\n        name=\"Action Research\",\n        method_type=\"mixed\",\n        duration=\"medium\",\n        engagement_level=\"high\",\n        cultural_perspective=\"emic\",\n        ethical_considerations=\"strict\",\n        fieldwork_required=True,\n        resource_intensity=\"medium\"\n    ),\n    StudyMethod(\n        name=\"Content Analysis\",\n        method_type=\"qualitative\",\n        duration=\"short\",\n        engagement_level=\"low\",\n        cultural_perspective=\"etic\",\n        ethical_considerations=\"basic\",\n        fieldwork_required=False,\n        resource_intensity=\"low\"\n    ),\n    StudyMethod(\n        name=\"Mixed-Methods Study\",\n        method_type=\"mixed\",\n        duration=\"medium\",\n        engagement_level=\"medium\",\n        cultural_perspective=\"emic\",\n        ethical_considerations=\"moderate\",\n        fieldwork_required=True,\n        resource_intensity=\"medium\"\n    )\n]\n```",
    "goal": {
      "name": null,
      "method_type": "quantitative",
      "duration": "long",
      "engagement_level": "high",
      "cultural_perspective": "emic",
      "ethical_considerations": "moderate",
      "fieldwork_required": true,
      "resource_intensity": "high"
    },
    "database": [
      {
        "name": "Content Analysis",
        "method_type": "qualitative",
        "duration": "short",
        "engagement_level": "low",
        "cultural_perspective": "etic",
        "ethical_considerations": "basic",
        "fieldwork_required": false,
        "resource_intensity": "low"
      },
      {
        "name": "Mixed-Methods Study",
        "method_type": "mixed",
        "duration": "medium",
        "engagement_level": "medium",
        "cultural_perspective": "emic",
        "ethical_considerations": "moderate",
        "fieldwork_required": true,
        "resource_intensity": "medium"
      },
      {
        "name": "Action Research",
        "method_type": "mixed",
        "duration": "medium",
        "engagement_level": "high",
        "cultural_perspective": "emic",
        "ethical_considerations": "strict",
        "fieldwork_required": true,
        "resource_intensity": "medium"
      },
      {
        "name": "Participant Observation",
        "method_type": "qualitative",
        "duration": "long",
        "engagement_level": "high",
        "cultural_perspective": "emic",
        "ethical_considerations": "strict",
        "fieldwork_required": true,
        "resource_intensity": "high"
      },
      {
        "name": "Longitudinal Study",
        "method_type": "quantitative",
        "duration": "long",
        "engagement_level": "medium",
        "cultural_perspective": "etic",
        "ethical_considerations": "moderate",
        "fieldwork_required": true,
        "resource_intensity": "high"
      },
      {
        "name": "Cross-Sectional Study",
        "method_type": "quantitative",
        "duration": "long",
        "engagement_level": "medium",
        "cultural_perspective": "etic",
        "ethical_considerations": "moderate",
        "fieldwork_required": true,
        "resource_intensity": "medium"
      },
      {
        "name": "Case Study",
        "method_type": "qualitative",
        "duration": "medium",
        "engagement_level": "medium",
        "cultural_perspective": "etic",
        "ethical_considerations": "strict",
        "fieldwork_required": false,
        "resource_intensity": "medium"
      },
      {
        "name": "Ethnographic Study",
        "method_type": "qualitative",
        "duration": "long",
        "engagement_level": "high",
        "cultural_perspective": "emic",
        "ethical_considerations": "strict",
        "fieldwork_required": true,
        "resource_intensity": "high"
      },
      {
        "name": "Survey",
        "method_type": "quantitative",
        "duration": "medium",
        "engagement_level": "low",
        "cultural_perspective": "etic",
        "ethical_considerations": "moderate",
        "fieldwork_required": false,
        "resource_intensity": "low"
      },
      {
        "name": "Focus Group",
        "method_type": "qualitative",
        "duration": "short",
        "engagement_level": "high",
        "cultural_perspective": "emic",
        "ethical_considerations": "strict",
        "fieldwork_required": true,
        "resource_intensity": "medium"
      },
      {
        "name": "Longitudinal Study",
        "method_type": "quantitative",
        "duration": "long",
        "engagement_level": "high",
        "cultural_perspective": "emic",
        "ethical_considerations": "moderate",
        "fieldwork_required": true,
        "resource_intensity": "high"
      },
      {
        "name": "Case Study",
        "method_type": "mixed",
        "duration": "medium",
        "engagement_level": "medium",
        "cultural_perspective": "etic",
        "ethical_considerations": "moderate",
        "fieldwork_required": true,
        "resource_intensity": "medium"
      },
      {
        "name": "Cross-Sectional Survey",
        "method_type": "quantitative",
        "duration": "short",
        "engagement_level": "low",
        "cultural_perspective": "etic",
        "ethical_considerations": "basic",
        "fieldwork_required": false,
        "resource_intensity": "low"
      }
    ],
    "status": "complete"
  },
  {
    "domain": "Cultural Perspectives",
    "turns": [
      [
        "Thanks! Now, can you help me find an etic perspective focused on health?",
        {
          "name": null,
          "perspective_type": "Emic",
          "focus": null,
          "involvement": "Surveys",
          "ethical_considerations": "Moderate ethical considerations",
          "scope": null
        },
        "Sure! I have an etic perspective focused on health called \"Traditional Healing Practices.\" Would you like more details on that?"
      ],
      [
        "Yes, please! What are the key aspects of \"Traditional Healing Practices\"?",
        {
          "name": "Cross-Sectional Study",
          "perspective_type": "Etic",
          "focus": "Health",
          "involvement": null,
          "ethical_considerations": null,
          "scope": null
        },
        "It involves participant observation, cultural sensitivity, and has a local scope. Would that fit your needs?"
      ],
      [
        "That fits perfectly! I'm excited to use \"Traditional Healing Practices\" for our study.",
        {
          "name": "Traditional Healing Practices",
          "perspective_type": "Etic",
          "focus": "Health",
          "involvement": "Participant Observation",
          "ethical_considerations": "Cultural sensitivity",
          "scope": "Local"
        },
        "Awesome! I'm glad you found a good fit with \"Traditional Healing Practices.\" Good luck with your study!"
      ]
    ],
    "preferences_code": "```python\npreferences = CulturalPerspectiveCriteria(\n    name='Traditional Healing Practices',\n    perspective_type='Etic',\n    focus='Health',\n    involvement='Participant Observation',\n    ethical_considerations='Cultural sensitivity',\n    scope='Local',\n)\n```",
    "red_herrings_code": "```python\n# List of Cultural Perspectives examples that are similar to the target CommunityLeaderKnowledge\nsimilar_cultural_perspectives: list[CommunityLeaderKnowledge] = [\n    CommunityLeaderKnowledge(\n        name='Traditional Healing Practices',\n        perspective_type='Etic',\n        focus='Health',\n        involvement='Participant Observation',\n        ethical_considerations='Cultural sensitivity',\n        scope='Local',\n    ),\n    CommunityLeaderKnowledge(\n        name='Traditional Healing Practices',\n        perspective_type='Emic',\n        focus='Spirituality',\n        involvement='Interviews',\n        ethical_considerations='Cultural sensitivity',\n        scope='Local',\n    ),\n    CommunityLeaderKnowledge(\n        name='Community Health Initiatives',\n        perspective_type='Emic',\n        focus='Health',\n        involvement='Surveys',\n        ethical_considerations='Informed consent',\n        scope='Regional',\n    ),\n]\n```",
    "database_code": "```python\n# Global variable to store a list of Cultural Perspectives examples\ncultural_perspectives_examples = [\n    CommunityLeaderKnowledge(\n        name=\"Rituals of the Harvest Festival\",\n        perspective_type='Emic',\n        focus='Rituals',\n        involvement='Participant Observation',\n        ethical_considerations='Informed consent',\n        scope='Local'\n    ),\n    CommunityLeaderKnowledge(\n        name=\"Language Use in Daily Life\",\n        perspective_type='Etic',\n        focus='Language',\n        involvement='Surveys',\n        ethical_considerations='Privacy concerns',\n        scope='Regional'\n    ),\n    CommunityLeaderKnowledge(\n        name=\"Social Structures in Urban Areas\",\n        perspective_type='Emic',\n        focus='Social Structures',\n        involvement='Interviews',\n        ethical_considerations='Confidentiality',\n        scope='National'\n    ),\n    CommunityLeaderKnowledge(\n        name=\"Cultural Norms in Education\",\n        perspective_type='Etic',\n        focus='Education',\n        involvement='Document Analysis',\n        ethical_considerations='Informed consent',\n        scope='Global'\n    ),\n    CommunityLeaderKnowledge(\n        name=\"Traditional Healing Practices\",\n        perspective_type='Emic',\n        focus='Health',\n        involvement='Participant Observation',\n        ethical_considerations='Cultural sensitivity',\n        scope='Local'\n    ),\n    CommunityLeaderKnowledge(\n        name=\"Impact of Globalization on Local Cultures\",\n        perspective_type='Etic',\n        focus='Globalization',\n        involvement='Surveys',\n        ethical_considerations='Informed consent',\n        scope='Global'\n    ),\n    CommunityLeaderKnowledge(\n        name=\"Gender Roles in Rural Communities\",\n        perspective_type='Emic',\n        focus='Gender',\n        involvement='Interviews',\n        ethical_considerations='Privacy concerns',\n        scope='Regional'\n    ),\n    CommunityLeaderKnowledge(\n        name=\"Festivals and Community Identity\",\n        perspective_type='Etic',\n        focus='Identity',\n        involvement='Non-Participant Observation',\n        ethical_considerations='Informed consent',\n        scope='National'\n    ),\n    CommunityLeaderKnowledge(\n        name=\"Food Practices and Cultural Heritage\",\n        perspective_type='Emic',\n        focus='Food',\n        involvement='Participant Observation',\n        ethical_considerations='Cultural sensitivity',\n        scope='Local'\n    ),\n    CommunityLeaderKnowledge(\n        name=\"Migration Patterns and Cultural Exchange\",\n        perspective_type='Etic',\n        focus='Migration',\n        involvement='Document Analysis',\n        ethical_considerations='Informed consent',\n        scope='Global'\n    )\n]\n```",
    "goal": {
      "name": null,
      "perspective_type": "Etic",
      "focus": "Health",
      "involvement": "Participant Observation",
      "ethical_considerations": "Cultural sensitivity",
      "scope": "Local"
    },
    "database": [
      {
        "name": "Traditional Healing Practices",
        "perspective_type": "Emic",
        "focus": "Spirituality",
        "involvement": "Interviews",
        "ethical_considerations": "Cultural sensitivity",
        "scope": "Local"
      },
      {
        "name": "Festivals and Community Identity",
        "perspective_type": "Etic",
        "focus": "Identity",
        "involvement": "Non-Participant Observation",
        "ethical_considerations": "Informed consent",
        "scope": "National"
      },
      {
        "name": "Impact of Globalization on Local Cultures",
        "perspective_type": "Etic",
        "focus": "Globalization",
        "involvement": "Surveys",
        "ethical_considerations": "Informed consent",
        "scope": "Global"
      },
      {
        "name": "Cultural Norms in Education",
        "perspective_type": "Etic",
        "focus": "Education",
        "involvement": "Document Analysis",
        "ethical_considerations": "Informed consent",
        "scope": "Global"
      },
      {
        "name": "Traditional Healing Practices",
        "perspective_type": "Emic",
        "focus": "Health",
        "involvement": "Participant Observation",
        "ethical_considerations": "Cultural sensitivity",
        "scope": "Local"
      },
      {
        "name": "Gender Roles in Rural Communities",
        "perspective_type": "Emic",
        "focus": "Gender",
        "involvement": "Interviews",
        "ethical_considerations": "Privacy concerns",
        "scope": "Regional"
      },
      {
        "name": "Food Practices and Cultural Heritage",
        "perspective_type": "Emic",
        "focus": "Food",
        "involvement": "Participant Observation",
        "ethical_considerations": "Cultural sensitivity",
        "scope": "Local"
      },
      {
        "name": "Language Use in Daily Life",
        "perspective_type": "Etic",
        "focus": "Language",
        "involvement": "Surveys",
        "ethical_considerations": "Privacy concerns",
        "scope": "Regional"
      },
      {
        "name": "Rituals of the Harvest Festival",
        "perspective_type": "Emic",
        "focus": "Rituals",
        "involvement": "Participant Observation",
        "ethical_considerations": "Informed consent",
        "scope": "Local"
      },
      {
        "name": "Traditional Healing Practices",
        "perspective_type": "Etic",
        "focus": "Health",
        "involvement": "Participant Observation",
        "ethical_considerations": "Cultural sensitivity",
        "scope": "Local"
      },
      {
        "name": "Social Structures in Urban Areas",
        "perspective_type": "Emic",
        "focus": "Social Structures",
        "involvement": "Interviews",
        "ethical_considerations": "Confidentiality",
        "scope": "National"
      },
      {
        "name": "Migration Patterns and Cultural Exchange",
        "perspective_type": "Etic",
        "focus": "Migration",
        "involvement": "Document Analysis",
        "ethical_considerations": "Informed consent",
        "scope": "Global"
      },
      {
        "name": "Community Health Initiatives",
        "perspective_type": "Emic",
        "focus": "Health",
        "involvement": "Surveys",
        "ethical_considerations": "Informed consent",
        "scope": "Regional"
      }
    ],
    "status": "complete"
  },
  {
    "domain": "Ethical Considerations",
    "turns": [
      [
        "Thanks! Now, can we discuss ethical considerations? I'm looking for something that emphasizes respect for persons.",
        {
          "name": null,
          "principle": "Respect for Persons",
          "impact": null,
          "sensitivity": null,
          "cultural_perspective": null,
          "legal_compliance": null,
          "community_involvement": null,
          "resource_availability": null
        },
        "Absolutely! I recommend \"Informed Consent,\" which emphasizes respect for persons. Would you like to know more about it?"
      ],
      [
        "Yes, please! What are the main points of \"Informed Consent\"?",
        {
          "name": "Informed Consent",
          "principle": "Respect for Persons",
          "impact": null,
          "sensitivity": null,
          "cultural_perspective": "Traditional Healing Practices",
          "legal_compliance": null,
          "community_involvement": null,
          "resource_availability": null
        },
        "It focuses on participant autonomy, clear communication, and ethical transparency. It also requires community involvement and legal compliance. Does that work for you?"
      ]
    ],
    "preferences_code": "```python\npreferences = EthicalConsiderationCriteria(\n    name='Participatory Evaluation',\n    principle='Respect for Persons',\n    impact='High',\n    sensitivity='Medium',\n    cultural_perspective='Community Forums',\n    legal_compliance='Not Applicable',\n    community_involvement='Optional',\n    resource_availability='Scarce',\n)\n```",
    "red_herrings_code": "```python\nethical_considerations_examples = [\n    CommunityLeaderKnowledge(\n        name='Feedback Mechanisms',\n        principle='Respect for Persons',\n        impact='Medium',\n        sensitivity='High',\n        cultural_perspective='Community Forums',\n        legal_compliance='Not Applicable',\n        community_involvement='Required',\n        resource_availability='Scarce',\n    ),\n    CommunityLeaderKnowledge(\n        name='Community Feedback',\n        principle='Respect for Persons',\n        impact='Medium',\n        sensitivity='Medium',\n        cultural_perspective='Surveys',\n        legal_compliance='Not Applicable',\n        community_involvement='Required',\n        resource_availability='Limited',\n    ),\n    CommunityLeaderKnowledge(\n        name='Participatory Evaluation',\n        principle='Respect for Persons',\n        impact='High',\n        sensitivity='Medium',\n        cultural_perspective='Community Forums',\n        legal_compliance='Not Applicable',\n        community_involvement='Optional',\n        resource_availability='Scarce',\n    ),\n]\n```",
    "database_code": "```python\nethical_considerations_examples = [\n    CommunityLeaderKnowledge(\n        name=\"Informed Consent\",\n        principle='Respect for Persons',\n        impact='High',\n        sensitivity='High',\n        cultural_perspective=\"Indigenous Knowledge\",\n        legal_compliance='Yes',\n        community_involvement='Required',\n        resource_availability='Sufficient'\n    ),\n    CommunityLeaderKnowledge(\n        name=\"Data Privacy\",\n        principle='Justice',\n        impact='Medium',\n        sensitivity='High',\n        cultural_perspective=\"Urban Community\",\n        legal_compliance='Yes',\n        community_involvement='Optional',\n        resource_availability='Limited'\n    ),\n    CommunityLeaderKnowledge(\n        name=\"Risk Assessment\",\n        principle='Beneficence',\n        impact='High',\n        sensitivity='Medium',\n        cultural_perspective=\"Rural Community\",\n        legal_compliance='No',\n        community_involvement='Required',\n        resource_availability='Scarce'\n    ),\n    CommunityLeaderKnowledge(\n        name=\"Cultural Sensitivity\",\n        principle='Respect for Persons',\n        impact='Medium',\n        sensitivity='High',\n        cultural_perspective=\"Cultural Heritage\",\n        legal_compliance='Not Applicable',\n        community_involvement='Optional',\n        resource_availability='Sufficient'\n    ),\n    CommunityLeaderKnowledge(\n        name=\"Community Engagement\",\n        principle='Justice',\n        impact='High',\n        sensitivity='Medium',\n        cultural_perspective=\"Local Governance\",\n        legal_compliance='Yes',\n        community_involvement='Required',\n        resource_availability='Limited'\n    ),\n    CommunityLeaderKnowledge(\n        name=\"Transparency\",\n        principle='Beneficence',\n        impact='Medium',\n        sensitivity='Low',\n        cultural_perspective=\"Academic Research\",\n        legal_compliance='Yes',\n        community_involvement='Optional',\n        resource_availability='Sufficient'\n    ),\n    CommunityLeaderKnowledge(\n        name=\"Feedback Mechanisms\",\n        principle='Respect for Persons',\n        impact='Medium',\n        sensitivity='Medium',\n        cultural_perspective=\"Community Forums\",\n        legal_compliance='Not Applicable',\n        community_involvement='Required',\n        resource_availability='Scarce'\n    ),\n    CommunityLeaderKnowledge(\n        name=\"Equitable Distribution\",\n        principle='Justice',\n        impact='High',\n        sensitivity='High',\n        cultural_perspective=\"Economic Development\",\n        legal_compliance='Yes',\n        community_involvement='Optional',\n        resource_availability='Limited'\n    ),\n    CommunityLeaderKnowledge(\n        name=\"Participant Rights\",\n        principle='Respect for Persons',\n        impact='High',\n        sensitivity='Medium',\n        cultural_perspective=\"Social Justice\",\n        legal_compliance='Yes',\n        community_involvement='Required',\n        resource_availability='Sufficient'\n    ),\n    CommunityLeaderKnowledge(\n        name=\"Crisis Management\",\n        principle='Beneficence',\n        impact='High',\n        sensitivity='High',\n        cultural_perspective=\"Emergency Response\",\n        legal_compliance='No',\n        community_involvement='Not Needed',\n        resource_availability='Scarce'\n    )\n]\n```",
    "goal": {
      "name": null,
      "principle": "Respect for Persons",
      "impact": "High",
      "sensitivity": "Medium",
      "cultural_perspective": "Community Forums",
      "legal_compliance": null,
      "community_involvement": null,
      "resource_availability": null
    },
    "database": [
      {
        "name": "Transparency",
        "principle": "Beneficence",
        "impact": "Medium",
        "sensitivity": "Low",
        "cultural_perspective": "Academic Research",
        "legal_compliance": "Yes",
        "community_involvement": "Optional",
        "resource_availability": "Sufficient"
      },
      {
        "name": "Crisis Management",
        "principle": "Beneficence",
        "impact": "High",
        "sensitivity": "High",
        "cultural_perspective": "Emergency Response",
        "legal_compliance": "No",
        "community_involvement": "Not Needed",
        "resource_availability": "Scarce"
      },
      {
        "name": "Data Privacy",
        "principle": "Justice",
        "impact": "Medium",
        "sensitivity": "High",
        "cultural_perspective": "Urban Community",
        "legal_compliance": "Yes",
        "community_involvement": "Optional",
        "resource_availability": "Limited"
      },
      {
        "name": "Equitable Distribution",
        "principle": "Justice",
        "impact": "High",
        "sensitivity": "High",
        "cultural_perspective": "Economic Development",
        "legal_compliance": "Yes",
        "community_involvement": "Optional",
        "resource_availability": "Limited"
      },
      {
        "name": "Community Feedback",
        "principle": "Respect for Persons",
        "impact": "Medium",
        "sensitivity": "Medium",
        "cultural_perspective": "Surveys",
        "legal_compliance": "Not Applicable",
        "community_involvement": "Required",
        "resource_availability": "Limited"
      },
      {
        "name": "Feedback Mechanisms",
        "principle": "Respect for Persons",
        "impact": "Medium",
        "sensitivity": "Medium",
        "cultural_perspective": "Community Forums",
        "legal_compliance": "Not Applicable",
        "community_involvement": "Required",
        "resource_availability": "Scarce"
      },
      {
        "name": "Feedback Mechanisms",
        "principle": "Respect for Persons",
        "impact": "Medium",
        "sensitivity": "High",
        "cultural_perspective": "Community Forums",
        "legal_compliance": "Not Applicable",
        "community_involvement": "Required",
        "resource_availability": "Scarce"
      },
      {
        "name": "Informed Consent",
        "principle": "Respect for Persons",
        "impact": "High",
        "sensitivity": "High",
        "cultural_perspective": "Indigenous Knowledge",
        "legal_compliance": "Yes",
        "community_involvement": "Required",
        "resource_availability": "Sufficient"
      },
      {
        "name": "Participatory Evaluation",
        "principle": "Respect for Persons",
        "impact": "High",
        "sensitivity": "Medium",
        "cultural_perspective": "Community Forums",
        "legal_compliance": "Not Applicable",
        "community_involvement": "Optional",
        "resource_availability": "Scarce"
      },
      {
        "name": "Cultural Sensitivity",
        "principle": "Respect for Persons",
        "impact": "Medium",
        "sensitivity": "High",
        "cultural_perspective": "Cultural Heritage",
        "legal_compliance": "Not Applicable",
        "community_involvement": "Optional",
        "resource_availability": "Sufficient"
      },
      {
        "name": "Participant Rights",
        "principle": "Respect for Persons",
        "impact": "High",
        "sensitivity": "Medium",
        "cultural_perspective": "Social Justice",
        "legal_compliance": "Yes",
        "community_involvement": "Required",
        "resource_availability": "Sufficient"
      },
      {
        "name": "Community Engagement",
        "principle": "Justice",
        "impact": "High",
        "sensitivity": "Medium",
        "cultural_perspective": "Local Governance",
        "legal_compliance": "Yes",
        "community_involvement": "Required",
        "resource_availability": "Limited"
      },
      {
        "name": "Risk Assessment",
        "principle": "Beneficence",
        "impact": "High",
        "sensitivity": "Medium",
        "cultural_perspective": "Rural Community",
        "legal_compliance": "No",
        "community_involvement": "Required",
        "resource_availability": "Scarce"
      }
    ],
    "status": "complete"
  }
]