[
  {
    "domain": "Alloys",
    "turns": [
      [
        "Hey there! I'm looking for some Palladium alloy options, ideally with a 50% purity. Do you have any available?",
        {
          "name": null,
          "type": "Palladium",
          "purity": 50.0,
          "color": null,
          "eco_friendly": null,
          "price_range": null,
          "hardness": null,
          "weight": null
        },
        "Yes, we have two Palladium options with 50% purity: Palladium 500 in gray and a second option also named Palladium 500 in white. Would you like more details on either?"
      ],
      [
        "I\u2019m interested in the Palladium 500 in white. Can you tell me if it\u2019s eco-friendly?",
        {
          "name": "Palladium 500",
          "type": "Palladium",
          "purity": 50.0,
          "color": "White",
          "eco_friendly": null,
          "price_range": null,
          "hardness": null,
          "weight": null
        },
        "The Palladium 500 in white is not eco-friendly. Would you like to know about other options?"
      ],
      [
        "Yes, please! Do you have any eco-friendly Palladium alloys available?",
        {
          "name": null,
          "type": "Palladium",
          "purity": 50.0,
          "color": "White",
          "eco_friendly": false,
          "price_range": null,
          "hardness": null,
          "weight": null
        },
        "Yes, we have one eco-friendly Palladium option: Palladium 500, which has a purity of 50%. Would you like more details on that?"
      ],
      [
        "Absolutely! What color is the eco-friendly Palladium 500?",
        {
          "name": "Palladium 500",
          "type": "Palladium",
          "purity": 50.0,
          "color": "White",
          "eco_friendly": false,
          "price_range": null,
          "hardness": null,
          "weight": null
        },
        "The eco-friendly Palladium 500 is gray in color. Would you like to know the price or any other details?"
      ],
      [
        "Yes, please share the price for the eco-friendly Palladium 500.",
        {
          "name": "Palladium 500",
          "type": "Palladium",
          "purity": 50.0,
          "color": "Gray",
          "eco_friendly": true,
          "price_range": null,
          "hardness": null,
          "weight": null
        },
        "The price for the eco-friendly Palladium 500 is $1,550. Are you ready to go with that option?"
      ],
      [
        "That sounds good! Can you confirm the hardness and weight for the eco-friendly Palladium 500?",
        {
          "name": "Palladium 500",
          "type": "Palladium",
          "purity": 50.0,
          "color": "Gray",
          "eco_friendly": true,
          "price_range": [
            1550,
            1550
          ],
          "hardness": null,
          "weight": null
        },
        "The eco-friendly Palladium 500 has a hardness of 3.5 and a weight of 5.0. Shall we finalize your choice?"
      ],
      [
        "Yes, let's finalize the eco-friendly Palladium 500!",
        {
          "name": "Palladium 500",
          "type": "Palladium",
          "purity": 50.0,
          "color": "Gray",
          "eco_friendly": true,
          "price_range": null,
          "hardness": 3.5,
          "weight": 5.0
        },
        "Great choice! The eco-friendly Palladium 500 is all set for you. Thank you!"
      ]
    ],
    "preferences_code": "```python\npreferences = AlloyCriteria(\n    name='Palladium 500',\n    type='Palladium',\n    purity=50.0,\n    color='White',\n    eco_friendly=True,\n    price_range=(1500.0, 1600.0),  # Assuming a price range around the target alloy's price\n    hardness=3.5,\n    weight=5.0\n)\n```",
    "red_herrings_code": "```python\n# A global variable containing a list of Alloy examples that are similar to the target Alloy.\nsimilar_alloys = [\n    Alloy(\n        name='Palladium 600',\n        type='Palladium',\n        purity=60.0,\n        color='Gray',\n        eco_friendly=False,\n        price=1600.0,\n        hardness=3.5,\n        weight=5.0,\n    ),\n    Alloy(\n        name='Palladium 500',\n        type='Palladium',\n        purity=50.0,\n        color='White',\n        eco_friendly=True,\n        price=1550.0,\n        hardness=3.5,\n        weight=5.0,\n    ),\n    Alloy(\n        name='Palladium 400',\n        type='Palladium',\n        purity=40.0,\n        color='Gray',\n        eco_friendly=False,\n        price=1400.0,\n        hardness=3.0,\n        weight=5.0,\n    ),\n]\n```",
    "database_code": "```python\n# Global variable representing a list of Alloy examples\nalloys_data = [\n    Alloy(name=\"18K Yellow Gold\", type=\"Gold\", purity=75.0, color=\"Yellow\", eco_friendly=True, price=1200.0, hardness=2.5, weight=10.0),\n    Alloy(name=\"14K White Gold\", type=\"Gold\", purity=58.3, color=\"White\", eco_friendly=False, price=800.0, hardness=3.0, weight=8.0),\n    Alloy(name=\"Platinum 950\", type=\"Platinum\", purity=95.0, color=\"Gray\", eco_friendly=True, price=2500.0, hardness=4.5, weight=12.0),\n    Alloy(name=\"Sterling Silver\", type=\"Silver\", purity=92.5, color=\"White\", eco_friendly=True, price=500.0, hardness=2.0, weight=15.0),\n    Alloy(name=\"Palladium 500\", type=\"Palladium\", purity=50.0, color=\"Gray\", eco_friendly=False, price=1500.0, hardness=3.5, weight=5.0),\n    Alloy(name=\"Titanium\", type=\"Titanium\", purity=100.0, color=\"Gray\", eco_friendly=True, price=700.0, hardness=6.0, weight=20.0),\n    Alloy(name=\"Rose Gold 18K\", type=\"Gold\", purity=75.0, color=\"Rose\", eco_friendly=True, price=1300.0, hardness=2.5, weight=9.0),\n    Alloy(name=\"Green Gold\", type=\"Gold\", purity=18.0, color=\"Green\", eco_friendly=False, price=900.0, hardness=3.0, weight=11.0),\n    Alloy(name=\"White Gold 10K\", type=\"Gold\", purity=41.7, color=\"White\", eco_friendly=True, price=600.0, hardness=3.0, weight=7.0),\n    Alloy(name=\"Silver 925\", type=\"Silver\", purity=92.5, color=\"White\", eco_friendly=False, price=450.0, hardness=2.0, weight=14.0),\n]\n```",
    "goal": {
      "name": null,
      "type": "Palladium",
      "purity": 50.0,
      "color": "White",
      "eco_friendly": true,
      "price_range": [
        1500.0,
        1600.0
      ],
      "hardness": 3.5,
      "weight": 5.0
    },
    "database": [
      {
        "name": "White Gold 10K",
        "type": "Gold",
        "purity": 41.7,
        "color": "White",
        "eco_friendly": true,
        "price": 600.0,
        "hardness": 3.0,
        "weight": 7.0
      },
      {
        "name": "Palladium 500",
        "type": "Palladium",
        "purity": 50.0,
        "color": "Gray",
        "eco_friendly": false,
        "price": 1500.0,
        "hardness": 3.5,
        "weight": 5.0
      },
      {
        "name": "Platinum 950",
        "type": "Platinum",
        "purity": 95.0,
        "color": "Gray",
        "eco_friendly": true,
        "price": 2500.0,
        "hardness": 4.5,
        "weight": 12.0
      },
      {
        "name": "Rose Gold 18K",
        "type": "Gold",
        "purity": 75.0,
        "color": "Rose",
        "eco_friendly": true,
        "price": 1300.0,
        "hardness": 2.5,
        "weight": 9.0
      },
      {
        "name": "14K White Gold",
        "type": "Gold",
        "purity": 58.3,
        "color": "White",
        "eco_friendly": false,
        "price": 800.0,
        "hardness": 3.0,
        "weight": 8.0
      },
      {
        "name": "Silver 925",
        "type": "Silver",
        "purity": 92.5,
        "color": "White",
        "eco_friendly": false,
        "price": 450.0,
        "hardness": 2.0,
        "weight": 14.0
      },
      {
        "name": "Palladium 400",
        "type": "Palladium",
        "purity": 40.0,
        "color": "Gray",
        "eco_friendly": false,
        "price": 1400.0,
        "hardness": 3.0,
        "weight": 5.0
      },
      {
        "name": "Green Gold",
        "type": "Gold",
        "purity": 18.0,
        "color": "Green",
        "eco_friendly": false,
        "price": 900.0,
        "hardness": 3.0,
        "weight": 11.0
      },
      {
        "name": "18K Yellow Gold",
        "type": "Gold",
        "purity": 75.0,
        "color": "Yellow",
        "eco_friendly": true,
        "price": 1200.0,
        "hardness": 2.5,
        "weight": 10.0
      },
      {
        "name": "Sterling Silver",
        "type": "Silver",
        "purity": 92.5,
        "color": "White",
        "eco_friendly": true,
        "price": 500.0,
        "hardness": 2.0,
        "weight": 15.0
      },
      {
        "name": "Palladium 500",
        "type": "Palladium",
        "purity": 50.0,
        "color": "White",
        "eco_friendly": true,
        "price": 1550.0,
        "hardness": 3.5,
        "weight": 5.0
      },
      {
        "name": "Titanium",
        "type": "Titanium",
        "purity": 100.0,
        "color": "Gray",
        "eco_friendly": true,
        "price": 700.0,
        "hardness": 6.0,
        "weight": 20.0
      },
      {
        "name": "Palladium 600",
        "type": "Palladium",
        "purity": 60.0,
        "color": "Gray",
        "eco_friendly": false,
        "price": 1600.0,
        "hardness": 3.5,
        "weight": 5.0
      }
    ],
    "status": "complete"
  },
  {
    "domain": "Eco-friendly Practices",
    "turns": [
      [
        "Thanks! Now, can you help me find eco-friendly sourcing practices with upgraded machinery?",
        {
          "name": "Palladium 500",
          "type": "sourcing",
          "source": "eco-friendly",
          "certification": null,
          "carbon_footprint_reduction": null,
          "renewable_resources_usage": null,
          "waste_reduction": null,
          "local_community_support": null,
          "biodiversity_preservation": null
        },
        "Sure! We have the \"Energy Efficiency Measures\" for sourcing with upgraded machinery. Would you like more details on it?"
      ],
      [
        "Yes, please! Does it have any certifications?",
        {
          "name": "Energy Efficiency Measures",
          "type": "sourcing",
          "source": null,
          "certification": null,
          "carbon_footprint_reduction": null,
          "renewable_resources_usage": null,
          "waste_reduction": null,
          "local_community_support": null,
          "biodiversity_preservation": null
        },
        "Yes, the \"Energy Efficiency Measures\" for sourcing is certified by ISO. Would you like to know more about its eco-friendly features?"
      ],
      [
        "Definitely! Does it help in reducing carbon footprint?",
        {
          "name": "Energy Efficiency Measures",
          "type": "sourcing",
          "source": null,
          "certification": "ISO",
          "carbon_footprint_reduction": true,
          "renewable_resources_usage": null,
          "waste_reduction": null,
          "local_community_support": null,
          "biodiversity_preservation": null
        },
        "Yes, it does help in reducing carbon footprint. Are you interested in moving forward with this practice?"
      ],
      [
        "That sounds promising! Can you tell me if it involves renewable resources?",
        {
          "name": "Energy Efficiency Measures",
          "type": "sourcing",
          "source": null,
          "certification": "ISO",
          "carbon_footprint_reduction": true,
          "renewable_resources_usage": null,
          "waste_reduction": null,
          "local_community_support": null,
          "biodiversity_preservation": null
        },
        "No, it does not involve renewable resources. Would you like to consider other eco-friendly sourcing options?"
      ],
      [
        "Yes, please! Do you have any other eco-friendly sourcing practices available?",
        {
          "name": "Energy Efficiency Measures",
          "type": "sourcing",
          "source": null,
          "certification": "ISO",
          "carbon_footprint_reduction": true,
          "renewable_resources_usage": false,
          "waste_reduction": null,
          "local_community_support": null,
          "biodiversity_preservation": null
        },
        "Yes, we have \"Sustainable Sourcing\" and \"Local Sourcing Initiative.\" Would you like details on either of those?"
      ],
      [
        "I'd like to hear more about \"Sustainable Sourcing.\" What can you tell me?",
        {
          "name": "Energy Efficiency Measures",
          "type": "sourcing",
          "source": null,
          "certification": "ISO",
          "carbon_footprint_reduction": true,
          "renewable_resources_usage": false,
          "waste_reduction": null,
          "local_community_support": null,
          "biodiversity_preservation": null
        },
        "\"Sustainable Sourcing\" involves ethically mined materials, is certified by Fair Trade, and supports local communities. Interested in this option?"
      ],
      [
        "That sounds great! Does it help in reducing carbon footprint too?",
        {
          "name": "Sustainable Sourcing",
          "type": "sourcing",
          "source": "ethically mined materials",
          "certification": "Fair Trade",
          "carbon_footprint_reduction": true,
          "renewable_resources_usage": null,
          "waste_reduction": null,
          "local_community_support": true,
          "biodiversity_preservation": null
        },
        "Yes, it helps in reducing carbon footprint as well. Shall we finalize \"Sustainable Sourcing\" for you?"
      ],
      [
        "Yes, let's finalize \"Sustainable Sourcing\"! Thank you!",
        {
          "name": "Sustainable Sourcing",
          "type": "sourcing",
          "source": null,
          "certification": "Fair Trade",
          "carbon_footprint_reduction": true,
          "renewable_resources_usage": null,
          "waste_reduction": null,
          "local_community_support": true,
          "biodiversity_preservation": null
        },
        "You're welcome! \"Sustainable Sourcing\" is all set for you. Thank you!"
      ]
    ],
    "preferences_code": "```python\npreferences = EcoFriendlyPracticesCriteria(\n    name='Energy Efficiency Measures',\n    type='sourcing',\n    source='Upgraded machinery',\n    certification='ISO',\n    carbon_footprint_reduction=True,\n    renewable_resources_usage=False,\n    waste_reduction=False,\n    local_community_support=False,\n    biodiversity_preservation=False,\n)\n```",
    "red_herrings_code": "```python\ntarget_metalsupplierecofriendlypractice = MetalSupplierEcoFriendlyPractice(\n    name='Energy Efficiency Measures',\n    type='manufacturing',\n    source='Upgraded machinery',\n    certification='ISO',\n    carbon_footprint_reduction=True,\n    renewable_resources_usage=False,\n    waste_reduction=False,\n    local_community_support=False,\n    biodiversity_preservation=False,\n)\n\neco_friendly_practices_examples = [\n    MetalSupplierEcoFriendlyPractice(\n        name='Energy Efficiency Measures',\n        type='sourcing',\n        source='Upgraded machinery',\n        certification='ISO',\n        carbon_footprint_reduction=True,\n        renewable_resources_usage=False,\n        waste_reduction=False,\n        local_community_support=False,\n        biodiversity_preservation=False,\n    ),\n    MetalSupplierEcoFriendlyPractice(\n        name='Resource Optimization',\n        type='manufacturing',\n        source='New techniques',\n        certification='LEED',\n        carbon_footprint_reduction=True,\n        renewable_resources_usage=False,\n        waste_reduction=False,\n        local_community_support=False,\n        biodiversity_preservation=False,\n    ),\n    MetalSupplierEcoFriendlyPractice(\n        name='Waste Minimization',\n        type='manufacturing',\n        source='Process improvements',\n        certification='Cradle to Cradle',\n        carbon_footprint_reduction=False,\n        renewable_resources_usage=True,\n        waste_reduction=True,\n        local_community_support=False,\n        biodiversity_preservation=False,\n    ),\n]\n```",
    "database_code": "```python\neco_friendly_practices_examples = [\n    MetalSupplierEcoFriendlyPractice(\n        name=\"Recycling Program\",\n        type='recycling',\n        source=\"Post-consumer materials\",\n        certification='ISO',\n        carbon_footprint_reduction=True,\n        renewable_resources_usage=False,\n        waste_reduction=True,\n        local_community_support=True,\n        biodiversity_preservation=False\n    ),\n    MetalSupplierEcoFriendlyPractice(\n        name=\"Sustainable Sourcing\",\n        type='sourcing',\n        source=\"Ethically mined materials\",\n        certification='Fair Trade',\n        carbon_footprint_reduction=True,\n        renewable_resources_usage=True,\n        waste_reduction=False,\n        local_community_support=True,\n        biodiversity_preservation=True\n    ),\n    MetalSupplierEcoFriendlyPractice(\n        name=\"Eco-friendly Manufacturing\",\n        type='manufacturing',\n        source=\"Green energy powered facilities\",\n        certification='LEED',\n        carbon_footprint_reduction=True,\n        renewable_resources_usage=True,\n        waste_reduction=True,\n        local_community_support=False,\n        biodiversity_preservation=False\n    ),\n    MetalSupplierEcoFriendlyPractice(\n        name=\"Biodegradable Packaging\",\n        type='packaging',\n        source=\"Plant-based materials\",\n        certification='Cradle to Cradle',\n        carbon_footprint_reduction=False,\n        renewable_resources_usage=True,\n        waste_reduction=True,\n        local_community_support=False,\n        biodiversity_preservation=False\n    ),\n    MetalSupplierEcoFriendlyPractice(\n        name=\"Local Sourcing Initiative\",\n        type='sourcing',\n        source=\"Locally sourced raw materials\",\n        certification=None,\n        carbon_footprint_reduction=True,\n        renewable_resources_usage=False,\n        waste_reduction=False,\n        local_community_support=True,\n        biodiversity_preservation=False\n    ),\n    MetalSupplierEcoFriendlyPractice(\n        name=\"Water Conservation Techniques\",\n        type='manufacturing',\n        source=\"Closed-loop water system\",\n        certification=None,\n        carbon_footprint_reduction=False,\n        renewable_resources_usage=False,\n        waste_reduction=True,\n        local_community_support=False,\n        biodiversity_preservation=True\n    ),\n    MetalSupplierEcoFriendlyPractice(\n        name=\"Community Engagement Program\",\n        type='sourcing',\n        source=\"Partnerships with local artisans\",\n        certification='FSC',\n        carbon_footprint_reduction=False,\n        renewable_resources_usage=False,\n        waste_reduction=False,\n        local_community_support=True,\n        biodiversity_preservation=True\n    ),\n    MetalSupplierEcoFriendlyPractice(\n        name=\"Energy Efficiency Measures\",\n        type='manufacturing',\n        source=\"Upgraded machinery\",\n        certification='ISO',\n        carbon_footprint_reduction=True,\n        renewable_resources_usage=False,\n        waste_reduction=False,\n        local_community_support=False,\n        biodiversity_preservation=False\n    ),\n    MetalSupplierEcoFriendlyPractice(\n        name=\"Plastic Reduction Strategy\",\n        type='packaging',\n        source=\"Minimalist packaging design\",\n        certification=None,\n        carbon_footprint_reduction=False,\n        renewable_resources_usage=False,\n        waste_reduction=True,\n        local_community_support=False,\n        biodiversity_preservation=False\n    ),\n    MetalSupplierEcoFriendlyPractice(\n        name=\"Biodiversity Support Program\",\n        type='sourcing',\n        source=\"Conservation projects\",\n        certification='Cradle to Cradle',\n        carbon_footprint_reduction=False,\n        renewable_resources_usage=True,\n        waste_reduction=False,\n        local_community_support=True,\n        biodiversity_preservation=True\n    )\n]\n```",
    "goal": {
      "name": null,
      "type": "sourcing",
      "source": "Upgraded machinery",
      "certification": "ISO",
      "carbon_footprint_reduction": true,
      "renewable_resources_usage": false,
      "waste_reduction": false,
      "local_community_support": false,
      "biodiversity_preservation": false
    },
    "database": [
      {
        "name": "Biodiversity Support Program",
        "type": "sourcing",
        "source": "Conservation projects",
        "certification": "Cradle to Cradle",
        "carbon_footprint_reduction": false,
        "renewable_resources_usage": true,
        "waste_reduction": false,
        "local_community_support": true,
        "biodiversity_preservation": true
      },
      {
        "name": "Resource Optimization",
        "type": "manufacturing",
        "source": "New techniques",
        "certification": "LEED",
        "carbon_footprint_reduction": true,
        "renewable_resources_usage": false,
        "waste_reduction": false,
        "local_community_support": false,
        "biodiversity_preservation": false
      },
      {
        "name": "Water Conservation Techniques",
        "type": "manufacturing",
        "source": "Closed-loop water system",
        "certification": null,
        "carbon_footprint_reduction": false,
        "renewable_resources_usage": false,
        "waste_reduction": true,
        "local_community_support": false,
        "biodiversity_preservation": true
      },
      {
        "name": "Recycling Program",
        "type": "recycling",
        "source": "Post-consumer materials",
        "certification": "ISO",
        "carbon_footprint_reduction": true,
        "renewable_resources_usage": false,
        "waste_reduction": true,
        "local_community_support": true,
        "biodiversity_preservation": false
      },
      {
        "name": "Biodegradable Packaging",
        "type": "packaging",
        "source": "Plant-based materials",
        "certification": "Cradle to Cradle",
        "carbon_footprint_reduction": false,
        "renewable_resources_usage": true,
        "waste_reduction": true,
        "local_community_support": false,
        "biodiversity_preservation": false
      },
      {
        "name": "Energy Efficiency Measures",
        "type": "manufacturing",
        "source": "Upgraded machinery",
        "certification": "ISO",
        "carbon_footprint_reduction": true,
        "renewable_resources_usage": false,
        "waste_reduction": false,
        "local_community_support": false,
        "biodiversity_preservation": false
      },
      {
        "name": "Energy Efficiency Measures",
        "type": "sourcing",
        "source": "Upgraded machinery",
        "certification": "ISO",
        "carbon_footprint_reduction": true,
        "renewable_resources_usage": false,
        "waste_reduction": false,
        "local_community_support": false,
        "biodiversity_preservation": false
      },
      {
        "name": "Sustainable Sourcing",
        "type": "sourcing",
        "source": "Ethically mined materials",
        "certification": "Fair Trade",
        "carbon_footprint_reduction": true,
        "renewable_resources_usage": true,
        "waste_reduction": false,
        "local_community_support": true,
        "biodiversity_preservation": true
      },
      {
        "name": "Local Sourcing Initiative",
        "type": "sourcing",
        "source": "Locally sourced raw materials",
        "certification": null,
        "carbon_footprint_reduction": true,
        "renewable_resources_usage": false,
        "waste_reduction": false,
        "local_community_support": true,
        "biodiversity_preservation": false
      },
      {
        "name": "Waste Minimization",
        "type": "manufacturing",
        "source": "Process improvements",
        "certification": "Cradle to Cradle",
        "carbon_footprint_reduction": false,
        "renewable_resources_usage": true,
        "waste_reduction": true,
        "local_community_support": false,
        "biodiversity_preservation": false
      },
      {
        "name": "Eco-friendly Manufacturing",
        "type": "manufacturing",
        "source": "Green energy powered facilities",
        "certification": "LEED",
        "carbon_footprint_reduction": true,
        "renewable_resources_usage": true,
        "waste_reduction": true,
        "local_community_support": false,
        "biodiversity_preservation": false
      },
      {
        "name": "Community Engagement Program",
        "type": "sourcing",
        "source": "Partnerships with local artisans",
        "certification": "FSC",
        "carbon_footprint_reduction": false,
        "renewable_resources_usage": false,
        "waste_reduction": false,
        "local_community_support": true,
        "biodiversity_preservation": true
      },
      {
        "name": "Plastic Reduction Strategy",
        "type": "packaging",
        "source": "Minimalist packaging design",
        "certification": null,
        "carbon_footprint_reduction": false,
        "renewable_resources_usage": false,
        "waste_reduction": true,
        "local_community_support": false,
        "biodiversity_preservation": false
      }
    ],
    "status": "complete"
  },
  {
    "domain": "Strategic Pricing",
    "turns": [
      [
        "Thanks! Now, can you help me find a suitable Strategic Pricing for eco-friendly gold options?",
        {
          "name": null,
          "market_segment": null,
          "price_range": null,
          "eco_friendly": true,
          "alloy_type": "gold",
          "distribution_channel": null,
          "customer_demographics": null,
          "brand_alignment": null
        },
        "Sure! Are you looking for a specific price range or any particular features for the eco-friendly gold options?"
      ],
      [
        "I prefer a price range between $1,500 and $2,500. Do you have options that fit this range?",
        {
          "name": null,
          "market_segment": null,
          "price_range": [
            1500,
            2500
          ],
          "eco_friendly": true,
          "alloy_type": "gold",
          "distribution_channel": null,
          "customer_demographics": null,
          "brand_alignment": null
        },
        "Yes, we have two options: \"Eco Gold Pricing\" at $2,000 and \"Eco-Friendly Gold Pricing\" at $2,100. Would you like more details on either?"
      ],
      [
        "I'd like to know more about \"Eco Gold Pricing.\" What are its features?",
        {
          "name": "Eco Gold Pricing",
          "market_segment": null,
          "price_range": [
            1500,
            2500
          ],
          "eco_friendly": true,
          "alloy_type": "gold",
          "distribution_channel": null,
          "customer_demographics": null,
          "brand_alignment": null
        },
        "\"Eco Gold Pricing\" is priced at $2,000, eco-friendly, uses gold alloy, targets affluent buyers, and is available online. Interested in this option?"
      ],
      [
        "That sounds like a good fit! Can you confirm if it aligns with my brand's existing pricing strategy?",
        {
          "name": "Eco Gold Pricing",
          "market_segment": "luxury",
          "price_range": [
            1500,
            2500
          ],
          "eco_friendly": true,
          "alloy_type": "gold",
          "distribution_channel": "online",
          "customer_demographics": "affluent buyers",
          "brand_alignment": null
        },
        "No, \"Eco Gold Pricing\" does not align with your brand's existing pricing strategy. Would you like to consider the other option instead?"
      ],
      [
        "Yes, let's check out \"Eco-Friendly Gold Pricing.\" What are its features?",
        {
          "name": "Eco-Friendly Gold Pricing",
          "market_segment": "luxury",
          "price_range": [
            1500,
            2500
          ],
          "eco_friendly": true,
          "alloy_type": "gold",
          "distribution_channel": "online",
          "customer_demographics": "affluent buyers",
          "brand_alignment": null
        },
        "\"Eco-Friendly Gold Pricing\" is priced at $2,100, eco-friendly, uses gold alloy, targets environmentally conscious buyers, and is available through both online and retail channels. Interested in this one?"
      ],
      [
        "Yes, that fits my criteria! Does it align with my brand's existing pricing strategy?",
        {
          "name": "Eco-Friendly Gold Pricing",
          "market_segment": "environmentally conscious buyers",
          "price_range": [
            2100,
            2100
          ],
          "eco_friendly": true,
          "alloy_type": "gold",
          "distribution_channel": "both",
          "customer_demographics": null,
          "brand_alignment": false
        },
        "Yes, \"Eco-Friendly Gold Pricing\" aligns with your brand's existing pricing strategy. Shall we finalize this option?"
      ],
      [
        "Yes, let's finalize \"Eco-Friendly Gold Pricing\"! Thank you!",
        {
          "name": "Eco-Friendly Gold Pricing",
          "market_segment": "environmentally conscious buyers",
          "price_range": [
            2100,
            2100
          ],
          "eco_friendly": true,
          "alloy_type": "gold",
          "distribution_channel": "both",
          "customer_demographics": null,
          "brand_alignment": true
        },
        "You're welcome! \"Eco-Friendly Gold Pricing\" is all set for you. Thank you!"
      ]
    ],
    "preferences_code": "```python\npreferences = StrategicPricingCriteria(\n    name='Eco-Friendly Gold Pricing',\n    market_segment='Sustainable',\n    price_range=(1500.0, 2500.0),\n    eco_friendly=True,\n    alloy_type='gold',\n    distribution_channel='both',\n    customer_demographics='Environmentally conscious buyers',\n    brand_alignment=True,\n)\n```",
    "red_herrings_code": "```python\nstrategic_pricing_examples = [\n    StrategicPricing(\n        name='Eco-Friendly Gold Pricing',\n        market_segment='Sustainable',\n        price=2000.0,\n        eco_friendly=True,\n        alloy_type='gold',\n        distribution_channel='both',\n        customer_demographics='Environmentally conscious buyers',\n        brand_alignment=True,\n    ),\n    StrategicPricing(\n        name='Eco-Friendly Silver Pricing',\n        market_segment='Sustainable',\n        price=1500.0,\n        eco_friendly=True,\n        alloy_type='silver',\n        distribution_channel='both',\n        customer_demographics='Environmentally conscious buyers',\n        brand_alignment=True,\n    ),\n    StrategicPricing(\n        name='Premium Gold Pricing',\n        market_segment='Luxury',\n        price=2200.0,\n        eco_friendly=False,\n        alloy_type='gold',\n        distribution_channel='retail',\n        customer_demographics='High-end buyers',\n        brand_alignment=True,\n    ),\n]\n```",
    "database_code": "```python\n# Global variable to hold a list of Strategic Pricing examples\nstrategic_pricing_examples = [\n    StrategicPricing(\n        name=\"Eco Gold Pricing\",\n        market_segment=\"Luxury\",\n        price=2000.0,\n        eco_friendly=True,\n        alloy_type='gold',\n        distribution_channel='online',\n        customer_demographics=\"Affluent buyers\",\n        brand_alignment=True\n    ),\n    StrategicPricing(\n        name=\"Silver Standard Pricing\",\n        market_segment=\"Mid-range\",\n        price=500.0,\n        eco_friendly=False,\n        alloy_type='silver',\n        distribution_channel='retail',\n        customer_demographics=\"General public\",\n        brand_alignment=True\n    ),\n    StrategicPricing(\n        name=\"Platinum Premium Pricing\",\n        market_segment=\"Luxury\",\n        price=3000.0,\n        eco_friendly=True,\n        alloy_type='platinum',\n        distribution_channel='both',\n        customer_demographics=\"High-net-worth individuals\",\n        brand_alignment=True\n    ),\n    StrategicPricing(\n        name=\"Affordable Titanium Pricing\",\n        market_segment=\"Budget\",\n        price=250.0,\n        eco_friendly=False,\n        alloy_type='titanium',\n        distribution_channel='online',\n        customer_demographics=\"Young professionals\",\n        brand_alignment=False\n    ),\n    StrategicPricing(\n        name=\"Eco Silver Pricing\",\n        market_segment=\"Sustainable\",\n        price=600.0,\n        eco_friendly=True,\n        alloy_type='silver',\n        distribution_channel='retail',\n        customer_demographics=\"Eco-conscious consumers\",\n        brand_alignment=True\n    ),\n    StrategicPricing(\n        name=\"Gold Investment Pricing\",\n        market_segment=\"Investment\",\n        price=2200.0,\n        eco_friendly=False,\n        alloy_type='gold',\n        distribution_channel='both',\n        customer_demographics=\"Investors\",\n        brand_alignment=True\n    ),\n    StrategicPricing(\n        name=\"Luxury Titanium Pricing\",\n        market_segment=\"Luxury\",\n        price=800.0,\n        eco_friendly=True,\n        alloy_type='titanium',\n        distribution_channel='retail',\n        customer_demographics=\"Luxury buyers\",\n        brand_alignment=True\n    ),\n    StrategicPricing(\n        name=\"Platinum Affordable Pricing\",\n        market_segment=\"Mid-range\",\n        price=1500.0,\n        eco_friendly=False,\n        alloy_type='platinum',\n        distribution_channel='online',\n        customer_demographics=\"Middle-class consumers\",\n        brand_alignment=False\n    ),\n    StrategicPricing(\n        name=\"Eco-Friendly Gold Pricing\",\n        market_segment=\"Sustainable\",\n        price=2100.0,\n        eco_friendly=True,\n        alloy_type='gold',\n        distribution_channel='both',\n        customer_demographics=\"Environmentally conscious buyers\",\n        brand_alignment=True\n    ),\n    StrategicPricing(\n        name=\"Silver Investment Pricing\",\n        market_segment=\"Investment\",\n        price=550.0,\n        eco_friendly=False,\n        alloy_type='silver',\n        distribution_channel='retail',\n        customer_demographics=\"Investors\",\n        brand_alignment=True\n    )\n]\n```",
    "goal": {
      "name": null,
      "market_segment": "Sustainable",
      "price_range": [
        1500.0,
        2500.0
      ],
      "eco_friendly": true,
      "alloy_type": "gold",
      "distribution_channel": "both",
      "customer_demographics": "Environmentally conscious buyers",
      "brand_alignment": true
    },
    "database": [
      {
        "name": "Platinum Affordable Pricing",
        "market_segment": "Mid-range",
        "price": 1500.0,
        "eco_friendly": false,
        "alloy_type": "platinum",
        "distribution_channel": "online",
        "customer_demographics": "Middle-class consumers",
        "brand_alignment": false
      },
      {
        "name": "Platinum Premium Pricing",
        "market_segment": "Luxury",
        "price": 3000.0,
        "eco_friendly": true,
        "alloy_type": "platinum",
        "distribution_channel": "both",
        "customer_demographics": "High-net-worth individuals",
        "brand_alignment": true
      },
      {
        "name": "Silver Standard Pricing",
        "market_segment": "Mid-range",
        "price": 500.0,
        "eco_friendly": false,
        "alloy_type": "silver",
        "distribution_channel": "retail",
        "customer_demographics": "General public",
        "brand_alignment": true
      },
      {
        "name": "Silver Investment Pricing",
        "market_segment": "Investment",
        "price": 550.0,
        "eco_friendly": false,
        "alloy_type": "silver",
        "distribution_channel": "retail",
        "customer_demographics": "Investors",
        "brand_alignment": true
      },
      {
        "name": "Eco Gold Pricing",
        "market_segment": "Luxury",
        "price": 2000.0,
        "eco_friendly": true,
        "alloy_type": "gold",
        "distribution_channel": "online",
        "customer_demographics": "Affluent buyers",
        "brand_alignment": true
      },
      {
        "name": "Gold Investment Pricing",
        "market_segment": "Investment",
        "price": 2200.0,
        "eco_friendly": false,
        "alloy_type": "gold",
        "distribution_channel": "both",
        "customer_demographics": "Investors",
        "brand_alignment": true
      },
      {
        "name": "Luxury Titanium Pricing",
        "market_segment": "Luxury",
        "price": 800.0,
        "eco_friendly": true,
        "alloy_type": "titanium",
        "distribution_channel": "retail",
        "customer_demographics": "Luxury buyers",
        "brand_alignment": true
      },
      {
        "name": "Eco-Friendly Silver Pricing",
        "market_segment": "Sustainable",
        "price": 1500.0,
        "eco_friendly": true,
        "alloy_type": "silver",
        "distribution_channel": "both",
        "customer_demographics": "Environmentally conscious buyers",
        "brand_alignment": true
      },
      {
        "name": "Eco Silver Pricing",
        "market_segment": "Sustainable",
        "price": 600.0,
        "eco_friendly": true,
        "alloy_type": "silver",
        "distribution_channel": "retail",
        "customer_demographics": "Eco-conscious consumers",
        "brand_alignment": true
      },
      {
        "name": "Eco-Friendly Gold Pricing",
        "market_segment": "Sustainable",
        "price": 2000.0,
        "eco_friendly": true,
        "alloy_type": "gold",
        "distribution_channel": "both",
        "customer_demographics": "Environmentally conscious buyers",
        "brand_alignment": true
      },
      {
        "name": "Premium Gold Pricing",
        "market_segment": "Luxury",
        "price": 2200.0,
        "eco_friendly": false,
        "alloy_type": "gold",
        "distribution_channel": "retail",
        "customer_demographics": "High-end buyers",
        "brand_alignment": true
      },
      {
        "name": "Eco-Friendly Gold Pricing",
        "market_segment": "Sustainable",
        "price": 2100.0,
        "eco_friendly": true,
        "alloy_type": "gold",
        "distribution_channel": "both",
        "customer_demographics": "Environmentally conscious buyers",
        "brand_alignment": true
      },
      {
        "name": "Affordable Titanium Pricing",
        "market_segment": "Budget",
        "price": 250.0,
        "eco_friendly": false,
        "alloy_type": "titanium",
        "distribution_channel": "online",
        "customer_demographics": "Young professionals",
        "brand_alignment": false
      }
    ],
    "status": "complete"
  }
]