[
  {
    "domain": "Construction Materials",
    "turns": [
      [
        "Hey, I\u2019m thinking about using brick for our project; what do you think?",
        {
          "name": null,
          "material_type": "brick",
          "sustainability": null,
          "cost": null,
          "durability": null,
          "availability": null,
          "aesthetic_value": null,
          "thermal_insulation": null,
          "fire_resistance": null,
          "acoustic_insulation": null,
          "maintenance": null
        },
        "Brick is a great choice! Do you have a specific type of brick in mind or any particular characteristics you're looking for?"
      ],
      [
        "I\u2019m leaning towards medium cost and good thermal insulation; does that sound feasible?",
        {
          "name": null,
          "material_type": "brick",
          "sustainability": null,
          "cost": "medium",
          "durability": null,
          "availability": null,
          "aesthetic_value": null,
          "thermal_insulation": "good",
          "fire_resistance": null,
          "acoustic_insulation": null,
          "maintenance": null
        },
        "Yes, that\u2019s feasible! You might want to consider Red Brick or Brown Brick; they both fit your criteria. Would you like more details on either?"
      ],
      [
        "Sure, can you tell me more about the fire resistance of those options?",
        {
          "name": null,
          "material_type": "brick",
          "sustainability": null,
          "cost": "medium",
          "durability": null,
          "availability": null,
          "aesthetic_value": null,
          "thermal_insulation": "good",
          "fire_resistance": null,
          "acoustic_insulation": null,
          "maintenance": null
        },
        "Red Brick has high fire resistance, while Brown Brick also offers high fire resistance. Do you have a preference between the two?"
      ],
      [
        "I think I\u2019ll go with Red Brick since it has high fire resistance; how\u2019s the availability?",
        {
          "name": "Red Brick",
          "material_type": "brick",
          "sustainability": null,
          "cost": "medium",
          "durability": null,
          "availability": null,
          "aesthetic_value": null,
          "thermal_insulation": "good",
          "fire_resistance": "high",
          "acoustic_insulation": null,
          "maintenance": null
        },
        "Red Brick is readily available, so you should have no issues sourcing it. Would you like to finalize that choice?"
      ],
      [
        "Yes, let\u2019s finalize Red Brick then! Thanks for your help!",
        {
          "name": "Red Brick",
          "material_type": "brick",
          "sustainability": null,
          "cost": "medium",
          "durability": null,
          "availability": true,
          "aesthetic_value": null,
          "thermal_insulation": "good",
          "fire_resistance": "high",
          "acoustic_insulation": null,
          "maintenance": null
        },
        "You're welcome! Great choice with Red Brick!"
      ]
    ],
    "preferences_code": "```python\npreferences = ConstructionMaterialCriteria(\n    name='Brown Brick',\n    material_type='brick',\n    sustainability='high',\n    cost='medium',\n    durability='high',\n    availability=True,\n    aesthetic_value='medium',\n    thermal_insulation='good',\n    fire_resistance='high',\n    acoustic_insulation='good',\n    maintenance='low',\n)\n```",
    "red_herrings_code": "```python\n# Global variable representing a list of similar Construction Material examples\nsimilar_construction_materials = [\n    ConstructionMaterialKnowledge(\n        name='Brown Brick',\n        material_type='brick',\n        sustainability='high',\n        cost='medium',\n        durability='high',\n        availability=True,\n        aesthetic_value='medium',\n        thermal_insulation='good',\n        fire_resistance='high',\n        acoustic_insulation='good',\n        maintenance='low',\n    ),\n    ConstructionMaterialKnowledge(\n        name='Red Brick (Premium)',\n        material_type='brick',\n        sustainability='high',\n        cost='high',\n        durability='high',\n        availability=True,\n        aesthetic_value='high',\n        thermal_insulation='good',\n        fire_resistance='high',\n        acoustic_insulation='good',\n        maintenance='low',\n    ),\n    ConstructionMaterialKnowledge(\n        name='Standard Brick',\n        material_type='brick',\n        sustainability='medium',\n        cost='medium',\n        durability='medium',\n        availability=True,\n        aesthetic_value='medium',\n        thermal_insulation='good',\n        fire_resistance='medium',\n        acoustic_insulation='good',\n        maintenance='low',\n    )\n]\n```",
    "database_code": "```python\n# Global variable representing a list of construction materials examples\nconstruction_materials_examples = [\n    ConstructionMaterialKnowledge(\n        name=\"Pine Wood\",\n        material_type=\"wood\",\n        sustainability=\"high\",\n        cost=\"low\",\n        durability=\"medium\",\n        availability=True,\n        aesthetic_value=\"high\",\n        thermal_insulation=\"good\",\n        fire_resistance=\"medium\",\n        acoustic_insulation=\"good\",\n        maintenance=\"low\"\n    ),\n    ConstructionMaterialKnowledge(\n        name=\"Steel Beam\",\n        material_type=\"steel\",\n        sustainability=\"medium\",\n        cost=\"high\",\n        durability=\"high\",\n        availability=True,\n        aesthetic_value=\"medium\",\n        thermal_insulation=\"poor\",\n        fire_resistance=\"high\",\n        acoustic_insulation=\"poor\",\n        maintenance=\"medium\"\n    ),\n    ConstructionMaterialKnowledge(\n        name=\"Concrete Block\",\n        material_type=\"concrete\",\n        sustainability=\"medium\",\n        cost=\"medium\",\n        durability=\"high\",\n        availability=True,\n        aesthetic_value=\"low\",\n        thermal_insulation=\"good\",\n        fire_resistance=\"high\",\n        acoustic_insulation=\"good\",\n        maintenance=\"medium\"\n    ),\n    ConstructionMaterialKnowledge(\n        name=\"Tempered Glass\",\n        material_type=\"glass\",\n        sustainability=\"low\",\n        cost=\"high\",\n        durability=\"medium\",\n        availability=True,\n        aesthetic_value=\"high\",\n        thermal_insulation=\"poor\",\n        fire_resistance=\"medium\",\n        acoustic_insulation=\"poor\",\n        maintenance=\"medium\"\n    ),\n    ConstructionMaterialKnowledge(\n        name=\"Red Brick\",\n        material_type=\"brick\",\n        sustainability=\"high\",\n        cost=\"medium\",\n        durability=\"high\",\n        availability=True,\n        aesthetic_value=\"high\",\n        thermal_insulation=\"good\",\n        fire_resistance=\"high\",\n        acoustic_insulation=\"good\",\n        maintenance=\"low\"\n    ),\n    ConstructionMaterialKnowledge(\n        name=\"Bamboo\",\n        material_type=\"wood\",\n        sustainability=\"high\",\n        cost=\"low\",\n        durability=\"medium\",\n        availability=True,\n        aesthetic_value=\"high\",\n        thermal_insulation=\"good\",\n        fire_resistance=\"low\",\n        acoustic_insulation=\"medium\",\n        maintenance=\"medium\"\n    ),\n    ConstructionMaterialKnowledge(\n        name=\"Fiberglass\",\n        material_type=\"glass\",\n        sustainability=\"medium\",\n        cost=\"medium\",\n        durability=\"high\",\n        availability=False,\n        aesthetic_value=\"medium\",\n        thermal_insulation=\"excellent\",\n        fire_resistance=\"high\",\n        acoustic_insulation=\"good\",\n        maintenance=\"low\"\n    ),\n    ConstructionMaterialKnowledge(\n        name=\"Reinforced Concrete\",\n        material_type=\"concrete\",\n        sustainability=\"medium\",\n        cost=\"high\",\n        durability=\"high\",\n        availability=True,\n        aesthetic_value=\"medium\",\n        thermal_insulation=\"good\",\n        fire_resistance=\"high\",\n        acoustic_insulation=\"good\",\n        maintenance=\"medium\"\n    ),\n    ConstructionMaterialKnowledge(\n        name=\"Cork\",\n        material_type=\"wood\",\n        sustainability=\"high\",\n        cost=\"medium\",\n        durability=\"medium\",\n        availability=True,\n        aesthetic_value=\"high\",\n        thermal_insulation=\"excellent\",\n        fire_resistance=\"low\",\n        acoustic_insulation=\"excellent\",\n        maintenance=\"low\"\n    ),\n    ConstructionMaterialKnowledge(\n        name=\"Aluminum\",\n        material_type=\"steel\",\n        sustainability=\"medium\",\n        cost=\"medium\",\n        durability=\"medium\",\n        availability=True,\n        aesthetic_value=\"high\",\n        thermal_insulation=\"poor\",\n        fire_resistance=\"medium\",\n        acoustic_insulation=\"poor\",\n        maintenance=\"medium\"\n    )\n]\n```",
    "goal": {
      "name": null,
      "material_type": "brick",
      "sustainability": null,
      "cost": "medium",
      "durability": null,
      "availability": true,
      "aesthetic_value": "medium",
      "thermal_insulation": "good",
      "fire_resistance": "high",
      "acoustic_insulation": "good",
      "maintenance": "low"
    },
    "database": [
      {
        "name": "Bamboo",
        "material_type": "wood",
        "sustainability": "high",
        "cost": "low",
        "durability": "medium",
        "availability": true,
        "aesthetic_value": "high",
        "thermal_insulation": "good",
        "fire_resistance": "low",
        "acoustic_insulation": "medium",
        "maintenance": "medium"
      },
      {
        "name": "Red Brick",
        "material_type": "brick",
        "sustainability": "high",
        "cost": "medium",
        "durability": "high",
        "availability": true,
        "aesthetic_value": "high",
        "thermal_insulation": "good",
        "fire_resistance": "high",
        "acoustic_insulation": "good",
        "maintenance": "low"
      },
      {
        "name": "Red Brick (Premium)",
        "material_type": "brick",
        "sustainability": "high",
        "cost": "high",
        "durability": "high",
        "availability": true,
        "aesthetic_value": "high",
        "thermal_insulation": "good",
        "fire_resistance": "high",
        "acoustic_insulation": "good",
        "maintenance": "low"
      },
      {
        "name": "Reinforced Concrete",
        "material_type": "concrete",
        "sustainability": "medium",
        "cost": "high",
        "durability": "high",
        "availability": true,
        "aesthetic_value": "medium",
        "thermal_insulation": "good",
        "fire_resistance": "high",
        "acoustic_insulation": "good",
        "maintenance": "medium"
      },
      {
        "name": "Aluminum",
        "material_type": "steel",
        "sustainability": "medium",
        "cost": "medium",
        "durability": "medium",
        "availability": true,
        "aesthetic_value": "high",
        "thermal_insulation": "poor",
        "fire_resistance": "medium",
        "acoustic_insulation": "poor",
        "maintenance": "medium"
      },
      {
        "name": "Steel Beam",
        "material_type": "steel",
        "sustainability": "medium",
        "cost": "high",
        "durability": "high",
        "availability": true,
        "aesthetic_value": "medium",
        "thermal_insulation": "poor",
        "fire_resistance": "high",
        "acoustic_insulation": "poor",
        "maintenance": "medium"
      },
      {
        "name": "Brown Brick",
        "material_type": "brick",
        "sustainability": "high",
        "cost": "medium",
        "durability": "high",
        "availability": true,
        "aesthetic_value": "medium",
        "thermal_insulation": "good",
        "fire_resistance": "high",
        "acoustic_insulation": "good",
        "maintenance": "low"
      },
      {
        "name": "Tempered Glass",
        "material_type": "glass",
        "sustainability": "low",
        "cost": "high",
        "durability": "medium",
        "availability": true,
        "aesthetic_value": "high",
        "thermal_insulation": "poor",
        "fire_resistance": "medium",
        "acoustic_insulation": "poor",
        "maintenance": "medium"
      },
      {
        "name": "Concrete Block",
        "material_type": "concrete",
        "sustainability": "medium",
        "cost": "medium",
        "durability": "high",
        "availability": true,
        "aesthetic_value": "low",
        "thermal_insulation": "good",
        "fire_resistance": "high",
        "acoustic_insulation": "good",
        "maintenance": "medium"
      },
      {
        "name": "Cork",
        "material_type": "wood",
        "sustainability": "high",
        "cost": "medium",
        "durability": "medium",
        "availability": true,
        "aesthetic_value": "high",
        "thermal_insulation": "excellent",
        "fire_resistance": "low",
        "acoustic_insulation": "excellent",
        "maintenance": "low"
      },
      {
        "name": "Fiberglass",
        "material_type": "glass",
        "sustainability": "medium",
        "cost": "medium",
        "durability": "high",
        "availability": false,
        "aesthetic_value": "medium",
        "thermal_insulation": "excellent",
        "fire_resistance": "high",
        "acoustic_insulation": "good",
        "maintenance": "low"
      },
      {
        "name": "Pine Wood",
        "material_type": "wood",
        "sustainability": "high",
        "cost": "low",
        "durability": "medium",
        "availability": true,
        "aesthetic_value": "high",
        "thermal_insulation": "good",
        "fire_resistance": "medium",
        "acoustic_insulation": "good",
        "maintenance": "low"
      },
      {
        "name": "Standard Brick",
        "material_type": "brick",
        "sustainability": "medium",
        "cost": "medium",
        "durability": "medium",
        "availability": true,
        "aesthetic_value": "medium",
        "thermal_insulation": "good",
        "fire_resistance": "medium",
        "acoustic_insulation": "good",
        "maintenance": "low"
      }
    ],
    "status": "complete"
  },
  {
    "domain": "Construction Team",
    "turns": [
      [
        "Thanks! Now, I need your help finding a Construction Team; any thoughts on where to start?",
        {
          "name": null,
          "experience_years": null,
          "location": null,
          "specialization": null,
          "reputation_score": null,
          "license_status": null,
          "availability": null,
          "budget_range": null
        },
        "Let's start by narrowing down your preferences. What location are you considering for the project?"
      ],
      [
        "I\u2019m looking for a Construction Team based in Florida.",
        {
          "name": null,
          "experience_years": null,
          "location": "Florida",
          "specialization": null,
          "reputation_score": null,
          "license_status": null,
          "availability": null,
          "budget_range": null
        },
        "Got it! Do you have any specific requirements like experience, specialization, or budget range?"
      ],
      [
        "Yes, I\u2019d like a team with at least 10 years of experience and specializing in commercial projects.",
        {
          "name": null,
          "experience_years": 10,
          "location": "Florida",
          "specialization": "Commercial",
          "reputation_score": null,
          "license_status": null,
          "availability": null,
          "budget_range": null
        },
        "I found a couple of options! We have Gamma Group with 15 years of experience and Kappa Engineering with 11 years. Would you like more details on either?"
      ],
      [
        "Can you share the reputation scores for both teams?",
        {
          "name": null,
          "experience_years": 10,
          "location": "Florida",
          "specialization": "Commercial",
          "reputation_score": null,
          "license_status": null,
          "availability": null,
          "budget_range": null
        },
        "Gamma Group has a reputation score of 87, while Kappa Engineering has a score of 89. Which one are you leaning towards?"
      ],
      [
        "Kappa Engineering sounds promising with that score; do they have a license?",
        {
          "name": "Kappa Engineering",
          "experience_years": 10,
          "location": "Florida",
          "specialization": "Commercial",
          "reputation_score": 89,
          "license_status": null,
          "availability": null,
          "budget_range": null
        },
        "Yes, Kappa Engineering is licensed. Would you like to proceed with them?"
      ],
      [
        "That sounds great! What\u2019s their availability like?",
        {
          "name": "Kappa Engineering",
          "experience_years": 10,
          "location": "Florida",
          "specialization": "Commercial",
          "reputation_score": 89,
          "license_status": "Licensed",
          "availability": null,
          "budget_range": null
        },
        "Kappa Engineering is available immediately. Shall we finalize them for your project?"
      ],
      [
        "Yes, let\u2019s finalize Kappa Engineering! Thanks for your help!",
        {
          "name": "Kappa Engineering",
          "experience_years": 10,
          "location": "Florida",
          "specialization": "Commercial",
          "reputation_score": 89,
          "license_status": "Licensed",
          "availability": "Immediate",
          "budget_range": null
        },
        "You're welcome! Kappa Engineering is a great choice! Good luck with your project!"
      ]
    ],
    "preferences_code": "```python\npreferences = ConstructionTeamCriteria(\n    name='Gamma Group',\n    experience_years=10,\n    location='Florida',\n    specialization='Commercial',\n    reputation_score=80,\n    license_status='Licensed',\n    availability='Flexible',\n    budget_range='$150,000 - $600,000',\n)\n```",
    "red_herrings_code": "```python\n# Global variable representing a list of Construction Team examples\nsimilar_construction_teams = [\n    ConstructionTeamProfile(\n        name='Alpha Builders',\n        experience_years=10,\n        location='Florida',\n        specialization='Residential',\n        reputation_score=85,\n        license_status='Licensed',\n        availability='Within a month',\n        budget_range='$100,000 - $500,000',\n    ),\n    ConstructionTeamProfile(\n        name='Beta Constructions',\n        experience_years=12,\n        location='Georgia',\n        specialization='Mixed-use',\n        reputation_score=90,\n        license_status='Licensed',\n        availability='Immediate',\n        budget_range='$200,000 - $700,000',\n    ),\n    ConstructionTeamProfile(\n        name='Gamma Group',\n        experience_years=15,\n        location='Florida',\n        specialization='Commercial',\n        reputation_score=87,\n        license_status='Licensed',\n        availability='Flexible',\n        budget_range='$150,000 - $600,000',\n    ),\n]\n```",
    "database_code": "```python\n# Global variable containing a list of Construction Team examples\nconstruction_teams = [\n    ConstructionTeamProfile(\n        name=\"Alpha Builders\",\n        experience_years=10,\n        location=\"New York\",\n        specialization=\"Residential\",\n        reputation_score=85,\n        license_status=\"Licensed\",\n        availability=\"Immediate\",\n        budget_range=\"$100,000 - $500,000\"\n    ),\n    ConstructionTeamProfile(\n        name=\"Beta Construction\",\n        experience_years=5,\n        location=\"California\",\n        specialization=\"Commercial\",\n        reputation_score=90,\n        license_status=\"Licensed\",\n        availability=\"Within a month\",\n        budget_range=\"$200,000 - $1,000,000\"\n    ),\n    ConstructionTeamProfile(\n        name=\"Gamma Contractors\",\n        experience_years=8,\n        location=\"Texas\",\n        specialization=\"Industrial\",\n        reputation_score=78,\n        license_status=\"Licensed\",\n        availability=\"Flexible\",\n        budget_range=\"$300,000 - $800,000\"\n    ),\n    ConstructionTeamProfile(\n        name=\"Delta Developments\",\n        experience_years=12,\n        location=\"Florida\",\n        specialization=\"Mixed-use\",\n        reputation_score=88,\n        license_status=\"Licensed\",\n        availability=\"Immediate\",\n        budget_range=\"$150,000 - $600,000\"\n    ),\n    ConstructionTeamProfile(\n        name=\"Epsilon Engineering\",\n        experience_years=3,\n        location=\"Illinois\",\n        specialization=\"Infrastructure\",\n        reputation_score=75,\n        license_status=\"Unlicensed\",\n        availability=\"Within a month\",\n        budget_range=\"$500,000 - $2,000,000\"\n    ),\n    ConstructionTeamProfile(\n        name=\"Zeta Builders\",\n        experience_years=15,\n        location=\"Washington\",\n        specialization=\"Residential\",\n        reputation_score=92,\n        license_status=\"Licensed\",\n        availability=\"Flexible\",\n        budget_range=\"$250,000 - $700,000\"\n    ),\n    ConstructionTeamProfile(\n        name=\"Eta Construction\",\n        experience_years=7,\n        location=\"Nevada\",\n        specialization=\"Commercial\",\n        reputation_score=80,\n        license_status=\"Licensed\",\n        availability=\"Immediate\",\n        budget_range=\"$300,000 - $1,200,000\"\n    ),\n    ConstructionTeamProfile(\n        name=\"Theta Contractors\",\n        experience_years=4,\n        location=\"Oregon\",\n        specialization=\"Environmental\",\n        reputation_score=70,\n        license_status=\"Unlicensed\",\n        availability=\"Within a month\",\n        budget_range=\"$100,000 - $400,000\"\n    ),\n    ConstructionTeamProfile(\n        name=\"Iota Developments\",\n        experience_years=9,\n        location=\"Arizona\",\n        specialization=\"Residential\",\n        reputation_score=84,\n        license_status=\"Licensed\",\n        availability=\"Flexible\",\n        budget_range=\"$200,000 - $600,000\"\n    ),\n    ConstructionTeamProfile(\n        name=\"Kappa Engineering\",\n        experience_years=11,\n        location=\"Colorado\",\n        specialization=\"Commercial\",\n        reputation_score=89,\n        license_status=\"Licensed\",\n        availability=\"Immediate\",\n        budget_range=\"$150,000 - $500,000\"\n    )\n]\n```",
    "goal": {
      "name": null,
      "experience_years": 10,
      "location": "Florida",
      "specialization": "Commercial",
      "reputation_score": 80,
      "license_status": "Licensed",
      "availability": "Flexible",
      "budget_range": "$150,000 - $600,000"
    },
    "database": [
      {
        "name": "Gamma Contractors",
        "experience_years": 8,
        "location": "Texas",
        "specialization": "Industrial",
        "reputation_score": 78,
        "license_status": "Licensed",
        "availability": "Flexible",
        "budget_range": "$300,000 - $800,000"
      },
      {
        "name": "Alpha Builders",
        "experience_years": 10,
        "location": "New York",
        "specialization": "Residential",
        "reputation_score": 85,
        "license_status": "Licensed",
        "availability": "Immediate",
        "budget_range": "$100,000 - $500,000"
      },
      {
        "name": "Iota Developments",
        "experience_years": 9,
        "location": "Arizona",
        "specialization": "Residential",
        "reputation_score": 84,
        "license_status": "Licensed",
        "availability": "Flexible",
        "budget_range": "$200,000 - $600,000"
      },
      {
        "name": "Zeta Builders",
        "experience_years": 15,
        "location": "Washington",
        "specialization": "Residential",
        "reputation_score": 92,
        "license_status": "Licensed",
        "availability": "Flexible",
        "budget_range": "$250,000 - $700,000"
      },
      {
        "name": "Delta Developments",
        "experience_years": 12,
        "location": "Florida",
        "specialization": "Mixed-use",
        "reputation_score": 88,
        "license_status": "Licensed",
        "availability": "Immediate",
        "budget_range": "$150,000 - $600,000"
      },
      {
        "name": "Beta Construction",
        "experience_years": 5,
        "location": "California",
        "specialization": "Commercial",
        "reputation_score": 90,
        "license_status": "Licensed",
        "availability": "Within a month",
        "budget_range": "$200,000 - $1,000,000"
      },
      {
        "name": "Alpha Builders",
        "experience_years": 10,
        "location": "Florida",
        "specialization": "Residential",
        "reputation_score": 85,
        "license_status": "Licensed",
        "availability": "Within a month",
        "budget_range": "$100,000 - $500,000"
      },
      {
        "name": "Gamma Group",
        "experience_years": 15,
        "location": "Florida",
        "specialization": "Commercial",
        "reputation_score": 87,
        "license_status": "Licensed",
        "availability": "Flexible",
        "budget_range": "$150,000 - $600,000"
      },
      {
        "name": "Theta Contractors",
        "experience_years": 4,
        "location": "Oregon",
        "specialization": "Environmental",
        "reputation_score": 70,
        "license_status": "Unlicensed",
        "availability": "Within a month",
        "budget_range": "$100,000 - $400,000"
      },
      {
        "name": "Eta Construction",
        "experience_years": 7,
        "location": "Nevada",
        "specialization": "Commercial",
        "reputation_score": 80,
        "license_status": "Licensed",
        "availability": "Immediate",
        "budget_range": "$300,000 - $1,200,000"
      },
      {
        "name": "Epsilon Engineering",
        "experience_years": 3,
        "location": "Illinois",
        "specialization": "Infrastructure",
        "reputation_score": 75,
        "license_status": "Unlicensed",
        "availability": "Within a month",
        "budget_range": "$500,000 - $2,000,000"
      },
      {
        "name": "Kappa Engineering",
        "experience_years": 11,
        "location": "Colorado",
        "specialization": "Commercial",
        "reputation_score": 89,
        "license_status": "Licensed",
        "availability": "Immediate",
        "budget_range": "$150,000 - $500,000"
      },
      {
        "name": "Beta Constructions",
        "experience_years": 12,
        "location": "Georgia",
        "specialization": "Mixed-use",
        "reputation_score": 90,
        "license_status": "Licensed",
        "availability": "Immediate",
        "budget_range": "$200,000 - $700,000"
      }
    ],
    "status": "complete"
  },
  {
    "domain": "Project Location",
    "turns": [
      [
        "Thanks! Now, I need to find a suitable Project Location; any recommendations?",
        {
          "name": null,
          "zoning": "commercial",
          "accessibility": null,
          "environmental_impact": null,
          "proximity_to_city_center": null,
          "public_transport_availability": null,
          "utilities_availability": null,
          "size": null,
          "budget": null,
          "climate_risk": null
        },
        "Sure! What specific criteria or features are you looking for in a project location?"
      ],
      [
        "I need a commercial zoning area with rail accessibility and a size of at least 5000 square meters.",
        {
          "name": null,
          "zoning": "commercial",
          "accessibility": "rail",
          "environmental_impact": null,
          "proximity_to_city_center": null,
          "public_transport_availability": null,
          "utilities_availability": null,
          "size": 5000,
          "budget": null,
          "climate_risk": null
        },
        "Based on your criteria, we have two options: Industrial Park C and Downtown Site B. Would you like details on either?"
      ],
      [
        "Can you tell me more about Downtown Site B?",
        {
          "name": null,
          "zoning": "commercial",
          "accessibility": "rail",
          "environmental_impact": null,
          "proximity_to_city_center": null,
          "public_transport_availability": null,
          "utilities_availability": null,
          "size": 5000,
          "budget": null,
          "climate_risk": null
        },
        "Downtown Site B has commercial zoning, rail accessibility, a size of 5200 square meters, and a budget of 2.3 million. It\u2019s also near the city center. Interested?"
      ],
      [
        "That sounds promising! How\u2019s the environmental impact for Downtown Site B?",
        {
          "name": "Downtown Site B",
          "zoning": "commercial",
          "accessibility": "rail",
          "environmental_impact": null,
          "proximity_to_city_center": true,
          "public_transport_availability": null,
          "utilities_availability": null,
          "size": 5200,
          "budget": 2300000.0,
          "climate_risk": null
        },
        "Downtown Site B has a high environmental impact. Does that concern you, or would you like to consider another option?"
      ],
      [
        "I\u2019d prefer a lower environmental impact; what about Industrial Park C?",
        {
          "name": null,
          "zoning": "commercial",
          "accessibility": "rail",
          "environmental_impact": "low",
          "proximity_to_city_center": null,
          "public_transport_availability": null,
          "utilities_availability": null,
          "size": 5000,
          "budget": null,
          "climate_risk": null
        },
        "Industrial Park C has a high environmental impact as well. Would you like to explore other locations with lower impact?"
      ],
      [
        "Yes, please! Are there any options with medium environmental impact?",
        {
          "name": null,
          "zoning": "commercial",
          "accessibility": "rail",
          "environmental_impact": "medium",
          "proximity_to_city_center": null,
          "public_transport_availability": null,
          "utilities_availability": null,
          "size": 5000,
          "budget": null,
          "climate_risk": null
        },
        "Yes, Suburban Site B and Suburban Site G both have medium environmental impact. Would you like to know more about either?"
      ],
      [
        "Can you share details about Suburban Site B?",
        {
          "name": null,
          "zoning": "commercial",
          "accessibility": "rail",
          "environmental_impact": "medium",
          "proximity_to_city_center": null,
          "public_transport_availability": null,
          "utilities_availability": null,
          "size": 5000,
          "budget": null,
          "climate_risk": null
        },
        "Suburban Site B has mixed-use zoning, road accessibility, a size of 8000 square meters, and a budget of 1.5 million. It's also near public transport. Interested?"
      ],
      [
        "It sounds good, but I really need commercial zoning. What about Suburban Site G?",
        {
          "name": null,
          "zoning": "commercial",
          "accessibility": "rail",
          "environmental_impact": "medium",
          "proximity_to_city_center": null,
          "public_transport_availability": null,
          "utilities_availability": null,
          "size": 5000,
          "budget": null,
          "climate_risk": null
        },
        "Suburban Site G has residential zoning, but it also has a medium environmental impact. Would you like to explore other commercial options?"
      ],
      [
        "Yes, please! Are there any other commercial sites with medium environmental impact?",
        {
          "name": null,
          "zoning": "commercial",
          "accessibility": "rail",
          "environmental_impact": "medium",
          "proximity_to_city_center": null,
          "public_transport_availability": null,
          "utilities_availability": null,
          "size": 5000,
          "budget": null,
          "climate_risk": null
        },
        "Yes, Downtown Site A has commercial zoning, medium environmental impact, a size of 4800 square meters, and is available for 2.1 million. Interested in this one?"
      ],
      [
        "It\u2019s close, but I need at least 5000 square meters. Any other options?",
        {
          "name": null,
          "zoning": "commercial",
          "accessibility": "rail",
          "environmental_impact": "medium",
          "proximity_to_city_center": null,
          "public_transport_availability": null,
          "utilities_availability": null,
          "size": 5000,
          "budget": null,
          "climate_risk": null
        },
        "The only other commercial option with medium environmental impact is Downtown Site H, which has a size of 5000 square meters. Would you like more details on that?"
      ],
      [
        "Yes, please share the details for Downtown Site H!",
        {
          "name": "Downtown Site H",
          "zoning": "commercial",
          "accessibility": "road",
          "environmental_impact": "medium",
          "proximity_to_city_center": null,
          "public_transport_availability": null,
          "utilities_availability": null,
          "size": 5000,
          "budget": 2.1,
          "climate_risk": null
        },
        "Downtown Site H has commercial zoning, road accessibility, a budget of 2.2 million, and is located near the city center. Interested in this location?"
      ],
      [
        "That sounds great! I\u2019d like to finalize Downtown Site H for our project!",
        {
          "name": "Downtown Site H",
          "zoning": "commercial",
          "accessibility": "road",
          "environmental_impact": "medium",
          "proximity_to_city_center": true,
          "public_transport_availability": null,
          "utilities_availability": null,
          "size": 5000,
          "budget": 2.2,
          "climate_risk": null
        },
        "Awesome choice! Downtown Site H is finalized for your project!"
      ]
    ],
    "preferences_code": "```python\npreferences = ProjectLocationCriteria(\n    name='Downtown Site B',\n    zoning='commercial',\n    accessibility='rail',\n    environmental_impact='high',\n    proximity_to_city_center=True,\n    public_transport_availability=True,\n    utilities_availability=True,\n    size=5000,  # Minimum required size (less than or equal to target)\n    budget=2500000,  # Budget should be higher than target\n    climate_risk='medium',\n)\n```",
    "red_herrings_code": "```python\n# Global variable representing a list of Project Location examples\nsimilar_project_locations = [\n    ProjectLocation(\n        name='Downtown Site A',\n        zoning='commercial',\n        accessibility='road',\n        environmental_impact='medium',\n        proximity_to_city_center=True,\n        public_transport_availability=True,\n        utilities_availability=True,\n        size=4800,\n        budget=2100000,\n        climate_risk='medium',\n    ),\n    ProjectLocation(\n        name='Downtown Site B',\n        zoning='commercial',\n        accessibility='rail',\n        environmental_impact='high',\n        proximity_to_city_center=True,\n        public_transport_availability=True,\n        utilities_availability=True,\n        size=5200,\n        budget=2300000,\n        climate_risk='medium',\n    ),\n    ProjectLocation(\n        name='Downtown Site C',\n        zoning='commercial',\n        accessibility='road',\n        environmental_impact='high',\n        proximity_to_city_center=False,\n        public_transport_availability=True,\n        utilities_availability=True,\n        size=5000,\n        budget=2000000,\n        climate_risk='high',\n    ),\n]\n```",
    "database_code": "```python\n# Global variable representing a list of Project Location examples\nproject_locations = [\n    ProjectLocation(\n        name=\"Downtown Site A\",\n        zoning='commercial',\n        accessibility='road',\n        environmental_impact='low',\n        proximity_to_city_center=True,\n        public_transport_availability=True,\n        utilities_availability=True,\n        size=5000,\n        budget=2000000,\n        climate_risk='medium'\n    ),\n    ProjectLocation(\n        name=\"Suburban Site B\",\n        zoning='mixed-use',\n        accessibility='road',\n        environmental_impact='medium',\n        proximity_to_city_center=False,\n        public_transport_availability=True,\n        utilities_availability=True,\n        size=8000,\n        budget=1500000,\n        climate_risk='low'\n    ),\n    ProjectLocation(\n        name=\"Industrial Park C\",\n        zoning='industrial',\n        accessibility='rail',\n        environmental_impact='high',\n        proximity_to_city_center=False,\n        public_transport_availability=False,\n        utilities_availability=True,\n        size=12000,\n        budget=3000000,\n        climate_risk='high'\n    ),\n    ProjectLocation(\n        name=\"Coastal Site D\",\n        zoning='residential',\n        accessibility='sea',\n        environmental_impact='medium',\n        proximity_to_city_center=True,\n        public_transport_availability=False,\n        utilities_availability=True,\n        size=4000,\n        budget=1800000,\n        climate_risk='high'\n    ),\n    ProjectLocation(\n        name=\"Rural Site E\",\n        zoning='mixed-use',\n        accessibility='road',\n        environmental_impact='low',\n        proximity_to_city_center=False,\n        public_transport_availability=False,\n        utilities_availability=False,\n        size=10000,\n        budget=800000,\n        climate_risk='medium'\n    ),\n    ProjectLocation(\n        name=\"Urban Site F\",\n        zoning='commercial',\n        accessibility='road',\n        environmental_impact='low',\n        proximity_to_city_center=True,\n        public_transport_availability=True,\n        utilities_availability=True,\n        size=6000,\n        budget=2500000,\n        climate_risk='low'\n    ),\n    ProjectLocation(\n        name=\"Suburban Site G\",\n        zoning='residential',\n        accessibility='road',\n        environmental_impact='medium',\n        proximity_to_city_center=False,\n        public_transport_availability=True,\n        utilities_availability=True,\n        size=7500,\n        budget=1200000,\n        climate_risk='low'\n    ),\n    ProjectLocation(\n        name=\"Downtown Site H\",\n        zoning='commercial',\n        accessibility='road',\n        environmental_impact='high',\n        proximity_to_city_center=True,\n        public_transport_availability=True,\n        utilities_availability=True,\n        size=5000,\n        budget=2200000,\n        climate_risk='medium'\n    ),\n    ProjectLocation(\n        name=\"Parkland Site I\",\n        zoning='mixed-use',\n        accessibility='road',\n        environmental_impact='low',\n        proximity_to_city_center=True,\n        public_transport_availability=True,\n        utilities_availability=True,\n        size=3000,\n        budget=900000,\n        climate_risk='low'\n    ),\n    ProjectLocation(\n        name=\"Forest Edge Site J\",\n        zoning='residential',\n        accessibility='road',\n        environmental_impact='medium',\n        proximity_to_city_center=False,\n        public_transport_availability=False,\n        utilities_availability=False,\n        size=9000,\n        budget=1100000,\n        climate_risk='high'\n    )\n]\n```",
    "goal": {
      "name": null,
      "zoning": "commercial",
      "accessibility": "rail",
      "environmental_impact": "high",
      "proximity_to_city_center": true,
      "public_transport_availability": true,
      "utilities_availability": true,
      "size": 5000,
      "budget": 2500000,
      "climate_risk": "medium"
    },
    "database": [
      {
        "name": "Rural Site E",
        "zoning": "mixed-use",
        "accessibility": "road",
        "environmental_impact": "low",
        "proximity_to_city_center": false,
        "public_transport_availability": false,
        "utilities_availability": false,
        "size": 10000,
        "budget": 800000,
        "climate_risk": "medium"
      },
      {
        "name": "Coastal Site D",
        "zoning": "residential",
        "accessibility": "sea",
        "environmental_impact": "medium",
        "proximity_to_city_center": true,
        "public_transport_availability": false,
        "utilities_availability": true,
        "size": 4000,
        "budget": 1800000,
        "climate_risk": "high"
      },
      {
        "name": "Suburban Site B",
        "zoning": "mixed-use",
        "accessibility": "road",
        "environmental_impact": "medium",
        "proximity_to_city_center": false,
        "public_transport_availability": true,
        "utilities_availability": true,
        "size": 8000,
        "budget": 1500000,
        "climate_risk": "low"
      },
      {
        "name": "Downtown Site A",
        "zoning": "commercial",
        "accessibility": "road",
        "environmental_impact": "low",
        "proximity_to_city_center": true,
        "public_transport_availability": true,
        "utilities_availability": true,
        "size": 5000,
        "budget": 2000000,
        "climate_risk": "medium"
      },
      {
        "name": "Forest Edge Site J",
        "zoning": "residential",
        "accessibility": "road",
        "environmental_impact": "medium",
        "proximity_to_city_center": false,
        "public_transport_availability": false,
        "utilities_availability": false,
        "size": 9000,
        "budget": 1100000,
        "climate_risk": "high"
      },
      {
        "name": "Suburban Site G",
        "zoning": "residential",
        "accessibility": "road",
        "environmental_impact": "medium",
        "proximity_to_city_center": false,
        "public_transport_availability": true,
        "utilities_availability": true,
        "size": 7500,
        "budget": 1200000,
        "climate_risk": "low"
      },
      {
        "name": "Urban Site F",
        "zoning": "commercial",
        "accessibility": "road",
        "environmental_impact": "low",
        "proximity_to_city_center": true,
        "public_transport_availability": true,
        "utilities_availability": true,
        "size": 6000,
        "budget": 2500000,
        "climate_risk": "low"
      },
      {
        "name": "Industrial Park C",
        "zoning": "industrial",
        "accessibility": "rail",
        "environmental_impact": "high",
        "proximity_to_city_center": false,
        "public_transport_availability": false,
        "utilities_availability": true,
        "size": 12000,
        "budget": 3000000,
        "climate_risk": "high"
      },
      {
        "name": "Downtown Site H",
        "zoning": "commercial",
        "accessibility": "road",
        "environmental_impact": "high",
        "proximity_to_city_center": true,
        "public_transport_availability": true,
        "utilities_availability": true,
        "size": 5000,
        "budget": 2200000,
        "climate_risk": "medium"
      },
      {
        "name": "Downtown Site C",
        "zoning": "commercial",
        "accessibility": "road",
        "environmental_impact": "high",
        "proximity_to_city_center": false,
        "public_transport_availability": true,
        "utilities_availability": true,
        "size": 5000,
        "budget": 2000000,
        "climate_risk": "high"
      },
      {
        "name": "Downtown Site B",
        "zoning": "commercial",
        "accessibility": "rail",
        "environmental_impact": "high",
        "proximity_to_city_center": true,
        "public_transport_availability": true,
        "utilities_availability": true,
        "size": 5200,
        "budget": 2300000,
        "climate_risk": "medium"
      },
      {
        "name": "Parkland Site I",
        "zoning": "mixed-use",
        "accessibility": "road",
        "environmental_impact": "low",
        "proximity_to_city_center": true,
        "public_transport_availability": true,
        "utilities_availability": true,
        "size": 3000,
        "budget": 900000,
        "climate_risk": "low"
      },
      {
        "name": "Downtown Site A",
        "zoning": "commercial",
        "accessibility": "road",
        "environmental_impact": "medium",
        "proximity_to_city_center": true,
        "public_transport_availability": true,
        "utilities_availability": true,
        "size": 4800,
        "budget": 2100000,
        "climate_risk": "medium"
      }
    ],
    "status": "complete"
  }
]