[
  {
    "domain": "Gaming Interfaces",
    "turns": [
      [
        "I'm looking for a console gaming interface with a usability score around 82. Do you have any recommendations?",
        {
          "name": null,
          "interface_type": "Console",
          "usability_score": 82,
          "feedback_mechanisms": null,
          "user_engagement_level": null
        },
        "The closest options are the Nintendo Switch with a score of 82, but it has a medium engagement level. Would that work for you?"
      ],
      [
        "That sounds good! Does it support visual feedback mechanisms?",
        {
          "name": "Nintendo Switch",
          "interface_type": "Console",
          "usability_score": 82,
          "feedback_mechanisms": "Visual",
          "user_engagement_level": "Medium"
        },
        "Yes, the Nintendo Switch offers visual feedback mechanisms. Would you like to go with it?"
      ],
      [
        "Yes, let's finalize the Nintendo Switch!",
        {
          "name": "Nintendo Switch",
          "interface_type": "Console",
          "usability_score": 82,
          "feedback_mechanisms": "Visual",
          "user_engagement_level": "Medium"
        },
        "Great choice! The Nintendo Switch it is!"
      ]
    ],
    "preferences_code": "```python\npreferences = GamingInterfaceCriteria(\n    name='Nintendo Switch',\n    interface_type='Console',\n    usability_score=82,\n    feedback_mechanisms='Visual',\n    user_engagement_level='Medium'\n)\n```",
    "red_herrings_code": "```python\n# Global variable representing a list of similar Gaming Interfaces\nsimilar_gaming_interfaces = [\n    GamingInterfaceKnowledge(\n        name='PlayStation 5',\n        interface_type='Console',\n        usability_score=90,\n        feedback_mechanisms='Audio',\n        user_engagement_level='High',\n    ),\n    GamingInterfaceKnowledge(\n        name='Xbox One',\n        interface_type='Console',\n        usability_score=85,\n        feedback_mechanisms='Audio',\n        user_engagement_level='Medium',\n    ),\n    GamingInterfaceKnowledge(\n        name='Nintendo Switch',\n        interface_type='Console',\n        usability_score=82,\n        feedback_mechanisms='Visual',\n        user_engagement_level='Medium',\n    ),\n]\n```",
    "database_code": "```python\n# Global variable representing a list of Gaming Interfaces examples\ngaming_interfaces_examples = [\n    GamingInterfaceKnowledge(\n        name=\"Oculus Quest 2\",\n        interface_type=\"VR\",\n        usability_score=85,\n        feedback_mechanisms=\"Haptic\",\n        user_engagement_level=\"High\"\n    ),\n    GamingInterfaceKnowledge(\n        name=\"PlayStation 5\",\n        interface_type=\"Console\",\n        usability_score=90,\n        feedback_mechanisms=\"Audio\",\n        user_engagement_level=\"High\"\n    ),\n    GamingInterfaceKnowledge(\n        name=\"Xbox Series X\",\n        interface_type=\"Console\",\n        usability_score=88,\n        feedback_mechanisms=\"Audio\",\n        user_engagement_level=\"Medium\"\n    ),\n    GamingInterfaceKnowledge(\n        name=\"Nintendo Switch\",\n        interface_type=\"Console\",\n        usability_score=80,\n        feedback_mechanisms=\"Visual\",\n        user_engagement_level=\"Medium\"\n    ),\n    GamingInterfaceKnowledge(\n        name=\"Razer Phone\",\n        interface_type=\"Mobile\",\n        usability_score=75,\n        feedback_mechanisms=\"None\",\n        user_engagement_level=\"Low\"\n    ),\n    GamingInterfaceKnowledge(\n        name=\"iPhone 14\",\n        interface_type=\"Mobile\",\n        usability_score=82,\n        feedback_mechanisms=\"Visual\",\n        user_engagement_level=\"Medium\"\n    ),\n    GamingInterfaceKnowledge(\n        name=\"Valve Index\",\n        interface_type=\"VR\",\n        usability_score=92,\n        feedback_mechanisms=\"Haptic\",\n        user_engagement_level=\"High\"\n    ),\n    GamingInterfaceKnowledge(\n        name=\"Gaming Laptop XYZ\",\n        interface_type=\"PC\",\n        usability_score=87,\n        feedback_mechanisms=\"Audio\",\n        user_engagement_level=\"High\"\n    ),\n    GamingInterfaceKnowledge(\n        name=\"Google Stadia\",\n        interface_type=\"PC\",\n        usability_score=70,\n        feedback_mechanisms=\"Visual\",\n        user_engagement_level=\"Low\"\n    ),\n    GamingInterfaceKnowledge(\n        name=\"HTC Vive\",\n        interface_type=\"VR\",\n        usability_score=84,\n        feedback_mechanisms=\"Haptic\",\n        user_engagement_level=\"Medium\"\n    )\n]\n```",
    "goal": {
      "name": null,
      "interface_type": "Console",
      "usability_score": 82,
      "feedback_mechanisms": "Visual",
      "user_engagement_level": "Medium"
    },
    "database": [
      {
        "name": "Valve Index",
        "interface_type": "VR",
        "usability_score": 92,
        "feedback_mechanisms": "Haptic",
        "user_engagement_level": "High"
      },
      {
        "name": "iPhone 14",
        "interface_type": "Mobile",
        "usability_score": 82,
        "feedback_mechanisms": "Visual",
        "user_engagement_level": "Medium"
      },
      {
        "name": "Gaming Laptop XYZ",
        "interface_type": "PC",
        "usability_score": 87,
        "feedback_mechanisms": "Audio",
        "user_engagement_level": "High"
      },
      {
        "name": "PlayStation 5",
        "interface_type": "Console",
        "usability_score": 90,
        "feedback_mechanisms": "Audio",
        "user_engagement_level": "High"
      },
      {
        "name": "Razer Phone",
        "interface_type": "Mobile",
        "usability_score": 75,
        "feedback_mechanisms": "None",
        "user_engagement_level": "Low"
      },
      {
        "name": "Google Stadia",
        "interface_type": "PC",
        "usability_score": 70,
        "feedback_mechanisms": "Visual",
        "user_engagement_level": "Low"
      },
      {
        "name": "PlayStation 5",
        "interface_type": "Console",
        "usability_score": 90,
        "feedback_mechanisms": "Audio",
        "user_engagement_level": "High"
      },
      {
        "name": "Xbox Series X",
        "interface_type": "Console",
        "usability_score": 88,
        "feedback_mechanisms": "Audio",
        "user_engagement_level": "Medium"
      },
      {
        "name": "Xbox One",
        "interface_type": "Console",
        "usability_score": 85,
        "feedback_mechanisms": "Audio",
        "user_engagement_level": "Medium"
      },
      {
        "name": "Nintendo Switch",
        "interface_type": "Console",
        "usability_score": 82,
        "feedback_mechanisms": "Visual",
        "user_engagement_level": "Medium"
      },
      {
        "name": "Oculus Quest 2",
        "interface_type": "VR",
        "usability_score": 85,
        "feedback_mechanisms": "Haptic",
        "user_engagement_level": "High"
      },
      {
        "name": "Nintendo Switch",
        "interface_type": "Console",
        "usability_score": 80,
        "feedback_mechanisms": "Visual",
        "user_engagement_level": "Medium"
      },
      {
        "name": "HTC Vive",
        "interface_type": "VR",
        "usability_score": 84,
        "feedback_mechanisms": "Haptic",
        "user_engagement_level": "Medium"
      }
    ],
    "status": "complete"
  },
  {
    "domain": "Feedback Mechanisms",
    "turns": [
      [
        "Thanks! Now, can you suggest any visual feedback mechanisms that are informative?",
        {
          "name": "Nintendo Switch",
          "feedback_type": "visual",
          "user_preference": "informative",
          "engagement_level": "medium",
          "frequency": null,
          "adaptability": null,
          "complexity": null
        },
        "Sure! You might like \"Visual Cues\" or \"Progress Indicators\" for informative visual feedback. Would you like more details on either?"
      ],
      [
        "Yes, can you tell me more about \"Progress Indicators\"?",
        {
          "name": "Progress Indicators",
          "feedback_type": "visual",
          "user_preference": "informative",
          "engagement_level": "medium",
          "frequency": null,
          "adaptability": null,
          "complexity": null
        },
        "\"Progress Indicators\" provide frequent, informative visual feedback and are simple in complexity. Interested in using them?"
      ],
      [
        "I prefer something with rare frequency; do you have alternatives for that?",
        {
          "name": null,
          "feedback_type": "visual",
          "user_preference": "informative",
          "engagement_level": "medium",
          "frequency": "rare",
          "adaptability": null,
          "complexity": "simple"
        },
        "You could consider \"Visual Notifications,\" which are informative and have rare frequency. Does that sound good?"
      ],
      [
        "Yes, \"Visual Notifications\" sounds perfect! Let's go with that!",
        {
          "name": "Visual Notifications",
          "feedback_type": "visual",
          "user_preference": "informative",
          "engagement_level": "low",
          "frequency": "rare",
          "adaptability": null,
          "complexity": "simple"
        },
        "Awesome choice! \"Visual Notifications\" it is!"
      ]
    ],
    "preferences_code": "```python\npreferences = FeedbackMechanismCriteria(\n    name='Visual Notifications',\n    feedback_type='visual',\n    user_preference='informative',\n    engagement_level='low',\n    frequency='rare',\n    adaptability=True,\n    complexity='simple',\n)\n```",
    "red_herrings_code": "```python\n# Global variable containing a list of Feedback Mechanism examples\nfeedback_mechanisms = [\n    FeedbackMechanism(\n        name='Background Music',\n        feedback_type='auditory',\n        user_preference='immersive',\n        engagement_level='medium',\n        frequency='occasional',\n        adaptability=False,\n        complexity='complex',\n    ),\n    FeedbackMechanism(\n        name='Visual Notifications',\n        feedback_type='visual',\n        user_preference='informative',\n        engagement_level='low',\n        frequency='rare',\n        adaptability=True,\n        complexity='simple',\n    ),\n    FeedbackMechanism(\n        name='Vibration Alerts',\n        feedback_type='haptic',\n        user_preference='minimalist',\n        engagement_level='medium',\n        frequency='occasional',\n        adaptability=False,\n        complexity='moderate',\n    )\n]\n```",
    "database_code": "```python\n# Global variable containing a list of Feedback Mechanism examples\nfeedback_mechanisms = [\n    FeedbackMechanism(\n        name=\"Visual Cues\",\n        feedback_type=\"visual\",\n        user_preference=\"informative\",\n        engagement_level=\"high\",\n        frequency=\"frequent\",\n        adaptability=True,\n        complexity=\"simple\"\n    ),\n    FeedbackMechanism(\n        name=\"Sound Alerts\",\n        feedback_type=\"auditory\",\n        user_preference=\"immersive\",\n        engagement_level=\"medium\",\n        frequency=\"occasional\",\n        adaptability=False,\n        complexity=\"moderate\"\n    ),\n    FeedbackMechanism(\n        name=\"Vibration Feedback\",\n        feedback_type=\"haptic\",\n        user_preference=\"minimalist\",\n        engagement_level=\"high\",\n        frequency=\"frequent\",\n        adaptability=True,\n        complexity=\"simple\"\n    ),\n    FeedbackMechanism(\n        name=\"Tooltip Messages\",\n        feedback_type=\"textual\",\n        user_preference=\"informative\",\n        engagement_level=\"medium\",\n        frequency=\"occasional\",\n        adaptability=False,\n        complexity=\"moderate\"\n    ),\n    FeedbackMechanism(\n        name=\"On-Screen Prompts\",\n        feedback_type=\"visual\",\n        user_preference=\"immersive\",\n        engagement_level=\"high\",\n        frequency=\"frequent\",\n        adaptability=True,\n        complexity=\"moderate\"\n    ),\n    FeedbackMechanism(\n        name=\"Background Music\",\n        feedback_type=\"auditory\",\n        user_preference=\"immersive\",\n        engagement_level=\"medium\",\n        frequency=\"rare\",\n        adaptability=False,\n        complexity=\"complex\"\n    ),\n    FeedbackMechanism(\n        name=\"Progress Indicators\",\n        feedback_type=\"visual\",\n        user_preference=\"informative\",\n        engagement_level=\"high\",\n        frequency=\"frequent\",\n        adaptability=True,\n        complexity=\"simple\"\n    ),\n    FeedbackMechanism(\n        name=\"Haptic Feedback\",\n        feedback_type=\"haptic\",\n        user_preference=\"minimalist\",\n        engagement_level=\"high\",\n        frequency=\"occasional\",\n        adaptability=True,\n        complexity=\"moderate\"\n    ),\n    FeedbackMechanism(\n        name=\"Error Notifications\",\n        feedback_type=\"textual\",\n        user_preference=\"informative\",\n        engagement_level=\"medium\",\n        frequency=\"frequent\",\n        adaptability=False,\n        complexity=\"simple\"\n    ),\n    FeedbackMechanism(\n        name=\"Ambient Sounds\",\n        feedback_type=\"auditory\",\n        user_preference=\"immersive\",\n        engagement_level=\"low\",\n        frequency=\"rare\",\n        adaptability=False,\n        complexity=\"complex\"\n    )\n]\n```",
    "goal": {
      "name": null,
      "feedback_type": "visual",
      "user_preference": "informative",
      "engagement_level": "low",
      "frequency": "rare",
      "adaptability": true,
      "complexity": "simple"
    },
    "database": [
      {
        "name": "Visual Cues",
        "feedback_type": "visual",
        "user_preference": "informative",
        "engagement_level": "high",
        "frequency": "frequent",
        "adaptability": true,
        "complexity": "simple"
      },
      {
        "name": "Ambient Sounds",
        "feedback_type": "auditory",
        "user_preference": "immersive",
        "engagement_level": "low",
        "frequency": "rare",
        "adaptability": false,
        "complexity": "complex"
      },
      {
        "name": "Background Music",
        "feedback_type": "auditory",
        "user_preference": "immersive",
        "engagement_level": "medium",
        "frequency": "occasional",
        "adaptability": false,
        "complexity": "complex"
      },
      {
        "name": "Progress Indicators",
        "feedback_type": "visual",
        "user_preference": "informative",
        "engagement_level": "high",
        "frequency": "frequent",
        "adaptability": true,
        "complexity": "simple"
      },
      {
        "name": "Haptic Feedback",
        "feedback_type": "haptic",
        "user_preference": "minimalist",
        "engagement_level": "high",
        "frequency": "occasional",
        "adaptability": true,
        "complexity": "moderate"
      },
      {
        "name": "Sound Alerts",
        "feedback_type": "auditory",
        "user_preference": "immersive",
        "engagement_level": "medium",
        "frequency": "occasional",
        "adaptability": false,
        "complexity": "moderate"
      },
      {
        "name": "Visual Notifications",
        "feedback_type": "visual",
        "user_preference": "informative",
        "engagement_level": "low",
        "frequency": "rare",
        "adaptability": true,
        "complexity": "simple"
      },
      {
        "name": "Vibration Alerts",
        "feedback_type": "haptic",
        "user_preference": "minimalist",
        "engagement_level": "medium",
        "frequency": "occasional",
        "adaptability": false,
        "complexity": "moderate"
      },
      {
        "name": "Vibration Feedback",
        "feedback_type": "haptic",
        "user_preference": "minimalist",
        "engagement_level": "high",
        "frequency": "frequent",
        "adaptability": true,
        "complexity": "simple"
      },
      {
        "name": "Error Notifications",
        "feedback_type": "textual",
        "user_preference": "informative",
        "engagement_level": "medium",
        "frequency": "frequent",
        "adaptability": false,
        "complexity": "simple"
      },
      {
        "name": "On-Screen Prompts",
        "feedback_type": "visual",
        "user_preference": "immersive",
        "engagement_level": "high",
        "frequency": "frequent",
        "adaptability": true,
        "complexity": "moderate"
      },
      {
        "name": "Tooltip Messages",
        "feedback_type": "textual",
        "user_preference": "informative",
        "engagement_level": "medium",
        "frequency": "occasional",
        "adaptability": false,
        "complexity": "moderate"
      },
      {
        "name": "Background Music",
        "feedback_type": "auditory",
        "user_preference": "immersive",
        "engagement_level": "medium",
        "frequency": "rare",
        "adaptability": false,
        "complexity": "complex"
      }
    ],
    "status": "complete"
  },
  {
    "domain": "User Engagement Methods",
    "turns": [
      [
        "Thanks! Now, can you help me find a User Engagement Method that fits my criteria?",
        {
          "name": null,
          "engagement_strategy": null,
          "duration": null,
          "target_audience": null,
          "feedback_mechanism": null,
          "complexity": null,
          "cost_efficiency": null
        },
        "Of course! What specific criteria are you looking for in a User Engagement Method?"
      ],
      [
        "I'm focusing on short-term engagement, real-time feedback, and low cost efficiency.",
        {
          "name": null,
          "engagement_strategy": null,
          "duration": "short-term",
          "target_audience": null,
          "feedback_mechanism": "real-time",
          "complexity": null,
          "cost_efficiency": "low"
        },
        "Based on your criteria, the \"Referral Program\" could be a good fit. Would you like to go with that?"
      ],
      [
        "That sounds interesting! Can you tell me more about how it works?",
        {
          "name": "Referral Program",
          "engagement_strategy": null,
          "duration": "short-term",
          "target_audience": null,
          "feedback_mechanism": "real-time",
          "complexity": null,
          "cost_efficiency": "low"
        },
        "The \"Referral Program\" encourages users to invite friends, rewarding both parties, and provides real-time feedback. Interested in implementing it?"
      ],
      [
        "Yes, let's implement the \"Referral Program\"!",
        {
          "name": "Referral Program",
          "engagement_strategy": "rewards",
          "duration": "short-term",
          "target_audience": null,
          "feedback_mechanism": "real-time",
          "complexity": null,
          "cost_efficiency": "low"
        },
        "Great choice! The \"Referral Program\" is all set for implementation!"
      ]
    ],
    "preferences_code": "```python\npreferences = UserEngagementCriteria(\n    name='Referral Program',\n    engagement_strategy='social_interaction',\n    duration='short-term',\n    target_audience='new_users',\n    feedback_mechanism='real-time',\n    complexity='simple',\n    cost_efficiency='low',\n)\n```",
    "red_herrings_code": "```python\n# Global variable containing a list of User Engagement Methods examples\nuser_engagement_methods = [\n    UserEngagementMethod(\n        name='Social Sharing Rewards',\n        engagement_strategy='social_interaction',\n        duration='medium-term',\n        target_audience='returning_users',\n        feedback_mechanism='real-time',\n        complexity='simple',\n        cost_efficiency='high',\n    ),\n    UserEngagementMethod(\n        name='User-Generated Content Incentives',\n        engagement_strategy='social_interaction',\n        duration='long-term',\n        target_audience='all_users',\n        feedback_mechanism='delayed',\n        complexity='moderate',\n        cost_efficiency='medium',\n    ),\n    UserEngagementMethod(\n        name='Referral Program',\n        engagement_strategy='social_interaction',\n        duration='short-term',\n        target_audience='new_users',\n        feedback_mechanism='real-time',\n        complexity='simple',\n        cost_efficiency='low',\n    ),\n]\n```",
    "database_code": "```python\n# Global variable representing a list of User Engagement Methods examples\nuser_engagement_methods = [\n    UserEngagementMethod(\n        name=\"Gamified Onboarding\",\n        engagement_strategy=\"gamification\",\n        duration=\"short-term\",\n        target_audience=\"new_users\",\n        feedback_mechanism=\"real-time\",\n        complexity=\"simple\",\n        cost_efficiency=\"high\"\n    ),\n    UserEngagementMethod(\n        name=\"Personalized Recommendations\",\n        engagement_strategy=\"personalization\",\n        duration=\"long-term\",\n        target_audience=\"all_users\",\n        feedback_mechanism=\"delayed\",\n        complexity=\"moderate\",\n        cost_efficiency=\"medium\"\n    ),\n    UserEngagementMethod(\n        name=\"Social Sharing Incentives\",\n        engagement_strategy=\"social_interaction\",\n        duration=\"medium-term\",\n        target_audience=\"returning_users\",\n        feedback_mechanism=\"real-time\",\n        complexity=\"moderate\",\n        cost_efficiency=\"medium\"\n    ),\n    UserEngagementMethod(\n        name=\"Reward Points System\",\n        engagement_strategy=\"rewards\",\n        duration=\"long-term\",\n        target_audience=\"all_users\",\n        feedback_mechanism=\"real-time\",\n        complexity=\"complex\",\n        cost_efficiency=\"low\"\n    ),\n    UserEngagementMethod(\n        name=\"Daily Challenges\",\n        engagement_strategy=\"gamification\",\n        duration=\"short-term\",\n        target_audience=\"new_users\",\n        feedback_mechanism=\"real-time\",\n        complexity=\"simple\",\n        cost_efficiency=\"high\"\n    ),\n    UserEngagementMethod(\n        name=\"User Feedback Surveys\",\n        engagement_strategy=\"personalization\",\n        duration=\"medium-term\",\n        target_audience=\"all_users\",\n        feedback_mechanism=\"delayed\",\n        complexity=\"moderate\",\n        cost_efficiency=\"medium\"\n    ),\n    UserEngagementMethod(\n        name=\"Community Events\",\n        engagement_strategy=\"social_interaction\",\n        duration=\"long-term\",\n        target_audience=\"returning_users\",\n        feedback_mechanism=\"no_feedback\",\n        complexity=\"complex\",\n        cost_efficiency=\"low\"\n    ),\n    UserEngagementMethod(\n        name=\"Achievement Badges\",\n        engagement_strategy=\"gamification\",\n        duration=\"medium-term\",\n        target_audience=\"all_users\",\n        feedback_mechanism=\"real-time\",\n        complexity=\"simple\",\n        cost_efficiency=\"high\"\n    ),\n    UserEngagementMethod(\n        name=\"Seasonal Promotions\",\n        engagement_strategy=\"rewards\",\n        duration=\"short-term\",\n        target_audience=\"new_users\",\n        feedback_mechanism=\"delayed\",\n        complexity=\"moderate\",\n        cost_efficiency=\"medium\"\n    ),\n    UserEngagementMethod(\n        name=\"Referral Programs\",\n        engagement_strategy=\"social_interaction\",\n        duration=\"long-term\",\n        target_audience=\"returning_users\",\n        feedback_mechanism=\"real-time\",\n        complexity=\"complex\",\n        cost_efficiency=\"low\"\n    )\n]\n```",
    "goal": {
      "name": null,
      "engagement_strategy": null,
      "duration": "short-term",
      "target_audience": null,
      "feedback_mechanism": "real-time",
      "complexity": null,
      "cost_efficiency": "low"
    },
    "database": [
      {
        "name": "Community Events",
        "engagement_strategy": "social_interaction",
        "duration": "long-term",
        "target_audience": "returning_users",
        "feedback_mechanism": "no_feedback",
        "complexity": "complex",
        "cost_efficiency": "low"
      },
      {
        "name": "Social Sharing Incentives",
        "engagement_strategy": "social_interaction",
        "duration": "medium-term",
        "target_audience": "returning_users",
        "feedback_mechanism": "real-time",
        "complexity": "moderate",
        "cost_efficiency": "medium"
      },
      {
        "name": "Achievement Badges",
        "engagement_strategy": "gamification",
        "duration": "medium-term",
        "target_audience": "all_users",
        "feedback_mechanism": "real-time",
        "complexity": "simple",
        "cost_efficiency": "high"
      },
      {
        "name": "Seasonal Promotions",
        "engagement_strategy": "rewards",
        "duration": "short-term",
        "target_audience": "new_users",
        "feedback_mechanism": "delayed",
        "complexity": "moderate",
        "cost_efficiency": "medium"
      },
      {
        "name": "Gamified Onboarding",
        "engagement_strategy": "gamification",
        "duration": "short-term",
        "target_audience": "new_users",
        "feedback_mechanism": "real-time",
        "complexity": "simple",
        "cost_efficiency": "high"
      },
      {
        "name": "User Feedback Surveys",
        "engagement_strategy": "personalization",
        "duration": "medium-term",
        "target_audience": "all_users",
        "feedback_mechanism": "delayed",
        "complexity": "moderate",
        "cost_efficiency": "medium"
      },
      {
        "name": "Daily Challenges",
        "engagement_strategy": "gamification",
        "duration": "short-term",
        "target_audience": "new_users",
        "feedback_mechanism": "real-time",
        "complexity": "simple",
        "cost_efficiency": "high"
      },
      {
        "name": "User-Generated Content Incentives",
        "engagement_strategy": "social_interaction",
        "duration": "long-term",
        "target_audience": "all_users",
        "feedback_mechanism": "delayed",
        "complexity": "moderate",
        "cost_efficiency": "medium"
      },
      {
        "name": "Social Sharing Rewards",
        "engagement_strategy": "social_interaction",
        "duration": "medium-term",
        "target_audience": "returning_users",
        "feedback_mechanism": "real-time",
        "complexity": "simple",
        "cost_efficiency": "high"
      },
      {
        "name": "Reward Points System",
        "engagement_strategy": "rewards",
        "duration": "long-term",
        "target_audience": "all_users",
        "feedback_mechanism": "real-time",
        "complexity": "complex",
        "cost_efficiency": "low"
      },
      {
        "name": "Referral Program",
        "engagement_strategy": "social_interaction",
        "duration": "short-term",
        "target_audience": "new_users",
        "feedback_mechanism": "real-time",
        "complexity": "simple",
        "cost_efficiency": "low"
      },
      {
        "name": "Personalized Recommendations",
        "engagement_strategy": "personalization",
        "duration": "long-term",
        "target_audience": "all_users",
        "feedback_mechanism": "delayed",
        "complexity": "moderate",
        "cost_efficiency": "medium"
      },
      {
        "name": "Referral Programs",
        "engagement_strategy": "social_interaction",
        "duration": "long-term",
        "target_audience": "returning_users",
        "feedback_mechanism": "real-time",
        "complexity": "complex",
        "cost_efficiency": "low"
      }
    ],
    "status": "complete"
  }
]