[
  {
    "domain": "Poem Themes",
    "turns": [
      [
        "Hey, I'm looking for a poem theme with a serene mood; any suggestions?",
        {
          "name": null,
          "theme_type": null,
          "stylistic_device": null,
          "mood": "serene",
          "historical_period": null,
          "cultural_influence": null,
          "length": null
        },
        "Sure! Do you have a preference for the theme type, like nature, love, or something else?"
      ],
      [
        "I'm leaning towards nature themes, especially influenced by Romantic Era poetry.",
        {
          "name": null,
          "theme_type": "nature",
          "stylistic_device": null,
          "mood": "serene",
          "historical_period": "Romantic",
          "cultural_influence": null,
          "length": null
        },
        "Great choice! How about \"Whispers of Nature\" or \"Echoes of the Forest\"? Both fit your criteria!"
      ],
      [
        "I love \"Whispers of Nature\"! Does it incorporate imagery and metaphor?",
        {
          "name": "Whispers of Nature",
          "theme_type": "nature",
          "stylistic_device": [
            "imagery",
            "metaphor"
          ],
          "mood": "serene",
          "historical_period": "Romantic",
          "cultural_influence": null,
          "length": null
        },
        "\"Whispers of Nature\" includes imagery, but not metaphor. Would you like to consider another option?"
      ],
      [
        "Yes, let's explore another option that includes both imagery and metaphor. Any ideas?",
        {
          "name": null,
          "theme_type": "nature",
          "stylistic_device": [
            "imagery",
            "metaphor"
          ],
          "mood": "serene",
          "historical_period": "Romantic",
          "cultural_influence": null,
          "length": null
        },
        "You might like \"Echoes of the Forest,\" which includes both imagery and metaphor. What do you think?"
      ],
      [
        "\"Echoes of the Forest\" sounds perfect! Let's go with that.",
        {
          "name": "Echoes of the Forest",
          "theme_type": "nature",
          "stylistic_device": [
            "imagery",
            "metaphor"
          ],
          "mood": "serene",
          "historical_period": "Romantic",
          "cultural_influence": null,
          "length": null
        },
        "Awesome choice! \"Echoes of the Forest\" it is! Happy writing!"
      ]
    ],
    "preferences_code": "```python\npreferences = PoemThemeCriteria(\n    name='Echoes of the Forest',\n    theme_type='nature',\n    stylistic_device=['imagery', 'metaphor'],\n    mood='serene',\n    historical_period='Romantic Era',\n    cultural_influence='Nature Poetry',\n    length='medium'\n)\n```",
    "red_herrings_code": "```python\n# Global variable representing a list of similar Poem Themes\nsimilar_poemthemes = [\n    PoemTheme(\n        name='Echoes of the Forest',\n        theme_type='nature',\n        stylistic_device=['imagery', 'metaphor'],\n        mood='serene',\n        historical_period='Romantic Era',\n        cultural_influence='Nature Poetry',\n        length='medium',\n    ),\n    PoemTheme(\n        name='Songs of the Sea',\n        theme_type='nature',\n        stylistic_device=['personification'],\n        mood='joyful',\n        historical_period='Victorian Era',\n        cultural_influence='Maritime Literature',\n        length='medium',\n    ),\n    PoemTheme(\n        name='Reflections in the Meadow',\n        theme_type='nature',\n        stylistic_device=['imagery'],\n        mood='reflective',\n        historical_period='Romantic Era',\n        cultural_influence='Nature Poetry',\n        length='long',\n    )\n]\n```",
    "database_code": "```python\n# Global variable holding a list of example Poem Themes\npoem_themes_examples = [\n    PoemTheme(\n        name=\"Whispers of Nature\",\n        theme_type=\"nature\",\n        stylistic_device=[\"imagery\", \"personification\"],\n        mood=\"serene\",\n        historical_period=\"Romantic Era\",\n        cultural_influence=\"Nature Poetry\",\n        length=\"medium\"\n    ),\n    PoemTheme(\n        name=\"Love's Embrace\",\n        theme_type=\"love\",\n        stylistic_device=[\"metaphor\", \"simile\"],\n        mood=\"joyful\",\n        historical_period=\"Victorian Era\",\n        cultural_influence=\"Romanticism\",\n        length=\"long\"\n    ),\n    PoemTheme(\n        name=\"Echoes of War\",\n        theme_type=\"war\",\n        stylistic_device=[\"imagery\", \"alliteration\"],\n        mood=\"melancholic\",\n        historical_period=\"World War I\",\n        cultural_influence=\"War Poetry\",\n        length=\"short\"\n    ),\n    PoemTheme(\n        name=\"Journey Within\",\n        theme_type=\"spirituality\",\n        stylistic_device=[\"metaphor\", \"imagery\"],\n        mood=\"reflective\",\n        historical_period=\"Modern Era\",\n        cultural_influence=\"Transcendentalism\",\n        length=\"medium\"\n    ),\n    PoemTheme(\n        name=\"Identity Quest\",\n        theme_type=\"identity\",\n        stylistic_device=[\"personification\", \"metaphor\"],\n        mood=\"bold\",\n        historical_period=\"Contemporary\",\n        cultural_influence=\"Postmodernism\",\n        length=\"long\"\n    ),\n    PoemTheme(\n        name=\"Nature's Symphony\",\n        theme_type=\"nature\",\n        stylistic_device=[\"imagery\", \"alliteration\"],\n        mood=\"joyful\",\n        historical_period=\"Romantic Era\",\n        cultural_influence=\"Nature Poetry\",\n        length=\"short\"\n    ),\n    PoemTheme(\n        name=\"The Call of Duty\",\n        theme_type=\"war\",\n        stylistic_device=[\"metaphor\"],\n        mood=\"bold\",\n        historical_period=\"World War II\",\n        cultural_influence=\"War Poetry\",\n        length=\"medium\"\n    ),\n    PoemTheme(\n        name=\"Spiritual Awakening\",\n        theme_type=\"spirituality\",\n        stylistic_device=[\"imagery\", \"simile\"],\n        mood=\"reflective\",\n        historical_period=\"Modern Era\",\n        cultural_influence=\"Mysticism\",\n        length=\"long\"\n    ),\n    PoemTheme(\n        name=\"Love's Lament\",\n        theme_type=\"love\",\n        stylistic_device=[\"personification\", \"imagery\"],\n        mood=\"melancholic\",\n        historical_period=\"Romantic Era\",\n        cultural_influence=\"Romanticism\",\n        length=\"medium\"\n    ),\n    PoemTheme(\n        name=\"Cultural Roots\",\n        theme_type=\"identity\",\n        stylistic_device=[\"metaphor\", \"alliteration\"],\n        mood=\"serene\",\n        historical_period=\"Contemporary\",\n        cultural_influence=\"Cultural Studies\",\n        length=\"short\"\n    )\n]\n```",
    "goal": {
      "name": null,
      "theme_type": null,
      "stylistic_device": [
        "imagery",
        "metaphor"
      ],
      "mood": "serene",
      "historical_period": "Romantic Era",
      "cultural_influence": "Nature Poetry",
      "length": "medium"
    },
    "database": [
      {
        "name": "Reflections in the Meadow",
        "theme_type": "nature",
        "stylistic_device": [
          "imagery"
        ],
        "mood": "reflective",
        "historical_period": "Romantic Era",
        "cultural_influence": "Nature Poetry",
        "length": "long"
      },
      {
        "name": "Cultural Roots",
        "theme_type": "identity",
        "stylistic_device": [
          "metaphor",
          "alliteration"
        ],
        "mood": "serene",
        "historical_period": "Contemporary",
        "cultural_influence": "Cultural Studies",
        "length": "short"
      },
      {
        "name": "Nature's Symphony",
        "theme_type": "nature",
        "stylistic_device": [
          "imagery",
          "alliteration"
        ],
        "mood": "joyful",
        "historical_period": "Romantic Era",
        "cultural_influence": "Nature Poetry",
        "length": "short"
      },
      {
        "name": "Spiritual Awakening",
        "theme_type": "spirituality",
        "stylistic_device": [
          "imagery",
          "simile"
        ],
        "mood": "reflective",
        "historical_period": "Modern Era",
        "cultural_influence": "Mysticism",
        "length": "long"
      },
      {
        "name": "The Call of Duty",
        "theme_type": "war",
        "stylistic_device": [
          "metaphor"
        ],
        "mood": "bold",
        "historical_period": "World War II",
        "cultural_influence": "War Poetry",
        "length": "medium"
      },
      {
        "name": "Whispers of Nature",
        "theme_type": "nature",
        "stylistic_device": [
          "imagery",
          "personification"
        ],
        "mood": "serene",
        "historical_period": "Romantic Era",
        "cultural_influence": "Nature Poetry",
        "length": "medium"
      },
      {
        "name": "Songs of the Sea",
        "theme_type": "nature",
        "stylistic_device": [
          "personification"
        ],
        "mood": "joyful",
        "historical_period": "Victorian Era",
        "cultural_influence": "Maritime Literature",
        "length": "medium"
      },
      {
        "name": "Love's Lament",
        "theme_type": "love",
        "stylistic_device": [
          "personification",
          "imagery"
        ],
        "mood": "melancholic",
        "historical_period": "Romantic Era",
        "cultural_influence": "Romanticism",
        "length": "medium"
      },
      {
        "name": "Echoes of the Forest",
        "theme_type": "nature",
        "stylistic_device": [
          "imagery",
          "metaphor"
        ],
        "mood": "serene",
        "historical_period": "Romantic Era",
        "cultural_influence": "Nature Poetry",
        "length": "medium"
      },
      {
        "name": "Identity Quest",
        "theme_type": "identity",
        "stylistic_device": [
          "personification",
          "metaphor"
        ],
        "mood": "bold",
        "historical_period": "Contemporary",
        "cultural_influence": "Postmodernism",
        "length": "long"
      },
      {
        "name": "Echoes of War",
        "theme_type": "war",
        "stylistic_device": [
          "imagery",
          "alliteration"
        ],
        "mood": "melancholic",
        "historical_period": "World War I",
        "cultural_influence": "War Poetry",
        "length": "short"
      },
      {
        "name": "Journey Within",
        "theme_type": "spirituality",
        "stylistic_device": [
          "metaphor",
          "imagery"
        ],
        "mood": "reflective",
        "historical_period": "Modern Era",
        "cultural_influence": "Transcendentalism",
        "length": "medium"
      },
      {
        "name": "Love's Embrace",
        "theme_type": "love",
        "stylistic_device": [
          "metaphor",
          "simile"
        ],
        "mood": "joyful",
        "historical_period": "Victorian Era",
        "cultural_influence": "Romanticism",
        "length": "long"
      }
    ],
    "status": "complete"
  },
  {
    "domain": "Stylistic Devices",
    "turns": [
      [
        "Thanks! Now, can you help me find a good symbolism device that\u2019s simple and subtle?",
        {
          "name": null,
          "device_type": "Symbolism",
          "complexity_level": "Simple",
          "frequency_of_use": null,
          "impact_strength": "Subtle"
        },
        "Sure! Are you looking for something frequently used or do occasional devices work for you?"
      ],
      [
        "I'm aiming for something frequently used; it feels more natural in my work.",
        {
          "name": null,
          "device_type": "Symbolism",
          "complexity_level": "Simple",
          "frequency_of_use": "Frequent",
          "impact_strength": "Subtle"
        },
        "In that case, \"Imagery\" fits your criteria\u2014it's simple, subtle, and frequently used. How does that sound?"
      ],
      [
        "\"Imagery\" sounds great! Let's finalize that as my stylistic device.",
        {
          "name": "Imagery",
          "device_type": "Symbolism",
          "complexity_level": "Simple",
          "frequency_of_use": "Frequent",
          "impact_strength": "Subtle"
        },
        "Perfect! \"Imagery\" is all set for your work. Happy creating!"
      ]
    ],
    "preferences_code": "```python\npreferences = StylisticDeviceCriteria(\n    name='Imagery',\n    device_type='Symbolism',\n    complexity_level='Simple',\n    frequency_of_use='Frequent',\n    impact_strength='Subtle'\n)\n```",
    "red_herrings_code": "```python\n# Global variable representing a list of similar Stylistic Devices examples\nsimilar_stylistic_devices = [\n    StylisticDeviceKnowledge(\n        name='Allegory',\n        device_type='Symbolism',\n        complexity_level='Complex',\n        frequency_of_use='Occasional',\n        impact_strength='Strong'\n    ),\n    StylisticDeviceKnowledge(\n        name='Metaphor',\n        device_type='Metaphor',\n        complexity_level='Moderate',\n        frequency_of_use='Frequent',\n        impact_strength='Moderate'\n    ),\n    StylisticDeviceKnowledge(\n        name='Imagery',\n        device_type='Symbolism',\n        complexity_level='Simple',\n        frequency_of_use='Frequent',\n        impact_strength='Subtle'\n    )\n]\n```",
    "database_code": "```python\n# Global variable representing a list of Stylistic Devices examples\nstylistic_devices_examples = [\n    StylisticDeviceKnowledge(name=\"Metaphor\", device_type=\"Metaphor\", complexity_level=\"Moderate\", \n                             frequency_of_use=\"Frequent\", impact_strength=\"Strong\"),\n    StylisticDeviceKnowledge(name=\"Simile\", device_type=\"Simile\", complexity_level=\"Simple\", \n                             frequency_of_use=\"Frequent\", impact_strength=\"Moderate\"),\n    StylisticDeviceKnowledge(name=\"Alliteration\", device_type=\"Alliteration\", complexity_level=\"Simple\", \n                             frequency_of_use=\"Occasional\", impact_strength=\"Subtle\"),\n    StylisticDeviceKnowledge(name=\"Personification\", device_type=\"Personification\", complexity_level=\"Moderate\", \n                             frequency_of_use=\"Frequent\", impact_strength=\"Strong\"),\n    StylisticDeviceKnowledge(name=\"Hyperbole\", device_type=\"Hyperbole\", complexity_level=\"Simple\", \n                             frequency_of_use=\"Occasional\", impact_strength=\"Moderate\"),\n    StylisticDeviceKnowledge(name=\"Irony\", device_type=\"Irony\", complexity_level=\"Complex\", \n                             frequency_of_use=\"Rare\", impact_strength=\"Strong\"),\n    StylisticDeviceKnowledge(name=\"Onomatopoeia\", device_type=\"Onomatopoeia\", complexity_level=\"Simple\", \n                             frequency_of_use=\"Occasional\", impact_strength=\"Moderate\"),\n    StylisticDeviceKnowledge(name=\"Oxymoron\", device_type=\"Oxymoron\", complexity_level=\"Moderate\", \n                             frequency_of_use=\"Rare\", impact_strength=\"Subtle\"),\n    StylisticDeviceKnowledge(name=\"Pun\", device_type=\"Pun\", complexity_level=\"Simple\", \n                             frequency_of_use=\"Frequent\", impact_strength=\"Moderate\"),\n    StylisticDeviceKnowledge(name=\"Symbolism\", device_type=\"Symbolism\", complexity_level=\"Complex\", \n                             frequency_of_use=\"Occasional\", impact_strength=\"Strong\"),\n]\n```",
    "goal": {
      "name": null,
      "device_type": "Symbolism",
      "complexity_level": "Simple",
      "frequency_of_use": "Frequent",
      "impact_strength": "Subtle"
    },
    "database": [
      {
        "name": "Hyperbole",
        "device_type": "Hyperbole",
        "complexity_level": "Simple",
        "frequency_of_use": "Occasional",
        "impact_strength": "Moderate"
      },
      {
        "name": "Pun",
        "device_type": "Pun",
        "complexity_level": "Simple",
        "frequency_of_use": "Frequent",
        "impact_strength": "Moderate"
      },
      {
        "name": "Metaphor",
        "device_type": "Metaphor",
        "complexity_level": "Moderate",
        "frequency_of_use": "Frequent",
        "impact_strength": "Strong"
      },
      {
        "name": "Alliteration",
        "device_type": "Alliteration",
        "complexity_level": "Simple",
        "frequency_of_use": "Occasional",
        "impact_strength": "Subtle"
      },
      {
        "name": "Oxymoron",
        "device_type": "Oxymoron",
        "complexity_level": "Moderate",
        "frequency_of_use": "Rare",
        "impact_strength": "Subtle"
      },
      {
        "name": "Onomatopoeia",
        "device_type": "Onomatopoeia",
        "complexity_level": "Simple",
        "frequency_of_use": "Occasional",
        "impact_strength": "Moderate"
      },
      {
        "name": "Imagery",
        "device_type": "Symbolism",
        "complexity_level": "Simple",
        "frequency_of_use": "Frequent",
        "impact_strength": "Subtle"
      },
      {
        "name": "Irony",
        "device_type": "Irony",
        "complexity_level": "Complex",
        "frequency_of_use": "Rare",
        "impact_strength": "Strong"
      },
      {
        "name": "Metaphor",
        "device_type": "Metaphor",
        "complexity_level": "Moderate",
        "frequency_of_use": "Frequent",
        "impact_strength": "Moderate"
      },
      {
        "name": "Allegory",
        "device_type": "Symbolism",
        "complexity_level": "Complex",
        "frequency_of_use": "Occasional",
        "impact_strength": "Strong"
      },
      {
        "name": "Symbolism",
        "device_type": "Symbolism",
        "complexity_level": "Complex",
        "frequency_of_use": "Occasional",
        "impact_strength": "Strong"
      },
      {
        "name": "Simile",
        "device_type": "Simile",
        "complexity_level": "Simple",
        "frequency_of_use": "Frequent",
        "impact_strength": "Moderate"
      },
      {
        "name": "Personification",
        "device_type": "Personification",
        "complexity_level": "Moderate",
        "frequency_of_use": "Frequent",
        "impact_strength": "Strong"
      }
    ],
    "status": "complete"
  },
  {
    "domain": "Anthology Contributions",
    "turns": [
      [
        "Thanks! Now, could you help me find an anthology contribution focused on \"Isolation\"?",
        {
          "name": "Echoes of the Forest",
          "contribution_type": "Poem",
          "theme": "Isolation",
          "stylistic_device": "Imagery",
          "author": null,
          "publication_year": null,
          "publisher": null,
          "language": null
        },
        "Sure! There are several options like \"Echoes of Solitude\" and \"The Silent Forest.\" Do either of those interest you?"
      ],
      [
        "I like \"Echoes of Solitude\"! Does it feature metaphor and a strong emotional tone?",
        {
          "name": "Echoes of Solitude",
          "contribution_type": "Poem",
          "theme": "Isolation",
          "stylistic_device": "Imagery",
          "author": null,
          "publication_year": null,
          "publisher": null,
          "language": null
        },
        "\"Echoes of Solitude\" uses personification, not metaphor, but it does have a strong emotional tone. Would you like to explore another option?"
      ],
      [
        "Yes, let's find another option that includes metaphor. Any suggestions?",
        {
          "name": "Echoes of Solitude",
          "contribution_type": null,
          "theme": "Isolation",
          "stylistic_device": null,
          "author": null,
          "publication_year": null,
          "publisher": null,
          "language": null
        },
        "How about \"Whispers of the Forest\"? It features metaphor and focuses on isolation. What do you think?"
      ],
      [
        "\"Whispers of the Forest\" sounds intriguing! Let's go with that.",
        {
          "name": "Whispers of the Forest",
          "contribution_type": null,
          "theme": "Isolation",
          "stylistic_device": "Metaphor",
          "author": null,
          "publication_year": null,
          "publisher": null,
          "language": null
        },
        "Great choice! \"Whispers of the Forest\" is yours! Enjoy your writing journey!"
      ]
    ],
    "preferences_code": "```python\npreferences = AnthologyCriteria(\n    name='Whispers of the Forest',\n    contribution_type='Poem',\n    theme='Isolation',\n    stylistic_device='Metaphor',\n    author='Alice Johnson',\n    publication_year=2020,\n    publisher='Poets United',\n    language='English',\n)\n```",
    "red_herrings_code": "```python\n# Global variable representing a list of Anthology Contributions examples\nsimilar_anthology_contributions = [\n    AnthologyContribution(\n        name='Whispers of the Forest',\n        contribution_type='Poem',\n        theme='Isolation',\n        stylistic_device='Metaphor',\n        author='Alice Johnson',\n        publication_year=2020,\n        publisher='Poets United',\n        language='English',\n    ),\n    AnthologyContribution(\n        name='Echoes of Solitude',\n        contribution_type='Poem',\n        theme='Isolation',\n        stylistic_device='Personification',\n        author='John Smith',\n        publication_year=2021,\n        publisher='Poets United',\n        language='English',\n    ),\n    AnthologyContribution(\n        name='The Quiet Grove',\n        contribution_type='Poem',\n        theme='Loneliness',\n        stylistic_device='Personification',\n        author='Alice Johnson',\n        publication_year=2022,\n        publisher='Poets United',\n        language='English',\n    ),\n]\n```",
    "database_code": "```python\n# Global variable to store a list of Anthology Contributions examples\nanthology_contributions = [\n    AnthologyContribution(\n        name=\"Whispers of the Wind\",\n        contribution_type=\"Poem\",\n        theme=\"Nature\",\n        stylistic_device=\"Imagery\",\n        author=\"John Doe\",\n        publication_year=2020,\n        publisher=\"Nature Press\",\n        language=\"English\"\n    ),\n    AnthologyContribution(\n        name=\"Reflections of the Soul\",\n        contribution_type=\"Essay\",\n        theme=\"Self-Discovery\",\n        stylistic_device=\"Metaphor\",\n        author=\"Jane Smith\",\n        publication_year=2019,\n        publisher=\"Thoughts Publishing\",\n        language=\"English\"\n    ),\n    AnthologyContribution(\n        name=\"The Silent Forest\",\n        contribution_type=\"Poem\",\n        theme=\"Isolation\",\n        stylistic_device=\"Personification\",\n        author=\"Alice Johnson\",\n        publication_year=2021,\n        publisher=\"Poets United\",\n        language=\"English\"\n    ),\n    AnthologyContribution(\n        name=\"Echoes of the Past\",\n        contribution_type=\"Short Story\",\n        theme=\"Memory\",\n        stylistic_device=\"Simile\",\n        author=\"Michael Brown\",\n        publication_year=2018,\n        publisher=\"Storytellers Inc.\",\n        language=\"English\"\n    ),\n    AnthologyContribution(\n        name=\"Voices of the Night\",\n        contribution_type=\"Poem\",\n        theme=\"Mystery\",\n        stylistic_device=\"Alliteration\",\n        author=\"Emily White\",\n        publication_year=2022,\n        publisher=\"Midnight Press\",\n        language=\"English\"\n    ),\n    AnthologyContribution(\n        name=\"The Art of Letting Go\",\n        contribution_type=\"Essay\",\n        theme=\"Healing\",\n        stylistic_device=\"Metaphor\",\n        author=\"Sarah Green\",\n        publication_year=2020,\n        publisher=\"Healing Words\",\n        language=\"English\"\n    ),\n    AnthologyContribution(\n        name=\"A Journey Through Time\",\n        contribution_type=\"Short Story\",\n        theme=\"Adventure\",\n        stylistic_device=\"Imagery\",\n        author=\"David Black\",\n        publication_year=2019,\n        publisher=\"Adventure Tales\",\n        language=\"English\"\n    ),\n    AnthologyContribution(\n        name=\"Nature's Symphony\",\n        contribution_type=\"Poem\",\n        theme=\"Harmony\",\n        stylistic_device=\"Personification\",\n        author=\"Laura Blue\",\n        publication_year=2021,\n        publisher=\"Nature's Voice\",\n        language=\"English\"\n    ),\n    AnthologyContribution(\n        name=\"The Forgotten Path\",\n        contribution_type=\"Short Story\",\n        theme=\"Exploration\",\n        stylistic_device=\"Simile\",\n        author=\"Chris Red\",\n        publication_year=2017,\n        publisher=\"Explorer's Press\",\n        language=\"English\"\n    ),\n    AnthologyContribution(\n        name=\"Dreams of the Ocean\",\n        contribution_type=\"Poem\",\n        theme=\"Wanderlust\",\n        stylistic_device=\"Alliteration\",\n        author=\"Sophia Gray\",\n        publication_year=2022,\n        publisher=\"Seashell Publishing\",\n        language=\"English\"\n    )\n]\n```",
    "goal": {
      "name": null,
      "contribution_type": null,
      "theme": "Isolation",
      "stylistic_device": "Metaphor",
      "author": "Alice Johnson",
      "publication_year": null,
      "publisher": "Poets United",
      "language": "English"
    },
    "database": [
      {
        "name": "Whispers of the Wind",
        "contribution_type": "Poem",
        "theme": "Nature",
        "stylistic_device": "Imagery",
        "author": "John Doe",
        "publication_year": 2020,
        "publisher": "Nature Press",
        "language": "English"
      },
      {
        "name": "Voices of the Night",
        "contribution_type": "Poem",
        "theme": "Mystery",
        "stylistic_device": "Alliteration",
        "author": "Emily White",
        "publication_year": 2022,
        "publisher": "Midnight Press",
        "language": "English"
      },
      {
        "name": "The Art of Letting Go",
        "contribution_type": "Essay",
        "theme": "Healing",
        "stylistic_device": "Metaphor",
        "author": "Sarah Green",
        "publication_year": 2020,
        "publisher": "Healing Words",
        "language": "English"
      },
      {
        "name": "Dreams of the Ocean",
        "contribution_type": "Poem",
        "theme": "Wanderlust",
        "stylistic_device": "Alliteration",
        "author": "Sophia Gray",
        "publication_year": 2022,
        "publisher": "Seashell Publishing",
        "language": "English"
      },
      {
        "name": "Nature's Symphony",
        "contribution_type": "Poem",
        "theme": "Harmony",
        "stylistic_device": "Personification",
        "author": "Laura Blue",
        "publication_year": 2021,
        "publisher": "Nature's Voice",
        "language": "English"
      },
      {
        "name": "The Quiet Grove",
        "contribution_type": "Poem",
        "theme": "Loneliness",
        "stylistic_device": "Personification",
        "author": "Alice Johnson",
        "publication_year": 2022,
        "publisher": "Poets United",
        "language": "English"
      },
      {
        "name": "Echoes of Solitude",
        "contribution_type": "Poem",
        "theme": "Isolation",
        "stylistic_device": "Personification",
        "author": "John Smith",
        "publication_year": 2021,
        "publisher": "Poets United",
        "language": "English"
      },
      {
        "name": "Whispers of the Forest",
        "contribution_type": "Poem",
        "theme": "Isolation",
        "stylistic_device": "Metaphor",
        "author": "Alice Johnson",
        "publication_year": 2020,
        "publisher": "Poets United",
        "language": "English"
      },
      {
        "name": "A Journey Through Time",
        "contribution_type": "Short Story",
        "theme": "Adventure",
        "stylistic_device": "Imagery",
        "author": "David Black",
        "publication_year": 2019,
        "publisher": "Adventure Tales",
        "language": "English"
      },
      {
        "name": "The Silent Forest",
        "contribution_type": "Poem",
        "theme": "Isolation",
        "stylistic_device": "Personification",
        "author": "Alice Johnson",
        "publication_year": 2021,
        "publisher": "Poets United",
        "language": "English"
      },
      {
        "name": "The Forgotten Path",
        "contribution_type": "Short Story",
        "theme": "Exploration",
        "stylistic_device": "Simile",
        "author": "Chris Red",
        "publication_year": 2017,
        "publisher": "Explorer's Press",
        "language": "English"
      },
      {
        "name": "Reflections of the Soul",
        "contribution_type": "Essay",
        "theme": "Self-Discovery",
        "stylistic_device": "Metaphor",
        "author": "Jane Smith",
        "publication_year": 2019,
        "publisher": "Thoughts Publishing",
        "language": "English"
      },
      {
        "name": "Echoes of the Past",
        "contribution_type": "Short Story",
        "theme": "Memory",
        "stylistic_device": "Simile",
        "author": "Michael Brown",
        "publication_year": 2018,
        "publisher": "Storytellers Inc.",
        "language": "English"
      }
    ],
    "status": "complete"
  }
]