[
  {
    "domain": "Poem Themes",
    "turns": [
      [
        "Hey, I\u2019m thinking about exploring themes around identity; what do you think?",
        {
          "name": null,
          "theme_type": "identity",
          "stylistic_device": null,
          "mood": null,
          "historical_period": null,
          "cultural_influence": null,
          "length": null
        },
        "That sounds great! Do you have a specific mood in mind, like reflective or bold?"
      ],
      [
        "I\u2019m leaning towards a reflective mood for the poems.",
        {
          "name": null,
          "theme_type": "identity",
          "stylistic_device": null,
          "mood": "reflective",
          "historical_period": null,
          "cultural_influence": null,
          "length": null
        },
        "Perfect! Are you looking for any particular stylistic devices, like metaphor or imagery?"
      ],
      [
        "Yes, I\u2019d love to incorporate imagery and metaphor into the poems.",
        {
          "name": null,
          "theme_type": "identity",
          "stylistic_device": [
            "imagery",
            "metaphor"
          ],
          "mood": "reflective",
          "historical_period": null,
          "cultural_influence": null,
          "length": null
        },
        "Awesome! I have a couple of themes that fit: \"Path of Self\" and \"Inner Journey.\" Which one resonates with you more?"
      ],
      [
        "I think \"Inner Journey\" resonates with me more.",
        {
          "name": "Inner Journey",
          "theme_type": "identity",
          "stylistic_device": [
            "imagery",
            "metaphor"
          ],
          "mood": "reflective",
          "historical_period": null,
          "cultural_influence": null,
          "length": null
        },
        "Great choice! \"Inner Journey\" has a reflective mood and uses metaphor and imagery. Would you like to go with that?"
      ],
      [
        "Yes, let\u2019s go with \"Inner Journey\"!",
        {
          "name": "Inner Journey",
          "theme_type": "identity",
          "stylistic_device": [
            "imagery",
            "metaphor"
          ],
          "mood": "reflective",
          "historical_period": null,
          "cultural_influence": null,
          "length": null
        },
        "Fantastic! \"Inner Journey\" it is! Happy writing!"
      ]
    ],
    "preferences_code": "```python\npreferences = PoemThemeCriteria(\n    name='Path of Self',\n    theme_type='identity',\n    stylistic_device=['imagery', 'metaphor'],\n    mood='reflective',\n    historical_period='Modern Era',\n    cultural_influence='Romanticism',\n    length='medium',\n)\n```",
    "red_herrings_code": "```python\n# Global variable to hold a list of example Poem Themes\nsimilar_poem_themes = [\n    PoemTheme(\n        name='Inner Journey',\n        theme_type='spirituality',\n        stylistic_device=['metaphor', 'personification'],\n        mood='reflective',\n        historical_period='Modern Era',\n        cultural_influence='Transcendentalism',\n        length='medium',\n    ),\n    PoemTheme(\n        name='Path of Self',\n        theme_type='identity',\n        stylistic_device=['imagery', 'metaphor'],\n        mood='reflective',\n        historical_period='Modern Era',\n        cultural_influence='Romanticism',\n        length='medium',\n    ),\n    PoemTheme(\n        name='Soul Search',\n        theme_type='spirituality',\n        stylistic_device=['imagery'],\n        mood='melancholic',\n        historical_period='Modern Era',\n        cultural_influence='Transcendentalism',\n        length='long',\n    )\n]\n```",
    "database_code": "```python\n# Global variable holding a list of example Poem Themes\npoem_themes_examples = [\n    PoemTheme(\n        name=\"Whispers of Nature\",\n        theme_type=\"nature\",\n        stylistic_device=[\"imagery\", \"personification\"],\n        mood=\"serene\",\n        historical_period=\"Romantic Era\",\n        cultural_influence=\"Nature Poetry\",\n        length=\"medium\"\n    ),\n    PoemTheme(\n        name=\"Love's Embrace\",\n        theme_type=\"love\",\n        stylistic_device=[\"metaphor\", \"simile\"],\n        mood=\"joyful\",\n        historical_period=\"Victorian Era\",\n        cultural_influence=\"Romanticism\",\n        length=\"long\"\n    ),\n    PoemTheme(\n        name=\"Echoes of War\",\n        theme_type=\"war\",\n        stylistic_device=[\"imagery\", \"alliteration\"],\n        mood=\"melancholic\",\n        historical_period=\"World War I\",\n        cultural_influence=\"War Poetry\",\n        length=\"short\"\n    ),\n    PoemTheme(\n        name=\"Journey Within\",\n        theme_type=\"spirituality\",\n        stylistic_device=[\"metaphor\", \"imagery\"],\n        mood=\"reflective\",\n        historical_period=\"Modern Era\",\n        cultural_influence=\"Transcendentalism\",\n        length=\"medium\"\n    ),\n    PoemTheme(\n        name=\"Identity Quest\",\n        theme_type=\"identity\",\n        stylistic_device=[\"personification\", \"metaphor\"],\n        mood=\"bold\",\n        historical_period=\"Contemporary\",\n        cultural_influence=\"Postmodernism\",\n        length=\"long\"\n    ),\n    PoemTheme(\n        name=\"Nature's Symphony\",\n        theme_type=\"nature\",\n        stylistic_device=[\"imagery\", \"alliteration\"],\n        mood=\"joyful\",\n        historical_period=\"Romantic Era\",\n        cultural_influence=\"Nature Poetry\",\n        length=\"short\"\n    ),\n    PoemTheme(\n        name=\"The Call of Duty\",\n        theme_type=\"war\",\n        stylistic_device=[\"metaphor\"],\n        mood=\"bold\",\n        historical_period=\"World War II\",\n        cultural_influence=\"War Poetry\",\n        length=\"medium\"\n    ),\n    PoemTheme(\n        name=\"Spiritual Awakening\",\n        theme_type=\"spirituality\",\n        stylistic_device=[\"imagery\", \"simile\"],\n        mood=\"reflective\",\n        historical_period=\"Modern Era\",\n        cultural_influence=\"Mysticism\",\n        length=\"long\"\n    ),\n    PoemTheme(\n        name=\"Love's Lament\",\n        theme_type=\"love\",\n        stylistic_device=[\"personification\", \"imagery\"],\n        mood=\"melancholic\",\n        historical_period=\"Romantic Era\",\n        cultural_influence=\"Romanticism\",\n        length=\"medium\"\n    ),\n    PoemTheme(\n        name=\"Cultural Roots\",\n        theme_type=\"identity\",\n        stylistic_device=[\"metaphor\", \"alliteration\"],\n        mood=\"serene\",\n        historical_period=\"Contemporary\",\n        cultural_influence=\"Cultural Studies\",\n        length=\"short\"\n    )\n]\n```",
    "goal": {
      "name": null,
      "theme_type": "identity",
      "stylistic_device": [
        "imagery",
        "metaphor"
      ],
      "mood": "reflective",
      "historical_period": "Modern Era",
      "cultural_influence": "Romanticism",
      "length": "medium"
    },
    "database": [
      {
        "name": "Spiritual Awakening",
        "theme_type": "spirituality",
        "stylistic_device": [
          "imagery",
          "simile"
        ],
        "mood": "reflective",
        "historical_period": "Modern Era",
        "cultural_influence": "Mysticism",
        "length": "long"
      },
      {
        "name": "Cultural Roots",
        "theme_type": "identity",
        "stylistic_device": [
          "metaphor",
          "alliteration"
        ],
        "mood": "serene",
        "historical_period": "Contemporary",
        "cultural_influence": "Cultural Studies",
        "length": "short"
      },
      {
        "name": "Echoes of War",
        "theme_type": "war",
        "stylistic_device": [
          "imagery",
          "alliteration"
        ],
        "mood": "melancholic",
        "historical_period": "World War I",
        "cultural_influence": "War Poetry",
        "length": "short"
      },
      {
        "name": "Inner Journey",
        "theme_type": "spirituality",
        "stylistic_device": [
          "metaphor",
          "personification"
        ],
        "mood": "reflective",
        "historical_period": "Modern Era",
        "cultural_influence": "Transcendentalism",
        "length": "medium"
      },
      {
        "name": "Path of Self",
        "theme_type": "identity",
        "stylistic_device": [
          "imagery",
          "metaphor"
        ],
        "mood": "reflective",
        "historical_period": "Modern Era",
        "cultural_influence": "Romanticism",
        "length": "medium"
      },
      {
        "name": "Nature's Symphony",
        "theme_type": "nature",
        "stylistic_device": [
          "imagery",
          "alliteration"
        ],
        "mood": "joyful",
        "historical_period": "Romantic Era",
        "cultural_influence": "Nature Poetry",
        "length": "short"
      },
      {
        "name": "Whispers of Nature",
        "theme_type": "nature",
        "stylistic_device": [
          "imagery",
          "personification"
        ],
        "mood": "serene",
        "historical_period": "Romantic Era",
        "cultural_influence": "Nature Poetry",
        "length": "medium"
      },
      {
        "name": "Love's Lament",
        "theme_type": "love",
        "stylistic_device": [
          "personification",
          "imagery"
        ],
        "mood": "melancholic",
        "historical_period": "Romantic Era",
        "cultural_influence": "Romanticism",
        "length": "medium"
      },
      {
        "name": "Journey Within",
        "theme_type": "spirituality",
        "stylistic_device": [
          "metaphor",
          "imagery"
        ],
        "mood": "reflective",
        "historical_period": "Modern Era",
        "cultural_influence": "Transcendentalism",
        "length": "medium"
      },
      {
        "name": "Identity Quest",
        "theme_type": "identity",
        "stylistic_device": [
          "personification",
          "metaphor"
        ],
        "mood": "bold",
        "historical_period": "Contemporary",
        "cultural_influence": "Postmodernism",
        "length": "long"
      },
      {
        "name": "Soul Search",
        "theme_type": "spirituality",
        "stylistic_device": [
          "imagery"
        ],
        "mood": "melancholic",
        "historical_period": "Modern Era",
        "cultural_influence": "Transcendentalism",
        "length": "long"
      },
      {
        "name": "The Call of Duty",
        "theme_type": "war",
        "stylistic_device": [
          "metaphor"
        ],
        "mood": "bold",
        "historical_period": "World War II",
        "cultural_influence": "War Poetry",
        "length": "medium"
      },
      {
        "name": "Love's Embrace",
        "theme_type": "love",
        "stylistic_device": [
          "metaphor",
          "simile"
        ],
        "mood": "joyful",
        "historical_period": "Victorian Era",
        "cultural_influence": "Romanticism",
        "length": "long"
      }
    ],
    "status": "complete"
  },
  {
    "domain": "Stylistic Devices",
    "turns": [
      [
        "Thanks! Now, can you suggest any rare stylistic devices that might enhance the theme?",
        {
          "name": null,
          "device_type": "Metaphor",
          "complexity_level": null,
          "frequency_of_use": "Rare",
          "impact_strength": null
        },
        "How about considering oxymoron? It's rare and can add depth to your reflections."
      ],
      [
        "Oxymoron sounds intriguing! I\u2019d like to explore that further.",
        {
          "name": "Oxymoron",
          "device_type": "Oxymoron",
          "complexity_level": null,
          "frequency_of_use": "Rare",
          "impact_strength": null
        },
        "Great! Oxymoron combines contradictory terms, creating a unique effect. Want to brainstorm some examples together?"
      ],
      [
        "Absolutely, let\u2019s brainstorm some examples of oxymoron!",
        {
          "name": "Oxymoron",
          "device_type": "Oxymoron",
          "complexity_level": null,
          "frequency_of_use": "Rare",
          "impact_strength": null
        },
        "How about phrases like \"bittersweet\" or \"deafening silence\"? What do you think?"
      ],
      [
        "I love those! \"Bittersweet\" really captures the essence of an inner journey.",
        {
          "name": "Oxymoron",
          "device_type": "Oxymoron",
          "complexity_level": null,
          "frequency_of_use": "Rare",
          "impact_strength": null
        },
        "I'm glad you like it! It really conveys complex emotions. Any other oxymorons you want to explore?"
      ],
      [
        "How about \"jumbo shrimp\"? It\u2019s a classic and adds a touch of humor too!",
        {
          "name": "Oxymoron",
          "device_type": "Oxymoron",
          "complexity_level": null,
          "frequency_of_use": "Rare",
          "impact_strength": null
        },
        "\"Jumbo shrimp\" is a fun choice! It lightens the mood while still fitting your theme. Want to include that in your poem?"
      ],
      [
        "Yes, let\u2019s include \"jumbo shrimp\" in the poem!",
        {
          "name": "Oxymoron",
          "device_type": "Oxymoron",
          "complexity_level": null,
          "frequency_of_use": "Rare",
          "impact_strength": null
        },
        "Awesome! \"Jumbo shrimp\" will add a playful twist. Ready to start crafting your poem?"
      ],
      [
        "Absolutely, I\u2019m ready to start crafting the poem!",
        {
          "name": "Oxymoron",
          "device_type": "Oxymoron",
          "complexity_level": null,
          "frequency_of_use": "Rare",
          "impact_strength": null
        },
        "Fantastic! Let\u2019s weave together those themes and devices. Where would you like to begin?"
      ]
    ],
    "preferences_code": "```python\npreferences = StylisticDeviceCriteria(\n    name='Personification',\n    device_type='Personification',\n    complexity_level='Complex',\n    frequency_of_use='Rare',\n    impact_strength='Strong'\n)\n```",
    "red_herrings_code": "```python\n# Global variable representing a list of similar Stylistic Device examples\nsimilar_stylistic_devices = [\n    StylisticDeviceKnowledge(\n        name='Metaphor',\n        device_type='Metaphor',\n        complexity_level='Moderate',\n        frequency_of_use='Frequent',\n        impact_strength='Strong',\n    ),\n    StylisticDeviceKnowledge(\n        name='Simile',\n        device_type='Simile',\n        complexity_level='Moderate',\n        frequency_of_use='Occasional',\n        impact_strength='Moderate',\n    ),\n    StylisticDeviceKnowledge(\n        name='Personification',\n        device_type='Personification',\n        complexity_level='Complex',\n        frequency_of_use='Rare',\n        impact_strength='Strong',\n    ),\n]\n```",
    "database_code": "```python\n# Global variable representing a list of Stylistic Devices examples\nstylistic_devices_examples = [\n    StylisticDeviceKnowledge(name=\"Metaphor\", device_type=\"Metaphor\", complexity_level=\"Moderate\", \n                             frequency_of_use=\"Frequent\", impact_strength=\"Strong\"),\n    StylisticDeviceKnowledge(name=\"Simile\", device_type=\"Simile\", complexity_level=\"Simple\", \n                             frequency_of_use=\"Frequent\", impact_strength=\"Moderate\"),\n    StylisticDeviceKnowledge(name=\"Alliteration\", device_type=\"Alliteration\", complexity_level=\"Simple\", \n                             frequency_of_use=\"Occasional\", impact_strength=\"Subtle\"),\n    StylisticDeviceKnowledge(name=\"Personification\", device_type=\"Personification\", complexity_level=\"Moderate\", \n                             frequency_of_use=\"Occasional\", impact_strength=\"Moderate\"),\n    StylisticDeviceKnowledge(name=\"Hyperbole\", device_type=\"Hyperbole\", complexity_level=\"Simple\", \n                             frequency_of_use=\"Frequent\", impact_strength=\"Strong\"),\n    StylisticDeviceKnowledge(name=\"Irony\", device_type=\"Irony\", complexity_level=\"Complex\", \n                             frequency_of_use=\"Occasional\", impact_strength=\"Strong\"),\n    StylisticDeviceKnowledge(name=\"Onomatopoeia\", device_type=\"Onomatopoeia\", complexity_level=\"Simple\", \n                             frequency_of_use=\"Frequent\", impact_strength=\"Moderate\"),\n    StylisticDeviceKnowledge(name=\"Oxymoron\", device_type=\"Oxymoron\", complexity_level=\"Moderate\", \n                             frequency_of_use=\"Rare\", impact_strength=\"Subtle\"),\n    StylisticDeviceKnowledge(name=\"Symbolism\", device_type=\"Symbolism\", complexity_level=\"Complex\", \n                             frequency_of_use=\"Frequent\", impact_strength=\"Strong\"),\n    StylisticDeviceKnowledge(name=\"Pun\", device_type=\"Pun\", complexity_level=\"Simple\", \n                             frequency_of_use=\"Occasional\", impact_strength=\"Moderate\")\n]\n```",
    "goal": {
      "name": null,
      "device_type": null,
      "complexity_level": null,
      "frequency_of_use": "Rare",
      "impact_strength": null
    },
    "database": [
      {
        "name": "Pun",
        "device_type": "Pun",
        "complexity_level": "Simple",
        "frequency_of_use": "Occasional",
        "impact_strength": "Moderate"
      },
      {
        "name": "Simile",
        "device_type": "Simile",
        "complexity_level": "Moderate",
        "frequency_of_use": "Occasional",
        "impact_strength": "Moderate"
      },
      {
        "name": "Hyperbole",
        "device_type": "Hyperbole",
        "complexity_level": "Simple",
        "frequency_of_use": "Frequent",
        "impact_strength": "Strong"
      },
      {
        "name": "Oxymoron",
        "device_type": "Oxymoron",
        "complexity_level": "Moderate",
        "frequency_of_use": "Rare",
        "impact_strength": "Subtle"
      },
      {
        "name": "Symbolism",
        "device_type": "Symbolism",
        "complexity_level": "Complex",
        "frequency_of_use": "Frequent",
        "impact_strength": "Strong"
      },
      {
        "name": "Personification",
        "device_type": "Personification",
        "complexity_level": "Moderate",
        "frequency_of_use": "Occasional",
        "impact_strength": "Moderate"
      },
      {
        "name": "Metaphor",
        "device_type": "Metaphor",
        "complexity_level": "Moderate",
        "frequency_of_use": "Frequent",
        "impact_strength": "Strong"
      },
      {
        "name": "Personification",
        "device_type": "Personification",
        "complexity_level": "Complex",
        "frequency_of_use": "Rare",
        "impact_strength": "Strong"
      },
      {
        "name": "Metaphor",
        "device_type": "Metaphor",
        "complexity_level": "Moderate",
        "frequency_of_use": "Frequent",
        "impact_strength": "Strong"
      },
      {
        "name": "Onomatopoeia",
        "device_type": "Onomatopoeia",
        "complexity_level": "Simple",
        "frequency_of_use": "Frequent",
        "impact_strength": "Moderate"
      },
      {
        "name": "Simile",
        "device_type": "Simile",
        "complexity_level": "Simple",
        "frequency_of_use": "Frequent",
        "impact_strength": "Moderate"
      },
      {
        "name": "Alliteration",
        "device_type": "Alliteration",
        "complexity_level": "Simple",
        "frequency_of_use": "Occasional",
        "impact_strength": "Subtle"
      },
      {
        "name": "Irony",
        "device_type": "Irony",
        "complexity_level": "Complex",
        "frequency_of_use": "Occasional",
        "impact_strength": "Strong"
      }
    ],
    "status": "complete"
  },
  {
    "domain": "Anthology Contributions",
    "turns": [
      [
        "Let\u2019s start by finding some poems that fit our theme. Can you help me search for contributions?",
        {
          "name": null,
          "contribution_type": "Poem",
          "theme": "Inner Journey",
          "stylistic_device": "Oxymoron",
          "author": null,
          "publication_year": null,
          "publisher": null,
          "language": null
        },
        "Sure! I can help with that. Are you looking specifically for poems that fit \"Inner Journey\" with oxymoron?"
      ],
      [
        "Yes, specifically poems that explore \"Inner Journey\" and incorporate oxymoron.",
        {
          "name": null,
          "contribution_type": "Poem",
          "theme": "Inner Journey",
          "stylistic_device": "Oxymoron",
          "author": null,
          "publication_year": null,
          "publisher": null,
          "language": null
        },
        "I found a few options! \"Reflections in the Rain\" and \"Fragments of a Dream\" both explore inner journeys. Would you like to know more about them?"
      ],
      [
        "Yes, I\u2019d love to know more about \"Reflections in the Rain\" and \"Fragments of a Dream\"!",
        {
          "name": null,
          "contribution_type": "Poem",
          "theme": "Inner Journey",
          "stylistic_device": "Oxymoron",
          "author": null,
          "publication_year": null,
          "publisher": null,
          "language": null
        },
        "\"Reflections in the Rain\" uses metaphor and explores the inner journey, published in 2021 by Jane Doe. \"Fragments of a Dream\" also delves into the inner journey with metaphor, published in 2022 by Laura Black. Which one interests you more?"
      ],
      [
        "I'm more interested in \"Reflections in the Rain.\"",
        {
          "name": "Reflections in the Rain",
          "contribution_type": "Poem",
          "theme": "Inner Journey",
          "stylistic_device": "Oxymoron",
          "author": "Jane Doe",
          "publication_year": 2021,
          "publisher": null,
          "language": null
        },
        "Great choice! \"Reflections in the Rain\" has a reflective tone and fits perfectly with your theme. Ready to include it in your anthology?"
      ],
      [
        "Yes, let\u2019s include \"Reflections in the Rain\" in my anthology!",
        {
          "name": "Reflections in the Rain",
          "contribution_type": "Poem",
          "theme": "Inner Journey",
          "stylistic_device": "Metaphor",
          "author": "Jane Doe",
          "publication_year": 2021,
          "publisher": null,
          "language": null
        },
        "Awesome! \"Reflections in the Rain\" is officially included. Excited for your anthology!"
      ]
    ],
    "preferences_code": "```python\npreferences = AnthologyCriteria(\n    contribution_type='Poem',\n    theme='Inner Journey',\n    stylistic_device='Metaphor',\n    author='Emily Stone'\n)\n```",
    "red_herrings_code": "```python\n# Global variable representing a list of Anthology Contributions examples\nanthology_contributions = [\n    AnthologyContribution(\n        name='Whispers of Time',\n        contribution_type='Interview',\n        theme='Time and Memory',\n        stylistic_device='Metaphor',\n        author='John Doe',\n        publication_year=2022,\n        publisher='Echoes Press',\n        language='English',\n    ),\n    AnthologyContribution(\n        name='Fleeting Moments',\n        contribution_type='Poem',\n        theme='Time and Memory',\n        stylistic_device='Personification',\n        author='Emily Stone',\n        publication_year=2021,\n        publisher='Reflections Press',\n        language='English',\n    ),\n    AnthologyContribution(\n        name='Memories Unveiled',\n        contribution_type='Essay',\n        theme='Time and Memory',\n        stylistic_device='Simile',\n        author='Michael Green',\n        publication_year=2020,\n        publisher='Timeless Press',\n        language='English',\n    ),\n]\n```",
    "database_code": "```python\n# Global variable to store a list of AnthologyContribution examples\nanthology_contributions = [\n    AnthologyContribution(\n        name=\"Reflections in the Rain\",\n        contribution_type='Poem',\n        theme=\"Inner Journey\",\n        stylistic_device='Metaphor',\n        author=\"Jane Doe\",\n        publication_year=2021,\n        publisher=\"Poetry Press\",\n        language=\"English\"\n    ),\n    AnthologyContribution(\n        name=\"The Silent Echo\",\n        contribution_type='Poem',\n        theme=\"Identity\",\n        stylistic_device='Personification',\n        author=\"John Smith\",\n        publication_year=2020,\n        publisher=\"Literary World\",\n        language=\"English\"\n    ),\n    AnthologyContribution(\n        name=\"Beyond the Horizon\",\n        contribution_type='Essay',\n        theme=\"Exploration of Self\",\n        stylistic_device='Metaphor',\n        author=\"Alice Johnson\",\n        publication_year=2019,\n        publisher=\"Thoughtful Publishing\",\n        language=\"English\"\n    ),\n    AnthologyContribution(\n        name=\"Layers of the Soul\",\n        contribution_type='Poem',\n        theme=\"Inner Journey\",\n        stylistic_device='Simile',\n        author=\"Michael Brown\",\n        publication_year=2022,\n        publisher=\"Creative Minds\",\n        language=\"English\"\n    ),\n    AnthologyContribution(\n        name=\"Whispers of the Past\",\n        contribution_type='Short Story',\n        theme=\"Memory and Identity\",\n        stylistic_device='Alliteration',\n        author=\"Emily White\",\n        publication_year=2023,\n        publisher=\"Narrative Press\",\n        language=\"English\"\n    ),\n    AnthologyContribution(\n        name=\"The Duality of Being\",\n        contribution_type='Essay',\n        theme=\"Self-Perception\",\n        stylistic_device='Oxymoron',\n        author=\"Chris Green\",\n        publication_year=2021,\n        publisher=\"Insight Books\",\n        language=\"English\"\n    ),\n    AnthologyContribution(\n        name=\"Fragments of a Dream\",\n        contribution_type='Poem',\n        theme=\"Inner Journey\",\n        stylistic_device='Metaphor',\n        author=\"Laura Black\",\n        publication_year=2022,\n        publisher=\"Dreamscape Publishing\",\n        language=\"English\"\n    ),\n    AnthologyContribution(\n        name=\"The Weight of Silence\",\n        contribution_type='Poem',\n        theme=\"Isolation\",\n        stylistic_device='Oxymoron',\n        author=\"David Grey\",\n        publication_year=2020,\n        publisher=\"Quiet Books\",\n        language=\"English\"\n    ),\n    AnthologyContribution(\n        name=\"Eternal Moments\",\n        contribution_type='Interview',\n        theme=\"Time and Memory\",\n        stylistic_device='Personification',\n        author=\"Sarah Blue\",\n        publication_year=2023,\n        publisher=\"Voices Press\",\n        language=\"English\"\n    ),\n    AnthologyContribution(\n        name=\"The Calm Before the Storm\",\n        contribution_type='Short Story',\n        theme=\"Anticipation\",\n        stylistic_device='Oxymoron',\n        author=\"Kevin Red\",\n        publication_year=2019,\n        publisher=\"Storytellers Inc.\",\n        language=\"English\"\n    )\n]\n```",
    "goal": {
      "name": null,
      "contribution_type": "Poem",
      "theme": "Inner Journey",
      "stylistic_device": "Metaphor",
      "author": "Emily Stone",
      "publication_year": null,
      "publisher": null,
      "language": null
    },
    "database": [
      {
        "name": "Eternal Moments",
        "contribution_type": "Interview",
        "theme": "Time and Memory",
        "stylistic_device": "Personification",
        "author": "Sarah Blue",
        "publication_year": 2023,
        "publisher": "Voices Press",
        "language": "English"
      },
      {
        "name": "The Silent Echo",
        "contribution_type": "Poem",
        "theme": "Identity",
        "stylistic_device": "Personification",
        "author": "John Smith",
        "publication_year": 2020,
        "publisher": "Literary World",
        "language": "English"
      },
      {
        "name": "Fleeting Moments",
        "contribution_type": "Poem",
        "theme": "Time and Memory",
        "stylistic_device": "Personification",
        "author": "Emily Stone",
        "publication_year": 2021,
        "publisher": "Reflections Press",
        "language": "English"
      },
      {
        "name": "Memories Unveiled",
        "contribution_type": "Essay",
        "theme": "Time and Memory",
        "stylistic_device": "Simile",
        "author": "Michael Green",
        "publication_year": 2020,
        "publisher": "Timeless Press",
        "language": "English"
      },
      {
        "name": "Reflections in the Rain",
        "contribution_type": "Poem",
        "theme": "Inner Journey",
        "stylistic_device": "Metaphor",
        "author": "Jane Doe",
        "publication_year": 2021,
        "publisher": "Poetry Press",
        "language": "English"
      },
      {
        "name": "Beyond the Horizon",
        "contribution_type": "Essay",
        "theme": "Exploration of Self",
        "stylistic_device": "Metaphor",
        "author": "Alice Johnson",
        "publication_year": 2019,
        "publisher": "Thoughtful Publishing",
        "language": "English"
      },
      {
        "name": "Whispers of the Past",
        "contribution_type": "Short Story",
        "theme": "Memory and Identity",
        "stylistic_device": "Alliteration",
        "author": "Emily White",
        "publication_year": 2023,
        "publisher": "Narrative Press",
        "language": "English"
      },
      {
        "name": "Layers of the Soul",
        "contribution_type": "Poem",
        "theme": "Inner Journey",
        "stylistic_device": "Simile",
        "author": "Michael Brown",
        "publication_year": 2022,
        "publisher": "Creative Minds",
        "language": "English"
      },
      {
        "name": "Whispers of Time",
        "contribution_type": "Interview",
        "theme": "Time and Memory",
        "stylistic_device": "Metaphor",
        "author": "John Doe",
        "publication_year": 2022,
        "publisher": "Echoes Press",
        "language": "English"
      },
      {
        "name": "The Weight of Silence",
        "contribution_type": "Poem",
        "theme": "Isolation",
        "stylistic_device": "Oxymoron",
        "author": "David Grey",
        "publication_year": 2020,
        "publisher": "Quiet Books",
        "language": "English"
      },
      {
        "name": "The Duality of Being",
        "contribution_type": "Essay",
        "theme": "Self-Perception",
        "stylistic_device": "Oxymoron",
        "author": "Chris Green",
        "publication_year": 2021,
        "publisher": "Insight Books",
        "language": "English"
      },
      {
        "name": "Fragments of a Dream",
        "contribution_type": "Poem",
        "theme": "Inner Journey",
        "stylistic_device": "Metaphor",
        "author": "Laura Black",
        "publication_year": 2022,
        "publisher": "Dreamscape Publishing",
        "language": "English"
      },
      {
        "name": "The Calm Before the Storm",
        "contribution_type": "Short Story",
        "theme": "Anticipation",
        "stylistic_device": "Oxymoron",
        "author": "Kevin Red",
        "publication_year": 2019,
        "publisher": "Storytellers Inc.",
        "language": "English"
      }
    ],
    "status": "complete"
  }
]