[
  {
    "domain": "Poem Themes",
    "turns": [
      [
        "Hey, I\u2019m looking for a joyful nature theme. Any suggestions?",
        {
          "name": null,
          "theme_type": "nature",
          "stylistic_device": null,
          "mood": "joyful",
          "historical_period": null,
          "cultural_influence": null,
          "length": null
        },
        "How about \"Songs of the Sea\"? It has a joyful mood and a nature theme."
      ],
      [
        "That sounds great! Does it include personification?",
        {
          "name": "Songs of the Sea",
          "theme_type": "nature",
          "stylistic_device": [
            "personification"
          ],
          "mood": "joyful",
          "historical_period": null,
          "cultural_influence": null,
          "length": null
        },
        "Yes, \"Songs of the Sea\" includes personification. Would you like to go with that?"
      ],
      [
        "Absolutely, let's finalize \"Songs of the Sea\"!",
        {
          "name": "Songs of the Sea",
          "theme_type": "nature",
          "stylistic_device": [
            "personification"
          ],
          "mood": "joyful",
          "historical_period": null,
          "cultural_influence": null,
          "length": null
        },
        "Perfect choice! \"Songs of the Sea\" it is!"
      ]
    ],
    "preferences_code": "```python\npreferences = PoemThemeCriteria(\n    name='Songs of the Sea',\n    theme_type='nature',\n    stylistic_device=['personification'],\n    mood='joyful',\n    historical_period='Victorian Era',\n    cultural_influence='Maritime Literature',\n    length='medium',\n)\n```",
    "red_herrings_code": "```python\n# Global variable representing a list of similar Poem Themes\nsimilar_poemthemes = [\n    PoemTheme(\n        name='Echoes of the Forest',\n        theme_type='nature',\n        stylistic_device=['imagery', 'metaphor'],\n        mood='serene',\n        historical_period='Romantic Era',\n        cultural_influence='Nature Poetry',\n        length='medium',\n    ),\n    PoemTheme(\n        name='Songs of the Sea',\n        theme_type='nature',\n        stylistic_device=['personification'],\n        mood='joyful',\n        historical_period='Victorian Era',\n        cultural_influence='Maritime Literature',\n        length='medium',\n    ),\n    PoemTheme(\n        name='Reflections in the Meadow',\n        theme_type='nature',\n        stylistic_device=['imagery'],\n        mood='reflective',\n        historical_period='Romantic Era',\n        cultural_influence='Nature Poetry',\n        length='long',\n    )\n]\n```",
    "database_code": "```python\n# Global variable holding a list of example Poem Themes\npoem_themes_examples = [\n    PoemTheme(\n        name=\"Whispers of Nature\",\n        theme_type=\"nature\",\n        stylistic_device=[\"imagery\", \"personification\"],\n        mood=\"serene\",\n        historical_period=\"Romantic Era\",\n        cultural_influence=\"Nature Poetry\",\n        length=\"medium\"\n    ),\n    PoemTheme(\n        name=\"Love's Embrace\",\n        theme_type=\"love\",\n        stylistic_device=[\"metaphor\", \"simile\"],\n        mood=\"joyful\",\n        historical_period=\"Victorian Era\",\n        cultural_influence=\"Romanticism\",\n        length=\"long\"\n    ),\n    PoemTheme(\n        name=\"Echoes of War\",\n        theme_type=\"war\",\n        stylistic_device=[\"imagery\", \"alliteration\"],\n        mood=\"melancholic\",\n        historical_period=\"World War I\",\n        cultural_influence=\"War Poetry\",\n        length=\"short\"\n    ),\n    PoemTheme(\n        name=\"Journey Within\",\n        theme_type=\"spirituality\",\n        stylistic_device=[\"metaphor\", \"imagery\"],\n        mood=\"reflective\",\n        historical_period=\"Modern Era\",\n        cultural_influence=\"Transcendentalism\",\n        length=\"medium\"\n    ),\n    PoemTheme(\n        name=\"Identity Quest\",\n        theme_type=\"identity\",\n        stylistic_device=[\"personification\", \"metaphor\"],\n        mood=\"bold\",\n        historical_period=\"Contemporary\",\n        cultural_influence=\"Postmodernism\",\n        length=\"long\"\n    ),\n    PoemTheme(\n        name=\"Nature's Symphony\",\n        theme_type=\"nature\",\n        stylistic_device=[\"imagery\", \"alliteration\"],\n        mood=\"joyful\",\n        historical_period=\"Romantic Era\",\n        cultural_influence=\"Nature Poetry\",\n        length=\"short\"\n    ),\n    PoemTheme(\n        name=\"The Call of Duty\",\n        theme_type=\"war\",\n        stylistic_device=[\"metaphor\"],\n        mood=\"bold\",\n        historical_period=\"World War II\",\n        cultural_influence=\"War Poetry\",\n        length=\"medium\"\n    ),\n    PoemTheme(\n        name=\"Spiritual Awakening\",\n        theme_type=\"spirituality\",\n        stylistic_device=[\"imagery\", \"simile\"],\n        mood=\"reflective\",\n        historical_period=\"Modern Era\",\n        cultural_influence=\"Mysticism\",\n        length=\"long\"\n    ),\n    PoemTheme(\n        name=\"Love's Lament\",\n        theme_type=\"love\",\n        stylistic_device=[\"personification\", \"imagery\"],\n        mood=\"melancholic\",\n        historical_period=\"Romantic Era\",\n        cultural_influence=\"Romanticism\",\n        length=\"medium\"\n    ),\n    PoemTheme(\n        name=\"Cultural Roots\",\n        theme_type=\"identity\",\n        stylistic_device=[\"metaphor\", \"alliteration\"],\n        mood=\"serene\",\n        historical_period=\"Contemporary\",\n        cultural_influence=\"Cultural Studies\",\n        length=\"short\"\n    )\n]\n```",
    "goal": {
      "name": null,
      "theme_type": "nature",
      "stylistic_device": [
        "personification"
      ],
      "mood": "joyful",
      "historical_period": "Victorian Era",
      "cultural_influence": "Maritime Literature",
      "length": "medium"
    },
    "database": [
      {
        "name": "Whispers of Nature",
        "theme_type": "nature",
        "stylistic_device": [
          "imagery",
          "personification"
        ],
        "mood": "serene",
        "historical_period": "Romantic Era",
        "cultural_influence": "Nature Poetry",
        "length": "medium"
      },
      {
        "name": "Love's Embrace",
        "theme_type": "love",
        "stylistic_device": [
          "metaphor",
          "simile"
        ],
        "mood": "joyful",
        "historical_period": "Victorian Era",
        "cultural_influence": "Romanticism",
        "length": "long"
      },
      {
        "name": "The Call of Duty",
        "theme_type": "war",
        "stylistic_device": [
          "metaphor"
        ],
        "mood": "bold",
        "historical_period": "World War II",
        "cultural_influence": "War Poetry",
        "length": "medium"
      },
      {
        "name": "Echoes of War",
        "theme_type": "war",
        "stylistic_device": [
          "imagery",
          "alliteration"
        ],
        "mood": "melancholic",
        "historical_period": "World War I",
        "cultural_influence": "War Poetry",
        "length": "short"
      },
      {
        "name": "Journey Within",
        "theme_type": "spirituality",
        "stylistic_device": [
          "metaphor",
          "imagery"
        ],
        "mood": "reflective",
        "historical_period": "Modern Era",
        "cultural_influence": "Transcendentalism",
        "length": "medium"
      },
      {
        "name": "Songs of the Sea",
        "theme_type": "nature",
        "stylistic_device": [
          "personification"
        ],
        "mood": "joyful",
        "historical_period": "Victorian Era",
        "cultural_influence": "Maritime Literature",
        "length": "medium"
      },
      {
        "name": "Cultural Roots",
        "theme_type": "identity",
        "stylistic_device": [
          "metaphor",
          "alliteration"
        ],
        "mood": "serene",
        "historical_period": "Contemporary",
        "cultural_influence": "Cultural Studies",
        "length": "short"
      },
      {
        "name": "Identity Quest",
        "theme_type": "identity",
        "stylistic_device": [
          "personification",
          "metaphor"
        ],
        "mood": "bold",
        "historical_period": "Contemporary",
        "cultural_influence": "Postmodernism",
        "length": "long"
      },
      {
        "name": "Spiritual Awakening",
        "theme_type": "spirituality",
        "stylistic_device": [
          "imagery",
          "simile"
        ],
        "mood": "reflective",
        "historical_period": "Modern Era",
        "cultural_influence": "Mysticism",
        "length": "long"
      },
      {
        "name": "Reflections in the Meadow",
        "theme_type": "nature",
        "stylistic_device": [
          "imagery"
        ],
        "mood": "reflective",
        "historical_period": "Romantic Era",
        "cultural_influence": "Nature Poetry",
        "length": "long"
      },
      {
        "name": "Love's Lament",
        "theme_type": "love",
        "stylistic_device": [
          "personification",
          "imagery"
        ],
        "mood": "melancholic",
        "historical_period": "Romantic Era",
        "cultural_influence": "Romanticism",
        "length": "medium"
      },
      {
        "name": "Echoes of the Forest",
        "theme_type": "nature",
        "stylistic_device": [
          "imagery",
          "metaphor"
        ],
        "mood": "serene",
        "historical_period": "Romantic Era",
        "cultural_influence": "Nature Poetry",
        "length": "medium"
      },
      {
        "name": "Nature's Symphony",
        "theme_type": "nature",
        "stylistic_device": [
          "imagery",
          "alliteration"
        ],
        "mood": "joyful",
        "historical_period": "Romantic Era",
        "cultural_influence": "Nature Poetry",
        "length": "short"
      }
    ],
    "status": "complete"
  },
  {
    "domain": "Stylistic Devices",
    "turns": [
      [
        "Thanks! Now, could you help me find a personification that feels strong?",
        {
          "name": null,
          "device_type": "Personification",
          "complexity_level": null,
          "frequency_of_use": null,
          "impact_strength": "Strong"
        },
        "Sure! How about \"Dancing Dolphins\"? It has strong personification. Does that work for you?"
      ],
      [
        "\"Dancing Dolphins\" sounds perfect! Is it moderately complex?",
        {
          "name": "Dancing Dolphins",
          "device_type": "Personification",
          "complexity_level": "Moderate",
          "frequency_of_use": null,
          "impact_strength": "Strong"
        },
        "Actually, \"Dancing Dolphins\" is simple in complexity. Would you like to consider something else?"
      ],
      [
        "Yes, let\u2019s look for a moderately complex option then. Any ideas?",
        {
          "name": null,
          "device_type": "Personification",
          "complexity_level": "Simple",
          "frequency_of_use": null,
          "impact_strength": "Strong"
        },
        "How about \"Singing River\"? It's moderately complex and has strong personification. Would you like that?"
      ],
      [
        "\"Singing River\" fits perfectly! Let's go with that!",
        {
          "name": "Singing River",
          "device_type": "Personification",
          "complexity_level": "Moderate",
          "frequency_of_use": null,
          "impact_strength": "Strong"
        },
        "Great choice! \"Singing River\" it is!"
      ]
    ],
    "preferences_code": "```python\npreferences = StylisticDeviceCriteria(\n    name='Singing River',\n    device_type='Personification',\n    complexity_level='Moderate',\n    frequency_of_use='Frequent',\n    impact_strength='Strong'\n)\n```",
    "red_herrings_code": "```python\n# Global variable representing a list of similar Stylistic Devices examples\nsimilar_stylistic_devices = [\n    StylisticDeviceKnowledge(\n        name='Whispering Wind',\n        device_type='Personification',\n        complexity_level='Simple',\n        frequency_of_use='Frequent',\n        impact_strength='Subtle',\n    ),\n    StylisticDeviceKnowledge(\n        name='Dancing Leaves',\n        device_type='Personification',\n        complexity_level='Simple',\n        frequency_of_use='Occasional',\n        impact_strength='Moderate',\n    ),\n    StylisticDeviceKnowledge(\n        name='Singing River',\n        device_type='Personification',\n        complexity_level='Moderate',\n        frequency_of_use='Frequent',\n        impact_strength='Strong',\n    ),\n]\n```",
    "database_code": "```python\n# Global variable representing a list of Stylistic Devices examples\nstylistic_devices_examples = [\n    StylisticDeviceKnowledge(\n        name=\"Whispering Waves\",\n        device_type=\"Personification\",\n        complexity_level=\"Moderate\",\n        frequency_of_use=\"Occasional\",\n        impact_strength=\"Strong\"\n    ),\n    StylisticDeviceKnowledge(\n        name=\"Singing Sea\",\n        device_type=\"Personification\",\n        complexity_level=\"Simple\",\n        frequency_of_use=\"Frequent\",\n        impact_strength=\"Moderate\"\n    ),\n    StylisticDeviceKnowledge(\n        name=\"Dancing Dolphins\",\n        device_type=\"Personification\",\n        complexity_level=\"Simple\",\n        frequency_of_use=\"Frequent\",\n        impact_strength=\"Strong\"\n    ),\n    StylisticDeviceKnowledge(\n        name=\"Raging Storm\",\n        device_type=\"Personification\",\n        complexity_level=\"Moderate\",\n        frequency_of_use=\"Occasional\",\n        impact_strength=\"Strong\"\n    ),\n    StylisticDeviceKnowledge(\n        name=\"Gentle Breeze\",\n        device_type=\"Personification\",\n        complexity_level=\"Simple\",\n        frequency_of_use=\"Frequent\",\n        impact_strength=\"Subtle\"\n    ),\n    StylisticDeviceKnowledge(\n        name=\"Waves Whisper\",\n        device_type=\"Alliteration\",\n        complexity_level=\"Simple\",\n        frequency_of_use=\"Frequent\",\n        impact_strength=\"Moderate\"\n    ),\n    StylisticDeviceKnowledge(\n        name=\"Ocean's Embrace\",\n        device_type=\"Metaphor\",\n        complexity_level=\"Moderate\",\n        frequency_of_use=\"Occasional\",\n        impact_strength=\"Strong\"\n    ),\n    StylisticDeviceKnowledge(\n        name=\"Bright as the Sun\",\n        device_type=\"Simile\",\n        complexity_level=\"Simple\",\n        frequency_of_use=\"Frequent\",\n        impact_strength=\"Moderate\"\n    ),\n    StylisticDeviceKnowledge(\n        name=\"Silent Depths\",\n        device_type=\"Oxymoron\",\n        complexity_level=\"Complex\",\n        frequency_of_use=\"Rare\",\n        impact_strength=\"Strong\"\n    ),\n    StylisticDeviceKnowledge(\n        name=\"Beneath the Surface\",\n        device_type=\"Symbolism\",\n        complexity_level=\"Moderate\",\n        frequency_of_use=\"Occasional\",\n        impact_strength=\"Moderate\"\n    )\n]\n```",
    "goal": {
      "name": "Singing River",
      "device_type": "Personification",
      "complexity_level": "Moderate",
      "frequency_of_use": "Frequent",
      "impact_strength": "Strong"
    },
    "database": [
      {
        "name": "Waves Whisper",
        "device_type": "Alliteration",
        "complexity_level": "Simple",
        "frequency_of_use": "Frequent",
        "impact_strength": "Moderate"
      },
      {
        "name": "Dancing Dolphins",
        "device_type": "Personification",
        "complexity_level": "Simple",
        "frequency_of_use": "Frequent",
        "impact_strength": "Strong"
      },
      {
        "name": "Silent Depths",
        "device_type": "Oxymoron",
        "complexity_level": "Complex",
        "frequency_of_use": "Rare",
        "impact_strength": "Strong"
      },
      {
        "name": "Dancing Leaves",
        "device_type": "Personification",
        "complexity_level": "Simple",
        "frequency_of_use": "Occasional",
        "impact_strength": "Moderate"
      },
      {
        "name": "Bright as the Sun",
        "device_type": "Simile",
        "complexity_level": "Simple",
        "frequency_of_use": "Frequent",
        "impact_strength": "Moderate"
      },
      {
        "name": "Singing Sea",
        "device_type": "Personification",
        "complexity_level": "Simple",
        "frequency_of_use": "Frequent",
        "impact_strength": "Moderate"
      },
      {
        "name": "Ocean's Embrace",
        "device_type": "Metaphor",
        "complexity_level": "Moderate",
        "frequency_of_use": "Occasional",
        "impact_strength": "Strong"
      },
      {
        "name": "Beneath the Surface",
        "device_type": "Symbolism",
        "complexity_level": "Moderate",
        "frequency_of_use": "Occasional",
        "impact_strength": "Moderate"
      },
      {
        "name": "Raging Storm",
        "device_type": "Personification",
        "complexity_level": "Moderate",
        "frequency_of_use": "Occasional",
        "impact_strength": "Strong"
      },
      {
        "name": "Gentle Breeze",
        "device_type": "Personification",
        "complexity_level": "Simple",
        "frequency_of_use": "Frequent",
        "impact_strength": "Subtle"
      },
      {
        "name": "Singing River",
        "device_type": "Personification",
        "complexity_level": "Moderate",
        "frequency_of_use": "Frequent",
        "impact_strength": "Strong"
      },
      {
        "name": "Whispering Wind",
        "device_type": "Personification",
        "complexity_level": "Simple",
        "frequency_of_use": "Frequent",
        "impact_strength": "Subtle"
      },
      {
        "name": "Whispering Waves",
        "device_type": "Personification",
        "complexity_level": "Moderate",
        "frequency_of_use": "Occasional",
        "impact_strength": "Strong"
      }
    ],
    "status": "complete"
  },
  {
    "domain": "Anthology Contributions",
    "turns": [
      [
        "Thanks! Now, could you help me find a poem on isolation?",
        {
          "name": "Singing River",
          "contribution_type": "Poem",
          "theme": "Isolation",
          "stylistic_device": "Personification",
          "author": null,
          "publication_year": null,
          "publisher": null,
          "language": null
        },
        "Sure! Would you prefer a specific stylistic device for the isolation poem?"
      ],
      [
        "Yes, I'm looking for one that uses simile.",
        {
          "name": "Singing River",
          "contribution_type": "Poem",
          "theme": "Isolation",
          "stylistic_device": "Simile",
          "author": null,
          "publication_year": null,
          "publisher": null,
          "language": null
        },
        "I recommend \"Reflections in the Dark.\" It uses simile and explores isolation. Would you like to go with that?"
      ],
      [
        "\"Reflections in the Dark\" sounds good! Let's finalize that one!",
        {
          "name": "Singing River",
          "contribution_type": "Poem",
          "theme": "Isolation",
          "stylistic_device": "Simile",
          "author": null,
          "publication_year": null,
          "publisher": null,
          "language": null
        },
        "Excellent choice! \"Reflections in the Dark\" it is!"
      ],
      [
        "Thank you! Can we also find a poem by Sarah Brown for isolation?",
        {
          "name": "Singing River",
          "contribution_type": "Poem",
          "theme": "Isolation",
          "stylistic_device": "Simile",
          "author": "Sarah Brown",
          "publication_year": null,
          "publisher": null,
          "language": null
        },
        "Yes, \"Reflections in the Dark\" by Sarah Brown is about isolation. Would you like to confirm that?"
      ],
      [
        "Yes, let's confirm \"Reflections in the Dark\" by Sarah Brown!",
        {
          "name": "Singing River",
          "contribution_type": "Poem",
          "theme": "Isolation",
          "stylistic_device": "Simile",
          "author": "Sarah Brown",
          "publication_year": null,
          "publisher": null,
          "language": null
        },
        "Confirmed! \"Reflections in the Dark\" by Sarah Brown is yours!"
      ]
    ],
    "preferences_code": "```python\npreferences = AnthologyCriteria(\n    name='Reflections in the Dark',\n    contribution_type='Poem',\n    theme='Isolation',\n    stylistic_device='Simile',\n    author='Sarah Brown',\n    publication_year=2022,\n    publisher='Echo Publishing',\n    language='English'\n)\n```",
    "red_herrings_code": "```python\n# Global variable representing a list of similar Anthology Contributions\nsimilar_anthology_contributions = [\n    AnthologyContribution(\n        name='Whispers of Solitude',\n        contribution_type='Poem',\n        theme='Isolation',\n        stylistic_device='Personification',\n        author='Emily Johnson',\n        publication_year=2019,\n        publisher='Quiet Press',\n        language='English',\n    ),\n    AnthologyContribution(\n        name='Shadows of Loneliness',\n        contribution_type='Poem',\n        theme='Isolation',\n        stylistic_device='Metaphor',\n        author='David Lee',\n        publication_year=2021,\n        publisher='Still Waters',\n        language='English',\n    ),\n    AnthologyContribution(\n        name='Reflections in the Dark',\n        contribution_type='Poem',\n        theme='Isolation',\n        stylistic_device='Simile',\n        author='Sarah Brown',\n        publication_year=2022,\n        publisher='Echo Publishing',\n        language='English',\n    ),\n]\n```",
    "database_code": "```python\n# Global variable representing a list of Anthology Contributions examples\nanthology_contributions = [\n    AnthologyContribution(\n        name=\"Whispers of the Wind\",\n        contribution_type='Poem',\n        theme=\"Nature\",\n        stylistic_device='Personification',\n        author=\"Emily Johnson\",\n        publication_year=2021,\n        publisher=\"Nature's Voice\",\n        language=\"English\"\n    ),\n    AnthologyContribution(\n        name=\"Echoes of Silence\",\n        contribution_type='Poem',\n        theme=\"Isolation\",\n        stylistic_device='Metaphor',\n        author=\"Michael Smith\",\n        publication_year=2020,\n        publisher=\"Silent Press\",\n        language=\"English\"\n    ),\n    AnthologyContribution(\n        name=\"The Last Leaf\",\n        contribution_type='Short Story',\n        theme=\"Change\",\n        stylistic_device='Simile',\n        author=\"Anna Lee\",\n        publication_year=2019,\n        publisher=\"Storytellers\",\n        language=\"English\"\n    ),\n    AnthologyContribution(\n        name=\"The Ocean's Heartbeat\",\n        contribution_type='Poem',\n        theme=\"Ocean\",\n        stylistic_device='Personification',\n        author=\"John Doe\",\n        publication_year=2022,\n        publisher=\"Seashell Publications\",\n        language=\"English\"\n    ),\n    AnthologyContribution(\n        name=\"Journeys Through Time\",\n        contribution_type='Essay',\n        theme=\"History\",\n        stylistic_device='Alliteration',\n        author=\"Sara Patel\",\n        publication_year=2018,\n        publisher=\"Historical Insights\",\n        language=\"English\"\n    ),\n    AnthologyContribution(\n        name=\"Reflections in the Rain\",\n        contribution_type='Poem',\n        theme=\"Emotion\",\n        stylistic_device='Metaphor',\n        author=\"Liam Brown\",\n        publication_year=2023,\n        publisher=\"Poetic Waves\",\n        language=\"English\"\n    ),\n    AnthologyContribution(\n        name=\"Voices of the Forest\",\n        contribution_type='Interview',\n        theme=\"Nature\",\n        stylistic_device='Personification',\n        author=\"Sophia Wilson\",\n        publication_year=2021,\n        publisher=\"EcoTalks\",\n        language=\"English\"\n    ),\n    AnthologyContribution(\n        name=\"Stars in Our Eyes\",\n        contribution_type='Poem',\n        theme=\"Dreams\",\n        stylistic_device='Simile',\n        author=\"James Taylor\",\n        publication_year=2020,\n        publisher=\"Dreamscape Press\",\n        language=\"English\"\n    ),\n    AnthologyContribution(\n        name=\"The Dance of Flames\",\n        contribution_type='Short Story',\n        theme=\"Passion\",\n        stylistic_device='Personification',\n        author=\"Olivia Green\",\n        publication_year=2022,\n        publisher=\"Fiery Tales\",\n        language=\"English\"\n    ),\n    AnthologyContribution(\n        name=\"The Unseen Path\",\n        contribution_type='Essay',\n        theme=\"Exploration\",\n        stylistic_device='Metaphor',\n        author=\"Ethan White\",\n        publication_year=2019,\n        publisher=\"Insightful Reads\",\n        language=\"English\"\n    )\n]\n```",
    "goal": {
      "name": null,
      "contribution_type": "Poem",
      "theme": "Isolation",
      "stylistic_device": "Simile",
      "author": "Sarah Brown",
      "publication_year": 2022,
      "publisher": "Echo Publishing",
      "language": "English"
    },
    "database": [
      {
        "name": "The Dance of Flames",
        "contribution_type": "Short Story",
        "theme": "Passion",
        "stylistic_device": "Personification",
        "author": "Olivia Green",
        "publication_year": 2022,
        "publisher": "Fiery Tales",
        "language": "English"
      },
      {
        "name": "Stars in Our Eyes",
        "contribution_type": "Poem",
        "theme": "Dreams",
        "stylistic_device": "Simile",
        "author": "James Taylor",
        "publication_year": 2020,
        "publisher": "Dreamscape Press",
        "language": "English"
      },
      {
        "name": "Shadows of Loneliness",
        "contribution_type": "Poem",
        "theme": "Isolation",
        "stylistic_device": "Metaphor",
        "author": "David Lee",
        "publication_year": 2021,
        "publisher": "Still Waters",
        "language": "English"
      },
      {
        "name": "Whispers of the Wind",
        "contribution_type": "Poem",
        "theme": "Nature",
        "stylistic_device": "Personification",
        "author": "Emily Johnson",
        "publication_year": 2021,
        "publisher": "Nature's Voice",
        "language": "English"
      },
      {
        "name": "Whispers of Solitude",
        "contribution_type": "Poem",
        "theme": "Isolation",
        "stylistic_device": "Personification",
        "author": "Emily Johnson",
        "publication_year": 2019,
        "publisher": "Quiet Press",
        "language": "English"
      },
      {
        "name": "Echoes of Silence",
        "contribution_type": "Poem",
        "theme": "Isolation",
        "stylistic_device": "Metaphor",
        "author": "Michael Smith",
        "publication_year": 2020,
        "publisher": "Silent Press",
        "language": "English"
      },
      {
        "name": "Reflections in the Dark",
        "contribution_type": "Poem",
        "theme": "Isolation",
        "stylistic_device": "Simile",
        "author": "Sarah Brown",
        "publication_year": 2022,
        "publisher": "Echo Publishing",
        "language": "English"
      },
      {
        "name": "Reflections in the Rain",
        "contribution_type": "Poem",
        "theme": "Emotion",
        "stylistic_device": "Metaphor",
        "author": "Liam Brown",
        "publication_year": 2023,
        "publisher": "Poetic Waves",
        "language": "English"
      },
      {
        "name": "Journeys Through Time",
        "contribution_type": "Essay",
        "theme": "History",
        "stylistic_device": "Alliteration",
        "author": "Sara Patel",
        "publication_year": 2018,
        "publisher": "Historical Insights",
        "language": "English"
      },
      {
        "name": "The Last Leaf",
        "contribution_type": "Short Story",
        "theme": "Change",
        "stylistic_device": "Simile",
        "author": "Anna Lee",
        "publication_year": 2019,
        "publisher": "Storytellers",
        "language": "English"
      },
      {
        "name": "Voices of the Forest",
        "contribution_type": "Interview",
        "theme": "Nature",
        "stylistic_device": "Personification",
        "author": "Sophia Wilson",
        "publication_year": 2021,
        "publisher": "EcoTalks",
        "language": "English"
      },
      {
        "name": "The Ocean's Heartbeat",
        "contribution_type": "Poem",
        "theme": "Ocean",
        "stylistic_device": "Personification",
        "author": "John Doe",
        "publication_year": 2022,
        "publisher": "Seashell Publications",
        "language": "English"
      },
      {
        "name": "The Unseen Path",
        "contribution_type": "Essay",
        "theme": "Exploration",
        "stylistic_device": "Metaphor",
        "author": "Ethan White",
        "publication_year": 2019,
        "publisher": "Insightful Reads",
        "language": "English"
      }
    ],
    "status": "complete"
  }
]