[
  {
    "domain": "Treatments",
    "turns": [
      [
        "Hey, could you tell me if there are any treatments with no side effects?",
        {
          "name": null,
          "efficacy": null,
          "side_effects_severity": "none",
          "duration_of_effect": null,
          "cost": null,
          "frequency_of_dosage": null
        },
        "Sure! The treatments with no side effects are Cognitive Behavioral Therapy, Psychoanalysis, and Supportive Therapy."
      ],
      [
        "Great! Do you have any information on their efficacy levels?",
        {
          "name": null,
          "efficacy": null,
          "side_effects_severity": "none",
          "duration_of_effect": null,
          "cost": null,
          "frequency_of_dosage": null
        },
        "Yes! Cognitive Behavioral Therapy has high efficacy, Psychoanalysis has low efficacy, and Supportive Therapy has moderate efficacy."
      ],
      [
        "I think I'll go with Cognitive Behavioral Therapy then. What about the duration of its effects?",
        {
          "name": "Cognitive Behavioral Therapy",
          "efficacy": "high",
          "side_effects_severity": "none",
          "duration_of_effect": null,
          "cost": null,
          "frequency_of_dosage": null
        },
        "Cognitive Behavioral Therapy has a long-term duration of effect."
      ]
    ],
    "preferences_code": "```python\npreferences = TreatmentCriteria(\n    name='Herbal Tea',\n    efficacy='low',\n    side_effects_severity='none',\n    duration_of_effect='short-term',\n    cost='low',\n    frequency_of_dosage='single',\n)\n```",
    "red_herrings_code": "```python\n# Global variable representing a list of Treatment examples\nsimilar_treatments = [\n    Treatment(\n        name='Herbal Tea',\n        efficacy='low',\n        side_effects_severity='none',\n        duration_of_effect='short-term',\n        cost='low',\n        frequency_of_dosage='single',\n    ),\n    Treatment(\n        name='Vitamins',\n        efficacy='moderate',\n        side_effects_severity='mild',\n        duration_of_effect='short-term',\n        cost='medium',\n        frequency_of_dosage='multiple',\n    ),\n    Treatment(\n        name='Homeopathic Remedy',\n        efficacy='low',\n        side_effects_severity='mild',\n        duration_of_effect='long-term',\n        cost='low',\n        frequency_of_dosage='single',\n    )\n]\n```",
    "database_code": "```python\n# Global variable representing a list of Treatment examples\ntreatment_examples = [\n    Treatment(name=\"Cognitive Behavioral Therapy\", efficacy='high', side_effects_severity='none',\n              duration_of_effect='long-term', cost='medium', frequency_of_dosage='multiple'),\n    Treatment(name=\"Antidepressant A\", efficacy='high', side_effects_severity='mild',\n              duration_of_effect='long-term', cost='medium', frequency_of_dosage='multiple'),\n    Treatment(name=\"Antidepressant B\", efficacy='moderate', side_effects_severity='moderate',\n              duration_of_effect='long-term', cost='high', frequency_of_dosage='multiple'),\n    Treatment(name=\"Mindfulness Meditation\", efficacy='moderate', side_effects_severity='none',\n              duration_of_effect='short-term', cost='low', frequency_of_dosage='single'),\n    Treatment(name=\"Psychoanalysis\", efficacy='low', side_effects_severity='none',\n              duration_of_effect='long-term', cost='high', frequency_of_dosage='multiple'),\n    Treatment(name=\"Antipsychotic A\", efficacy='high', side_effects_severity='severe',\n              duration_of_effect='long-term', cost='medium', frequency_of_dosage='multiple'),\n    Treatment(name=\"Supportive Therapy\", efficacy='moderate', side_effects_severity='none',\n              duration_of_effect='short-term', cost='low', frequency_of_dosage='single'),\n    Treatment(name=\"Mood Stabilizer\", efficacy='high', side_effects_severity='mild',\n              duration_of_effect='long-term', cost='medium', frequency_of_dosage='multiple'),\n    Treatment(name=\"Herbal Supplement\", efficacy='low', side_effects_severity='none',\n              duration_of_effect='short-term', cost='low', frequency_of_dosage='single'),\n    Treatment(name=\"Transcranial Magnetic Stimulation\", efficacy='high', side_effects_severity='mild',\n              duration_of_effect='long-term', cost='high', frequency_of_dosage='multiple'),\n]\n```",
    "goal": {
      "name": null,
      "efficacy": null,
      "side_effects_severity": "none",
      "duration_of_effect": null,
      "cost": null,
      "frequency_of_dosage": null
    },
    "database": [
      {
        "name": "Cognitive Behavioral Therapy",
        "efficacy": "high",
        "side_effects_severity": "none",
        "duration_of_effect": "long-term",
        "cost": "medium",
        "frequency_of_dosage": "multiple"
      },
      {
        "name": "Psychoanalysis",
        "efficacy": "low",
        "side_effects_severity": "none",
        "duration_of_effect": "long-term",
        "cost": "high",
        "frequency_of_dosage": "multiple"
      },
      {
        "name": "Mood Stabilizer",
        "efficacy": "high",
        "side_effects_severity": "mild",
        "duration_of_effect": "long-term",
        "cost": "medium",
        "frequency_of_dosage": "multiple"
      },
      {
        "name": "Antidepressant B",
        "efficacy": "moderate",
        "side_effects_severity": "moderate",
        "duration_of_effect": "long-term",
        "cost": "high",
        "frequency_of_dosage": "multiple"
      },
      {
        "name": "Antipsychotic A",
        "efficacy": "high",
        "side_effects_severity": "severe",
        "duration_of_effect": "long-term",
        "cost": "medium",
        "frequency_of_dosage": "multiple"
      },
      {
        "name": "Supportive Therapy",
        "efficacy": "moderate",
        "side_effects_severity": "none",
        "duration_of_effect": "short-term",
        "cost": "low",
        "frequency_of_dosage": "single"
      },
      {
        "name": "Herbal Supplement",
        "efficacy": "low",
        "side_effects_severity": "none",
        "duration_of_effect": "short-term",
        "cost": "low",
        "frequency_of_dosage": "single"
      },
      {
        "name": "Antidepressant A",
        "efficacy": "high",
        "side_effects_severity": "mild",
        "duration_of_effect": "long-term",
        "cost": "medium",
        "frequency_of_dosage": "multiple"
      },
      {
        "name": "Mindfulness Meditation",
        "efficacy": "moderate",
        "side_effects_severity": "none",
        "duration_of_effect": "short-term",
        "cost": "low",
        "frequency_of_dosage": "single"
      },
      {
        "name": "Vitamins",
        "efficacy": "moderate",
        "side_effects_severity": "mild",
        "duration_of_effect": "short-term",
        "cost": "medium",
        "frequency_of_dosage": "multiple"
      },
      {
        "name": "Transcranial Magnetic Stimulation",
        "efficacy": "high",
        "side_effects_severity": "mild",
        "duration_of_effect": "long-term",
        "cost": "high",
        "frequency_of_dosage": "multiple"
      },
      {
        "name": "Homeopathic Remedy",
        "efficacy": "low",
        "side_effects_severity": "mild",
        "duration_of_effect": "long-term",
        "cost": "low",
        "frequency_of_dosage": "single"
      },
      {
        "name": "Herbal Tea",
        "efficacy": "low",
        "side_effects_severity": "none",
        "duration_of_effect": "short-term",
        "cost": "low",
        "frequency_of_dosage": "single"
      }
    ],
    "status": "complete"
  },
  {
    "domain": "Study Participants",
    "turns": [
      [
        "That sounds promising! Can you help me find adult female participants with PTSD in San Jose?",
        {
          "name": null,
          "age_group": "adult",
          "condition": "PTSD",
          "gender": "female",
          "location": "San Jose",
          "treatment_history": null,
          "severity": null,
          "duration_of_condition": null
        },
        "Sure! There are two adult female participants with PTSD in San Jose: Jasmine and another Jasmine."
      ],
      [
        "Interesting! Can you tell me about their treatment history?",
        {
          "name": null,
          "age_group": "adult",
          "condition": "PTSD",
          "gender": "female",
          "location": "San Jose",
          "treatment_history": null,
          "severity": null,
          "duration_of_condition": null
        },
        "One Jasmine has exposure therapy, and the other Jasmine has cognitive therapy."
      ],
      [
        "I prefer the one with cognitive therapy. What about their severity levels?",
        {
          "name": "Jasmine",
          "age_group": "adult",
          "condition": "PTSD",
          "gender": "female",
          "location": "San Jose",
          "treatment_history": "cognitive therapy",
          "severity": null,
          "duration_of_condition": null
        },
        "The Jasmine with cognitive therapy has a moderate severity level."
      ],
      [
        "Perfect! How long has she been dealing with PTSD?",
        {
          "name": "Jasmine",
          "age_group": "adult",
          "condition": "PTSD",
          "gender": "female",
          "location": "San Jose",
          "treatment_history": "cognitive therapy",
          "severity": "moderate",
          "duration_of_condition": null
        },
        "She has been dealing with PTSD for four years."
      ],
      [
        "That fits all my criteria! Let's finalize her as the study participant.",
        {
          "name": "Jasmine",
          "age_group": "adult",
          "condition": "PTSD",
          "gender": "female",
          "location": "San Jose",
          "treatment_history": "cognitive therapy",
          "severity": "moderate",
          "duration_of_condition": 4
        },
        "Great choice! We'll finalize Jasmine with cognitive therapy as your study participant."
      ]
    ],
    "preferences_code": "```python\npreferences = StudyParticipantCriteria(\n    name='Jasmine',\n    age_group='adult',\n    condition='PTSD',\n    gender='female',\n    location='San Jose',\n    treatment_history='cognitive therapy',\n    severity='moderate',\n    duration_of_condition=4\n)\n```",
    "red_herrings_code": "```python\n# Global variable to store a list of example Study Participants\nsimilar_study_participants = [\n    StudyParticipant(\n        name='Jasmine',\n        age_group='adult',\n        condition='PTSD',\n        gender='female',\n        location='San Jose',\n        treatment_history='cognitive therapy',\n        severity='moderate',\n        duration_of_condition=4,\n    ),\n    StudyParticipant(\n        name='Emily',\n        age_group='adult',\n        condition='PTSD',\n        gender='female',\n        location='San Francisco',\n        treatment_history='exposure therapy',\n        severity='severe',\n        duration_of_condition=3,\n    ),\n    StudyParticipant(\n        name='Sophia',\n        age_group='adult',\n        condition='anxiety',\n        gender='female',\n        location='San Jose',\n        treatment_history='cognitive therapy',\n        severity='moderate',\n        duration_of_condition=2,\n    ),\n]\n```",
    "database_code": "```python\n# Global variable to store a list of example Study Participants\nstudy_participants = [\n    StudyParticipant(name=\"Alice\", age_group=\"adult\", condition=\"anxiety\", gender=\"female\", location=\"New York\", treatment_history=\"CBT\", severity=\"moderate\", duration_of_condition=3),\n    StudyParticipant(name=\"Bob\", age_group=\"senior\", condition=\"depression\", gender=\"male\", location=\"Los Angeles\", treatment_history=\"medication\", severity=\"severe\", duration_of_condition=5),\n    StudyParticipant(name=\"Charlie\", age_group=\"adolescent\", condition=\"ADHD\", gender=\"other\", location=\"Chicago\", treatment_history=\"none\", severity=\"mild\", duration_of_condition=2),\n    StudyParticipant(name=\"Diana\", age_group=\"child\", condition=\"autism\", gender=\"female\", location=\"Houston\", treatment_history=\"behavioral therapy\", severity=\"moderate\", duration_of_condition=4),\n    StudyParticipant(name=\"Ethan\", age_group=\"adult\", condition=\"bipolar disorder\", gender=\"male\", location=\"Phoenix\", treatment_history=\"medication\", severity=\"severe\", duration_of_condition=6),\n    StudyParticipant(name=\"Fiona\", age_group=\"senior\", condition=\"anxiety\", gender=\"female\", location=\"Philadelphia\", treatment_history=\"CBT\", severity=\"mild\", duration_of_condition=1),\n    StudyParticipant(name=\"George\", age_group=\"adult\", condition=\"schizophrenia\", gender=\"male\", location=\"San Antonio\", treatment_history=\"medication\", severity=\"severe\", duration_of_condition=10),\n    StudyParticipant(name=\"Hannah\", age_group=\"adolescent\", condition=\"depression\", gender=\"female\", location=\"San Diego\", treatment_history=\"none\", severity=\"moderate\", duration_of_condition=3),\n    StudyParticipant(name=\"Ian\", age_group=\"child\", condition=\"anxiety\", gender=\"male\", location=\"Dallas\", treatment_history=\"CBT\", severity=\"mild\", duration_of_condition=2),\n    StudyParticipant(name=\"Jasmine\", age_group=\"adult\", condition=\"PTSD\", gender=\"female\", location=\"San Jose\", treatment_history=\"exposure therapy\", severity=\"moderate\", duration_of_condition=4),\n]\n```",
    "goal": {
      "name": null,
      "age_group": "adult",
      "condition": "PTSD",
      "gender": "female",
      "location": "San Jose",
      "treatment_history": "cognitive therapy",
      "severity": "moderate",
      "duration_of_condition": 4
    },
    "database": [
      {
        "name": "Diana",
        "age_group": "child",
        "condition": "autism",
        "gender": "female",
        "location": "Houston",
        "treatment_history": "behavioral therapy",
        "severity": "moderate",
        "duration_of_condition": 4
      },
      {
        "name": "Fiona",
        "age_group": "senior",
        "condition": "anxiety",
        "gender": "female",
        "location": "Philadelphia",
        "treatment_history": "CBT",
        "severity": "mild",
        "duration_of_condition": 1
      },
      {
        "name": "Ian",
        "age_group": "child",
        "condition": "anxiety",
        "gender": "male",
        "location": "Dallas",
        "treatment_history": "CBT",
        "severity": "mild",
        "duration_of_condition": 2
      },
      {
        "name": "George",
        "age_group": "adult",
        "condition": "schizophrenia",
        "gender": "male",
        "location": "San Antonio",
        "treatment_history": "medication",
        "severity": "severe",
        "duration_of_condition": 10
      },
      {
        "name": "Hannah",
        "age_group": "adolescent",
        "condition": "depression",
        "gender": "female",
        "location": "San Diego",
        "treatment_history": "none",
        "severity": "moderate",
        "duration_of_condition": 3
      },
      {
        "name": "Sophia",
        "age_group": "adult",
        "condition": "anxiety",
        "gender": "female",
        "location": "San Jose",
        "treatment_history": "cognitive therapy",
        "severity": "moderate",
        "duration_of_condition": 2
      },
      {
        "name": "Ethan",
        "age_group": "adult",
        "condition": "bipolar disorder",
        "gender": "male",
        "location": "Phoenix",
        "treatment_history": "medication",
        "severity": "severe",
        "duration_of_condition": 6
      },
      {
        "name": "Bob",
        "age_group": "senior",
        "condition": "depression",
        "gender": "male",
        "location": "Los Angeles",
        "treatment_history": "medication",
        "severity": "severe",
        "duration_of_condition": 5
      },
      {
        "name": "Alice",
        "age_group": "adult",
        "condition": "anxiety",
        "gender": "female",
        "location": "New York",
        "treatment_history": "CBT",
        "severity": "moderate",
        "duration_of_condition": 3
      },
      {
        "name": "Jasmine",
        "age_group": "adult",
        "condition": "PTSD",
        "gender": "female",
        "location": "San Jose",
        "treatment_history": "exposure therapy",
        "severity": "moderate",
        "duration_of_condition": 4
      },
      {
        "name": "Jasmine",
        "age_group": "adult",
        "condition": "PTSD",
        "gender": "female",
        "location": "San Jose",
        "treatment_history": "cognitive therapy",
        "severity": "moderate",
        "duration_of_condition": 4
      },
      {
        "name": "Emily",
        "age_group": "adult",
        "condition": "PTSD",
        "gender": "female",
        "location": "San Francisco",
        "treatment_history": "exposure therapy",
        "severity": "severe",
        "duration_of_condition": 3
      },
      {
        "name": "Charlie",
        "age_group": "adolescent",
        "condition": "ADHD",
        "gender": "other",
        "location": "Chicago",
        "treatment_history": "none",
        "severity": "mild",
        "duration_of_condition": 2
      }
    ],
    "status": "complete"
  },
  {
    "domain": "Long-term Impact Measures",
    "turns": [
      [
        "Thanks! Now, can you help me find a Long-term Impact Measure for functional improvement?",
        {
          "name": null,
          "outcome_metric": "functional improvement",
          "duration": null,
          "measurement_frequency": null,
          "participant_age_group": "adults",
          "study_type": null,
          "geographic_location": "San Jose",
          "data_source": null
        },
        "Sure! Are you looking for a specific duration or measurement frequency for the functional improvement measure?"
      ],
      [
        "Yes, I need it to be measured over 6 months with a weekly frequency.",
        {
          "name": null,
          "outcome_metric": "functional improvement",
          "duration": "6 months",
          "measurement_frequency": "weekly",
          "participant_age_group": "adults",
          "study_type": null,
          "geographic_location": null,
          "data_source": null
        },
        "The \"Functional Improvement Scale\" matches your criteria perfectly!"
      ]
    ],
    "preferences_code": "```python\npreferences = LongTermImpactCriteria(\n    name='Functional Improvement Scale',\n    outcome_metric='Functional improvement',\n    duration='6 months',\n    measurement_frequency='weekly',\n    participant_age_group='adults',\n    study_type='observational',\n    geographic_location='San Jose',\n    data_source='clinical records',\n)\n```",
    "red_herrings_code": "```python\n# Global variable containing a list of Long-term Impact Measures examples\nlong_term_impact_measures = [\n    LongTermImpactMeasure(\n        name='Quality of Life Scale',\n        outcome_metric='Patient well-being',\n        duration='6 months',\n        measurement_frequency='weekly',\n        participant_age_group='adults',\n        study_type='experimental',\n        geographic_location='San Jose',\n        data_source='patient surveys',\n    ),\n    LongTermImpactMeasure(\n        name='Symptom Severity Index',\n        outcome_metric='Symptom reduction',\n        duration='3 months',\n        measurement_frequency='monthly',\n        participant_age_group='adults',\n        study_type='longitudinal',\n        geographic_location='San Jose',\n        data_source='clinical records',\n    ),\n    LongTermImpactMeasure(\n        name='Functional Improvement Scale',\n        outcome_metric='Functional improvement',\n        duration='6 months',\n        measurement_frequency='weekly',\n        participant_age_group='adults',\n        study_type='observational',\n        geographic_location='San Jose',\n        data_source='clinical records',\n    )\n]\n```",
    "database_code": "```python\n# Global variable representing a list of Long-term Impact Measures examples\nlong_term_impact_measures = [\n    LongTermImpactMeasure(\n        name=\"Well-Being Index\",\n        outcome_metric=\"Patient well-being\",\n        duration=\"1 year\",\n        measurement_frequency=\"monthly\",\n        participant_age_group=\"adults\",\n        study_type=\"longitudinal\",\n        geographic_location=\"San Jose\",\n        data_source=\"patient surveys\"\n    ),\n    LongTermImpactMeasure(\n        name=\"Symptom Reduction Scale\",\n        outcome_metric=\"Symptom reduction\",\n        duration=\"6 months\",\n        measurement_frequency=\"weekly\",\n        participant_age_group=\"adults\",\n        study_type=\"experimental\",\n        geographic_location=\"San Jose\",\n        data_source=\"clinical records\"\n    ),\n    LongTermImpactMeasure(\n        name=\"Quality of Life Assessment\",\n        outcome_metric=\"Quality of life\",\n        duration=\"1 year\",\n        measurement_frequency=\"yearly\",\n        participant_age_group=\"seniors\",\n        study_type=\"cross-sectional\",\n        geographic_location=\"San Jose\",\n        data_source=\"patient surveys\"\n    ),\n    LongTermImpactMeasure(\n        name=\"Anxiety Severity Scale\",\n        outcome_metric=\"Anxiety levels\",\n        duration=\"3 months\",\n        measurement_frequency=\"daily\",\n        participant_age_group=\"adults\",\n        study_type=\"observational\",\n        geographic_location=\"San Jose\",\n        data_source=\"clinical records\"\n    ),\n    LongTermImpactMeasure(\n        name=\"Depression Inventory\",\n        outcome_metric=\"Depression symptoms\",\n        duration=\"6 months\",\n        measurement_frequency=\"weekly\",\n        participant_age_group=\"adolescents\",\n        study_type=\"longitudinal\",\n        geographic_location=\"San Jose\",\n        data_source=\"patient surveys\"\n    ),\n    LongTermImpactMeasure(\n        name=\"Functional Impairment Scale\",\n        outcome_metric=\"Functional impairment\",\n        duration=\"1 year\",\n        measurement_frequency=\"monthly\",\n        participant_age_group=\"adults\",\n        study_type=\"experimental\",\n        geographic_location=\"San Jose\",\n        data_source=\"clinical records\"\n    ),\n    LongTermImpactMeasure(\n        name=\"Resilience Questionnaire\",\n        outcome_metric=\"Resilience levels\",\n        duration=\"6 months\",\n        measurement_frequency=\"monthly\",\n        participant_age_group=\"adults\",\n        study_type=\"cross-sectional\",\n        geographic_location=\"San Jose\",\n        data_source=\"patient surveys\"\n    ),\n    LongTermImpactMeasure(\n        name=\"Post-Traumatic Growth Inventory\",\n        outcome_metric=\"Growth post-trauma\",\n        duration=\"1 year\",\n        measurement_frequency=\"yearly\",\n        participant_age_group=\"adults\",\n        study_type=\"longitudinal\",\n        geographic_location=\"San Jose\",\n        data_source=\"clinical records\"\n    ),\n    LongTermImpactMeasure(\n        name=\"Coping Strategies Assessment\",\n        outcome_metric=\"Coping strategies\",\n        duration=\"3 months\",\n        measurement_frequency=\"weekly\",\n        participant_age_group=\"adolescents\",\n        study_type=\"observational\",\n        geographic_location=\"San Jose\",\n        data_source=\"patient surveys\"\n    ),\n    LongTermImpactMeasure(\n        name=\"Social Support Scale\",\n        outcome_metric=\"Social support levels\",\n        duration=\"6 months\",\n        measurement_frequency=\"monthly\",\n        participant_age_group=\"seniors\",\n        study_type=\"experimental\",\n        geographic_location=\"San Jose\",\n        data_source=\"clinical records\"\n    )\n]\n```",
    "goal": {
      "name": null,
      "outcome_metric": "Functional improvement",
      "duration": "6 months",
      "measurement_frequency": "weekly",
      "participant_age_group": "adults",
      "study_type": "observational",
      "geographic_location": "San Jose",
      "data_source": "clinical records"
    },
    "database": [
      {
        "name": "Functional Improvement Scale",
        "outcome_metric": "Functional improvement",
        "duration": "6 months",
        "measurement_frequency": "weekly",
        "participant_age_group": "adults",
        "study_type": "observational",
        "geographic_location": "San Jose",
        "data_source": "clinical records"
      },
      {
        "name": "Well-Being Index",
        "outcome_metric": "Patient well-being",
        "duration": "1 year",
        "measurement_frequency": "monthly",
        "participant_age_group": "adults",
        "study_type": "longitudinal",
        "geographic_location": "San Jose",
        "data_source": "patient surveys"
      },
      {
        "name": "Post-Traumatic Growth Inventory",
        "outcome_metric": "Growth post-trauma",
        "duration": "1 year",
        "measurement_frequency": "yearly",
        "participant_age_group": "adults",
        "study_type": "longitudinal",
        "geographic_location": "San Jose",
        "data_source": "clinical records"
      },
      {
        "name": "Anxiety Severity Scale",
        "outcome_metric": "Anxiety levels",
        "duration": "3 months",
        "measurement_frequency": "daily",
        "participant_age_group": "adults",
        "study_type": "observational",
        "geographic_location": "San Jose",
        "data_source": "clinical records"
      },
      {
        "name": "Social Support Scale",
        "outcome_metric": "Social support levels",
        "duration": "6 months",
        "measurement_frequency": "monthly",
        "participant_age_group": "seniors",
        "study_type": "experimental",
        "geographic_location": "San Jose",
        "data_source": "clinical records"
      },
      {
        "name": "Coping Strategies Assessment",
        "outcome_metric": "Coping strategies",
        "duration": "3 months",
        "measurement_frequency": "weekly",
        "participant_age_group": "adolescents",
        "study_type": "observational",
        "geographic_location": "San Jose",
        "data_source": "patient surveys"
      },
      {
        "name": "Quality of Life Assessment",
        "outcome_metric": "Quality of life",
        "duration": "1 year",
        "measurement_frequency": "yearly",
        "participant_age_group": "seniors",
        "study_type": "cross-sectional",
        "geographic_location": "San Jose",
        "data_source": "patient surveys"
      },
      {
        "name": "Functional Impairment Scale",
        "outcome_metric": "Functional impairment",
        "duration": "1 year",
        "measurement_frequency": "monthly",
        "participant_age_group": "adults",
        "study_type": "experimental",
        "geographic_location": "San Jose",
        "data_source": "clinical records"
      },
      {
        "name": "Symptom Reduction Scale",
        "outcome_metric": "Symptom reduction",
        "duration": "6 months",
        "measurement_frequency": "weekly",
        "participant_age_group": "adults",
        "study_type": "experimental",
        "geographic_location": "San Jose",
        "data_source": "clinical records"
      },
      {
        "name": "Symptom Severity Index",
        "outcome_metric": "Symptom reduction",
        "duration": "3 months",
        "measurement_frequency": "monthly",
        "participant_age_group": "adults",
        "study_type": "longitudinal",
        "geographic_location": "San Jose",
        "data_source": "clinical records"
      },
      {
        "name": "Depression Inventory",
        "outcome_metric": "Depression symptoms",
        "duration": "6 months",
        "measurement_frequency": "weekly",
        "participant_age_group": "adolescents",
        "study_type": "longitudinal",
        "geographic_location": "San Jose",
        "data_source": "patient surveys"
      },
      {
        "name": "Resilience Questionnaire",
        "outcome_metric": "Resilience levels",
        "duration": "6 months",
        "measurement_frequency": "monthly",
        "participant_age_group": "adults",
        "study_type": "cross-sectional",
        "geographic_location": "San Jose",
        "data_source": "patient surveys"
      },
      {
        "name": "Quality of Life Scale",
        "outcome_metric": "Patient well-being",
        "duration": "6 months",
        "measurement_frequency": "weekly",
        "participant_age_group": "adults",
        "study_type": "experimental",
        "geographic_location": "San Jose",
        "data_source": "patient surveys"
      }
    ],
    "status": "complete"
  }
]