[
  {
    "domain": "Training Programs",
    "turns": [
      [
        "Hey, I'm looking for an advanced training program for my dog in New York.",
        {
          "name": null,
          "duration": null,
          "program_type": "Advanced",
          "location": "New York",
          "mode": null,
          "budget": null,
          "trainer_experience": null,
          "pet_type": "Dog",
          "behavior_focus": null
        },
        "Are you looking for a specific behavior focus, like socialization or aggression?"
      ],
      [
        "Yes, I'm focusing on socialization.",
        {
          "name": null,
          "duration": null,
          "program_type": "Advanced",
          "location": "New York",
          "mode": null,
          "budget": null,
          "trainer_experience": null,
          "pet_type": "Dog",
          "behavior_focus": "Socialization"
        },
        "I have an Advanced Dog Training program in New York that focuses on socialization, would you like more details?"
      ],
      [
        "Yes, please tell me more about it!",
        {
          "name": null,
          "duration": null,
          "program_type": "Advanced",
          "location": "New York",
          "mode": null,
          "budget": null,
          "trainer_experience": null,
          "pet_type": "Dog",
          "behavior_focus": "Socialization"
        },
        "It's an 8-week program, in-person, costing $375, and the trainer has expert experience."
      ],
      [
        "That sounds perfect! When does the program start?",
        {
          "name": null,
          "duration": 8,
          "program_type": "Advanced",
          "location": "New York",
          "mode": "In-person",
          "budget": 375,
          "trainer_experience": "Expert",
          "pet_type": "Dog",
          "behavior_focus": "Socialization"
        },
        "I don't have the specific start date, but you can usually check with the training center for that info."
      ],
      [
        "Okay, I\u2019ll reach out to them for the start date. How do I sign up?",
        {
          "name": null,
          "duration": 8,
          "program_type": "Advanced",
          "location": "New York",
          "mode": "In-person",
          "budget": 375,
          "trainer_experience": "Expert",
          "pet_type": "Dog",
          "behavior_focus": "Socialization"
        },
        "You can sign up directly through the training center's website or by contacting them via phone."
      ],
      [
        "Great, I\u2019ll do that. Thanks for your help!",
        {
          "name": null,
          "duration": 8,
          "program_type": "Advanced",
          "location": "New York",
          "mode": "In-person",
          "budget": 375,
          "trainer_experience": "Expert",
          "pet_type": "Dog",
          "behavior_focus": "Socialization"
        },
        "You're welcome! Good luck with the training!"
      ]
    ],
    "preferences_code": "```python\npreferences = TrainingProgramCriteria(\n    name='Advanced Dog Training',\n    duration=8,\n    program_type='Advanced',\n    location='New York',\n    mode='In-person',\n    budget=375.0,\n    trainer_experience='Expert',\n    pet_type='Dog',\n    behavior_focus='Socialization',\n)\n```",
    "red_herrings_code": "```python\n# Global variable containing a list of Training Program examples\ntraining_programs = [\n    TrainingProgram(\n        name='Advanced Dog Training',\n        duration=8,\n        program_type='Advanced',\n        location='New York',\n        mode='In-person',\n        cost=375.0,\n        trainer_experience='Expert',\n        pet_type='Dog',\n        behavior_focus='Socialization',\n    ),\n    TrainingProgram(\n        name='Basic Dog Training',\n        duration=6,\n        program_type='Basic',\n        location='Boston',\n        mode='Hybrid',\n        cost=250.0,\n        trainer_experience='Intermediate',\n        pet_type='Dog',\n        behavior_focus='Obedience',\n    ),\n    TrainingProgram(\n        name='Specialized Dog Training',\n        duration=10,\n        program_type='Specialized',\n        location='Boston',\n        mode='Online',\n        cost=400.0,\n        trainer_experience='Expert',\n        pet_type='Dog',\n        behavior_focus='Aggression',\n    ),\n]\n```",
    "database_code": "```python\n# Global variable containing a list of Training Program examples\ntraining_programs = [\n    TrainingProgram(\n        name=\"Basic Obedience\",\n        duration=4,\n        program_type='Basic',\n        location=\"New York\",\n        mode='In-person',\n        cost=200.0,\n        trainer_experience='Intermediate',\n        pet_type='Dog',\n        behavior_focus='Obedience'\n    ),\n    TrainingProgram(\n        name=\"Advanced Agility\",\n        duration=6,\n        program_type='Advanced',\n        location=\"Los Angeles\",\n        mode='Online',\n        cost=300.0,\n        trainer_experience='Expert',\n        pet_type='Dog',\n        behavior_focus='Aggression'\n    ),\n    TrainingProgram(\n        name=\"Puppy Socialization\",\n        duration=3,\n        program_type='Basic',\n        location=\"Chicago\",\n        mode='Hybrid',\n        cost=150.0,\n        trainer_experience='Beginner',\n        pet_type='Dog',\n        behavior_focus='Socialization'\n    ),\n    TrainingProgram(\n        name=\"Cat Behavior Modification\",\n        duration=5,\n        program_type='Specialized',\n        location=\"San Francisco\",\n        mode='In-person',\n        cost=250.0,\n        trainer_experience='Intermediate',\n        pet_type='Cat',\n        behavior_focus='Aggression'\n    ),\n    TrainingProgram(\n        name=\"Trick Training for Dogs\",\n        duration=2,\n        program_type='Basic',\n        location=\"Miami\",\n        mode='Online',\n        cost=100.0,\n        trainer_experience='Beginner',\n        pet_type='Dog',\n        behavior_focus='Trick Training'\n    ),\n    TrainingProgram(\n        name=\"Bird Training Essentials\",\n        duration=4,\n        program_type='Specialized',\n        location=\"Seattle\",\n        mode='In-person',\n        cost=180.0,\n        trainer_experience='Expert',\n        pet_type='Bird',\n        behavior_focus='Obedience'\n    ),\n    TrainingProgram(\n        name=\"Advanced Dog Training\",\n        duration=8,\n        program_type='Advanced',\n        location=\"Boston\",\n        mode='Hybrid',\n        cost=350.0,\n        trainer_experience='Expert',\n        pet_type='Dog',\n        behavior_focus='Socialization'\n    ),\n    TrainingProgram(\n        name=\"Kitten Basics\",\n        duration=3,\n        program_type='Basic',\n        location=\"Austin\",\n        mode='Online',\n        cost=120.0,\n        trainer_experience='Beginner',\n        pet_type='Cat',\n        behavior_focus='Obedience'\n    ),\n    TrainingProgram(\n        name=\"Aggression Management for Dogs\",\n        duration=7,\n        program_type='Specialized',\n        location=\"Denver\",\n        mode='In-person',\n        cost=400.0,\n        trainer_experience='Expert',\n        pet_type='Dog',\n        behavior_focus='Aggression'\n    ),\n    TrainingProgram(\n        name=\"Bird Socialization Workshop\",\n        duration=4,\n        program_type='Basic',\n        location=\"Portland\",\n        mode='Hybrid',\n        cost=150.0,\n        trainer_experience='Intermediate',\n        pet_type='Bird',\n        behavior_focus='Socialization'\n    )\n]\n```",
    "goal": {
      "name": null,
      "duration": 8,
      "program_type": "Advanced",
      "location": "New York",
      "mode": "In-person",
      "budget": 375.0,
      "trainer_experience": "Expert",
      "pet_type": "Dog",
      "behavior_focus": "Socialization"
    },
    "database": [
      {
        "name": "Kitten Basics",
        "duration": 3,
        "program_type": "Basic",
        "location": "Austin",
        "mode": "Online",
        "cost": 120.0,
        "trainer_experience": "Beginner",
        "pet_type": "Cat",
        "behavior_focus": "Obedience"
      },
      {
        "name": "Trick Training for Dogs",
        "duration": 2,
        "program_type": "Basic",
        "location": "Miami",
        "mode": "Online",
        "cost": 100.0,
        "trainer_experience": "Beginner",
        "pet_type": "Dog",
        "behavior_focus": "Trick Training"
      },
      {
        "name": "Cat Behavior Modification",
        "duration": 5,
        "program_type": "Specialized",
        "location": "San Francisco",
        "mode": "In-person",
        "cost": 250.0,
        "trainer_experience": "Intermediate",
        "pet_type": "Cat",
        "behavior_focus": "Aggression"
      },
      {
        "name": "Puppy Socialization",
        "duration": 3,
        "program_type": "Basic",
        "location": "Chicago",
        "mode": "Hybrid",
        "cost": 150.0,
        "trainer_experience": "Beginner",
        "pet_type": "Dog",
        "behavior_focus": "Socialization"
      },
      {
        "name": "Specialized Dog Training",
        "duration": 10,
        "program_type": "Specialized",
        "location": "Boston",
        "mode": "Online",
        "cost": 400.0,
        "trainer_experience": "Expert",
        "pet_type": "Dog",
        "behavior_focus": "Aggression"
      },
      {
        "name": "Bird Training Essentials",
        "duration": 4,
        "program_type": "Specialized",
        "location": "Seattle",
        "mode": "In-person",
        "cost": 180.0,
        "trainer_experience": "Expert",
        "pet_type": "Bird",
        "behavior_focus": "Obedience"
      },
      {
        "name": "Advanced Dog Training",
        "duration": 8,
        "program_type": "Advanced",
        "location": "Boston",
        "mode": "Hybrid",
        "cost": 350.0,
        "trainer_experience": "Expert",
        "pet_type": "Dog",
        "behavior_focus": "Socialization"
      },
      {
        "name": "Bird Socialization Workshop",
        "duration": 4,
        "program_type": "Basic",
        "location": "Portland",
        "mode": "Hybrid",
        "cost": 150.0,
        "trainer_experience": "Intermediate",
        "pet_type": "Bird",
        "behavior_focus": "Socialization"
      },
      {
        "name": "Advanced Agility",
        "duration": 6,
        "program_type": "Advanced",
        "location": "Los Angeles",
        "mode": "Online",
        "cost": 300.0,
        "trainer_experience": "Expert",
        "pet_type": "Dog",
        "behavior_focus": "Aggression"
      },
      {
        "name": "Advanced Dog Training",
        "duration": 8,
        "program_type": "Advanced",
        "location": "New York",
        "mode": "In-person",
        "cost": 375.0,
        "trainer_experience": "Expert",
        "pet_type": "Dog",
        "behavior_focus": "Socialization"
      },
      {
        "name": "Basic Dog Training",
        "duration": 6,
        "program_type": "Basic",
        "location": "Boston",
        "mode": "Hybrid",
        "cost": 250.0,
        "trainer_experience": "Intermediate",
        "pet_type": "Dog",
        "behavior_focus": "Obedience"
      },
      {
        "name": "Aggression Management for Dogs",
        "duration": 7,
        "program_type": "Specialized",
        "location": "Denver",
        "mode": "In-person",
        "cost": 400.0,
        "trainer_experience": "Expert",
        "pet_type": "Dog",
        "behavior_focus": "Aggression"
      },
      {
        "name": "Basic Obedience",
        "duration": 4,
        "program_type": "Basic",
        "location": "New York",
        "mode": "In-person",
        "cost": 200.0,
        "trainer_experience": "Intermediate",
        "pet_type": "Dog",
        "behavior_focus": "Obedience"
      }
    ],
    "status": "complete"
  },
  {
    "domain": "Behavior Correction Methods",
    "turns": [
      [
        "Thanks! Now, can you help me find a behavior correction method?",
        {
          "name": null,
          "method": null,
          "duration": null,
          "frequency": null,
          "setting": null,
          "trainer_experience": "advanced",
          "cost": null
        },
        "Sure! What specific behavior issue are you looking to correct?"
      ],
      [
        "I want to work on excessive barking.",
        {
          "name": null,
          "method": null,
          "duration": null,
          "frequency": null,
          "setting": null,
          "trainer_experience": "advanced",
          "cost": null
        },
        "I have a method called \"Barking Control\" that focuses on that. Would you like to know more?"
      ],
      [
        "Yes, definitely! What does it involve?",
        {
          "name": "Barking Control",
          "method": null,
          "duration": null,
          "frequency": null,
          "setting": null,
          "trainer_experience": "advanced",
          "cost": null
        },
        "It's a negative punishment method, lasting 30 minutes, and it's conducted monthly at home, costing $30."
      ],
      [
        "That sounds interesting, but I prefer positive reinforcement methods. Do you have any options for that?",
        {
          "name": null,
          "method": "positive reinforcement",
          "duration": null,
          "frequency": null,
          "setting": null,
          "trainer_experience": null,
          "cost": null
        },
        "Yes, I have several positive reinforcement methods! Are you looking for a specific duration or frequency?"
      ],
      [
        "I prefer a 60-minute session, bi-weekly.",
        {
          "name": null,
          "method": "positive reinforcement",
          "duration": 60,
          "frequency": "bi-weekly",
          "setting": "home",
          "trainer_experience": null,
          "cost": null
        },
        "I have a \"Basic Obedience Training\" option that fits your criteria, would you like more details on that?"
      ],
      [
        "Yes, please share the details!",
        {
          "name": "Basic Obedience Training",
          "method": "positive reinforcement",
          "duration": 60,
          "frequency": "bi-weekly",
          "setting": "home",
          "trainer_experience": "advanced",
          "cost": null
        },
        "It's a positive reinforcement method, lasts 60 minutes, bi-weekly at a training center, and costs $60."
      ],
      [
        "That sounds perfect! How do I sign up for that?",
        {
          "name": "Basic Obedience Training",
          "method": "positive reinforcement",
          "duration": 60,
          "frequency": "bi-weekly",
          "setting": "training center",
          "trainer_experience": null,
          "cost": 60
        },
        "You can sign up through the training center's website or by contacting them directly."
      ],
      [
        "Awesome, I\u2019ll do that. Thanks for your help!",
        {
          "name": "Basic Obedience Training",
          "method": "positive reinforcement",
          "duration": 60,
          "frequency": "bi-weekly",
          "setting": "training center",
          "trainer_experience": "advanced",
          "cost": 60
        },
        "You're welcome! Enjoy the training with your dog!"
      ],
      [
        "Thanks! I'm excited to get started!",
        {
          "name": "Basic Obedience Training",
          "method": "positive reinforcement",
          "duration": 60,
          "frequency": "bi-weekly",
          "setting": "training center",
          "trainer_experience": "advanced",
          "cost": 60
        },
        "That's great to hear! Have fun!"
      ],
      [
        "Will do! Take care!",
        {
          "name": "Basic Obedience Training",
          "method": "positive reinforcement",
          "duration": 60,
          "frequency": "bi-weekly",
          "setting": "training center",
          "trainer_experience": "advanced",
          "cost": 60
        },
        "You too! Bye!"
      ],
      [
        "Bye!",
        {
          "name": "Basic Obedience Training",
          "method": "positive reinforcement",
          "duration": 60,
          "frequency": "bi-weekly",
          "setting": "training center",
          "trainer_experience": "advanced",
          "cost": 60
        },
        "Goodbye!"
      ],
      [
        "Goodbye!",
        {
          "name": "Basic Obedience Training",
          "method": "positive reinforcement",
          "duration": 60,
          "frequency": "bi-weekly",
          "setting": "training center",
          "trainer_experience": "advanced",
          "cost": 60
        },
        "Take care!"
      ],
      [
        "You too!",
        {
          "name": "Basic Obedience Training",
          "method": "positive reinforcement",
          "duration": 60,
          "frequency": "bi-weekly",
          "setting": "training center",
          "trainer_experience": "advanced",
          "cost": 60
        },
        "Thanks!"
      ],
      [
        "You're welcome!",
        {
          "name": "Basic Obedience Training",
          "method": "positive reinforcement",
          "duration": 60,
          "frequency": "bi-weekly",
          "setting": "training center",
          "trainer_experience": "advanced",
          "cost": 60
        },
        "I appreciate it!"
      ],
      [
        "Glad to help!",
        {
          "name": "Basic Obedience Training",
          "method": "positive reinforcement",
          "duration": 60,
          "frequency": "bi-weekly",
          "setting": "training center",
          "trainer_experience": "advanced",
          "cost": 60
        },
        "Thank you!"
      ],
      [
        "Anytime!",
        {
          "name": "Basic Obedience Training",
          "method": "positive reinforcement",
          "duration": 60,
          "frequency": "bi-weekly",
          "setting": "training center",
          "trainer_experience": "advanced",
          "cost": 60
        },
        "That's wonderful to hear!"
      ],
      [
        "I'm happy to hear that!",
        {
          "name": "Basic Obedience Training",
          "method": "positive reinforcement",
          "duration": 60,
          "frequency": "bi-weekly",
          "setting": "training center",
          "trainer_experience": "advanced",
          "cost": 60
        },
        "Your positivity is contagious!"
      ],
      [
        "Thanks! I appreciate that!",
        {
          "name": "Basic Obedience Training",
          "method": "positive reinforcement",
          "duration": 60,
          "frequency": "bi-weekly",
          "setting": "training center",
          "trainer_experience": "advanced",
          "cost": 60
        },
        "You're very welcome!"
      ],
      [
        "Thanks again!",
        {
          "name": "Basic Obedience Training",
          "method": "positive reinforcement",
          "duration": 60,
          "frequency": "bi-weekly",
          "setting": "training center",
          "trainer_experience": "advanced",
          "cost": 60
        },
        "Anytime!"
      ],
      [
        "Great!",
        {
          "name": "Basic Obedience Training",
          "method": "positive reinforcement",
          "duration": 60,
          "frequency": "bi-weekly",
          "setting": "training center",
          "trainer_experience": null,
          "cost": 60
        },
        "Absolutely!"
      ],
      [
        "For sure!",
        {
          "name": "Basic Obedience Training",
          "method": "positive reinforcement",
          "duration": 60,
          "frequency": "bi-weekly",
          "setting": "training center",
          "trainer_experience": "advanced",
          "cost": 60
        },
        "Exactly!"
      ],
      [
        "Right on!",
        {
          "name": "Basic Obedience Training",
          "method": "positive reinforcement",
          "duration": 60,
          "frequency": "bi-weekly",
          "setting": "training center",
          "trainer_experience": "advanced",
          "cost": 60
        },
        "You got it!"
      ],
      [
        "Absolutely!",
        {
          "name": "Basic Obedience Training",
          "method": "positive reinforcement",
          "duration": 60,
          "frequency": "bi-weekly",
          "setting": "training center",
          "trainer_experience": "advanced",
          "cost": 60
        },
        "Totally agree!"
      ],
      [
        "Glad we\u2019re on the same page!",
        {
          "name": "Basic Obedience Training",
          "method": "positive reinforcement",
          "duration": 60,
          "frequency": "bi-weekly",
          "setting": "training center",
          "trainer_experience": "advanced",
          "cost": 60
        },
        "Me too!"
      ],
      [
        "Awesome!",
        {
          "name": "Basic Obedience Training",
          "method": "positive reinforcement",
          "duration": 60,
          "frequency": "bi-weekly",
          "setting": "training center",
          "trainer_experience": "advanced",
          "cost": 60
        },
        "Very awesome!"
      ],
      [
        "Definitely!",
        {
          "name": "Basic Obedience Training",
          "method": "positive reinforcement",
          "duration": 60,
          "frequency": "bi-weekly",
          "setting": "training center",
          "trainer_experience": "advanced",
          "cost": 60
        },
        "For sure!"
      ],
      [
        "Exactly!",
        {
          "name": "Basic Obedience Training",
          "method": "positive reinforcement",
          "duration": 60,
          "frequency": "bi-weekly",
          "setting": "training center",
          "trainer_experience": "advanced",
          "cost": 60
        },
        "Couldn't have said it better!"
      ],
      [
        "Thanks! I'm glad you feel that way!",
        {
          "name": "Basic Obedience Training",
          "method": "positive reinforcement",
          "duration": 60,
          "frequency": "bi-weekly",
          "setting": "training center",
          "trainer_experience": "advanced",
          "cost": 60
        },
        "I'm happy to hear that!"
      ],
      [
        "Me too!",
        {
          "name": "Basic Obedience Training",
          "method": "positive reinforcement",
          "duration": 60,
          "frequency": "bi-weekly",
          "setting": "training center",
          "trainer_experience": "advanced",
          "cost": 60.0
        },
        "Great to share the excitement!"
      ],
      [
        "Absolutely!",
        {
          "name": "Basic Obedience Training",
          "method": "positive reinforcement",
          "duration": 60,
          "frequency": "bi-weekly",
          "setting": "training center",
          "trainer_experience": "advanced",
          "cost": 60
        },
        "Totally!"
      ]
    ],
    "preferences_code": "```python\npreferences = BehaviorCorrectionCriteria(\n    name='Basic Obedience Training',\n    method='positive reinforcement',\n    duration=60,\n    frequency='bi-weekly',\n    setting='training center',\n    trainer_experience='intermediate',\n    cost=60.0,\n)\n```",
    "red_herrings_code": "```python\n# Global variable representing a list of Behavior Correction Methods examples\nbehavior_correction_methods = [\n    BehaviorCorrectionMethod(\n        name='Puppy Socialization Classes',\n        method='positive reinforcement',\n        duration=45,\n        frequency='weekly',\n        setting='outdoors',\n        trainer_experience='beginner',\n        cost=40.0,\n    ),\n    BehaviorCorrectionMethod(\n        name='Basic Obedience Training',\n        method='positive reinforcement',\n        duration=60,\n        frequency='bi-weekly',\n        setting='training center',\n        trainer_experience='intermediate',\n        cost=60.0,\n    ),\n    BehaviorCorrectionMethod(\n        name='Puppy Playgroups',\n        method='positive reinforcement',\n        duration=30,\n        frequency='weekly',\n        setting='outdoors',\n        trainer_experience='beginner',\n        cost=30.0,\n    ),\n]\n```",
    "database_code": "```python\n# Global variable containing a list of BehaviorCorrectionMethod examples\nbehavior_correction_methods = [\n    BehaviorCorrectionMethod(\n        name=\"Basic Obedience Training\",\n        method='positive reinforcement',\n        duration=30,\n        frequency='weekly',\n        setting='training center',\n        trainer_experience='intermediate',\n        cost=50.0\n    ),\n    BehaviorCorrectionMethod(\n        name=\"Aggression Management\",\n        method='negative punishment',\n        duration=45,\n        frequency='bi-weekly',\n        setting='home',\n        trainer_experience='advanced',\n        cost=75.0\n    ),\n    BehaviorCorrectionMethod(\n        name=\"Socialization Skills\",\n        method='positive reinforcement',\n        duration=60,\n        frequency='weekly',\n        setting='outdoors',\n        trainer_experience='advanced',\n        cost=60.0\n    ),\n    BehaviorCorrectionMethod(\n        name=\"Fear Reduction Program\",\n        method='positive punishment',\n        duration=30,\n        frequency='daily',\n        setting='virtual',\n        trainer_experience='intermediate',\n        cost=40.0\n    ),\n    BehaviorCorrectionMethod(\n        name=\"Leash Training\",\n        method='negative reinforcement',\n        duration=30,\n        frequency='weekly',\n        setting='training center',\n        trainer_experience='beginner',\n        cost=45.0\n    ),\n    BehaviorCorrectionMethod(\n        name=\"Impulse Control Training\",\n        method='positive reinforcement',\n        duration=40,\n        frequency='weekly',\n        setting='home',\n        trainer_experience='intermediate',\n        cost=55.0\n    ),\n    BehaviorCorrectionMethod(\n        name=\"Barking Control\",\n        method='negative punishment',\n        duration=30,\n        frequency='monthly',\n        setting='home',\n        trainer_experience='beginner',\n        cost=30.0\n    ),\n    BehaviorCorrectionMethod(\n        name=\"Separation Anxiety Program\",\n        method='positive reinforcement',\n        duration=50,\n        frequency='weekly',\n        setting='virtual',\n        trainer_experience='advanced',\n        cost=70.0\n    ),\n    BehaviorCorrectionMethod(\n        name=\"Resource Guarding Training\",\n        method='negative punishment',\n        duration=45,\n        frequency='bi-weekly',\n        setting='training center',\n        trainer_experience='advanced',\n        cost=80.0\n    ),\n    BehaviorCorrectionMethod(\n        name=\"Puppy Socialization Classes\",\n        method='positive reinforcement',\n        duration=60,\n        frequency='weekly',\n        setting='outdoors',\n        trainer_experience='beginner',\n        cost=50.0\n    )\n]\n```",
    "goal": {
      "name": null,
      "method": "positive reinforcement",
      "duration": 60,
      "frequency": "bi-weekly",
      "setting": "training center",
      "trainer_experience": "intermediate",
      "cost": 60.0
    },
    "database": [
      {
        "name": "Basic Obedience Training",
        "method": "positive reinforcement",
        "duration": 30,
        "frequency": "weekly",
        "setting": "training center",
        "trainer_experience": "intermediate",
        "cost": 50.0
      },
      {
        "name": "Fear Reduction Program",
        "method": "positive punishment",
        "duration": 30,
        "frequency": "daily",
        "setting": "virtual",
        "trainer_experience": "intermediate",
        "cost": 40.0
      },
      {
        "name": "Puppy Socialization Classes",
        "method": "positive reinforcement",
        "duration": 45,
        "frequency": "weekly",
        "setting": "outdoors",
        "trainer_experience": "beginner",
        "cost": 40.0
      },
      {
        "name": "Leash Training",
        "method": "negative reinforcement",
        "duration": 30,
        "frequency": "weekly",
        "setting": "training center",
        "trainer_experience": "beginner",
        "cost": 45.0
      },
      {
        "name": "Basic Obedience Training",
        "method": "positive reinforcement",
        "duration": 60,
        "frequency": "bi-weekly",
        "setting": "training center",
        "trainer_experience": "intermediate",
        "cost": 60.0
      },
      {
        "name": "Separation Anxiety Program",
        "method": "positive reinforcement",
        "duration": 50,
        "frequency": "weekly",
        "setting": "virtual",
        "trainer_experience": "advanced",
        "cost": 70.0
      },
      {
        "name": "Puppy Socialization Classes",
        "method": "positive reinforcement",
        "duration": 60,
        "frequency": "weekly",
        "setting": "outdoors",
        "trainer_experience": "beginner",
        "cost": 50.0
      },
      {
        "name": "Barking Control",
        "method": "negative punishment",
        "duration": 30,
        "frequency": "monthly",
        "setting": "home",
        "trainer_experience": "beginner",
        "cost": 30.0
      },
      {
        "name": "Impulse Control Training",
        "method": "positive reinforcement",
        "duration": 40,
        "frequency": "weekly",
        "setting": "home",
        "trainer_experience": "intermediate",
        "cost": 55.0
      },
      {
        "name": "Puppy Playgroups",
        "method": "positive reinforcement",
        "duration": 30,
        "frequency": "weekly",
        "setting": "outdoors",
        "trainer_experience": "beginner",
        "cost": 30.0
      },
      {
        "name": "Aggression Management",
        "method": "negative punishment",
        "duration": 45,
        "frequency": "bi-weekly",
        "setting": "home",
        "trainer_experience": "advanced",
        "cost": 75.0
      },
      {
        "name": "Resource Guarding Training",
        "method": "negative punishment",
        "duration": 45,
        "frequency": "bi-weekly",
        "setting": "training center",
        "trainer_experience": "advanced",
        "cost": 80.0
      },
      {
        "name": "Socialization Skills",
        "method": "positive reinforcement",
        "duration": 60,
        "frequency": "weekly",
        "setting": "outdoors",
        "trainer_experience": "advanced",
        "cost": 60.0
      }
    ],
    "status": "incomplete"
  },
  {
    "domain": "Reward Systems",
    "turns": [
      [
        "Absolutely! Now, can you help me find a good Reward System for my dog?",
        {
          "name": null,
          "type": null,
          "size": null,
          "frequency": null,
          "dietary_restriction": null,
          "duration": null,
          "cost": null,
          "difficulty_level": null,
          "environmental_impact": null,
          "pet_age": null,
          "pet_breed": null
        },
        "Of course! What type of reward are you considering, like treats or toys?"
      ],
      [
        "I'm thinking about playtime as a reward.",
        {
          "name": null,
          "type": "playtime",
          "size": null,
          "frequency": null,
          "dietary_restriction": null,
          "duration": null,
          "cost": null,
          "difficulty_level": null,
          "environmental_impact": null,
          "pet_age": null,
          "pet_breed": null
        },
        "Great choice! How often would you like to use playtime as a reward?"
      ],
      [
        "I\u2019d like to use it often.",
        {
          "name": null,
          "type": "playtime",
          "size": null,
          "frequency": "often",
          "dietary_restriction": null,
          "duration": null,
          "cost": null,
          "difficulty_level": null,
          "environmental_impact": null,
          "pet_age": null,
          "pet_breed": null
        },
        "I have several options for playtime rewards that fit that frequency! Do you have a preferred duration for the play sessions?"
      ],
      [
        "Yes, I prefer around 30 minutes for each session.",
        {
          "name": null,
          "type": "playtime",
          "size": null,
          "frequency": "often",
          "dietary_restriction": null,
          "duration": 30,
          "cost": null,
          "difficulty_level": null,
          "environmental_impact": null,
          "pet_age": null,
          "pet_breed": null
        },
        "I recommend \"Fetch Time\" or \"Play Fetch,\" both are 30 minutes and can be used often. Would you like more details on one of them?"
      ],
      [
        "Yes, please tell me more about \"Fetch Time\"!",
        {
          "name": "Fetch Time",
          "type": "playtime",
          "size": null,
          "frequency": "often",
          "dietary_restriction": null,
          "duration": 30,
          "cost": null,
          "difficulty_level": null,
          "environmental_impact": null,
          "pet_age": null,
          "pet_breed": null
        },
        "\"Fetch Time\" is a playtime reward, lasts 30 minutes, costs nothing, and is suitable for adult dogs."
      ],
      [
        "That sounds perfect! How do I get started with \"Fetch Time\"?",
        {
          "name": "Fetch Time",
          "type": "playtime",
          "size": null,
          "frequency": "often",
          "dietary_restriction": null,
          "duration": 30,
          "cost": 0.0,
          "difficulty_level": null,
          "environmental_impact": null,
          "pet_age": "adult",
          "pet_breed": null
        },
        "You can start by simply incorporating fetch into your daily routine and using it as a reward during training!"
      ]
    ],
    "preferences_code": "```python\npreferences = RewardSystemCriteria(\n    name='Play Fetch',\n    type='playtime',\n    size='medium',\n    frequency='often',\n    dietary_restriction=None,\n    duration=30,\n    cost=0.0,\n    difficulty_level='easy',\n    environmental_impact='low',\n    pet_age='adult',\n    pet_breed='all',\n)\n```",
    "red_herrings_code": "```python\n# Global variable containing a list of Reward System examples\nreward_systems_examples = [\n    RewardSystemKnowledge(\n        name='Play Fetch',\n        type='playtime',\n        size='medium',\n        frequency='often',\n        dietary_restriction=None,\n        duration=30,\n        cost=0.0,\n        difficulty_level='easy',\n        environmental_impact='low',\n        pet_age='adult',\n        pet_breed='all',\n    ),\n    RewardSystemKnowledge(\n        name='Tug of War',\n        type='playtime',\n        size='large',\n        frequency='always',\n        dietary_restriction=None,\n        duration=20,\n        cost=0.0,\n        difficulty_level='moderate',\n        environmental_impact='low',\n        pet_age='adult',\n        pet_breed='all',\n    ),\n    RewardSystemKnowledge(\n        name='Chase the Ball',\n        type='playtime',\n        size='small',\n        frequency='sometimes',\n        dietary_restriction=None,\n        duration=25,\n        cost=0.0,\n        difficulty_level='easy',\n        environmental_impact='low',\n        pet_age='adult',\n        pet_breed='all',\n    ),\n]\n```",
    "database_code": "```python\nreward_systems = [\n    RewardSystemKnowledge(\n        name=\"Chicken Treats\",\n        type='treat',\n        size='small',\n        frequency='always',\n        dietary_restriction=None,\n        duration=10,\n        cost=5.99,\n        difficulty_level='easy',\n        environmental_impact='low',\n        pet_age='adult',\n        pet_breed='all'\n    ),\n    RewardSystemKnowledge(\n        name=\"Rubber Toy\",\n        type='toy',\n        size='medium',\n        frequency='often',\n        dietary_restriction=None,\n        duration=15,\n        cost=12.99,\n        difficulty_level='easy',\n        environmental_impact='medium',\n        pet_age='puppy',\n        pet_breed='all'\n    ),\n    RewardSystemKnowledge(\n        name=\"Verbal Praise\",\n        type='praise',\n        size=None,\n        frequency='always',\n        dietary_restriction=None,\n        duration=5,\n        cost=0.0,\n        difficulty_level='easy',\n        environmental_impact='low',\n        pet_age='all',\n        pet_breed='all'\n    ),\n    RewardSystemKnowledge(\n        name=\"Playtime with Ball\",\n        type='playtime',\n        size='large',\n        frequency='often',\n        dietary_restriction=None,\n        duration=30,\n        cost=0.0,\n        difficulty_level='easy',\n        environmental_impact='low',\n        pet_age='adult',\n        pet_breed='all'\n    ),\n    RewardSystemKnowledge(\n        name=\"Chewy Bones\",\n        type='treat',\n        size='medium',\n        frequency='sometimes',\n        dietary_restriction='gluten-free',\n        duration=20,\n        cost=8.49,\n        difficulty_level='moderate',\n        environmental_impact='medium',\n        pet_age='senior',\n        pet_breed='small'\n    ),\n    RewardSystemKnowledge(\n        name=\"Squeaky Toy\",\n        type='toy',\n        size='small',\n        frequency='rarely',\n        dietary_restriction=None,\n        duration=10,\n        cost=7.99,\n        difficulty_level='easy',\n        environmental_impact='low',\n        pet_age='puppy',\n        pet_breed='medium'\n    ),\n    RewardSystemKnowledge(\n        name=\"Positive Reinforcement Clicker\",\n        type='praise',\n        size=None,\n        frequency='always',\n        dietary_restriction=None,\n        duration=5,\n        cost=2.99,\n        difficulty_level='easy',\n        environmental_impact='low',\n        pet_age='all',\n        pet_breed='all'\n    ),\n    RewardSystemKnowledge(\n        name=\"Interactive Puzzle Toy\",\n        type='toy',\n        size='large',\n        frequency='often',\n        dietary_restriction=None,\n        duration=25,\n        cost=19.99,\n        difficulty_level='hard',\n        environmental_impact='medium',\n        pet_age='adult',\n        pet_breed='all'\n    ),\n    RewardSystemKnowledge(\n        name=\"Homemade Peanut Butter Treats\",\n        type='treat',\n        size='small',\n        frequency='often',\n        dietary_restriction='nut allergy',\n        duration=15,\n        cost=4.50,\n        difficulty_level='moderate',\n        environmental_impact='medium',\n        pet_age='senior',\n        pet_breed='large'\n    ),\n    RewardSystemKnowledge(\n        name=\"Fetch Time\",\n        type='playtime',\n        size='medium',\n        frequency='always',\n        dietary_restriction=None,\n        duration=30,\n        cost=0.0,\n        difficulty_level='easy',\n        environmental_impact='low',\n        pet_age='adult',\n        pet_breed='all'\n    )\n]\n```",
    "goal": {
      "name": null,
      "type": "playtime",
      "size": "medium",
      "frequency": "often",
      "dietary_restriction": null,
      "duration": 30,
      "cost": null,
      "difficulty_level": "easy",
      "environmental_impact": null,
      "pet_age": "adult",
      "pet_breed": "all"
    },
    "database": [
      {
        "name": "Squeaky Toy",
        "type": "toy",
        "size": "small",
        "frequency": "rarely",
        "dietary_restriction": null,
        "duration": 10,
        "cost": 7.99,
        "difficulty_level": "easy",
        "environmental_impact": "low",
        "pet_age": "puppy",
        "pet_breed": "medium"
      },
      {
        "name": "Chicken Treats",
        "type": "treat",
        "size": "small",
        "frequency": "always",
        "dietary_restriction": null,
        "duration": 10,
        "cost": 5.99,
        "difficulty_level": "easy",
        "environmental_impact": "low",
        "pet_age": "adult",
        "pet_breed": "all"
      },
      {
        "name": "Verbal Praise",
        "type": "praise",
        "size": null,
        "frequency": "always",
        "dietary_restriction": null,
        "duration": 5,
        "cost": 0.0,
        "difficulty_level": "easy",
        "environmental_impact": "low",
        "pet_age": "all",
        "pet_breed": "all"
      },
      {
        "name": "Chase the Ball",
        "type": "playtime",
        "size": "small",
        "frequency": "sometimes",
        "dietary_restriction": null,
        "duration": 25,
        "cost": 0.0,
        "difficulty_level": "easy",
        "environmental_impact": "low",
        "pet_age": "adult",
        "pet_breed": "all"
      },
      {
        "name": "Fetch Time",
        "type": "playtime",
        "size": "medium",
        "frequency": "always",
        "dietary_restriction": null,
        "duration": 30,
        "cost": 0.0,
        "difficulty_level": "easy",
        "environmental_impact": "low",
        "pet_age": "adult",
        "pet_breed": "all"
      },
      {
        "name": "Play Fetch",
        "type": "playtime",
        "size": "medium",
        "frequency": "often",
        "dietary_restriction": null,
        "duration": 30,
        "cost": 0.0,
        "difficulty_level": "easy",
        "environmental_impact": "low",
        "pet_age": "adult",
        "pet_breed": "all"
      },
      {
        "name": "Interactive Puzzle Toy",
        "type": "toy",
        "size": "large",
        "frequency": "often",
        "dietary_restriction": null,
        "duration": 25,
        "cost": 19.99,
        "difficulty_level": "hard",
        "environmental_impact": "medium",
        "pet_age": "adult",
        "pet_breed": "all"
      },
      {
        "name": "Positive Reinforcement Clicker",
        "type": "praise",
        "size": null,
        "frequency": "always",
        "dietary_restriction": null,
        "duration": 5,
        "cost": 2.99,
        "difficulty_level": "easy",
        "environmental_impact": "low",
        "pet_age": "all",
        "pet_breed": "all"
      },
      {
        "name": "Rubber Toy",
        "type": "toy",
        "size": "medium",
        "frequency": "often",
        "dietary_restriction": null,
        "duration": 15,
        "cost": 12.99,
        "difficulty_level": "easy",
        "environmental_impact": "medium",
        "pet_age": "puppy",
        "pet_breed": "all"
      },
      {
        "name": "Tug of War",
        "type": "playtime",
        "size": "large",
        "frequency": "always",
        "dietary_restriction": null,
        "duration": 20,
        "cost": 0.0,
        "difficulty_level": "moderate",
        "environmental_impact": "low",
        "pet_age": "adult",
        "pet_breed": "all"
      },
      {
        "name": "Chewy Bones",
        "type": "treat",
        "size": "medium",
        "frequency": "sometimes",
        "dietary_restriction": "gluten-free",
        "duration": 20,
        "cost": 8.49,
        "difficulty_level": "moderate",
        "environmental_impact": "medium",
        "pet_age": "senior",
        "pet_breed": "small"
      },
      {
        "name": "Playtime with Ball",
        "type": "playtime",
        "size": "large",
        "frequency": "often",
        "dietary_restriction": null,
        "duration": 30,
        "cost": 0.0,
        "difficulty_level": "easy",
        "environmental_impact": "low",
        "pet_age": "adult",
        "pet_breed": "all"
      },
      {
        "name": "Homemade Peanut Butter Treats",
        "type": "treat",
        "size": "small",
        "frequency": "often",
        "dietary_restriction": "nut allergy",
        "duration": 15,
        "cost": 4.5,
        "difficulty_level": "moderate",
        "environmental_impact": "medium",
        "pet_age": "senior",
        "pet_breed": "large"
      }
    ],
    "status": "complete"
  }
]