[
  {
    "domain": "Training Programs",
    "turns": [
      [
        "I'm looking for a specialized training program for my bird.",
        {
          "name": null,
          "duration": null,
          "program_type": "Specialized",
          "location": null,
          "mode": null,
          "budget": null,
          "trainer_experience": null,
          "pet_type": "Bird",
          "behavior_focus": null
        },
        "What specific behavior are you hoping to address with your bird?"
      ],
      [
        "I'm focusing on aggression.",
        {
          "name": null,
          "duration": null,
          "program_type": "Specialized",
          "location": null,
          "mode": null,
          "budget": null,
          "trainer_experience": null,
          "pet_type": "Bird",
          "behavior_focus": "Aggression"
        },
        "I have two options for aggression management: \"Bird Behavioral Correction\" and \"Bird Training Essentials.\" Would you like to know more about either?"
      ],
      [
        "Can you tell me more about \"Bird Behavioral Correction\"?",
        {
          "name": "Bird Behavioral Correction",
          "duration": null,
          "program_type": "Specialized",
          "location": null,
          "mode": null,
          "budget": null,
          "trainer_experience": null,
          "pet_type": "Bird",
          "behavior_focus": "Aggression"
        },
        "\"Bird Behavioral Correction\" is a 5-week specialized program in Seattle, hybrid mode, costing $220, with an expert trainer. Interested?"
      ],
      [
        "That sounds perfect! I'm interested in signing up.",
        {
          "name": "Bird Behavioral Correction",
          "duration": 5,
          "program_type": "Specialized",
          "location": "Seattle",
          "mode": "Hybrid",
          "budget": 220,
          "trainer_experience": "Expert",
          "pet_type": "Bird",
          "behavior_focus": "Aggression"
        },
        "Great choice! I'll help you with the sign-up process. Do you have any questions before we proceed?"
      ]
    ],
    "preferences_code": "```python\npreferences = TrainingProgramCriteria(\n    name='Bird Behavioral Correction',\n    duration=5,\n    program_type='Specialized',\n    location='Seattle',\n    mode='Hybrid',\n    budget=220.0,\n    trainer_experience='Expert',\n    pet_type='Bird',\n    behavior_focus='Aggression',\n)\n```",
    "red_herrings_code": "```python\n# Global variable to hold a list of Training Program examples\nsimilar_training_programs = [\n    TrainingProgram(\n        name='Advanced Bird Training',\n        duration=4,\n        program_type='Advanced',\n        location='Seattle',\n        mode='In-person',\n        cost=200.0,\n        trainer_experience='Expert',\n        pet_type='Bird',\n        behavior_focus='Obedience',\n    ),\n    TrainingProgram(\n        name='Basic Bird Training',\n        duration=3,\n        program_type='Basic',\n        location='Portland',\n        mode='Online',\n        cost=150.0,\n        trainer_experience='Intermediate',\n        pet_type='Bird',\n        behavior_focus='Socialization',\n    ),\n    TrainingProgram(\n        name='Bird Behavioral Correction',\n        duration=5,\n        program_type='Specialized',\n        location='Seattle',\n        mode='Hybrid',\n        cost=220.0,\n        trainer_experience='Expert',\n        pet_type='Bird',\n        behavior_focus='Aggression',\n    ),\n]\n```",
    "database_code": "```python\n# Global variable containing a list of Training Program examples\ntraining_programs = [\n    TrainingProgram(\n        name=\"Basic Obedience\",\n        duration=4,\n        program_type='Basic',\n        location=\"New York\",\n        mode='In-person',\n        cost=200.0,\n        trainer_experience='Intermediate',\n        pet_type='Dog',\n        behavior_focus='Obedience'\n    ),\n    TrainingProgram(\n        name=\"Advanced Agility\",\n        duration=6,\n        program_type='Advanced',\n        location=\"Los Angeles\",\n        mode='Online',\n        cost=300.0,\n        trainer_experience='Expert',\n        pet_type='Dog',\n        behavior_focus='Aggression'\n    ),\n    TrainingProgram(\n        name=\"Puppy Socialization\",\n        duration=3,\n        program_type='Basic',\n        location=\"Chicago\",\n        mode='Hybrid',\n        cost=150.0,\n        trainer_experience='Beginner',\n        pet_type='Dog',\n        behavior_focus='Socialization'\n    ),\n    TrainingProgram(\n        name=\"Cat Behavior Modification\",\n        duration=5,\n        program_type='Specialized',\n        location=\"San Francisco\",\n        mode='In-person',\n        cost=250.0,\n        trainer_experience='Intermediate',\n        pet_type='Cat',\n        behavior_focus='Aggression'\n    ),\n    TrainingProgram(\n        name=\"Trick Training for Dogs\",\n        duration=2,\n        program_type='Basic',\n        location=\"Miami\",\n        mode='Online',\n        cost=100.0,\n        trainer_experience='Beginner',\n        pet_type='Dog',\n        behavior_focus='Trick Training'\n    ),\n    TrainingProgram(\n        name=\"Bird Training Essentials\",\n        duration=4,\n        program_type='Specialized',\n        location=\"Seattle\",\n        mode='In-person',\n        cost=180.0,\n        trainer_experience='Expert',\n        pet_type='Bird',\n        behavior_focus='Obedience'\n    ),\n    TrainingProgram(\n        name=\"Advanced Dog Training\",\n        duration=8,\n        program_type='Advanced',\n        location=\"Boston\",\n        mode='Hybrid',\n        cost=350.0,\n        trainer_experience='Expert',\n        pet_type='Dog',\n        behavior_focus='Socialization'\n    ),\n    TrainingProgram(\n        name=\"Kitten Basics\",\n        duration=3,\n        program_type='Basic',\n        location=\"Austin\",\n        mode='Online',\n        cost=120.0,\n        trainer_experience='Beginner',\n        pet_type='Cat',\n        behavior_focus='Obedience'\n    ),\n    TrainingProgram(\n        name=\"Aggression Management for Dogs\",\n        duration=7,\n        program_type='Specialized',\n        location=\"Denver\",\n        mode='In-person',\n        cost=400.0,\n        trainer_experience='Expert',\n        pet_type='Dog',\n        behavior_focus='Aggression'\n    ),\n    TrainingProgram(\n        name=\"Bird Socialization Workshop\",\n        duration=4,\n        program_type='Basic',\n        location=\"Portland\",\n        mode='Hybrid',\n        cost=150.0,\n        trainer_experience='Intermediate',\n        pet_type='Bird',\n        behavior_focus='Socialization'\n    )\n]\n```",
    "goal": {
      "name": null,
      "duration": 5,
      "program_type": "Specialized",
      "location": "Seattle",
      "mode": "Hybrid",
      "budget": 220.0,
      "trainer_experience": "Expert",
      "pet_type": "Bird",
      "behavior_focus": "Aggression"
    },
    "database": [
      {
        "name": "Cat Behavior Modification",
        "duration": 5,
        "program_type": "Specialized",
        "location": "San Francisco",
        "mode": "In-person",
        "cost": 250.0,
        "trainer_experience": "Intermediate",
        "pet_type": "Cat",
        "behavior_focus": "Aggression"
      },
      {
        "name": "Advanced Agility",
        "duration": 6,
        "program_type": "Advanced",
        "location": "Los Angeles",
        "mode": "Online",
        "cost": 300.0,
        "trainer_experience": "Expert",
        "pet_type": "Dog",
        "behavior_focus": "Aggression"
      },
      {
        "name": "Trick Training for Dogs",
        "duration": 2,
        "program_type": "Basic",
        "location": "Miami",
        "mode": "Online",
        "cost": 100.0,
        "trainer_experience": "Beginner",
        "pet_type": "Dog",
        "behavior_focus": "Trick Training"
      },
      {
        "name": "Advanced Dog Training",
        "duration": 8,
        "program_type": "Advanced",
        "location": "Boston",
        "mode": "Hybrid",
        "cost": 350.0,
        "trainer_experience": "Expert",
        "pet_type": "Dog",
        "behavior_focus": "Socialization"
      },
      {
        "name": "Bird Training Essentials",
        "duration": 4,
        "program_type": "Specialized",
        "location": "Seattle",
        "mode": "In-person",
        "cost": 180.0,
        "trainer_experience": "Expert",
        "pet_type": "Bird",
        "behavior_focus": "Obedience"
      },
      {
        "name": "Puppy Socialization",
        "duration": 3,
        "program_type": "Basic",
        "location": "Chicago",
        "mode": "Hybrid",
        "cost": 150.0,
        "trainer_experience": "Beginner",
        "pet_type": "Dog",
        "behavior_focus": "Socialization"
      },
      {
        "name": "Aggression Management for Dogs",
        "duration": 7,
        "program_type": "Specialized",
        "location": "Denver",
        "mode": "In-person",
        "cost": 400.0,
        "trainer_experience": "Expert",
        "pet_type": "Dog",
        "behavior_focus": "Aggression"
      },
      {
        "name": "Bird Behavioral Correction",
        "duration": 5,
        "program_type": "Specialized",
        "location": "Seattle",
        "mode": "Hybrid",
        "cost": 220.0,
        "trainer_experience": "Expert",
        "pet_type": "Bird",
        "behavior_focus": "Aggression"
      },
      {
        "name": "Bird Socialization Workshop",
        "duration": 4,
        "program_type": "Basic",
        "location": "Portland",
        "mode": "Hybrid",
        "cost": 150.0,
        "trainer_experience": "Intermediate",
        "pet_type": "Bird",
        "behavior_focus": "Socialization"
      },
      {
        "name": "Basic Bird Training",
        "duration": 3,
        "program_type": "Basic",
        "location": "Portland",
        "mode": "Online",
        "cost": 150.0,
        "trainer_experience": "Intermediate",
        "pet_type": "Bird",
        "behavior_focus": "Socialization"
      },
      {
        "name": "Basic Obedience",
        "duration": 4,
        "program_type": "Basic",
        "location": "New York",
        "mode": "In-person",
        "cost": 200.0,
        "trainer_experience": "Intermediate",
        "pet_type": "Dog",
        "behavior_focus": "Obedience"
      },
      {
        "name": "Advanced Bird Training",
        "duration": 4,
        "program_type": "Advanced",
        "location": "Seattle",
        "mode": "In-person",
        "cost": 200.0,
        "trainer_experience": "Expert",
        "pet_type": "Bird",
        "behavior_focus": "Obedience"
      },
      {
        "name": "Kitten Basics",
        "duration": 3,
        "program_type": "Basic",
        "location": "Austin",
        "mode": "Online",
        "cost": 120.0,
        "trainer_experience": "Beginner",
        "pet_type": "Cat",
        "behavior_focus": "Obedience"
      }
    ],
    "status": "complete"
  },
  {
    "domain": "Behavior Correction Methods",
    "turns": [
      [
        "Actually, I'm also looking for a behavior correction method for my dog.",
        {
          "name": "Bird Behavioral Correction",
          "method": null,
          "duration": null,
          "frequency": null,
          "setting": null,
          "trainer_experience": "advanced",
          "cost": 220.0
        },
        "What specific behavior issues are you looking to address with your dog?"
      ],
      [
        "I'm dealing with excessive barking.",
        {
          "name": null,
          "method": null,
          "duration": null,
          "frequency": null,
          "setting": null,
          "trainer_experience": null,
          "cost": null
        },
        "Are you looking for a specific type of training method, like positive reinforcement or something else?"
      ],
      [
        "Yes, I prefer positive reinforcement methods.",
        {
          "name": null,
          "method": "positive reinforcement",
          "duration": null,
          "frequency": null,
          "setting": null,
          "trainer_experience": null,
          "cost": null
        },
        "I have a few positive reinforcement options; do you have a preference for the duration or frequency of the sessions?"
      ],
      [
        "I\u2019d like the sessions to be 15 minutes long and daily, if possible.",
        {
          "name": null,
          "method": "positive reinforcement",
          "duration": 15,
          "frequency": "daily",
          "setting": null,
          "trainer_experience": null,
          "cost": null
        },
        "The \"Reward-Based Training\" method fits your criteria with 15-minute daily sessions. Would you like to know more about it?"
      ],
      [
        "Yes, please tell me more about \"Reward-Based Training.\"",
        {
          "name": "Reward-Based Training",
          "method": "positive reinforcement",
          "duration": 15,
          "frequency": "daily",
          "setting": null,
          "trainer_experience": null,
          "cost": null
        },
        "\"Reward-Based Training\" focuses on positive reinforcement, lasts 15 minutes per session, is daily, outdoors, and costs $30. Interested in signing up?"
      ],
      [
        "Yes, that sounds great! I'm ready to sign up.",
        {
          "name": "Reward-Based Training",
          "method": "positive reinforcement",
          "duration": 15,
          "frequency": "daily",
          "setting": "outdoors",
          "trainer_experience": null,
          "cost": 30
        },
        "Awesome! I'll assist you with the sign-up process for \"Reward-Based Training.\" Do you have any questions before we proceed?"
      ],
      [
        "No questions, I'm all set to go!",
        {
          "name": "Reward-Based Training",
          "method": "positive reinforcement",
          "duration": 15,
          "frequency": "daily",
          "setting": "outdoors",
          "trainer_experience": null,
          "cost": 30
        },
        "Perfect! I'll get everything ready for you. Thank you for choosing us!"
      ]
    ],
    "preferences_code": "```python\npreferences = BehaviorCorrectionCriteria(\n    name='Reward-Based Training',\n    method='positive reinforcement',\n    duration=15,\n    frequency='daily',\n    setting='outdoors',\n    trainer_experience='beginner',\n    cost=30.0,\n)\n```",
    "red_herrings_code": "```python\n# Global variable containing a list of Behavior Correction Methods examples\nbehavior_correction_methods = [\n    BehaviorCorrectionMethod(\n        name='Positive Reinforcement Training',\n        method='positive reinforcement',\n        duration=25,\n        frequency='daily',\n        setting='training center',\n        trainer_experience='advanced',\n        cost=50.0,\n    ),\n    BehaviorCorrectionMethod(\n        name='Gentle Training Techniques',\n        method='positive reinforcement',\n        duration=20,\n        frequency='bi-weekly',\n        setting='home',\n        trainer_experience='intermediate',\n        cost=35.0,\n    ),\n    BehaviorCorrectionMethod(\n        name='Reward-Based Training',\n        method='positive reinforcement',\n        duration=15,\n        frequency='daily',\n        setting='outdoors',\n        trainer_experience='beginner',\n        cost=30.0,\n    ),\n]\n```",
    "database_code": "```python\n# Global variable representing a list of Behavior Correction Methods examples\nbehavior_correction_methods = [\n    BehaviorCorrectionMethod(\n        name=\"Positive Reinforcement Training\",\n        method='positive reinforcement',\n        duration=30,\n        frequency='weekly',\n        setting='training center',\n        trainer_experience='advanced',\n        cost=50.0\n    ),\n    BehaviorCorrectionMethod(\n        name=\"Clicker Training\",\n        method='positive reinforcement',\n        duration=20,\n        frequency='daily',\n        setting='home',\n        trainer_experience='intermediate',\n        cost=40.0\n    ),\n    BehaviorCorrectionMethod(\n        name=\"Timeout Technique\",\n        method='negative punishment',\n        duration=15,\n        frequency='bi-weekly',\n        setting='home',\n        trainer_experience='beginner',\n        cost=30.0\n    ),\n    BehaviorCorrectionMethod(\n        name=\"Aversion Training\",\n        method='positive punishment',\n        duration=25,\n        frequency='monthly',\n        setting='training center',\n        trainer_experience='advanced',\n        cost=60.0\n    ),\n    BehaviorCorrectionMethod(\n        name=\"Desensitization\",\n        method='negative reinforcement',\n        duration=40,\n        frequency='weekly',\n        setting='outdoors',\n        trainer_experience='intermediate',\n        cost=55.0\n    ),\n    BehaviorCorrectionMethod(\n        name=\"Behavioral Modification\",\n        method='positive reinforcement',\n        duration=35,\n        frequency='daily',\n        setting='virtual',\n        trainer_experience='advanced',\n        cost=70.0\n    ),\n    BehaviorCorrectionMethod(\n        name=\"Socialization Training\",\n        method='positive reinforcement',\n        duration=45,\n        frequency='weekly',\n        setting='training center',\n        trainer_experience='intermediate',\n        cost=45.0\n    ),\n    BehaviorCorrectionMethod(\n        name=\"Redirection Technique\",\n        method='negative punishment',\n        duration=20,\n        frequency='daily',\n        setting='home',\n        trainer_experience='beginner',\n        cost=25.0\n    ),\n    BehaviorCorrectionMethod(\n        name=\"Behavioral Adjustment\",\n        method='negative reinforcement',\n        duration=30,\n        frequency='bi-weekly',\n        setting='virtual',\n        trainer_experience='advanced',\n        cost=65.0\n    ),\n    BehaviorCorrectionMethod(\n        name=\"Calmness Training\",\n        method='positive reinforcement',\n        duration=50,\n        frequency='monthly',\n        setting='outdoors',\n        trainer_experience='intermediate',\n        cost=75.0\n    )\n]\n```",
    "goal": {
      "name": null,
      "method": "positive reinforcement",
      "duration": 15,
      "frequency": "daily",
      "setting": "outdoors",
      "trainer_experience": "beginner",
      "cost": 30.0
    },
    "database": [
      {
        "name": "Gentle Training Techniques",
        "method": "positive reinforcement",
        "duration": 20,
        "frequency": "bi-weekly",
        "setting": "home",
        "trainer_experience": "intermediate",
        "cost": 35.0
      },
      {
        "name": "Clicker Training",
        "method": "positive reinforcement",
        "duration": 20,
        "frequency": "daily",
        "setting": "home",
        "trainer_experience": "intermediate",
        "cost": 40.0
      },
      {
        "name": "Behavioral Modification",
        "method": "positive reinforcement",
        "duration": 35,
        "frequency": "daily",
        "setting": "virtual",
        "trainer_experience": "advanced",
        "cost": 70.0
      },
      {
        "name": "Redirection Technique",
        "method": "negative punishment",
        "duration": 20,
        "frequency": "daily",
        "setting": "home",
        "trainer_experience": "beginner",
        "cost": 25.0
      },
      {
        "name": "Socialization Training",
        "method": "positive reinforcement",
        "duration": 45,
        "frequency": "weekly",
        "setting": "training center",
        "trainer_experience": "intermediate",
        "cost": 45.0
      },
      {
        "name": "Calmness Training",
        "method": "positive reinforcement",
        "duration": 50,
        "frequency": "monthly",
        "setting": "outdoors",
        "trainer_experience": "intermediate",
        "cost": 75.0
      },
      {
        "name": "Reward-Based Training",
        "method": "positive reinforcement",
        "duration": 15,
        "frequency": "daily",
        "setting": "outdoors",
        "trainer_experience": "beginner",
        "cost": 30.0
      },
      {
        "name": "Behavioral Adjustment",
        "method": "negative reinforcement",
        "duration": 30,
        "frequency": "bi-weekly",
        "setting": "virtual",
        "trainer_experience": "advanced",
        "cost": 65.0
      },
      {
        "name": "Positive Reinforcement Training",
        "method": "positive reinforcement",
        "duration": 30,
        "frequency": "weekly",
        "setting": "training center",
        "trainer_experience": "advanced",
        "cost": 50.0
      },
      {
        "name": "Positive Reinforcement Training",
        "method": "positive reinforcement",
        "duration": 25,
        "frequency": "daily",
        "setting": "training center",
        "trainer_experience": "advanced",
        "cost": 50.0
      },
      {
        "name": "Aversion Training",
        "method": "positive punishment",
        "duration": 25,
        "frequency": "monthly",
        "setting": "training center",
        "trainer_experience": "advanced",
        "cost": 60.0
      },
      {
        "name": "Desensitization",
        "method": "negative reinforcement",
        "duration": 40,
        "frequency": "weekly",
        "setting": "outdoors",
        "trainer_experience": "intermediate",
        "cost": 55.0
      },
      {
        "name": "Timeout Technique",
        "method": "negative punishment",
        "duration": 15,
        "frequency": "bi-weekly",
        "setting": "home",
        "trainer_experience": "beginner",
        "cost": 30.0
      }
    ],
    "status": "complete"
  },
  {
    "domain": "Reward Systems",
    "turns": [
      [
        "Thanks! By the way, can you help me find a suitable reward system for my pets?",
        {
          "name": null,
          "type": null,
          "size": null,
          "frequency": null,
          "dietary_restriction": null,
          "duration": null,
          "cost": null,
          "difficulty_level": null,
          "environmental_impact": null,
          "pet_age": null,
          "pet_breed": null
        },
        "Sure! What types of pets do you have, and what kind of rewards are you considering?"
      ],
      [
        "I have a dog and a bird, and I'm considering treat-based rewards.",
        {
          "name": null,
          "type": "treat",
          "size": null,
          "frequency": null,
          "dietary_restriction": null,
          "duration": null,
          "cost": null,
          "difficulty_level": null,
          "environmental_impact": null,
          "pet_age": null,
          "pet_breed": null
        },
        "Do you have any dietary restrictions for your dog or bird that I should consider?"
      ],
      [
        "No dietary restrictions for either of them.",
        {
          "name": null,
          "type": "treat",
          "size": null,
          "frequency": null,
          "dietary_restriction": null,
          "duration": null,
          "cost": null,
          "difficulty_level": null,
          "environmental_impact": null,
          "pet_age": null,
          "pet_breed": null
        },
        "Great! Would you prefer small or medium-sized treats for your pets?"
      ],
      [
        "Medium-sized treats would be ideal.",
        {
          "name": null,
          "type": "treat",
          "size": "medium",
          "frequency": null,
          "dietary_restriction": null,
          "duration": null,
          "cost": null,
          "difficulty_level": null,
          "environmental_impact": null,
          "pet_age": null,
          "pet_breed": null
        },
        "I recommend \"Carrot Sticks\" and \"Chicken Treats.\" Would you like to know more about either of them?"
      ],
      [
        "Can you tell me more about \"Chicken Treats\"?",
        {
          "name": "Chicken Treats",
          "type": "treat",
          "size": "medium",
          "frequency": null,
          "dietary_restriction": null,
          "duration": null,
          "cost": null,
          "difficulty_level": null,
          "environmental_impact": null,
          "pet_age": null,
          "pet_breed": null
        },
        "\"Chicken Treats\" are small, cost $5, have low environmental impact, and are suitable for all pets. Interested in those?"
      ],
      [
        "Yes, I'm interested in the \"Chicken Treats\"!",
        {
          "name": "Chicken Treats",
          "type": "treat",
          "size": "medium",
          "frequency": null,
          "dietary_restriction": null,
          "duration": null,
          "cost": 5.0,
          "difficulty_level": null,
          "environmental_impact": "low",
          "pet_age": null,
          "pet_breed": null
        },
        "Great choice! I'll help you with the order for \"Chicken Treats.\" Any questions before we finalize it?"
      ],
      [
        "No questions, let\u2019s finalize the order!",
        {
          "name": "Chicken Treats",
          "type": "treat",
          "size": "medium",
          "frequency": null,
          "dietary_restriction": null,
          "duration": null,
          "cost": 5.0,
          "difficulty_level": null,
          "environmental_impact": "low",
          "pet_age": null,
          "pet_breed": null
        },
        "Awesome! I'll get that order processed for you. Thank you!"
      ]
    ],
    "preferences_code": "```python\npreferences = RewardSystemCriteria(\n    name='Carrot Sticks',\n    type='treat',\n    size='medium',\n    frequency='rarely',\n    dietary_restriction='none',\n    duration=5,\n    cost=2.0,\n    difficulty_level='easy',\n    environmental_impact='low',\n    pet_age='all',\n    pet_breed='all',\n)\n```",
    "red_herrings_code": "```python\n# Global variable containing a list of Reward System examples\nreward_systems_examples = [\n    RewardSystemKnowledge(\n        name='Chicken Bits',\n        type='treat',\n        size='small',\n        frequency='sometimes',\n        dietary_restriction='none',\n        duration=5,\n        cost=3.5,\n        difficulty_level='easy',\n        environmental_impact='low',\n        pet_age='all',\n        pet_breed='all',\n    ),\n    RewardSystemKnowledge(\n        name='Carrot Sticks',\n        type='treat',\n        size='medium',\n        frequency='rarely',\n        dietary_restriction='none',\n        duration=5,\n        cost=2.0,\n        difficulty_level='easy',\n        environmental_impact='low',\n        pet_age='all',\n        pet_breed='all',\n    ),\n    RewardSystemKnowledge(\n        name='Peanut Butter',\n        type='treat',\n        size='small',\n        frequency='often',\n        dietary_restriction='nut allergies',\n        duration=5,\n        cost=5.0,\n        difficulty_level='easy',\n        environmental_impact='medium',\n        pet_age='all',\n        pet_breed='all',\n    )\n]\n```",
    "database_code": "```python\n# Global variable containing a list of Reward System examples\nreward_systems = [\n    RewardSystemKnowledge(\n        name=\"Chicken Treats\",\n        type='treat',\n        size='small',\n        frequency='always',\n        dietary_restriction=None,\n        duration=10,\n        cost=5.0,\n        difficulty_level='easy',\n        environmental_impact='low',\n        pet_age='all',\n        pet_breed='all'\n    ),\n    RewardSystemKnowledge(\n        name=\"Rubber Ball\",\n        type='toy',\n        size='medium',\n        frequency='often',\n        dietary_restriction=None,\n        duration=15,\n        cost=10.0,\n        difficulty_level='easy',\n        environmental_impact='medium',\n        pet_age='all',\n        pet_breed='all'\n    ),\n    RewardSystemKnowledge(\n        name=\"Verbal Praise\",\n        type='praise',\n        size=None,\n        frequency='always',\n        dietary_restriction=None,\n        duration=5,\n        cost=0.0,\n        difficulty_level='easy',\n        environmental_impact='low',\n        pet_age='all',\n        pet_breed='all'\n    ),\n    RewardSystemKnowledge(\n        name=\"Playtime at the Park\",\n        type='playtime',\n        size=None,\n        frequency='often',\n        dietary_restriction=None,\n        duration=30,\n        cost=0.0,\n        difficulty_level='easy',\n        environmental_impact='low',\n        pet_age='all',\n        pet_breed='all'\n    ),\n    RewardSystemKnowledge(\n        name=\"Salmon Treats\",\n        type='treat',\n        size='small',\n        frequency='sometimes',\n        dietary_restriction='fish allergy',\n        duration=10,\n        cost=8.0,\n        difficulty_level='moderate',\n        environmental_impact='medium',\n        pet_age='all',\n        pet_breed='all'\n    ),\n    RewardSystemKnowledge(\n        name=\"Frisbee\",\n        type='toy',\n        size='large',\n        frequency='often',\n        dietary_restriction=None,\n        duration=20,\n        cost=15.0,\n        difficulty_level='easy',\n        environmental_impact='low',\n        pet_age='all',\n        pet_breed='all'\n    ),\n    RewardSystemKnowledge(\n        name=\"Tug Rope\",\n        type='toy',\n        size='medium',\n        frequency='often',\n        dietary_restriction=None,\n        duration=15,\n        cost=12.0,\n        difficulty_level='easy',\n        environmental_impact='medium',\n        pet_age='all',\n        pet_breed='all'\n    ),\n    RewardSystemKnowledge(\n        name=\"Cheese Cubes\",\n        type='treat',\n        size='small',\n        frequency='rarely',\n        dietary_restriction='lactose intolerance',\n        duration=5,\n        cost=4.0,\n        difficulty_level='easy',\n        environmental_impact='low',\n        pet_age='all',\n        pet_breed='all'\n    ),\n    RewardSystemKnowledge(\n        name=\"Puzzle Toys\",\n        type='toy',\n        size='medium',\n        frequency='sometimes',\n        dietary_restriction=None,\n        duration=25,\n        cost=20.0,\n        difficulty_level='hard',\n        environmental_impact='medium',\n        pet_age='all',\n        pet_breed='all'\n    ),\n    RewardSystemKnowledge(\n        name=\"Cuddle Time\",\n        type='playtime',\n        size=None,\n        frequency='always',\n        dietary_restriction=None,\n        duration=15,\n        cost=0.0,\n        difficulty_level='easy',\n        environmental_impact='low',\n        pet_age='all',\n        pet_breed='all'\n    )\n]\n```",
    "goal": {
      "name": null,
      "type": "treat",
      "size": "medium",
      "frequency": "rarely",
      "dietary_restriction": "none",
      "duration": 5,
      "cost": 2.0,
      "difficulty_level": "easy",
      "environmental_impact": "low",
      "pet_age": "all",
      "pet_breed": "all"
    },
    "database": [
      {
        "name": "Peanut Butter",
        "type": "treat",
        "size": "small",
        "frequency": "often",
        "dietary_restriction": "nut allergies",
        "duration": 5,
        "cost": 5.0,
        "difficulty_level": "easy",
        "environmental_impact": "medium",
        "pet_age": "all",
        "pet_breed": "all"
      },
      {
        "name": "Chicken Treats",
        "type": "treat",
        "size": "small",
        "frequency": "always",
        "dietary_restriction": null,
        "duration": 10,
        "cost": 5.0,
        "difficulty_level": "easy",
        "environmental_impact": "low",
        "pet_age": "all",
        "pet_breed": "all"
      },
      {
        "name": "Cuddle Time",
        "type": "playtime",
        "size": null,
        "frequency": "always",
        "dietary_restriction": null,
        "duration": 15,
        "cost": 0.0,
        "difficulty_level": "easy",
        "environmental_impact": "low",
        "pet_age": "all",
        "pet_breed": "all"
      },
      {
        "name": "Chicken Bits",
        "type": "treat",
        "size": "small",
        "frequency": "sometimes",
        "dietary_restriction": "none",
        "duration": 5,
        "cost": 3.5,
        "difficulty_level": "easy",
        "environmental_impact": "low",
        "pet_age": "all",
        "pet_breed": "all"
      },
      {
        "name": "Rubber Ball",
        "type": "toy",
        "size": "medium",
        "frequency": "often",
        "dietary_restriction": null,
        "duration": 15,
        "cost": 10.0,
        "difficulty_level": "easy",
        "environmental_impact": "medium",
        "pet_age": "all",
        "pet_breed": "all"
      },
      {
        "name": "Playtime at the Park",
        "type": "playtime",
        "size": null,
        "frequency": "often",
        "dietary_restriction": null,
        "duration": 30,
        "cost": 0.0,
        "difficulty_level": "easy",
        "environmental_impact": "low",
        "pet_age": "all",
        "pet_breed": "all"
      },
      {
        "name": "Salmon Treats",
        "type": "treat",
        "size": "small",
        "frequency": "sometimes",
        "dietary_restriction": "fish allergy",
        "duration": 10,
        "cost": 8.0,
        "difficulty_level": "moderate",
        "environmental_impact": "medium",
        "pet_age": "all",
        "pet_breed": "all"
      },
      {
        "name": "Verbal Praise",
        "type": "praise",
        "size": null,
        "frequency": "always",
        "dietary_restriction": null,
        "duration": 5,
        "cost": 0.0,
        "difficulty_level": "easy",
        "environmental_impact": "low",
        "pet_age": "all",
        "pet_breed": "all"
      },
      {
        "name": "Carrot Sticks",
        "type": "treat",
        "size": "medium",
        "frequency": "rarely",
        "dietary_restriction": "none",
        "duration": 5,
        "cost": 2.0,
        "difficulty_level": "easy",
        "environmental_impact": "low",
        "pet_age": "all",
        "pet_breed": "all"
      },
      {
        "name": "Tug Rope",
        "type": "toy",
        "size": "medium",
        "frequency": "often",
        "dietary_restriction": null,
        "duration": 15,
        "cost": 12.0,
        "difficulty_level": "easy",
        "environmental_impact": "medium",
        "pet_age": "all",
        "pet_breed": "all"
      },
      {
        "name": "Frisbee",
        "type": "toy",
        "size": "large",
        "frequency": "often",
        "dietary_restriction": null,
        "duration": 20,
        "cost": 15.0,
        "difficulty_level": "easy",
        "environmental_impact": "low",
        "pet_age": "all",
        "pet_breed": "all"
      },
      {
        "name": "Puzzle Toys",
        "type": "toy",
        "size": "medium",
        "frequency": "sometimes",
        "dietary_restriction": null,
        "duration": 25,
        "cost": 20.0,
        "difficulty_level": "hard",
        "environmental_impact": "medium",
        "pet_age": "all",
        "pet_breed": "all"
      },
      {
        "name": "Cheese Cubes",
        "type": "treat",
        "size": "small",
        "frequency": "rarely",
        "dietary_restriction": "lactose intolerance",
        "duration": 5,
        "cost": 4.0,
        "difficulty_level": "easy",
        "environmental_impact": "low",
        "pet_age": "all",
        "pet_breed": "all"
      }
    ],
    "status": "complete"
  }
]