[
  {
    "domain": "Training Programs",
    "turns": [
      [
        "Hey! I'm looking for a dog training program focused on obedience. Do you have any recommendations?",
        {
          "name": null,
          "duration": null,
          "program_type": null,
          "location": null,
          "mode": null,
          "budget": null,
          "trainer_experience": null,
          "pet_type": "Dog",
          "behavior_focus": "Obedience"
        },
        "Sure! Do you have a specific duration or budget in mind?"
      ],
      [
        "I'm thinking about a six-week program and my budget is around $250.",
        {
          "name": null,
          "duration": 6,
          "program_type": null,
          "location": null,
          "mode": null,
          "budget": 250.0,
          "trainer_experience": null,
          "pet_type": "Dog",
          "behavior_focus": "Obedience"
        },
        "Great! I recommend the \"Basic Dog Training\" program; it\u2019s six weeks and costs $250. Would that work for you?"
      ],
      [
        "That sounds good! Is it offered in Boston?",
        {
          "name": "Basic Dog Training",
          "duration": 6,
          "program_type": "Basic",
          "location": "Boston",
          "mode": null,
          "budget": 250.0,
          "trainer_experience": null,
          "pet_type": "Dog",
          "behavior_focus": "Obedience"
        },
        "Yes, it\u2019s offered in Boston! Would you like to confirm that choice?"
      ],
      [
        "Yes, let\u2019s go ahead and confirm it!",
        {
          "name": "Basic Dog Training",
          "duration": 6,
          "program_type": "Basic",
          "location": "Boston",
          "mode": null,
          "budget": 250,
          "trainer_experience": null,
          "pet_type": "Dog",
          "behavior_focus": "Obedience"
        },
        "Awesome! You've chosen the \"Basic Dog Training\" program in Boston. Good luck with the training!"
      ]
    ],
    "preferences_code": "```python\npreferences = TrainingProgramCriteria(\n    name='Basic Dog Training',\n    duration=6,\n    program_type='Basic',\n    location='Boston',\n    mode='Hybrid',\n    budget=250.0,\n    trainer_experience='Intermediate',\n    pet_type='Dog',\n    behavior_focus='Obedience'\n)\n```",
    "red_herrings_code": "```python\n# Global variable containing a list of Training Program examples\ntraining_programs = [\n    TrainingProgram(\n        name='Advanced Dog Training',\n        duration=8,\n        program_type='Advanced',\n        location='New York',\n        mode='In-person',\n        cost=375.0,\n        trainer_experience='Expert',\n        pet_type='Dog',\n        behavior_focus='Socialization',\n    ),\n    TrainingProgram(\n        name='Basic Dog Training',\n        duration=6,\n        program_type='Basic',\n        location='Boston',\n        mode='Hybrid',\n        cost=250.0,\n        trainer_experience='Intermediate',\n        pet_type='Dog',\n        behavior_focus='Obedience',\n    ),\n    TrainingProgram(\n        name='Specialized Dog Training',\n        duration=10,\n        program_type='Specialized',\n        location='Boston',\n        mode='Online',\n        cost=400.0,\n        trainer_experience='Expert',\n        pet_type='Dog',\n        behavior_focus='Aggression',\n    ),\n]\n```",
    "database_code": "```python\n# Global variable containing a list of Training Program examples\ntraining_programs = [\n    TrainingProgram(\n        name=\"Basic Obedience\",\n        duration=4,\n        program_type='Basic',\n        location=\"New York\",\n        mode='In-person',\n        cost=200.0,\n        trainer_experience='Intermediate',\n        pet_type='Dog',\n        behavior_focus='Obedience'\n    ),\n    TrainingProgram(\n        name=\"Advanced Agility\",\n        duration=6,\n        program_type='Advanced',\n        location=\"Los Angeles\",\n        mode='Online',\n        cost=300.0,\n        trainer_experience='Expert',\n        pet_type='Dog',\n        behavior_focus='Aggression'\n    ),\n    TrainingProgram(\n        name=\"Puppy Socialization\",\n        duration=3,\n        program_type='Basic',\n        location=\"Chicago\",\n        mode='Hybrid',\n        cost=150.0,\n        trainer_experience='Beginner',\n        pet_type='Dog',\n        behavior_focus='Socialization'\n    ),\n    TrainingProgram(\n        name=\"Cat Behavior Modification\",\n        duration=5,\n        program_type='Specialized',\n        location=\"San Francisco\",\n        mode='In-person',\n        cost=250.0,\n        trainer_experience='Intermediate',\n        pet_type='Cat',\n        behavior_focus='Aggression'\n    ),\n    TrainingProgram(\n        name=\"Trick Training for Dogs\",\n        duration=2,\n        program_type='Basic',\n        location=\"Miami\",\n        mode='Online',\n        cost=100.0,\n        trainer_experience='Beginner',\n        pet_type='Dog',\n        behavior_focus='Trick Training'\n    ),\n    TrainingProgram(\n        name=\"Bird Training Essentials\",\n        duration=4,\n        program_type='Specialized',\n        location=\"Seattle\",\n        mode='In-person',\n        cost=180.0,\n        trainer_experience='Expert',\n        pet_type='Bird',\n        behavior_focus='Obedience'\n    ),\n    TrainingProgram(\n        name=\"Advanced Dog Training\",\n        duration=8,\n        program_type='Advanced',\n        location=\"Boston\",\n        mode='Hybrid',\n        cost=350.0,\n        trainer_experience='Expert',\n        pet_type='Dog',\n        behavior_focus='Socialization'\n    ),\n    TrainingProgram(\n        name=\"Kitten Basics\",\n        duration=3,\n        program_type='Basic',\n        location=\"Austin\",\n        mode='Online',\n        cost=120.0,\n        trainer_experience='Beginner',\n        pet_type='Cat',\n        behavior_focus='Obedience'\n    ),\n    TrainingProgram(\n        name=\"Aggression Management for Dogs\",\n        duration=7,\n        program_type='Specialized',\n        location=\"Denver\",\n        mode='In-person',\n        cost=400.0,\n        trainer_experience='Expert',\n        pet_type='Dog',\n        behavior_focus='Aggression'\n    ),\n    TrainingProgram(\n        name=\"Bird Socialization Workshop\",\n        duration=4,\n        program_type='Basic',\n        location=\"Portland\",\n        mode='Hybrid',\n        cost=150.0,\n        trainer_experience='Intermediate',\n        pet_type='Bird',\n        behavior_focus='Socialization'\n    )\n]\n```",
    "goal": {
      "name": null,
      "duration": 6,
      "program_type": "Basic",
      "location": "Boston",
      "mode": "Hybrid",
      "budget": 250.0,
      "trainer_experience": "Intermediate",
      "pet_type": "Dog",
      "behavior_focus": "Obedience"
    },
    "database": [
      {
        "name": "Kitten Basics",
        "duration": 3,
        "program_type": "Basic",
        "location": "Austin",
        "mode": "Online",
        "cost": 120.0,
        "trainer_experience": "Beginner",
        "pet_type": "Cat",
        "behavior_focus": "Obedience"
      },
      {
        "name": "Advanced Dog Training",
        "duration": 8,
        "program_type": "Advanced",
        "location": "New York",
        "mode": "In-person",
        "cost": 375.0,
        "trainer_experience": "Expert",
        "pet_type": "Dog",
        "behavior_focus": "Socialization"
      },
      {
        "name": "Trick Training for Dogs",
        "duration": 2,
        "program_type": "Basic",
        "location": "Miami",
        "mode": "Online",
        "cost": 100.0,
        "trainer_experience": "Beginner",
        "pet_type": "Dog",
        "behavior_focus": "Trick Training"
      },
      {
        "name": "Advanced Dog Training",
        "duration": 8,
        "program_type": "Advanced",
        "location": "Boston",
        "mode": "Hybrid",
        "cost": 350.0,
        "trainer_experience": "Expert",
        "pet_type": "Dog",
        "behavior_focus": "Socialization"
      },
      {
        "name": "Cat Behavior Modification",
        "duration": 5,
        "program_type": "Specialized",
        "location": "San Francisco",
        "mode": "In-person",
        "cost": 250.0,
        "trainer_experience": "Intermediate",
        "pet_type": "Cat",
        "behavior_focus": "Aggression"
      },
      {
        "name": "Puppy Socialization",
        "duration": 3,
        "program_type": "Basic",
        "location": "Chicago",
        "mode": "Hybrid",
        "cost": 150.0,
        "trainer_experience": "Beginner",
        "pet_type": "Dog",
        "behavior_focus": "Socialization"
      },
      {
        "name": "Aggression Management for Dogs",
        "duration": 7,
        "program_type": "Specialized",
        "location": "Denver",
        "mode": "In-person",
        "cost": 400.0,
        "trainer_experience": "Expert",
        "pet_type": "Dog",
        "behavior_focus": "Aggression"
      },
      {
        "name": "Advanced Agility",
        "duration": 6,
        "program_type": "Advanced",
        "location": "Los Angeles",
        "mode": "Online",
        "cost": 300.0,
        "trainer_experience": "Expert",
        "pet_type": "Dog",
        "behavior_focus": "Aggression"
      },
      {
        "name": "Basic Obedience",
        "duration": 4,
        "program_type": "Basic",
        "location": "New York",
        "mode": "In-person",
        "cost": 200.0,
        "trainer_experience": "Intermediate",
        "pet_type": "Dog",
        "behavior_focus": "Obedience"
      },
      {
        "name": "Basic Dog Training",
        "duration": 6,
        "program_type": "Basic",
        "location": "Boston",
        "mode": "Hybrid",
        "cost": 250.0,
        "trainer_experience": "Intermediate",
        "pet_type": "Dog",
        "behavior_focus": "Obedience"
      },
      {
        "name": "Specialized Dog Training",
        "duration": 10,
        "program_type": "Specialized",
        "location": "Boston",
        "mode": "Online",
        "cost": 400.0,
        "trainer_experience": "Expert",
        "pet_type": "Dog",
        "behavior_focus": "Aggression"
      },
      {
        "name": "Bird Training Essentials",
        "duration": 4,
        "program_type": "Specialized",
        "location": "Seattle",
        "mode": "In-person",
        "cost": 180.0,
        "trainer_experience": "Expert",
        "pet_type": "Bird",
        "behavior_focus": "Obedience"
      },
      {
        "name": "Bird Socialization Workshop",
        "duration": 4,
        "program_type": "Basic",
        "location": "Portland",
        "mode": "Hybrid",
        "cost": 150.0,
        "trainer_experience": "Intermediate",
        "pet_type": "Bird",
        "behavior_focus": "Socialization"
      }
    ],
    "status": "complete"
  },
  {
    "domain": "Behavior Correction Methods",
    "turns": [
      [
        "Thanks! Now, could you help me find a behavior correction method?",
        {
          "name": null,
          "method": null,
          "duration": null,
          "frequency": null,
          "setting": null,
          "trainer_experience": null,
          "cost": null
        },
        "Of course! What specific behavior are you looking to correct?"
      ],
      [
        "I need to address my dog's jumping on guests.",
        {
          "name": null,
          "method": null,
          "duration": null,
          "frequency": null,
          "setting": null,
          "trainer_experience": null,
          "cost": null
        },
        "For jumping correction, I recommend the \"Jumping Correction\" method. Are you okay with positive punishment?"
      ],
      [
        "I'm actually preferring positive reinforcement methods. Do you have any options for that?",
        {
          "name": "Jumping Correction",
          "method": "positive reinforcement",
          "duration": null,
          "frequency": null,
          "setting": null,
          "trainer_experience": null,
          "cost": null
        },
        "Yes! I suggest \"Recall Training\" or \"Basic Obedience Training.\" Would you like more details on either?"
      ],
      [
        "Yes, can you tell me more about \"Basic Obedience Training\"?",
        {
          "name": "Basic Obedience Training",
          "method": "positive reinforcement",
          "duration": null,
          "frequency": null,
          "setting": null,
          "trainer_experience": null,
          "cost": null
        },
        "\"Basic Obedience Training\" uses positive reinforcement, lasts 30 minutes, is weekly, and costs $50. Does that sound good?"
      ],
      [
        "That sounds great, but I was hoping for a 45-minute session. Is that flexible?",
        {
          "name": "Basic Obedience Training",
          "method": "positive reinforcement",
          "duration": 45,
          "frequency": "weekly",
          "setting": null,
          "trainer_experience": null,
          "cost": 50
        },
        "Unfortunately, the sessions are fixed at 30 minutes. Would you like to consider \"Recall Training,\" which is 50 minutes?"
      ],
      [
        "Yes, tell me more about \"Recall Training.\"",
        {
          "name": "Recall Training",
          "method": "positive reinforcement",
          "duration": 50,
          "frequency": "weekly",
          "setting": null,
          "trainer_experience": null,
          "cost": 50
        },
        "\"Recall Training\" uses positive reinforcement, lasts 50 minutes, is weekly, and costs $70. Interested in that option?"
      ],
      [
        "Yes, that sounds perfect! Can we confirm \"Recall Training\"?",
        {
          "name": "Recall Training",
          "method": "positive reinforcement",
          "duration": 50,
          "frequency": "weekly",
          "setting": null,
          "trainer_experience": null,
          "cost": 70
        },
        "Absolutely! You've chosen \"Recall Training.\" Good luck with your dog's training!"
      ],
      [
        "Thank you! I appreciate your help!",
        {
          "name": "Recall Training",
          "method": "positive reinforcement",
          "duration": 50,
          "frequency": "weekly",
          "setting": null,
          "trainer_experience": null,
          "cost": 70
        },
        "You're welcome! Happy training!"
      ],
      [
        "Thanks! Bye!",
        {
          "name": "Recall Training",
          "method": "positive reinforcement",
          "duration": 50,
          "frequency": "weekly",
          "setting": null,
          "trainer_experience": null,
          "cost": 70
        },
        "Bye! Take care!"
      ],
      [
        "You too!",
        {
          "name": "Recall Training",
          "method": "positive reinforcement",
          "duration": 50,
          "frequency": "weekly",
          "setting": null,
          "trainer_experience": null,
          "cost": 70
        },
        "Thanks! Bye!"
      ]
    ],
    "preferences_code": "```python\npreferences = BehaviorCorrectionCriteria(\n    name='Advanced Obedience Training',\n    method='positive reinforcement',\n    duration=45,\n    frequency='weekly',\n    setting='training center',\n    trainer_experience='advanced',\n    cost=75.0,\n)\n```",
    "red_herrings_code": "```python\n# Global variable to store a list of Behavior Correction Methods examples\nbehavior_correction_methods = [\n    BehaviorCorrectionMethod(\n        name='Basic Obedience Training',\n        method='positive reinforcement',\n        duration=30,\n        frequency='bi-weekly',\n        setting='training center',\n        trainer_experience='intermediate',\n        cost=50.0,\n    ),\n    BehaviorCorrectionMethod(\n        name='Advanced Obedience Training',\n        method='positive reinforcement',\n        duration=45,\n        frequency='weekly',\n        setting='training center',\n        trainer_experience='advanced',\n        cost=75.0,\n    ),\n    BehaviorCorrectionMethod(\n        name='Puppy Training Basics',\n        method='positive reinforcement',\n        duration=30,\n        frequency='daily',\n        setting='home',\n        trainer_experience='beginner',\n        cost=40.0,\n    ),\n]\n```",
    "database_code": "```python\n# Global variable representing a list of behavior correction methods\nbehavior_correction_methods = [\n    BehaviorCorrectionMethod(\n        name=\"Basic Obedience Training\",\n        method='positive reinforcement',\n        duration=30,\n        frequency='weekly',\n        setting='training center',\n        trainer_experience='intermediate',\n        cost=50.0\n    ),\n    BehaviorCorrectionMethod(\n        name=\"Leash Training\",\n        method='negative reinforcement',\n        duration=45,\n        frequency='daily',\n        setting='outdoors',\n        trainer_experience='advanced',\n        cost=60.0\n    ),\n    BehaviorCorrectionMethod(\n        name=\"Jumping Correction\",\n        method='positive punishment',\n        duration=30,\n        frequency='bi-weekly',\n        setting='home',\n        trainer_experience='beginner',\n        cost=40.0\n    ),\n    BehaviorCorrectionMethod(\n        name=\"Barking Control\",\n        method='negative punishment',\n        duration=20,\n        frequency='weekly',\n        setting='virtual',\n        trainer_experience='intermediate',\n        cost=30.0\n    ),\n    BehaviorCorrectionMethod(\n        name=\"Recall Training\",\n        method='positive reinforcement',\n        duration=50,\n        frequency='weekly',\n        setting='outdoors',\n        trainer_experience='advanced',\n        cost=70.0\n    ),\n    BehaviorCorrectionMethod(\n        name=\"Aggression Management\",\n        method='negative punishment',\n        duration=60,\n        frequency='weekly',\n        setting='training center',\n        trainer_experience='advanced',\n        cost=90.0\n    ),\n    BehaviorCorrectionMethod(\n        name=\"House Training\",\n        method='positive reinforcement',\n        duration=40,\n        frequency='daily',\n        setting='home',\n        trainer_experience='beginner',\n        cost=45.0\n    ),\n    BehaviorCorrectionMethod(\n        name=\"Socialization Skills\",\n        method='positive reinforcement',\n        duration=30,\n        frequency='bi-weekly',\n        setting='outdoors',\n        trainer_experience='intermediate',\n        cost=55.0\n    ),\n    BehaviorCorrectionMethod(\n        name=\"Desensitization Training\",\n        method='negative reinforcement',\n        duration=35,\n        frequency='weekly',\n        setting='virtual',\n        trainer_experience='advanced',\n        cost=65.0\n    ),\n    BehaviorCorrectionMethod(\n        name=\"Impulse Control\",\n        method='positive punishment',\n        duration=50,\n        frequency='monthly',\n        setting='training center',\n        trainer_experience='intermediate',\n        cost=80.0\n    )\n]\n```",
    "goal": {
      "name": null,
      "method": "positive reinforcement",
      "duration": 45,
      "frequency": "weekly",
      "setting": "training center",
      "trainer_experience": "advanced",
      "cost": 75.0
    },
    "database": [
      {
        "name": "Recall Training",
        "method": "positive reinforcement",
        "duration": 50,
        "frequency": "weekly",
        "setting": "outdoors",
        "trainer_experience": "advanced",
        "cost": 70.0
      },
      {
        "name": "Puppy Training Basics",
        "method": "positive reinforcement",
        "duration": 30,
        "frequency": "daily",
        "setting": "home",
        "trainer_experience": "beginner",
        "cost": 40.0
      },
      {
        "name": "Jumping Correction",
        "method": "positive punishment",
        "duration": 30,
        "frequency": "bi-weekly",
        "setting": "home",
        "trainer_experience": "beginner",
        "cost": 40.0
      },
      {
        "name": "Leash Training",
        "method": "negative reinforcement",
        "duration": 45,
        "frequency": "daily",
        "setting": "outdoors",
        "trainer_experience": "advanced",
        "cost": 60.0
      },
      {
        "name": "Advanced Obedience Training",
        "method": "positive reinforcement",
        "duration": 45,
        "frequency": "weekly",
        "setting": "training center",
        "trainer_experience": "advanced",
        "cost": 75.0
      },
      {
        "name": "Aggression Management",
        "method": "negative punishment",
        "duration": 60,
        "frequency": "weekly",
        "setting": "training center",
        "trainer_experience": "advanced",
        "cost": 90.0
      },
      {
        "name": "Barking Control",
        "method": "negative punishment",
        "duration": 20,
        "frequency": "weekly",
        "setting": "virtual",
        "trainer_experience": "intermediate",
        "cost": 30.0
      },
      {
        "name": "Basic Obedience Training",
        "method": "positive reinforcement",
        "duration": 30,
        "frequency": "weekly",
        "setting": "training center",
        "trainer_experience": "intermediate",
        "cost": 50.0
      },
      {
        "name": "Impulse Control",
        "method": "positive punishment",
        "duration": 50,
        "frequency": "monthly",
        "setting": "training center",
        "trainer_experience": "intermediate",
        "cost": 80.0
      },
      {
        "name": "House Training",
        "method": "positive reinforcement",
        "duration": 40,
        "frequency": "daily",
        "setting": "home",
        "trainer_experience": "beginner",
        "cost": 45.0
      },
      {
        "name": "Desensitization Training",
        "method": "negative reinforcement",
        "duration": 35,
        "frequency": "weekly",
        "setting": "virtual",
        "trainer_experience": "advanced",
        "cost": 65.0
      },
      {
        "name": "Basic Obedience Training",
        "method": "positive reinforcement",
        "duration": 30,
        "frequency": "bi-weekly",
        "setting": "training center",
        "trainer_experience": "intermediate",
        "cost": 50.0
      },
      {
        "name": "Socialization Skills",
        "method": "positive reinforcement",
        "duration": 30,
        "frequency": "bi-weekly",
        "setting": "outdoors",
        "trainer_experience": "intermediate",
        "cost": 55.0
      }
    ],
    "status": "complete"
  },
  {
    "domain": "Reward Systems",
    "turns": [
      [
        "I\u2019m also looking for a good reward system for my dog. Can you help with that?",
        {
          "name": null,
          "type": null,
          "size": null,
          "frequency": null,
          "dietary_restriction": null,
          "duration": null,
          "cost": null,
          "difficulty_level": null,
          "environmental_impact": null,
          "pet_age": null,
          "pet_breed": null
        },
        "Sure! What type of rewards are you considering: treats, toys, or praise?"
      ],
      [
        "I'm leaning towards playtime as a reward.",
        {
          "name": null,
          "type": "playtime",
          "size": null,
          "frequency": null,
          "dietary_restriction": null,
          "duration": null,
          "cost": null,
          "difficulty_level": null,
          "environmental_impact": null,
          "pet_age": null,
          "pet_breed": null
        },
        "Great choice! How often do you want to use playtime as a reward: always, often, sometimes, or rarely?"
      ],
      [
        "I\u2019d like to use it always.",
        {
          "name": null,
          "type": "playtime",
          "size": null,
          "frequency": "always",
          "dietary_restriction": null,
          "duration": null,
          "cost": null,
          "difficulty_level": null,
          "environmental_impact": null,
          "pet_age": null,
          "pet_breed": null
        },
        "Awesome! Are you looking for a specific duration for the playtime reward?"
      ],
      [
        "Yes, I\u2019m thinking about 45 minutes for the playtime.",
        {
          "name": null,
          "type": "playtime",
          "size": null,
          "frequency": "always",
          "dietary_restriction": null,
          "duration": 45,
          "cost": null,
          "difficulty_level": null,
          "environmental_impact": null,
          "pet_age": null,
          "pet_breed": null
        },
        "I recommend \"Agility Training,\" which is 45 minutes and uses playtime. Interested in that?"
      ],
      [
        "That sounds interesting! What's the cost for \"Agility Training\"?",
        {
          "name": "Agility Training",
          "type": "playtime",
          "size": null,
          "frequency": "always",
          "dietary_restriction": null,
          "duration": 45,
          "cost": null,
          "difficulty_level": null,
          "environmental_impact": null,
          "pet_age": null,
          "pet_breed": null
        },
        "The cost for \"Agility Training\" is $30. Would you like to confirm it?"
      ],
      [
        "Yes, let's confirm \"Agility Training\"!",
        {
          "name": "Agility Training",
          "type": "playtime",
          "size": null,
          "frequency": "always",
          "dietary_restriction": null,
          "duration": 45,
          "cost": 30,
          "difficulty_level": null,
          "environmental_impact": null,
          "pet_age": null,
          "pet_breed": null
        },
        "Great choice! You've confirmed \"Agility Training.\" Enjoy the fun with your dog!"
      ]
    ],
    "preferences_code": "```python\npreferences = RewardSystemCriteria(\n    name='Agility Training',\n    type='playtime',\n    size='large',\n    frequency='always',\n    dietary_restriction='none',\n    duration=45,\n    cost=30.0,\n    difficulty_level='hard',\n    environmental_impact='medium',\n    pet_age='adult',\n    pet_breed='none',\n)\n```",
    "red_herrings_code": "```python\n# Global variable containing a list of Reward System examples\nreward_systems_examples = [\n    RewardSystemKnowledge(\n        name='Interactive Toys',\n        type='toy',\n        size='medium',\n        frequency='often',\n        dietary_restriction='none',\n        duration=30,\n        cost=25.0,\n        difficulty_level='easy',\n        environmental_impact='low',\n        pet_age='adult',\n        pet_breed='none',\n    ),\n    RewardSystemKnowledge(\n        name='Agility Training',\n        type='playtime',\n        size='large',\n        frequency='always',\n        dietary_restriction='none',\n        duration=45,\n        cost=30.0,\n        difficulty_level='hard',\n        environmental_impact='medium',\n        pet_age='adult',\n        pet_breed='none',\n    ),\n    RewardSystemKnowledge(\n        name='Fetch Games',\n        type='playtime',\n        size='small',\n        frequency='sometimes',\n        dietary_restriction='none',\n        duration=20,\n        cost=15.0,\n        difficulty_level='easy',\n        environmental_impact='low',\n        pet_age='adult',\n        pet_breed='none',\n    ),\n]\n```",
    "database_code": "```python\n# Global variable to hold a list of Reward Systems examples\nreward_systems = [\n    RewardSystemKnowledge(\n        name=\"Chicken Treats\",\n        type='treat',\n        size='small',\n        frequency='always',\n        dietary_restriction='none',\n        duration=15,\n        cost=10.99,\n        difficulty_level='easy',\n        environmental_impact='medium',\n        pet_age='adult',\n        pet_breed='none'\n    ),\n    RewardSystemKnowledge(\n        name=\"Rubber Ball\",\n        type='toy',\n        size='medium',\n        frequency='often',\n        dietary_restriction='none',\n        duration=30,\n        cost=12.50,\n        difficulty_level='easy',\n        environmental_impact='low',\n        pet_age='puppy',\n        pet_breed='none'\n    ),\n    RewardSystemKnowledge(\n        name=\"Verbal Praise\",\n        type='praise',\n        size='none',\n        frequency='always',\n        dietary_restriction='none',\n        duration=5,\n        cost=0.0,\n        difficulty_level='easy',\n        environmental_impact='none',\n        pet_age='all',\n        pet_breed='none'\n    ),\n    RewardSystemKnowledge(\n        name=\"Playtime in the Park\",\n        type='playtime',\n        size='large',\n        frequency='often',\n        dietary_restriction='none',\n        duration=60,\n        cost=0.0,\n        difficulty_level='easy',\n        environmental_impact='low',\n        pet_age='adult',\n        pet_breed='none'\n    ),\n    RewardSystemKnowledge(\n        name=\"Beef Jerky\",\n        type='treat',\n        size='medium',\n        frequency='sometimes',\n        dietary_restriction='gluten-free',\n        duration=20,\n        cost=15.99,\n        difficulty_level='moderate',\n        environmental_impact='medium',\n        pet_age='senior',\n        pet_breed='none'\n    ),\n    RewardSystemKnowledge(\n        name=\"Frisbee\",\n        type='toy',\n        size='large',\n        frequency='often',\n        dietary_restriction='none',\n        duration=45,\n        cost=8.99,\n        difficulty_level='easy',\n        environmental_impact='low',\n        pet_age='puppy',\n        pet_breed='none'\n    ),\n    RewardSystemKnowledge(\n        name=\"Cuddles\",\n        type='praise',\n        size='none',\n        frequency='always',\n        dietary_restriction='none',\n        duration=10,\n        cost=0.0,\n        difficulty_level='easy',\n        environmental_impact='none',\n        pet_age='all',\n        pet_breed='none'\n    ),\n    RewardSystemKnowledge(\n        name=\"Puzzle Toys\",\n        type='toy',\n        size='medium',\n        frequency='sometimes',\n        dietary_restriction='none',\n        duration=30,\n        cost=25.00,\n        difficulty_level='hard',\n        environmental_impact='medium',\n        pet_age='adult',\n        pet_breed='none'\n    ),\n    RewardSystemKnowledge(\n        name=\"Homemade Peanut Butter Treats\",\n        type='treat',\n        size='small',\n        frequency='often',\n        dietary_restriction='nut allergy',\n        duration=15,\n        cost=5.00,\n        difficulty_level='moderate',\n        environmental_impact='low',\n        pet_age='all',\n        pet_breed='none'\n    ),\n    RewardSystemKnowledge(\n        name=\"Training Sessions\",\n        type='playtime',\n        size='medium',\n        frequency='always',\n        dietary_restriction='none',\n        duration=30,\n        cost=20.00,\n        difficulty_level='moderate',\n        environmental_impact='low',\n        pet_age='adult',\n        pet_breed='none'\n    )\n]\n```",
    "goal": {
      "name": null,
      "type": "playtime",
      "size": "large",
      "frequency": "always",
      "dietary_restriction": "none",
      "duration": 45,
      "cost": 30.0,
      "difficulty_level": "hard",
      "environmental_impact": "medium",
      "pet_age": "adult",
      "pet_breed": "none"
    },
    "database": [
      {
        "name": "Fetch Games",
        "type": "playtime",
        "size": "small",
        "frequency": "sometimes",
        "dietary_restriction": "none",
        "duration": 20,
        "cost": 15.0,
        "difficulty_level": "easy",
        "environmental_impact": "low",
        "pet_age": "adult",
        "pet_breed": "none"
      },
      {
        "name": "Verbal Praise",
        "type": "praise",
        "size": "none",
        "frequency": "always",
        "dietary_restriction": "none",
        "duration": 5,
        "cost": 0.0,
        "difficulty_level": "easy",
        "environmental_impact": "none",
        "pet_age": "all",
        "pet_breed": "none"
      },
      {
        "name": "Agility Training",
        "type": "playtime",
        "size": "large",
        "frequency": "always",
        "dietary_restriction": "none",
        "duration": 45,
        "cost": 30.0,
        "difficulty_level": "hard",
        "environmental_impact": "medium",
        "pet_age": "adult",
        "pet_breed": "none"
      },
      {
        "name": "Interactive Toys",
        "type": "toy",
        "size": "medium",
        "frequency": "often",
        "dietary_restriction": "none",
        "duration": 30,
        "cost": 25.0,
        "difficulty_level": "easy",
        "environmental_impact": "low",
        "pet_age": "adult",
        "pet_breed": "none"
      },
      {
        "name": "Beef Jerky",
        "type": "treat",
        "size": "medium",
        "frequency": "sometimes",
        "dietary_restriction": "gluten-free",
        "duration": 20,
        "cost": 15.99,
        "difficulty_level": "moderate",
        "environmental_impact": "medium",
        "pet_age": "senior",
        "pet_breed": "none"
      },
      {
        "name": "Homemade Peanut Butter Treats",
        "type": "treat",
        "size": "small",
        "frequency": "often",
        "dietary_restriction": "nut allergy",
        "duration": 15,
        "cost": 5.0,
        "difficulty_level": "moderate",
        "environmental_impact": "low",
        "pet_age": "all",
        "pet_breed": "none"
      },
      {
        "name": "Cuddles",
        "type": "praise",
        "size": "none",
        "frequency": "always",
        "dietary_restriction": "none",
        "duration": 10,
        "cost": 0.0,
        "difficulty_level": "easy",
        "environmental_impact": "none",
        "pet_age": "all",
        "pet_breed": "none"
      },
      {
        "name": "Training Sessions",
        "type": "playtime",
        "size": "medium",
        "frequency": "always",
        "dietary_restriction": "none",
        "duration": 30,
        "cost": 20.0,
        "difficulty_level": "moderate",
        "environmental_impact": "low",
        "pet_age": "adult",
        "pet_breed": "none"
      },
      {
        "name": "Frisbee",
        "type": "toy",
        "size": "large",
        "frequency": "often",
        "dietary_restriction": "none",
        "duration": 45,
        "cost": 8.99,
        "difficulty_level": "easy",
        "environmental_impact": "low",
        "pet_age": "puppy",
        "pet_breed": "none"
      },
      {
        "name": "Puzzle Toys",
        "type": "toy",
        "size": "medium",
        "frequency": "sometimes",
        "dietary_restriction": "none",
        "duration": 30,
        "cost": 25.0,
        "difficulty_level": "hard",
        "environmental_impact": "medium",
        "pet_age": "adult",
        "pet_breed": "none"
      },
      {
        "name": "Rubber Ball",
        "type": "toy",
        "size": "medium",
        "frequency": "often",
        "dietary_restriction": "none",
        "duration": 30,
        "cost": 12.5,
        "difficulty_level": "easy",
        "environmental_impact": "low",
        "pet_age": "puppy",
        "pet_breed": "none"
      },
      {
        "name": "Playtime in the Park",
        "type": "playtime",
        "size": "large",
        "frequency": "often",
        "dietary_restriction": "none",
        "duration": 60,
        "cost": 0.0,
        "difficulty_level": "easy",
        "environmental_impact": "low",
        "pet_age": "adult",
        "pet_breed": "none"
      },
      {
        "name": "Chicken Treats",
        "type": "treat",
        "size": "small",
        "frequency": "always",
        "dietary_restriction": "none",
        "duration": 15,
        "cost": 10.99,
        "difficulty_level": "easy",
        "environmental_impact": "medium",
        "pet_age": "adult",
        "pet_breed": "none"
      }
    ],
    "status": "complete"
  }
]