[
  {
    "domain": "Ingredient Suppliers",
    "turns": [
      [
        "Hey, do you know any suppliers in Georgia that offer low-quality ingredients?",
        {
          "name": null,
          "quality": "Low",
          "price": null,
          "location": "Georgia",
          "organic_certification": null,
          "delivery_speed": null,
          "sustainability": null,
          "variety": null,
          "reliability": null,
          "communication": null
        },
        "Yes, we have \"Value Provisions\" and \"Cheap Eats\" in Georgia, both offer low-quality ingredients."
      ],
      [
        "Great! How about their price range? Are they moderate?",
        {
          "name": null,
          "quality": "Low",
          "price": "Moderate",
          "location": "Georgia",
          "organic_certification": null,
          "delivery_speed": null,
          "sustainability": null,
          "variety": null,
          "reliability": null,
          "communication": null
        },
        "\"Value Provisions\" has a moderate price, but \"Cheap Eats\" is cheap."
      ],
      [
        "I think I'll go with \"Value Provisions\" then. What's their delivery speed like?",
        {
          "name": "Value Provisions",
          "quality": "Low",
          "price": "Moderate",
          "location": "Georgia",
          "organic_certification": null,
          "delivery_speed": null,
          "sustainability": null,
          "variety": null,
          "reliability": null,
          "communication": null
        },
        "\"Value Provisions\" has a slow delivery speed."
      ],
      [
        "That works for me. Do they have organic certification?",
        {
          "name": "Value Provisions",
          "quality": "Low",
          "price": "Moderate",
          "location": "Georgia",
          "organic_certification": null,
          "delivery_speed": "Slow",
          "sustainability": null,
          "variety": null,
          "reliability": null,
          "communication": null
        },
        "No, \"Value Provisions\" does not have organic certification."
      ],
      [
        "Perfect! How about their sustainability practices?",
        {
          "name": "Value Provisions",
          "quality": "Low",
          "price": "Moderate",
          "location": "Georgia",
          "organic_certification": false,
          "delivery_speed": "Slow",
          "sustainability": null,
          "variety": null,
          "reliability": null,
          "communication": null
        },
        "They do not follow sustainable practices."
      ],
      [
        "Okay, that aligns with my needs. What about the variety of ingredients they offer?",
        {
          "name": "Value Provisions",
          "quality": "Low",
          "price": "Moderate",
          "location": "Georgia",
          "organic_certification": false,
          "delivery_speed": "Slow",
          "sustainability": "No",
          "variety": null,
          "reliability": null,
          "communication": null
        },
        "They offer a limited variety of ingredients."
      ]
    ],
    "preferences_code": "```python\npreferences = IngredientSupplierCriteria(\n    name='Value Provisions',\n    quality='Low',\n    price='Moderate',\n    location='Georgia',\n    organic_certification=False,\n    delivery_speed='Slow',\n    sustainability='No',\n    variety='Limited',\n    reliability='Low',\n    communication='Poor',\n)\n```",
    "red_herrings_code": "```python\n# Global variable representing a list of similar Ingredient Suppliers.\nsimilar_ingredient_suppliers = [\n    IngredientSupplier(\n        name='Budget Bites',\n        quality='Low',\n        price='Cheap',\n        location='Alabama',\n        organic_certification=False,\n        delivery_speed='Slow',\n        sustainability='No',\n        variety='Limited',\n        reliability='Low',\n        communication='Poor',\n    ),\n    IngredientSupplier(\n        name='Frugal Foods',\n        quality='Medium',\n        price='Cheap',\n        location='Alabama',\n        organic_certification=False,\n        delivery_speed='Standard',\n        sustainability='No',\n        variety='Limited',\n        reliability='Medium',\n        communication='Good',\n    ),\n    IngredientSupplier(\n        name='Value Provisions',\n        quality='Low',\n        price='Moderate',\n        location='Georgia',\n        organic_certification=False,\n        delivery_speed='Slow',\n        sustainability='No',\n        variety='Limited',\n        reliability='Low',\n        communication='Poor',\n    ),\n]\n```",
    "database_code": "```python\n# Global variable representing a list of example Ingredient Suppliers\ningredient_suppliers = [\n    IngredientSupplier(name=\"Fresh Farms\", quality=\"High\", price=\"Moderate\", location=\"California\",\n                       organic_certification=True, delivery_speed=\"Fast\", sustainability=\"Yes\",\n                       variety=\"Wide\", reliability=\"High\", communication=\"Excellent\"),\n    \n    IngredientSupplier(name=\"Budget Ingredients Co.\", quality=\"Medium\", price=\"Cheap\", location=\"Texas\",\n                       organic_certification=False, delivery_speed=\"Standard\", sustainability=\"No\",\n                       variety=\"Limited\", reliability=\"Medium\", communication=\"Good\"),\n    \n    IngredientSupplier(name=\"Gourmet Supplies\", quality=\"High\", price=\"Expensive\", location=\"New York\",\n                       organic_certification=True, delivery_speed=\"Fast\", sustainability=\"Yes\",\n                       variety=\"Wide\", reliability=\"High\", communication=\"Excellent\"),\n    \n    IngredientSupplier(name=\"Local Growers\", quality=\"Medium\", price=\"Moderate\", location=\"Florida\",\n                       organic_certification=True, delivery_speed=\"Standard\", sustainability=\"Yes\",\n                       variety=\"Limited\", reliability=\"Medium\", communication=\"Good\"),\n    \n    IngredientSupplier(name=\"Quick Deliveries\", quality=\"Low\", price=\"Cheap\", location=\"Nevada\",\n                       organic_certification=False, delivery_speed=\"Fast\", sustainability=\"No\",\n                       variety=\"Limited\", reliability=\"Low\", communication=\"Poor\"),\n    \n    IngredientSupplier(name=\"Eco-Friendly Ingredients\", quality=\"High\", price=\"Moderate\", location=\"Oregon\",\n                       organic_certification=True, delivery_speed=\"Standard\", sustainability=\"Yes\",\n                       variety=\"Wide\", reliability=\"High\", communication=\"Good\"),\n    \n    IngredientSupplier(name=\"Premium Produce\", quality=\"High\", price=\"Expensive\", location=\"Washington\",\n                       organic_certification=True, delivery_speed=\"Fast\", sustainability=\"Yes\",\n                       variety=\"Wide\", reliability=\"High\", communication=\"Excellent\"),\n    \n    IngredientSupplier(name=\"Value Foods\", quality=\"Medium\", price=\"Moderate\", location=\"Illinois\",\n                       organic_certification=False, delivery_speed=\"Standard\", sustainability=\"No\",\n                       variety=\"Limited\", reliability=\"Medium\", communication=\"Good\"),\n    \n    IngredientSupplier(name=\"Farm Fresh\", quality=\"High\", price=\"Moderate\", location=\"Michigan\",\n                       organic_certification=True, delivery_speed=\"Fast\", sustainability=\"Yes\",\n                       variety=\"Wide\", reliability=\"High\", communication=\"Excellent\"),\n    \n    IngredientSupplier(name=\"Cheap Eats\", quality=\"Low\", price=\"Cheap\", location=\"Alabama\",\n                       organic_certification=False, delivery_speed=\"Slow\", sustainability=\"No\",\n                       variety=\"Limited\", reliability=\"Low\", communication=\"Poor\")\n]\n```",
    "goal": {
      "name": null,
      "quality": "Low",
      "price": "Moderate",
      "location": "Georgia",
      "organic_certification": false,
      "delivery_speed": "Slow",
      "sustainability": "No",
      "variety": "Limited",
      "reliability": "Low",
      "communication": "Poor"
    },
    "database": [
      {
        "name": "Fresh Farms",
        "quality": "High",
        "price": "Moderate",
        "location": "California",
        "organic_certification": true,
        "delivery_speed": "Fast",
        "sustainability": "Yes",
        "variety": "Wide",
        "reliability": "High",
        "communication": "Excellent"
      },
      {
        "name": "Frugal Foods",
        "quality": "Medium",
        "price": "Cheap",
        "location": "Alabama",
        "organic_certification": false,
        "delivery_speed": "Standard",
        "sustainability": "No",
        "variety": "Limited",
        "reliability": "Medium",
        "communication": "Good"
      },
      {
        "name": "Gourmet Supplies",
        "quality": "High",
        "price": "Expensive",
        "location": "New York",
        "organic_certification": true,
        "delivery_speed": "Fast",
        "sustainability": "Yes",
        "variety": "Wide",
        "reliability": "High",
        "communication": "Excellent"
      },
      {
        "name": "Value Provisions",
        "quality": "Low",
        "price": "Moderate",
        "location": "Georgia",
        "organic_certification": false,
        "delivery_speed": "Slow",
        "sustainability": "No",
        "variety": "Limited",
        "reliability": "Low",
        "communication": "Poor"
      },
      {
        "name": "Cheap Eats",
        "quality": "Low",
        "price": "Cheap",
        "location": "Alabama",
        "organic_certification": false,
        "delivery_speed": "Slow",
        "sustainability": "No",
        "variety": "Limited",
        "reliability": "Low",
        "communication": "Poor"
      },
      {
        "name": "Budget Ingredients Co.",
        "quality": "Medium",
        "price": "Cheap",
        "location": "Texas",
        "organic_certification": false,
        "delivery_speed": "Standard",
        "sustainability": "No",
        "variety": "Limited",
        "reliability": "Medium",
        "communication": "Good"
      },
      {
        "name": "Budget Bites",
        "quality": "Low",
        "price": "Cheap",
        "location": "Alabama",
        "organic_certification": false,
        "delivery_speed": "Slow",
        "sustainability": "No",
        "variety": "Limited",
        "reliability": "Low",
        "communication": "Poor"
      },
      {
        "name": "Local Growers",
        "quality": "Medium",
        "price": "Moderate",
        "location": "Florida",
        "organic_certification": true,
        "delivery_speed": "Standard",
        "sustainability": "Yes",
        "variety": "Limited",
        "reliability": "Medium",
        "communication": "Good"
      },
      {
        "name": "Eco-Friendly Ingredients",
        "quality": "High",
        "price": "Moderate",
        "location": "Oregon",
        "organic_certification": true,
        "delivery_speed": "Standard",
        "sustainability": "Yes",
        "variety": "Wide",
        "reliability": "High",
        "communication": "Good"
      },
      {
        "name": "Quick Deliveries",
        "quality": "Low",
        "price": "Cheap",
        "location": "Nevada",
        "organic_certification": false,
        "delivery_speed": "Fast",
        "sustainability": "No",
        "variety": "Limited",
        "reliability": "Low",
        "communication": "Poor"
      },
      {
        "name": "Farm Fresh",
        "quality": "High",
        "price": "Moderate",
        "location": "Michigan",
        "organic_certification": true,
        "delivery_speed": "Fast",
        "sustainability": "Yes",
        "variety": "Wide",
        "reliability": "High",
        "communication": "Excellent"
      },
      {
        "name": "Value Foods",
        "quality": "Medium",
        "price": "Moderate",
        "location": "Illinois",
        "organic_certification": false,
        "delivery_speed": "Standard",
        "sustainability": "No",
        "variety": "Limited",
        "reliability": "Medium",
        "communication": "Good"
      },
      {
        "name": "Premium Produce",
        "quality": "High",
        "price": "Expensive",
        "location": "Washington",
        "organic_certification": true,
        "delivery_speed": "Fast",
        "sustainability": "Yes",
        "variety": "Wide",
        "reliability": "High",
        "communication": "Excellent"
      }
    ],
    "status": "complete"
  },
  {
    "domain": "Menu Innovation Tactics",
    "turns": [
      [
        "Got it. Now, do you have any ideas for plant-based vegan French dishes for winter?",
        {
          "name": null,
          "trend": "plant-based",
          "dietary_preference": "vegan",
          "cuisine_type": "French",
          "seasonality": "winter",
          "cost_efficiency": null,
          "customer_feedback": null
        },
        "Yes, how about \"Vegan Cr\u00e8me Br\u00fbl\u00e9e\" or \"Vegan Chocolate Mousse\"?"
      ],
      [
        "Both sound delicious! I think I'll go with \"Vegan Cr\u00e8me Br\u00fbl\u00e9e.\" Any feedback from customers on that dish?",
        {
          "name": "Vegan Cr\u00e8me Br\u00fbl\u00e9e",
          "trend": "plant-based",
          "dietary_preference": "vegan",
          "cuisine_type": "French",
          "seasonality": "winter",
          "cost_efficiency": null,
          "customer_feedback": null
        },
        "Yes, customer feedback on \"Vegan Cr\u00e8me Br\u00fbl\u00e9e\" has been positive!"
      ],
      [
        "Awesome! I\u2019m finalizing the \"Vegan Cr\u00e8me Br\u00fbl\u00e9e\" for our winter menu. Thanks for your help!",
        {
          "name": "Vegan Cr\u00e8me Br\u00fbl\u00e9e",
          "trend": "plant-based",
          "dietary_preference": "vegan",
          "cuisine_type": "French",
          "seasonality": "winter",
          "cost_efficiency": null,
          "customer_feedback": true
        },
        "You're welcome! Enjoy the winter menu!"
      ]
    ],
    "preferences_code": "```python\npreferences = MenuInnovationCriteria(\n    name='Vegan Cr\u00e8me Br\u00fbl\u00e9e',\n    trend='plant-based',\n    dietary_preference='vegan',\n    cuisine_type='French',\n    seasonality='winter',\n    cost_efficiency=True,\n    customer_feedback=True,\n)\n```",
    "red_herrings_code": "```python\n# Global variable representing a list of similar Menu Innovation Tactics examples\nsimilar_menu_innovation_tactics = [\n    MenuInnovationTactic(\n        name='Vegan Chocolate Mousse',\n        trend='plant-based',\n        dietary_preference='vegan',\n        cuisine_type='French',\n        seasonality='winter',\n        cost_efficiency=True,\n        customer_feedback=True,\n    ),\n    MenuInnovationTactic(\n        name='Vegan Fruit Tart',\n        trend='plant-based',\n        dietary_preference='vegan',\n        cuisine_type='French',\n        seasonality='spring',\n        cost_efficiency=False,\n        customer_feedback=False,\n    ),\n    MenuInnovationTactic(\n        name='Vegan Cr\u00e8me Br\u00fbl\u00e9e',\n        trend='plant-based',\n        dietary_preference='vegan',\n        cuisine_type='French',\n        seasonality='winter',\n        cost_efficiency=True,\n        customer_feedback=True,\n    )\n]\n```",
    "database_code": "```python\n# Global variable to store a list of Menu Innovation Tactics examples\nmenu_innovation_tactics = [\n    MenuInnovationTactic(\n        name=\"Seasonal Salad\",\n        trend='sustainability',\n        dietary_preference='vegan',\n        cuisine_type='Mediterranean',\n        seasonality='summer',\n        cost_efficiency=True,\n        customer_feedback=True\n    ),\n    MenuInnovationTactic(\n        name=\"Fusion Tacos\",\n        trend='fusion',\n        dietary_preference='gluten-free',\n        cuisine_type='Mexican',\n        seasonality='autumn',\n        cost_efficiency=False,\n        customer_feedback=True\n    ),\n    MenuInnovationTactic(\n        name=\"Plant-Based Pasta\",\n        trend='plant-based',\n        dietary_preference='vegan',\n        cuisine_type='Italian',\n        seasonality='winter',\n        cost_efficiency=True,\n        customer_feedback=False\n    ),\n    MenuInnovationTactic(\n        name=\"Comfort Food Bowl\",\n        trend='comfort food',\n        dietary_preference='keto',\n        cuisine_type='American',\n        seasonality='autumn',\n        cost_efficiency=True,\n        customer_feedback=True\n    ),\n    MenuInnovationTactic(\n        name=\"Local Sourced Veggie Platter\",\n        trend='local sourcing',\n        dietary_preference='vegetarian',\n        cuisine_type='Mediterranean',\n        seasonality='spring',\n        cost_efficiency=False,\n        customer_feedback=True\n    ),\n    MenuInnovationTactic(\n        name=\"Gluten-Free Pizza\",\n        trend='comfort food',\n        dietary_preference='gluten-free',\n        cuisine_type='Italian',\n        seasonality='winter',\n        cost_efficiency=True,\n        customer_feedback=True\n    ),\n    MenuInnovationTactic(\n        name=\"Asian Fusion Stir-Fry\",\n        trend='fusion',\n        dietary_preference='vegan',\n        cuisine_type='Asian',\n        seasonality='summer',\n        cost_efficiency=False,\n        customer_feedback=False\n    ),\n    MenuInnovationTactic(\n        name=\"Keto-Friendly Salad\",\n        trend='sustainability',\n        dietary_preference='keto',\n        cuisine_type='Mediterranean',\n        seasonality='spring',\n        cost_efficiency=True,\n        customer_feedback=True\n    ),\n    MenuInnovationTactic(\n        name=\"Paleo Meatballs\",\n        trend='local sourcing',\n        dietary_preference='paleo',\n        cuisine_type='Italian',\n        seasonality='autumn',\n        cost_efficiency=False,\n        customer_feedback=True\n    ),\n    MenuInnovationTactic(\n        name=\"Vegan Dessert\",\n        trend='plant-based',\n        dietary_preference='vegan',\n        cuisine_type='French',\n        seasonality='winter',\n        cost_efficiency=True,\n        customer_feedback=False\n    )\n]\n```",
    "goal": {
      "name": null,
      "trend": "plant-based",
      "dietary_preference": "vegan",
      "cuisine_type": "French",
      "seasonality": "winter",
      "cost_efficiency": true,
      "customer_feedback": true
    },
    "database": [
      {
        "name": "Vegan Cr\u00e8me Br\u00fbl\u00e9e",
        "trend": "plant-based",
        "dietary_preference": "vegan",
        "cuisine_type": "French",
        "seasonality": "winter",
        "cost_efficiency": true,
        "customer_feedback": true
      },
      {
        "name": "Vegan Fruit Tart",
        "trend": "plant-based",
        "dietary_preference": "vegan",
        "cuisine_type": "French",
        "seasonality": "spring",
        "cost_efficiency": false,
        "customer_feedback": false
      },
      {
        "name": "Vegan Chocolate Mousse",
        "trend": "plant-based",
        "dietary_preference": "vegan",
        "cuisine_type": "French",
        "seasonality": "winter",
        "cost_efficiency": true,
        "customer_feedback": true
      },
      {
        "name": "Plant-Based Pasta",
        "trend": "plant-based",
        "dietary_preference": "vegan",
        "cuisine_type": "Italian",
        "seasonality": "winter",
        "cost_efficiency": true,
        "customer_feedback": false
      },
      {
        "name": "Vegan Dessert",
        "trend": "plant-based",
        "dietary_preference": "vegan",
        "cuisine_type": "French",
        "seasonality": "winter",
        "cost_efficiency": true,
        "customer_feedback": false
      },
      {
        "name": "Fusion Tacos",
        "trend": "fusion",
        "dietary_preference": "gluten-free",
        "cuisine_type": "Mexican",
        "seasonality": "autumn",
        "cost_efficiency": false,
        "customer_feedback": true
      },
      {
        "name": "Asian Fusion Stir-Fry",
        "trend": "fusion",
        "dietary_preference": "vegan",
        "cuisine_type": "Asian",
        "seasonality": "summer",
        "cost_efficiency": false,
        "customer_feedback": false
      },
      {
        "name": "Seasonal Salad",
        "trend": "sustainability",
        "dietary_preference": "vegan",
        "cuisine_type": "Mediterranean",
        "seasonality": "summer",
        "cost_efficiency": true,
        "customer_feedback": true
      },
      {
        "name": "Paleo Meatballs",
        "trend": "local sourcing",
        "dietary_preference": "paleo",
        "cuisine_type": "Italian",
        "seasonality": "autumn",
        "cost_efficiency": false,
        "customer_feedback": true
      },
      {
        "name": "Gluten-Free Pizza",
        "trend": "comfort food",
        "dietary_preference": "gluten-free",
        "cuisine_type": "Italian",
        "seasonality": "winter",
        "cost_efficiency": true,
        "customer_feedback": true
      },
      {
        "name": "Comfort Food Bowl",
        "trend": "comfort food",
        "dietary_preference": "keto",
        "cuisine_type": "American",
        "seasonality": "autumn",
        "cost_efficiency": true,
        "customer_feedback": true
      },
      {
        "name": "Local Sourced Veggie Platter",
        "trend": "local sourcing",
        "dietary_preference": "vegetarian",
        "cuisine_type": "Mediterranean",
        "seasonality": "spring",
        "cost_efficiency": false,
        "customer_feedback": true
      },
      {
        "name": "Keto-Friendly Salad",
        "trend": "sustainability",
        "dietary_preference": "keto",
        "cuisine_type": "Mediterranean",
        "seasonality": "spring",
        "cost_efficiency": true,
        "customer_feedback": true
      }
    ],
    "status": "complete"
  },
  {
    "domain": "Quality Control Procedures",
    "turns": [
      [
        "Thanks! Now, can we discuss Quality Control Procedures? I need something physical and daily. Any suggestions?",
        {
          "name": null,
          "method": "physical",
          "frequency": "daily",
          "focus": null,
          "documentation_required": null,
          "responsible_party": null,
          "threshold": null,
          "tools_needed": null
        },
        "Sure! How about the \"Cooking Temperature Check\"?"
      ],
      [
        "That sounds good! Does it focus on the process?",
        {
          "name": "Cooking Temperature Check",
          "method": "physical",
          "frequency": "daily",
          "focus": "process",
          "documentation_required": null,
          "responsible_party": null,
          "threshold": null,
          "tools_needed": null
        },
        "Yes, it focuses on the process."
      ]
    ],
    "preferences_code": "```python\npreferences = QualityControlCriteria(\n    name='Cooling Temperature Check',\n    method='physical',\n    frequency='daily',\n    focus='process',\n    documentation_required=False,\n    responsible_party='Line Cook',\n    threshold='40\u00b0F maximum',\n    tools_needed='Thermometer',\n)\n```",
    "red_herrings_code": "```python\n# Global variable representing a list of similar Quality Control Procedures\nsimilar_quality_control_procedures = [\n    QualityControlProcedure(\n        name='Cooking Time Check',\n        method='physical',\n        frequency='daily',\n        focus='process',\n        documentation_required=True,\n        responsible_party='Line Cook',\n        threshold='15 minutes maximum',\n        tools_needed='Timer'\n    ),\n    QualityControlProcedure(\n        name='Ingredient Quality Inspection',\n        method='sensory',\n        frequency='weekly',\n        focus='ingredients',\n        documentation_required=True,\n        responsible_party='Quality Assurance',\n        threshold='Freshness criteria',\n        tools_needed='Visual inspection checklist'\n    ),\n    QualityControlProcedure(\n        name='Cooling Temperature Check',\n        method='physical',\n        frequency='daily',\n        focus='process',\n        documentation_required=False,\n        responsible_party='Line Cook',\n        threshold='40\u00b0F maximum',\n        tools_needed='Thermometer'\n    )\n]\n```",
    "database_code": "```python\n# Global variable representing a list of Quality Control Procedures examples\nquality_control_procedures = [\n    QualityControlProcedure(\n        name=\"Ingredient Inspection\",\n        method='physical',\n        frequency='daily',\n        focus='ingredients',\n        documentation_required=True,\n        responsible_party=\"Quality Assurance Team\",\n        threshold=\"Freshness standards\",\n        tools_needed=\"Visual inspection checklist\"\n    ),\n    QualityControlProcedure(\n        name=\"Cooking Temperature Check\",\n        method='physical',\n        frequency='daily',\n        focus='process',\n        documentation_required=True,\n        responsible_party=\"Line Cook\",\n        threshold=\"165\u00b0F minimum\",\n        tools_needed=\"Thermometer\"\n    ),\n    QualityControlProcedure(\n        name=\"Taste Testing\",\n        method='sensory',\n        frequency='weekly',\n        focus='product',\n        documentation_required=False,\n        responsible_party=\"Head Chef\",\n        threshold=\"Acceptable flavor profile\",\n        tools_needed=\"Tasting spoons\"\n    ),\n    QualityControlProcedure(\n        name=\"Ingredient Quality Assessment\",\n        method='chemical',\n        frequency='monthly',\n        focus='ingredients',\n        documentation_required=True,\n        responsible_party=\"Food Scientist\",\n        threshold=\"Nutritional content analysis\",\n        tools_needed=\"Lab equipment\"\n    ),\n    QualityControlProcedure(\n        name=\"Sanitation Audit\",\n        method='physical',\n        frequency='weekly',\n        focus='process',\n        documentation_required=True,\n        responsible_party=\"Sanitation Supervisor\",\n        threshold=\"Cleanliness standards\",\n        tools_needed=\"Sanitation checklist\"\n    ),\n    QualityControlProcedure(\n        name=\"Final Product Review\",\n        method='sensory',\n        frequency='daily',\n        focus='product',\n        documentation_required=True,\n        responsible_party=\"Quality Control Manager\",\n        threshold=\"Visual and taste standards\",\n        tools_needed=\"Review forms\"\n    ),\n    QualityControlProcedure(\n        name=\"Supplier Quality Verification\",\n        method='chemical',\n        frequency='monthly',\n        focus='ingredients',\n        documentation_required=True,\n        responsible_party=\"Purchasing Manager\",\n        threshold=\"Supplier certification standards\",\n        tools_needed=\"Certification documents\"\n    ),\n    QualityControlProcedure(\n        name=\"Allergen Testing\",\n        method='chemical',\n        frequency='weekly',\n        focus='ingredients',\n        documentation_required=True,\n        responsible_party=\"Food Safety Officer\",\n        threshold=\"Allergen presence limits\",\n        tools_needed=\"Testing kits\"\n    ),\n    QualityControlProcedure(\n        name=\"Process Efficiency Review\",\n        method='sensory',\n        frequency='monthly',\n        focus='process',\n        documentation_required=False,\n        responsible_party=\"Operations Manager\",\n        threshold=\"Efficiency metrics\",\n        tools_needed=\"Efficiency reports\"\n    ),\n    QualityControlProcedure(\n        name=\"Packaging Inspection\",\n        method='physical',\n        frequency='weekly',\n        focus='product',\n        documentation_required=True,\n        responsible_party=\"Packaging Supervisor\",\n        threshold=\"Packaging integrity standards\",\n        tools_needed=\"Inspection tools\"\n    )\n]\n```",
    "goal": {
      "name": null,
      "method": "physical",
      "frequency": "daily",
      "focus": "process",
      "documentation_required": false,
      "responsible_party": "Line Cook",
      "threshold": "40\u00b0F maximum",
      "tools_needed": "Thermometer"
    },
    "database": [
      {
        "name": "Taste Testing",
        "method": "sensory",
        "frequency": "weekly",
        "focus": "product",
        "documentation_required": false,
        "responsible_party": "Head Chef",
        "threshold": "Acceptable flavor profile",
        "tools_needed": "Tasting spoons"
      },
      {
        "name": "Process Efficiency Review",
        "method": "sensory",
        "frequency": "monthly",
        "focus": "process",
        "documentation_required": false,
        "responsible_party": "Operations Manager",
        "threshold": "Efficiency metrics",
        "tools_needed": "Efficiency reports"
      },
      {
        "name": "Ingredient Quality Inspection",
        "method": "sensory",
        "frequency": "weekly",
        "focus": "ingredients",
        "documentation_required": true,
        "responsible_party": "Quality Assurance",
        "threshold": "Freshness criteria",
        "tools_needed": "Visual inspection checklist"
      },
      {
        "name": "Allergen Testing",
        "method": "chemical",
        "frequency": "weekly",
        "focus": "ingredients",
        "documentation_required": true,
        "responsible_party": "Food Safety Officer",
        "threshold": "Allergen presence limits",
        "tools_needed": "Testing kits"
      },
      {
        "name": "Supplier Quality Verification",
        "method": "chemical",
        "frequency": "monthly",
        "focus": "ingredients",
        "documentation_required": true,
        "responsible_party": "Purchasing Manager",
        "threshold": "Supplier certification standards",
        "tools_needed": "Certification documents"
      },
      {
        "name": "Cooking Temperature Check",
        "method": "physical",
        "frequency": "daily",
        "focus": "process",
        "documentation_required": true,
        "responsible_party": "Line Cook",
        "threshold": "165\u00b0F minimum",
        "tools_needed": "Thermometer"
      },
      {
        "name": "Sanitation Audit",
        "method": "physical",
        "frequency": "weekly",
        "focus": "process",
        "documentation_required": true,
        "responsible_party": "Sanitation Supervisor",
        "threshold": "Cleanliness standards",
        "tools_needed": "Sanitation checklist"
      },
      {
        "name": "Ingredient Quality Assessment",
        "method": "chemical",
        "frequency": "monthly",
        "focus": "ingredients",
        "documentation_required": true,
        "responsible_party": "Food Scientist",
        "threshold": "Nutritional content analysis",
        "tools_needed": "Lab equipment"
      },
      {
        "name": "Ingredient Inspection",
        "method": "physical",
        "frequency": "daily",
        "focus": "ingredients",
        "documentation_required": true,
        "responsible_party": "Quality Assurance Team",
        "threshold": "Freshness standards",
        "tools_needed": "Visual inspection checklist"
      },
      {
        "name": "Final Product Review",
        "method": "sensory",
        "frequency": "daily",
        "focus": "product",
        "documentation_required": true,
        "responsible_party": "Quality Control Manager",
        "threshold": "Visual and taste standards",
        "tools_needed": "Review forms"
      },
      {
        "name": "Packaging Inspection",
        "method": "physical",
        "frequency": "weekly",
        "focus": "product",
        "documentation_required": true,
        "responsible_party": "Packaging Supervisor",
        "threshold": "Packaging integrity standards",
        "tools_needed": "Inspection tools"
      },
      {
        "name": "Cooking Time Check",
        "method": "physical",
        "frequency": "daily",
        "focus": "process",
        "documentation_required": true,
        "responsible_party": "Line Cook",
        "threshold": "15 minutes maximum",
        "tools_needed": "Timer"
      },
      {
        "name": "Cooling Temperature Check",
        "method": "physical",
        "frequency": "daily",
        "focus": "process",
        "documentation_required": false,
        "responsible_party": "Line Cook",
        "threshold": "40\u00b0F maximum",
        "tools_needed": "Thermometer"
      }
    ],
    "status": "complete"
  }
]