[
  {
    "domain": "Ingredient Suppliers",
    "turns": [
      [
        "Hey, I'm looking for ingredient suppliers in Alabama; any suggestions?",
        {
          "name": null,
          "quality": null,
          "price": null,
          "location": "Alabama",
          "organic_certification": null,
          "delivery_speed": null,
          "sustainability": null,
          "variety": null,
          "reliability": null,
          "communication": null
        },
        "Sure! In Alabama, we have Budget Bites and Frugal Foods. What quality are you looking for?"
      ],
      [
        "I'm aiming for medium quality. How do those suppliers rank on that?",
        {
          "name": null,
          "quality": "Medium",
          "price": null,
          "location": "Alabama",
          "organic_certification": null,
          "delivery_speed": null,
          "sustainability": null,
          "variety": null,
          "reliability": null,
          "communication": null
        },
        "Frugal Foods offers medium quality, while Budget Bites is low quality. Would you like more details on Frugal Foods?"
      ],
      [
        "Yes, please share more details about Frugal Foods.",
        {
          "name": "Frugal Foods",
          "quality": "Medium",
          "price": null,
          "location": "Alabama",
          "organic_certification": null,
          "delivery_speed": null,
          "sustainability": null,
          "variety": null,
          "reliability": null,
          "communication": null
        },
        "Frugal Foods has cheap prices, standard delivery speed, limited variety, medium reliability, and good communication. Does that work for you?"
      ],
      [
        "That sounds promising! Are they organic certified?",
        {
          "name": "Frugal Foods",
          "quality": "Medium",
          "price": "Cheap",
          "location": "Alabama",
          "organic_certification": null,
          "delivery_speed": "Standard",
          "sustainability": null,
          "variety": "Limited",
          "reliability": "Medium",
          "communication": "Good"
        },
        "No, Frugal Foods is not organic certified. Would you like to consider any other options?"
      ],
      [
        "I'm okay with non-organic. Can you confirm their sustainability practices?",
        {
          "name": "Frugal Foods",
          "quality": "Medium",
          "price": "Cheap",
          "location": "Alabama",
          "organic_certification": false,
          "delivery_speed": "Standard",
          "sustainability": null,
          "variety": "Limited",
          "reliability": "Medium",
          "communication": "Good"
        },
        "Frugal Foods does not follow sustainable practices. Are you still interested in going with them?"
      ],
      [
        "Yes, I think I\u2019ll go with Frugal Foods.",
        {
          "name": "Frugal Foods",
          "quality": "Medium",
          "price": "Cheap",
          "location": "Alabama",
          "organic_certification": false,
          "delivery_speed": "Standard",
          "sustainability": "No",
          "variety": "Limited",
          "reliability": "Medium",
          "communication": "Good"
        },
        "Great choice! I'll note that you're going with Frugal Foods."
      ]
    ],
    "preferences_code": "```python\npreferences = IngredientSupplierCriteria(\n    name='Frugal Foods',\n    quality='Medium',\n    price='Cheap',\n    location='Alabama',\n    organic_certification=False,\n    delivery_speed='Standard',\n    sustainability='No',\n    variety='Limited',\n    reliability='Medium',\n    communication='Good',\n)\n```",
    "red_herrings_code": "```python\n# Global variable representing a list of similar Ingredient Suppliers.\nsimilar_ingredient_suppliers = [\n    IngredientSupplier(\n        name='Budget Bites',\n        quality='Low',\n        price='Cheap',\n        location='Alabama',\n        organic_certification=False,\n        delivery_speed='Slow',\n        sustainability='No',\n        variety='Limited',\n        reliability='Low',\n        communication='Poor',\n    ),\n    IngredientSupplier(\n        name='Frugal Foods',\n        quality='Medium',\n        price='Cheap',\n        location='Alabama',\n        organic_certification=False,\n        delivery_speed='Standard',\n        sustainability='No',\n        variety='Limited',\n        reliability='Medium',\n        communication='Good',\n    ),\n    IngredientSupplier(\n        name='Value Provisions',\n        quality='Low',\n        price='Moderate',\n        location='Georgia',\n        organic_certification=False,\n        delivery_speed='Slow',\n        sustainability='No',\n        variety='Limited',\n        reliability='Low',\n        communication='Poor',\n    ),\n]\n```",
    "database_code": "```python\n# Global variable representing a list of example Ingredient Suppliers\ningredient_suppliers = [\n    IngredientSupplier(name=\"Fresh Farms\", quality=\"High\", price=\"Moderate\", location=\"California\",\n                       organic_certification=True, delivery_speed=\"Fast\", sustainability=\"Yes\",\n                       variety=\"Wide\", reliability=\"High\", communication=\"Excellent\"),\n    \n    IngredientSupplier(name=\"Budget Ingredients Co.\", quality=\"Medium\", price=\"Cheap\", location=\"Texas\",\n                       organic_certification=False, delivery_speed=\"Standard\", sustainability=\"No\",\n                       variety=\"Limited\", reliability=\"Medium\", communication=\"Good\"),\n    \n    IngredientSupplier(name=\"Gourmet Supplies\", quality=\"High\", price=\"Expensive\", location=\"New York\",\n                       organic_certification=True, delivery_speed=\"Fast\", sustainability=\"Yes\",\n                       variety=\"Wide\", reliability=\"High\", communication=\"Excellent\"),\n    \n    IngredientSupplier(name=\"Local Growers\", quality=\"Medium\", price=\"Moderate\", location=\"Florida\",\n                       organic_certification=True, delivery_speed=\"Standard\", sustainability=\"Yes\",\n                       variety=\"Limited\", reliability=\"Medium\", communication=\"Good\"),\n    \n    IngredientSupplier(name=\"Quick Deliveries\", quality=\"Low\", price=\"Cheap\", location=\"Nevada\",\n                       organic_certification=False, delivery_speed=\"Fast\", sustainability=\"No\",\n                       variety=\"Limited\", reliability=\"Low\", communication=\"Poor\"),\n    \n    IngredientSupplier(name=\"Eco-Friendly Ingredients\", quality=\"High\", price=\"Moderate\", location=\"Oregon\",\n                       organic_certification=True, delivery_speed=\"Standard\", sustainability=\"Yes\",\n                       variety=\"Wide\", reliability=\"High\", communication=\"Good\"),\n    \n    IngredientSupplier(name=\"Premium Produce\", quality=\"High\", price=\"Expensive\", location=\"Washington\",\n                       organic_certification=True, delivery_speed=\"Fast\", sustainability=\"Yes\",\n                       variety=\"Wide\", reliability=\"High\", communication=\"Excellent\"),\n    \n    IngredientSupplier(name=\"Value Foods\", quality=\"Medium\", price=\"Moderate\", location=\"Illinois\",\n                       organic_certification=False, delivery_speed=\"Standard\", sustainability=\"No\",\n                       variety=\"Limited\", reliability=\"Medium\", communication=\"Good\"),\n    \n    IngredientSupplier(name=\"Farm Fresh\", quality=\"High\", price=\"Moderate\", location=\"Michigan\",\n                       organic_certification=True, delivery_speed=\"Fast\", sustainability=\"Yes\",\n                       variety=\"Wide\", reliability=\"High\", communication=\"Excellent\"),\n    \n    IngredientSupplier(name=\"Cheap Eats\", quality=\"Low\", price=\"Cheap\", location=\"Alabama\",\n                       organic_certification=False, delivery_speed=\"Slow\", sustainability=\"No\",\n                       variety=\"Limited\", reliability=\"Low\", communication=\"Poor\")\n]\n```",
    "goal": {
      "name": null,
      "quality": "Medium",
      "price": "Cheap",
      "location": "Alabama",
      "organic_certification": false,
      "delivery_speed": "Standard",
      "sustainability": "No",
      "variety": "Limited",
      "reliability": "Medium",
      "communication": "Good"
    },
    "database": [
      {
        "name": "Value Provisions",
        "quality": "Low",
        "price": "Moderate",
        "location": "Georgia",
        "organic_certification": false,
        "delivery_speed": "Slow",
        "sustainability": "No",
        "variety": "Limited",
        "reliability": "Low",
        "communication": "Poor"
      },
      {
        "name": "Quick Deliveries",
        "quality": "Low",
        "price": "Cheap",
        "location": "Nevada",
        "organic_certification": false,
        "delivery_speed": "Fast",
        "sustainability": "No",
        "variety": "Limited",
        "reliability": "Low",
        "communication": "Poor"
      },
      {
        "name": "Budget Bites",
        "quality": "Low",
        "price": "Cheap",
        "location": "Alabama",
        "organic_certification": false,
        "delivery_speed": "Slow",
        "sustainability": "No",
        "variety": "Limited",
        "reliability": "Low",
        "communication": "Poor"
      },
      {
        "name": "Frugal Foods",
        "quality": "Medium",
        "price": "Cheap",
        "location": "Alabama",
        "organic_certification": false,
        "delivery_speed": "Standard",
        "sustainability": "No",
        "variety": "Limited",
        "reliability": "Medium",
        "communication": "Good"
      },
      {
        "name": "Budget Ingredients Co.",
        "quality": "Medium",
        "price": "Cheap",
        "location": "Texas",
        "organic_certification": false,
        "delivery_speed": "Standard",
        "sustainability": "No",
        "variety": "Limited",
        "reliability": "Medium",
        "communication": "Good"
      },
      {
        "name": "Farm Fresh",
        "quality": "High",
        "price": "Moderate",
        "location": "Michigan",
        "organic_certification": true,
        "delivery_speed": "Fast",
        "sustainability": "Yes",
        "variety": "Wide",
        "reliability": "High",
        "communication": "Excellent"
      },
      {
        "name": "Value Foods",
        "quality": "Medium",
        "price": "Moderate",
        "location": "Illinois",
        "organic_certification": false,
        "delivery_speed": "Standard",
        "sustainability": "No",
        "variety": "Limited",
        "reliability": "Medium",
        "communication": "Good"
      },
      {
        "name": "Fresh Farms",
        "quality": "High",
        "price": "Moderate",
        "location": "California",
        "organic_certification": true,
        "delivery_speed": "Fast",
        "sustainability": "Yes",
        "variety": "Wide",
        "reliability": "High",
        "communication": "Excellent"
      },
      {
        "name": "Cheap Eats",
        "quality": "Low",
        "price": "Cheap",
        "location": "Alabama",
        "organic_certification": false,
        "delivery_speed": "Slow",
        "sustainability": "No",
        "variety": "Limited",
        "reliability": "Low",
        "communication": "Poor"
      },
      {
        "name": "Local Growers",
        "quality": "Medium",
        "price": "Moderate",
        "location": "Florida",
        "organic_certification": true,
        "delivery_speed": "Standard",
        "sustainability": "Yes",
        "variety": "Limited",
        "reliability": "Medium",
        "communication": "Good"
      },
      {
        "name": "Gourmet Supplies",
        "quality": "High",
        "price": "Expensive",
        "location": "New York",
        "organic_certification": true,
        "delivery_speed": "Fast",
        "sustainability": "Yes",
        "variety": "Wide",
        "reliability": "High",
        "communication": "Excellent"
      },
      {
        "name": "Premium Produce",
        "quality": "High",
        "price": "Expensive",
        "location": "Washington",
        "organic_certification": true,
        "delivery_speed": "Fast",
        "sustainability": "Yes",
        "variety": "Wide",
        "reliability": "High",
        "communication": "Excellent"
      },
      {
        "name": "Eco-Friendly Ingredients",
        "quality": "High",
        "price": "Moderate",
        "location": "Oregon",
        "organic_certification": true,
        "delivery_speed": "Standard",
        "sustainability": "Yes",
        "variety": "Wide",
        "reliability": "High",
        "communication": "Good"
      }
    ],
    "status": "complete"
  },
  {
    "domain": "Menu Innovation Tactics",
    "turns": [
      [
        "Thanks! Now, can we brainstorm some Menu Innovation Tactics?",
        {
          "name": null,
          "trend": null,
          "dietary_preference": null,
          "cuisine_type": null,
          "seasonality": null,
          "cost_efficiency": null,
          "customer_feedback": null
        },
        "Absolutely! What specific trends or dietary preferences are you interested in for the menu?"
      ],
      [
        "I'm focusing on local sourcing and paleo diet options. Any ideas?",
        {
          "name": null,
          "trend": "local sourcing",
          "dietary_preference": "paleo",
          "cuisine_type": null,
          "seasonality": null,
          "cost_efficiency": null,
          "customer_feedback": null
        },
        "I have two options: Paleo Chicken Salad and Paleo Chicken Stir-Fry. Would you like to know more about one of them?"
      ],
      [
        "Yes, tell me more about the Paleo Chicken Stir-Fry.",
        {
          "name": "Paleo Chicken Stir-Fry",
          "trend": "local sourcing",
          "dietary_preference": "paleo",
          "cuisine_type": null,
          "seasonality": null,
          "cost_efficiency": null,
          "customer_feedback": null
        },
        "The Paleo Chicken Stir-Fry is sustainability-focused, Asian cuisine, available in winter, and it's cost-efficient with great customer feedback. Does that sound good?"
      ],
      [
        "It sounds great, but I'm specifically looking for Mediterranean options. Any alternatives?",
        {
          "name": null,
          "trend": "local sourcing",
          "dietary_preference": "paleo",
          "cuisine_type": "Mediterranean",
          "seasonality": null,
          "cost_efficiency": null,
          "customer_feedback": null
        },
        "For Mediterranean, you might like the Paleo Chicken Salad, which also focuses on local sourcing. Interested in that one?"
      ],
      [
        "Yes, I\u2019m interested in the Paleo Chicken Salad!",
        {
          "name": "Paleo Chicken Salad",
          "trend": "local sourcing",
          "dietary_preference": "paleo",
          "cuisine_type": "Mediterranean",
          "seasonality": null,
          "cost_efficiency": null,
          "customer_feedback": null
        },
        "Awesome choice! The Paleo Chicken Salad it is!"
      ]
    ],
    "preferences_code": "```python\npreferences = MenuInnovationCriteria(\n    name='Paleo Chicken Salad',\n    trend='local sourcing',\n    dietary_preference='paleo',\n    cuisine_type='Mediterranean',\n    seasonality='winter',\n    cost_efficiency=True,\n    customer_feedback=False,\n)\n```",
    "red_herrings_code": "```python\n# Global variable to hold a list of similar Menu Innovation Tactics\nsimilar_menu_innovation_tactics = [\n    MenuInnovationTactic(\n        name='Paleo Beef Stir-Fry',\n        trend='sustainability',\n        dietary_preference='paleo',\n        cuisine_type='Asian',\n        seasonality='winter',\n        cost_efficiency=True,\n        customer_feedback=True,\n    ),\n    MenuInnovationTactic(\n        name='Paleo Chicken Salad',\n        trend='local sourcing',\n        dietary_preference='paleo',\n        cuisine_type='Mediterranean',\n        seasonality='winter',\n        cost_efficiency=True,\n        customer_feedback=False,\n    ),\n    MenuInnovationTactic(\n        name='Vegetarian Chicken Stir-Fry',\n        trend='sustainability',\n        dietary_preference='vegetarian',\n        cuisine_type='Asian',\n        seasonality='spring',\n        cost_efficiency=False,\n        customer_feedback=True,\n    ),\n]\n```",
    "database_code": "```python\n# Global variable to hold a list of Menu Innovation Tactics examples\nmenu_innovation_tactics = [\n    MenuInnovationTactic(name=\"Seasonal Veggie Bowl\", trend='sustainability', dietary_preference='vegan', \n                         cuisine_type='Mediterranean', seasonality='spring', cost_efficiency=True, customer_feedback=True),\n    MenuInnovationTactic(name=\"Fusion Tacos\", trend='fusion', dietary_preference=None, \n                         cuisine_type='Mexican', seasonality='summer', cost_efficiency=False, customer_feedback=True),\n    MenuInnovationTactic(name=\"Gluten-Free Pasta\", trend='local sourcing', dietary_preference='gluten-free', \n                         cuisine_type='Italian', seasonality='autumn', cost_efficiency=True, customer_feedback=False),\n    MenuInnovationTactic(name=\"Plant-Based Burger\", trend='plant-based', dietary_preference='vegan', \n                         cuisine_type='American', seasonality='summer', cost_efficiency=True, customer_feedback=True),\n    MenuInnovationTactic(name=\"Comfort Food Casserole\", trend='comfort food', dietary_preference=None, \n                         cuisine_type='American', seasonality='winter', cost_efficiency=True, customer_feedback=True),\n    MenuInnovationTactic(name=\"Mediterranean Grain Salad\", trend='sustainability', dietary_preference='vegetarian', \n                         cuisine_type='Mediterranean', seasonality='spring', cost_efficiency=False, customer_feedback=True),\n    MenuInnovationTactic(name=\"Keto-Friendly Pizza\", trend='local sourcing', dietary_preference='keto', \n                         cuisine_type='Italian', seasonality='summer', cost_efficiency=True, customer_feedback=False),\n    MenuInnovationTactic(name=\"Vegan Sushi Rolls\", trend='plant-based', dietary_preference='vegan', \n                         cuisine_type='Asian', seasonality='autumn', cost_efficiency=False, customer_feedback=True),\n    MenuInnovationTactic(name=\"Paleo Chicken Stir-Fry\", trend='sustainability', dietary_preference='paleo', \n                         cuisine_type='Asian', seasonality='winter', cost_efficiency=True, customer_feedback=True),\n    MenuInnovationTactic(name=\"Local Harvest Soup\", trend='local sourcing', dietary_preference='vegetarian', \n                         cuisine_type='French', seasonality='autumn', cost_efficiency=False, customer_feedback=False),\n]\n```",
    "goal": {
      "name": null,
      "trend": "local sourcing",
      "dietary_preference": "paleo",
      "cuisine_type": "Mediterranean",
      "seasonality": "winter",
      "cost_efficiency": true,
      "customer_feedback": false
    },
    "database": [
      {
        "name": "Seasonal Veggie Bowl",
        "trend": "sustainability",
        "dietary_preference": "vegan",
        "cuisine_type": "Mediterranean",
        "seasonality": "spring",
        "cost_efficiency": true,
        "customer_feedback": true
      },
      {
        "name": "Keto-Friendly Pizza",
        "trend": "local sourcing",
        "dietary_preference": "keto",
        "cuisine_type": "Italian",
        "seasonality": "summer",
        "cost_efficiency": true,
        "customer_feedback": false
      },
      {
        "name": "Vegan Sushi Rolls",
        "trend": "plant-based",
        "dietary_preference": "vegan",
        "cuisine_type": "Asian",
        "seasonality": "autumn",
        "cost_efficiency": false,
        "customer_feedback": true
      },
      {
        "name": "Paleo Chicken Stir-Fry",
        "trend": "sustainability",
        "dietary_preference": "paleo",
        "cuisine_type": "Asian",
        "seasonality": "winter",
        "cost_efficiency": true,
        "customer_feedback": true
      },
      {
        "name": "Vegetarian Chicken Stir-Fry",
        "trend": "sustainability",
        "dietary_preference": "vegetarian",
        "cuisine_type": "Asian",
        "seasonality": "spring",
        "cost_efficiency": false,
        "customer_feedback": true
      },
      {
        "name": "Comfort Food Casserole",
        "trend": "comfort food",
        "dietary_preference": null,
        "cuisine_type": "American",
        "seasonality": "winter",
        "cost_efficiency": true,
        "customer_feedback": true
      },
      {
        "name": "Fusion Tacos",
        "trend": "fusion",
        "dietary_preference": null,
        "cuisine_type": "Mexican",
        "seasonality": "summer",
        "cost_efficiency": false,
        "customer_feedback": true
      },
      {
        "name": "Gluten-Free Pasta",
        "trend": "local sourcing",
        "dietary_preference": "gluten-free",
        "cuisine_type": "Italian",
        "seasonality": "autumn",
        "cost_efficiency": true,
        "customer_feedback": false
      },
      {
        "name": "Paleo Chicken Salad",
        "trend": "local sourcing",
        "dietary_preference": "paleo",
        "cuisine_type": "Mediterranean",
        "seasonality": "winter",
        "cost_efficiency": true,
        "customer_feedback": false
      },
      {
        "name": "Plant-Based Burger",
        "trend": "plant-based",
        "dietary_preference": "vegan",
        "cuisine_type": "American",
        "seasonality": "summer",
        "cost_efficiency": true,
        "customer_feedback": true
      },
      {
        "name": "Paleo Beef Stir-Fry",
        "trend": "sustainability",
        "dietary_preference": "paleo",
        "cuisine_type": "Asian",
        "seasonality": "winter",
        "cost_efficiency": true,
        "customer_feedback": true
      },
      {
        "name": "Local Harvest Soup",
        "trend": "local sourcing",
        "dietary_preference": "vegetarian",
        "cuisine_type": "French",
        "seasonality": "autumn",
        "cost_efficiency": false,
        "customer_feedback": false
      },
      {
        "name": "Mediterranean Grain Salad",
        "trend": "sustainability",
        "dietary_preference": "vegetarian",
        "cuisine_type": "Mediterranean",
        "seasonality": "spring",
        "cost_efficiency": false,
        "customer_feedback": true
      }
    ],
    "status": "complete"
  },
  {
    "domain": "Quality Control Procedures",
    "turns": [
      [
        "Perfect! Now, can we discuss quality control procedures for the salad?",
        {
          "name": null,
          "method": null,
          "frequency": null,
          "focus": "ingredients",
          "documentation_required": null,
          "responsible_party": null,
          "threshold": null,
          "tools_needed": null
        },
        "Of course! What specific qualities or criteria are you looking for in the quality control procedures?"
      ],
      [
        "I need sensory methods, weekly frequency, and product focus.",
        {
          "name": null,
          "method": "sensory",
          "frequency": "weekly",
          "focus": "product",
          "documentation_required": null,
          "responsible_party": null,
          "threshold": null,
          "tools_needed": null
        },
        "Based on that, the Flavor Evaluation and Taste Testing procedures fit your criteria. Would you like details on one of them?"
      ],
      [
        "Yes, please share details on the Flavor Evaluation procedure.",
        {
          "name": "Flavor Evaluation",
          "method": "sensory",
          "frequency": "weekly",
          "focus": "product",
          "documentation_required": null,
          "responsible_party": null,
          "threshold": null,
          "tools_needed": null
        },
        "The Flavor Evaluation is sensory, done weekly, focuses on the product, requires no documentation, and is led by the Sous Chef. Does that work for you?"
      ],
      [
        "That sounds perfect! What tools do we need for it?",
        {
          "name": "Flavor Evaluation",
          "method": "sensory",
          "frequency": "weekly",
          "focus": "product",
          "documentation_required": false,
          "responsible_party": "Sous Chef",
          "threshold": null,
          "tools_needed": null
        },
        "You'll need tasting cups for the Flavor Evaluation. Ready to confirm this procedure?"
      ],
      [
        "Yes, let's confirm the Flavor Evaluation procedure!",
        {
          "name": "Flavor Evaluation",
          "method": "sensory",
          "frequency": "weekly",
          "focus": "product",
          "documentation_required": false,
          "responsible_party": "Sous Chef",
          "threshold": null,
          "tools_needed": "tasting cups"
        },
        "Great! The Flavor Evaluation procedure is confirmed!"
      ]
    ],
    "preferences_code": "```python\npreferences = QualityControlCriteria(\n    name='Flavor Evaluation',\n    method='sensory',\n    frequency='weekly',\n    focus='product',\n    documentation_required=False,\n    responsible_party='Sous Chef',\n    threshold='Balanced flavor profile',\n    tools_needed='Tasting cups',\n)\n```",
    "red_herrings_code": "```python\nquality_control_procedures = [\n    QualityControlProcedure(\n        name='Flavor Evaluation',\n        method='sensory',\n        frequency='weekly',\n        focus='product',\n        documentation_required=False,\n        responsible_party='Sous Chef',\n        threshold='Balanced flavor profile',\n        tools_needed='Tasting cups'\n    ),\n    QualityControlProcedure(\n        name='Texture Assessment',\n        method='sensory',\n        frequency='monthly',\n        focus='product',\n        documentation_required=True,\n        responsible_party='Chef',\n        threshold='Acceptable texture',\n        tools_needed='Texture analysis tools'\n    ),\n    QualityControlProcedure(\n        name='Ingredient Quality Check',\n        method='physical',\n        frequency='weekly',\n        focus='ingredients',\n        documentation_required=False,\n        responsible_party='Quality Control Team',\n        threshold='Freshness standard',\n        tools_needed='Visual inspection tools'\n    )\n]\n```",
    "database_code": "```python\n# Global variable to hold examples of Quality Control Procedures\nquality_control_procedures = [\n    QualityControlProcedure(\n        name=\"Ingredient Inspection\",\n        method='physical',\n        frequency='daily',\n        focus='ingredients',\n        documentation_required=True,\n        responsible_party='Quality Assurance Team',\n        threshold='No visible defects',\n        tools_needed='Visual inspection checklist'\n    ),\n    QualityControlProcedure(\n        name=\"Cooking Temperature Check\",\n        method='physical',\n        frequency='daily',\n        focus='process',\n        documentation_required=True,\n        responsible_party='Kitchen Staff',\n        threshold='165\u00b0F for poultry',\n        tools_needed='Thermometer'\n    ),\n    QualityControlProcedure(\n        name=\"Taste Testing\",\n        method='sensory',\n        frequency='weekly',\n        focus='product',\n        documentation_required=False,\n        responsible_party='Chef',\n        threshold='Acceptable flavor profile',\n        tools_needed='Tasting spoons'\n    ),\n    QualityControlProcedure(\n        name=\"Ingredient Sourcing Verification\",\n        method='chemical',\n        frequency='monthly',\n        focus='ingredients',\n        documentation_required=True,\n        responsible_party='Purchasing Manager',\n        threshold='Certified organic',\n        tools_needed='Supplier certification documents'\n    ),\n    QualityControlProcedure(\n        name=\"Food Safety Audit\",\n        method='physical',\n        frequency='monthly',\n        focus='process',\n        documentation_required=True,\n        responsible_party='Food Safety Officer',\n        threshold='Compliant with health regulations',\n        tools_needed='Audit checklist'\n    ),\n    QualityControlProcedure(\n        name=\"Packaging Integrity Check\",\n        method='physical',\n        frequency='weekly',\n        focus='product',\n        documentation_required=True,\n        responsible_party='Quality Assurance Team',\n        threshold='No damage or leaks',\n        tools_needed='Visual inspection tools'\n    ),\n    QualityControlProcedure(\n        name=\"Nutritional Analysis\",\n        method='chemical',\n        frequency='monthly',\n        focus='product',\n        documentation_required=True,\n        responsible_party='Nutritionist',\n        threshold='Meets dietary standards',\n        tools_needed='Nutritional analysis software'\n    ),\n    QualityControlProcedure(\n        name=\"Supplier Quality Assessment\",\n        method='physical',\n        frequency='quarterly',\n        focus='ingredients',\n        documentation_required=True,\n        responsible_party='Purchasing Manager',\n        threshold='Meets company standards',\n        tools_needed='Supplier evaluation form'\n    ),\n    QualityControlProcedure(\n        name=\"Allergen Testing\",\n        method='chemical',\n        frequency='monthly',\n        focus='ingredients',\n        documentation_required=True,\n        responsible_party='Quality Assurance Team',\n        threshold='No cross-contamination',\n        tools_needed='Allergen testing kits'\n    ),\n    QualityControlProcedure(\n        name=\"Employee Training Compliance\",\n        method='sensory',\n        frequency='annually',\n        focus='process',\n        documentation_required=True,\n        responsible_party='Training Coordinator',\n        threshold='100% compliance',\n        tools_needed='Training materials'\n    )\n]\n```",
    "goal": {
      "name": null,
      "method": "sensory",
      "frequency": "weekly",
      "focus": "product",
      "documentation_required": false,
      "responsible_party": "Sous Chef",
      "threshold": "Balanced flavor profile",
      "tools_needed": "Tasting cups"
    },
    "database": [
      {
        "name": "Texture Assessment",
        "method": "sensory",
        "frequency": "monthly",
        "focus": "product",
        "documentation_required": true,
        "responsible_party": "Chef",
        "threshold": "Acceptable texture",
        "tools_needed": "Texture analysis tools"
      },
      {
        "name": "Employee Training Compliance",
        "method": "sensory",
        "frequency": "annually",
        "focus": "process",
        "documentation_required": true,
        "responsible_party": "Training Coordinator",
        "threshold": "100% compliance",
        "tools_needed": "Training materials"
      },
      {
        "name": "Ingredient Sourcing Verification",
        "method": "chemical",
        "frequency": "monthly",
        "focus": "ingredients",
        "documentation_required": true,
        "responsible_party": "Purchasing Manager",
        "threshold": "Certified organic",
        "tools_needed": "Supplier certification documents"
      },
      {
        "name": "Packaging Integrity Check",
        "method": "physical",
        "frequency": "weekly",
        "focus": "product",
        "documentation_required": true,
        "responsible_party": "Quality Assurance Team",
        "threshold": "No damage or leaks",
        "tools_needed": "Visual inspection tools"
      },
      {
        "name": "Cooking Temperature Check",
        "method": "physical",
        "frequency": "daily",
        "focus": "process",
        "documentation_required": true,
        "responsible_party": "Kitchen Staff",
        "threshold": "165\u00b0F for poultry",
        "tools_needed": "Thermometer"
      },
      {
        "name": "Ingredient Quality Check",
        "method": "physical",
        "frequency": "weekly",
        "focus": "ingredients",
        "documentation_required": false,
        "responsible_party": "Quality Control Team",
        "threshold": "Freshness standard",
        "tools_needed": "Visual inspection tools"
      },
      {
        "name": "Flavor Evaluation",
        "method": "sensory",
        "frequency": "weekly",
        "focus": "product",
        "documentation_required": false,
        "responsible_party": "Sous Chef",
        "threshold": "Balanced flavor profile",
        "tools_needed": "Tasting cups"
      },
      {
        "name": "Allergen Testing",
        "method": "chemical",
        "frequency": "monthly",
        "focus": "ingredients",
        "documentation_required": true,
        "responsible_party": "Quality Assurance Team",
        "threshold": "No cross-contamination",
        "tools_needed": "Allergen testing kits"
      },
      {
        "name": "Taste Testing",
        "method": "sensory",
        "frequency": "weekly",
        "focus": "product",
        "documentation_required": false,
        "responsible_party": "Chef",
        "threshold": "Acceptable flavor profile",
        "tools_needed": "Tasting spoons"
      },
      {
        "name": "Food Safety Audit",
        "method": "physical",
        "frequency": "monthly",
        "focus": "process",
        "documentation_required": true,
        "responsible_party": "Food Safety Officer",
        "threshold": "Compliant with health regulations",
        "tools_needed": "Audit checklist"
      },
      {
        "name": "Supplier Quality Assessment",
        "method": "physical",
        "frequency": "quarterly",
        "focus": "ingredients",
        "documentation_required": true,
        "responsible_party": "Purchasing Manager",
        "threshold": "Meets company standards",
        "tools_needed": "Supplier evaluation form"
      },
      {
        "name": "Ingredient Inspection",
        "method": "physical",
        "frequency": "daily",
        "focus": "ingredients",
        "documentation_required": true,
        "responsible_party": "Quality Assurance Team",
        "threshold": "No visible defects",
        "tools_needed": "Visual inspection checklist"
      },
      {
        "name": "Nutritional Analysis",
        "method": "chemical",
        "frequency": "monthly",
        "focus": "product",
        "documentation_required": true,
        "responsible_party": "Nutritionist",
        "threshold": "Meets dietary standards",
        "tools_needed": "Nutritional analysis software"
      }
    ],
    "status": "complete"
  }
]