[
  {
    "domain": "Care Regimens",
    "turns": [
      [
        "I'm looking for a high-intensity physical care regimen for bodyweight exercises.",
        {
          "name": null,
          "type": "physical",
          "frequency": null,
          "duration": null,
          "intensity": "high",
          "time_of_day": null,
          "location": null,
          "specific_needs": null
        },
        "The \"Strength Building\" regimen focuses on bodyweight exercises but is monthly; would you like to consider that?"
      ],
      [
        "Yes, \"Strength Building\" sounds great! What does it involve?",
        {
          "name": "Strength Building",
          "type": "physical",
          "frequency": "monthly",
          "duration": null,
          "intensity": "high",
          "time_of_day": null,
          "location": null,
          "specific_needs": null
        },
        "It involves high-intensity bodyweight exercises for 45 minutes, held monthly in the afternoon at home."
      ],
      [
        "That fits perfectly! Let's go with the \"Strength Building\" regimen.",
        {
          "name": "Strength Building",
          "type": "physical",
          "frequency": "monthly",
          "duration": 45,
          "intensity": "high",
          "time_of_day": "afternoon",
          "location": "home",
          "specific_needs": null
        },
        "Great choice! \"Strength Building\" is all set for you!"
      ]
    ],
    "preferences_code": "```python\npreferences = CareRegimenCriteria(\n    name='Strength Building',\n    type='physical',\n    frequency='monthly',\n    duration=45,\n    intensity='high',\n    time_of_day='afternoon',\n    location='Home',\n    specific_needs='Bodyweight Exercises'\n)\n```",
    "red_herrings_code": "```python\n# Global variable to hold a list of example Care Regimens\nsimilar_care_regimens = [\n    CareRegimen(\n        name='Resistance Training',\n        type='physical',\n        frequency='weekly',\n        duration=50,\n        intensity='high',\n        time_of_day='morning',\n        location='Gym',\n        specific_needs='Resistance Bands'\n    ),\n    CareRegimen(\n        name='Cardio Workout',\n        type='physical',\n        frequency='weekly',\n        duration=30,\n        intensity='medium',\n        time_of_day='morning',\n        location='Park',\n        specific_needs='Running Shoes'\n    ),\n    CareRegimen(\n        name='Strength Building',\n        type='physical',\n        frequency='monthly',\n        duration=45,\n        intensity='high',\n        time_of_day='afternoon',\n        location='Home',\n        specific_needs='Bodyweight Exercises'\n    )\n]\n```",
    "database_code": "```python\n# Global variable containing a list of example Care Regimens\ncare_regimens_examples = [\n    CareRegimen(\n        name=\"Morning Walk\",\n        type='physical',\n        frequency='daily',\n        duration=30,\n        intensity='medium',\n        time_of_day='morning',\n        location=\"Park\",\n        specific_needs=\"None\"\n    ),\n    CareRegimen(\n        name=\"Meditation Session\",\n        type='mental',\n        frequency='daily',\n        duration=20,\n        intensity='low',\n        time_of_day='morning',\n        location=\"Home\",\n        specific_needs=\"Quiet environment\"\n    ),\n    CareRegimen(\n        name=\"Weekly Yoga Class\",\n        type='physical',\n        frequency='weekly',\n        duration=60,\n        intensity='medium',\n        time_of_day='afternoon',\n        location=\"Community Center\",\n        specific_needs=\"Yoga mat\"\n    ),\n    CareRegimen(\n        name=\"Nutritional Counseling\",\n        type='nutritional',\n        frequency='monthly',\n        duration=45,\n        intensity='low',\n        time_of_day='afternoon',\n        location=\"Clinic\",\n        specific_needs=\"Dietary restrictions\"\n    ),\n    CareRegimen(\n        name=\"Social Game Night\",\n        type='social',\n        frequency='weekly',\n        duration=120,\n        intensity='low',\n        time_of_day='evening',\n        location=\"Community Hall\",\n        specific_needs=\"Games\"\n    ),\n    CareRegimen(\n        name=\"Strength Training\",\n        type='physical',\n        frequency='weekly',\n        duration=45,\n        intensity='high',\n        time_of_day='morning',\n        location=\"Gym\",\n        specific_needs=\"Weights\"\n    ),\n    CareRegimen(\n        name=\"Book Club\",\n        type='social',\n        frequency='monthly',\n        duration=90,\n        intensity='low',\n        time_of_day='afternoon',\n        location=\"Library\",\n        specific_needs=\"Book selection\"\n    ),\n    CareRegimen(\n        name=\"Cooking Class\",\n        type='nutritional',\n        frequency='monthly',\n        duration=120,\n        intensity='medium',\n        time_of_day='afternoon',\n        location=\"Culinary School\",\n        specific_needs=\"None\"\n    ),\n    CareRegimen(\n        name=\"Gardening Therapy\",\n        type='physical',\n        frequency='weekly',\n        duration=60,\n        intensity='medium',\n        time_of_day='morning',\n        location=\"Community Garden\",\n        specific_needs=\"Gardening tools\"\n    ),\n    CareRegimen(\n        name=\"Art Therapy\",\n        type='mental',\n        frequency='weekly',\n        duration=90,\n        intensity='medium',\n        time_of_day='afternoon',\n        location=\"Art Studio\",\n        specific_needs=\"Art supplies\"\n    )\n]\n```",
    "goal": {
      "name": null,
      "type": "physical",
      "frequency": "monthly",
      "duration": 45,
      "intensity": "high",
      "time_of_day": null,
      "location": "Home",
      "specific_needs": "Bodyweight Exercises"
    },
    "database": [
      {
        "name": "Book Club",
        "type": "social",
        "frequency": "monthly",
        "duration": 90,
        "intensity": "low",
        "time_of_day": "afternoon",
        "location": "Library",
        "specific_needs": "Book selection"
      },
      {
        "name": "Meditation Session",
        "type": "mental",
        "frequency": "daily",
        "duration": 20,
        "intensity": "low",
        "time_of_day": "morning",
        "location": "Home",
        "specific_needs": "Quiet environment"
      },
      {
        "name": "Strength Building",
        "type": "physical",
        "frequency": "monthly",
        "duration": 45,
        "intensity": "high",
        "time_of_day": "afternoon",
        "location": "Home",
        "specific_needs": "Bodyweight Exercises"
      },
      {
        "name": "Nutritional Counseling",
        "type": "nutritional",
        "frequency": "monthly",
        "duration": 45,
        "intensity": "low",
        "time_of_day": "afternoon",
        "location": "Clinic",
        "specific_needs": "Dietary restrictions"
      },
      {
        "name": "Art Therapy",
        "type": "mental",
        "frequency": "weekly",
        "duration": 90,
        "intensity": "medium",
        "time_of_day": "afternoon",
        "location": "Art Studio",
        "specific_needs": "Art supplies"
      },
      {
        "name": "Resistance Training",
        "type": "physical",
        "frequency": "weekly",
        "duration": 50,
        "intensity": "high",
        "time_of_day": "morning",
        "location": "Gym",
        "specific_needs": "Resistance Bands"
      },
      {
        "name": "Morning Walk",
        "type": "physical",
        "frequency": "daily",
        "duration": 30,
        "intensity": "medium",
        "time_of_day": "morning",
        "location": "Park",
        "specific_needs": "None"
      },
      {
        "name": "Cardio Workout",
        "type": "physical",
        "frequency": "weekly",
        "duration": 30,
        "intensity": "medium",
        "time_of_day": "morning",
        "location": "Park",
        "specific_needs": "Running Shoes"
      },
      {
        "name": "Cooking Class",
        "type": "nutritional",
        "frequency": "monthly",
        "duration": 120,
        "intensity": "medium",
        "time_of_day": "afternoon",
        "location": "Culinary School",
        "specific_needs": "None"
      },
      {
        "name": "Weekly Yoga Class",
        "type": "physical",
        "frequency": "weekly",
        "duration": 60,
        "intensity": "medium",
        "time_of_day": "afternoon",
        "location": "Community Center",
        "specific_needs": "Yoga mat"
      },
      {
        "name": "Social Game Night",
        "type": "social",
        "frequency": "weekly",
        "duration": 120,
        "intensity": "low",
        "time_of_day": "evening",
        "location": "Community Hall",
        "specific_needs": "Games"
      },
      {
        "name": "Strength Training",
        "type": "physical",
        "frequency": "weekly",
        "duration": 45,
        "intensity": "high",
        "time_of_day": "morning",
        "location": "Gym",
        "specific_needs": "Weights"
      },
      {
        "name": "Gardening Therapy",
        "type": "physical",
        "frequency": "weekly",
        "duration": 60,
        "intensity": "medium",
        "time_of_day": "morning",
        "location": "Community Garden",
        "specific_needs": "Gardening tools"
      }
    ],
    "status": "complete"
  },
  {
    "domain": "Activity Schedules",
    "turns": [
      [
        "Thanks! Now I need help finding an \"Outdoor Yoga\" schedule. Can you assist with that?",
        {
          "name": "Strength Building",
          "type": "Exercise",
          "time": "afternoon",
          "duration": 45,
          "intensity": "High",
          "location": "home",
          "group_size": null,
          "special_needs": null
        },
        "Sure! The \"Outdoor Yoga\" is scheduled for mornings, lasting 90 minutes, and is medium intensity. Would that work for you?"
      ],
      [
        "Yes, that works! Is it wheelchair accessible?",
        {
          "name": "Outdoor Yoga",
          "type": "Exercise",
          "time": "morning",
          "duration": 90,
          "intensity": "Medium",
          "location": "outdoors",
          "group_size": null,
          "special_needs": "wheelchair accessible"
        },
        "Yes, the \"Outdoor Yoga\" session is wheelchair accessible!"
      ]
    ],
    "preferences_code": "```python\npreferences = ActivityScheduleCriteria(\n    name='Outdoor Yoga',\n    type='Exercise',\n    time='morning',\n    duration=90,\n    intensity='Medium',\n    location='outdoors',\n    group_size='Small Group',\n    special_needs='wheelchair accessible'\n)\n```",
    "red_herrings_code": "```python\n# Global variable representing a list of Activity Schedule examples\nactivity_schedules = [\n    ActivitySchedule(\n        name='Community Clean-Up',\n        type='Social',\n        time='morning',\n        duration=120,\n        intensity='High',\n        location='outdoors',\n        group_size='Large Group',\n        special_needs=None,\n    ),\n    ActivitySchedule(\n        name='Outdoor Yoga',\n        type='Exercise',\n        time='morning',\n        duration=90,\n        intensity='Medium',\n        location='outdoors',\n        group_size='Small Group',\n        special_needs='wheelchair accessible',\n    ),\n    ActivitySchedule(\n        name='Neighborhood Picnic',\n        type='Social',\n        time='afternoon',\n        duration=150,\n        intensity='Low',\n        location='outdoors',\n        group_size='Large Group',\n        special_needs=None,\n    ),\n]\n```",
    "database_code": "```python\n# Global variable to hold a list of ActivitySchedule examples\nactivity_schedules = [\n    ActivitySchedule(\n        name=\"Morning Yoga\",\n        type=\"Exercise\",\n        time=\"morning\",\n        duration=60,\n        intensity=\"Medium\",\n        location=\"indoors\",\n        group_size=\"Small Group\",\n        special_needs=\"wheelchair accessible\"\n    ),\n    ActivitySchedule(\n        name=\"Afternoon Walk\",\n        type=\"Exercise\",\n        time=\"afternoon\",\n        duration=30,\n        intensity=\"Low\",\n        location=\"outdoors\",\n        group_size=\"Individual\",\n        special_needs=None\n    ),\n    ActivitySchedule(\n        name=\"Evening Book Club\",\n        type=\"Social\",\n        time=\"evening\",\n        duration=90,\n        intensity=\"Low\",\n        location=\"indoors\",\n        group_size=\"Large Group\",\n        special_needs=None\n    ),\n    ActivitySchedule(\n        name=\"Gardening Club\",\n        type=\"Social\",\n        time=\"morning\",\n        duration=120,\n        intensity=\"Medium\",\n        location=\"outdoors\",\n        group_size=\"Small Group\",\n        special_needs=\"garden accessible\"\n    ),\n    ActivitySchedule(\n        name=\"Meditation Session\",\n        type=\"Relaxation\",\n        time=\"afternoon\",\n        duration=45,\n        intensity=\"Low\",\n        location=\"indoors\",\n        group_size=\"Individual\",\n        special_needs=None\n    ),\n    ActivitySchedule(\n        name=\"Puzzle Challenge\",\n        type=\"Cognitive\",\n        time=\"afternoon\",\n        duration=60,\n        intensity=\"Medium\",\n        location=\"indoors\",\n        group_size=\"Small Group\",\n        special_needs=None\n    ),\n    ActivitySchedule(\n        name=\"Tai Chi\",\n        type=\"Exercise\",\n        time=\"morning\",\n        duration=60,\n        intensity=\"Medium\",\n        location=\"outdoors\",\n        group_size=\"Large Group\",\n        special_needs=None\n    ),\n    ActivitySchedule(\n        name=\"Cooking Class\",\n        type=\"Social\",\n        time=\"afternoon\",\n        duration=90,\n        intensity=\"Medium\",\n        location=\"indoors\",\n        group_size=\"Small Group\",\n        special_needs=\"kitchen accessible\"\n    ),\n    ActivitySchedule(\n        name=\"Memory Games\",\n        type=\"Cognitive\",\n        time=\"evening\",\n        duration=30,\n        intensity=\"Low\",\n        location=\"indoors\",\n        group_size=\"Individual\",\n        special_needs=None\n    ),\n    ActivitySchedule(\n        name=\"Community Service\",\n        type=\"Social\",\n        time=\"morning\",\n        duration=120,\n        intensity=\"High\",\n        location=\"outdoors\",\n        group_size=\"Large Group\",\n        special_needs=None\n    )\n]\n```",
    "goal": {
      "name": "Outdoor Yoga",
      "type": "Exercise",
      "time": "morning",
      "duration": 90,
      "intensity": "Medium",
      "location": "outdoors",
      "group_size": "Small Group",
      "special_needs": "wheelchair accessible"
    },
    "database": [
      {
        "name": "Memory Games",
        "type": "Cognitive",
        "time": "evening",
        "duration": 30,
        "intensity": "Low",
        "location": "indoors",
        "group_size": "Individual",
        "special_needs": null
      },
      {
        "name": "Puzzle Challenge",
        "type": "Cognitive",
        "time": "afternoon",
        "duration": 60,
        "intensity": "Medium",
        "location": "indoors",
        "group_size": "Small Group",
        "special_needs": null
      },
      {
        "name": "Morning Yoga",
        "type": "Exercise",
        "time": "morning",
        "duration": 60,
        "intensity": "Medium",
        "location": "indoors",
        "group_size": "Small Group",
        "special_needs": "wheelchair accessible"
      },
      {
        "name": "Cooking Class",
        "type": "Social",
        "time": "afternoon",
        "duration": 90,
        "intensity": "Medium",
        "location": "indoors",
        "group_size": "Small Group",
        "special_needs": "kitchen accessible"
      },
      {
        "name": "Community Clean-Up",
        "type": "Social",
        "time": "morning",
        "duration": 120,
        "intensity": "High",
        "location": "outdoors",
        "group_size": "Large Group",
        "special_needs": null
      },
      {
        "name": "Community Service",
        "type": "Social",
        "time": "morning",
        "duration": 120,
        "intensity": "High",
        "location": "outdoors",
        "group_size": "Large Group",
        "special_needs": null
      },
      {
        "name": "Tai Chi",
        "type": "Exercise",
        "time": "morning",
        "duration": 60,
        "intensity": "Medium",
        "location": "outdoors",
        "group_size": "Large Group",
        "special_needs": null
      },
      {
        "name": "Neighborhood Picnic",
        "type": "Social",
        "time": "afternoon",
        "duration": 150,
        "intensity": "Low",
        "location": "outdoors",
        "group_size": "Large Group",
        "special_needs": null
      },
      {
        "name": "Gardening Club",
        "type": "Social",
        "time": "morning",
        "duration": 120,
        "intensity": "Medium",
        "location": "outdoors",
        "group_size": "Small Group",
        "special_needs": "garden accessible"
      },
      {
        "name": "Evening Book Club",
        "type": "Social",
        "time": "evening",
        "duration": 90,
        "intensity": "Low",
        "location": "indoors",
        "group_size": "Large Group",
        "special_needs": null
      },
      {
        "name": "Meditation Session",
        "type": "Relaxation",
        "time": "afternoon",
        "duration": 45,
        "intensity": "Low",
        "location": "indoors",
        "group_size": "Individual",
        "special_needs": null
      },
      {
        "name": "Afternoon Walk",
        "type": "Exercise",
        "time": "afternoon",
        "duration": 30,
        "intensity": "Low",
        "location": "outdoors",
        "group_size": "Individual",
        "special_needs": null
      },
      {
        "name": "Outdoor Yoga",
        "type": "Exercise",
        "time": "morning",
        "duration": 90,
        "intensity": "Medium",
        "location": "outdoors",
        "group_size": "Small Group",
        "special_needs": "wheelchair accessible"
      }
    ],
    "status": "complete"
  },
  {
    "domain": "Caretaking Strategies",
    "turns": [
      [
        "That's great to hear! Now, can we find a supportive Caretaking Strategy with a focus on emotional well-being?",
        {
          "name": "Strength Building",
          "approach": null,
          "involvement": null,
          "focus": "physical",
          "intensity": "high",
          "cost_level": null,
          "flexibility": null
        },
        "Yes, \"Respite Care\" focuses on emotional well-being and is supportive. Would you like to know more about it?"
      ],
      [
        "Absolutely! What does \"Respite Care\" entail?",
        {
          "name": "Respite Care",
          "approach": null,
          "involvement": null,
          "focus": "emotional",
          "intensity": null,
          "cost_level": null,
          "flexibility": null
        },
        "\"Respite Care\" provides temporary relief for caregivers, focusing on emotional support, with a medium intensity and high cost."
      ],
      [
        "That sounds perfect for my needs! Let's go with \"Respite Care.\"",
        {
          "name": "Respite Care",
          "approach": null,
          "involvement": null,
          "focus": "emotional",
          "intensity": "medium",
          "cost_level": "high",
          "flexibility": null
        },
        "Excellent choice! \"Respite Care\" is all set for you!"
      ]
    ],
    "preferences_code": "```python\npreferences = CaretakingStrategyCriteria(\n    name='Respite Care',\n    approach='supportive',\n    involvement='family',\n    focus='emotional',\n    intensity='medium',\n    cost_level='high',\n    flexibility='rigid'\n)\n```",
    "red_herrings_code": "```python\n# Global variable representing a list of similar Caretaking Strategies\nsimilar_caretaking_strategies = [\n    CaretakingStrategy(\n        name='Respite Care',\n        approach='supportive',\n        involvement='family',\n        focus='emotional',\n        intensity='medium',\n        cost_level='high',\n        flexibility='rigid',\n    ),\n    CaretakingStrategy(\n        name='Companion Care',\n        approach='supportive',\n        involvement='mixed',\n        focus='social',\n        intensity='low',\n        cost_level='medium',\n        flexibility='flexible',\n    ),\n    CaretakingStrategy(\n        name='Palliative Care',\n        approach='clinical',\n        involvement='professional',\n        focus='physical',\n        intensity='medium',\n        cost_level='high',\n        flexibility='customizable',\n    ),\n]\n```",
    "database_code": "```python\n# Global variable representing a list of Caretaking Strategies examples\ncaretaking_strategies = [\n    CaretakingStrategy(\n        name=\"Holistic Wellness\",\n        approach=\"holistic\",\n        involvement=\"family\",\n        focus=\"mental\",\n        intensity=\"medium\",\n        cost_level=\"medium\",\n        flexibility=\"flexible\"\n    ),\n    CaretakingStrategy(\n        name=\"Clinical Support\",\n        approach=\"clinical\",\n        involvement=\"professional\",\n        focus=\"physical\",\n        intensity=\"high\",\n        cost_level=\"high\",\n        flexibility=\"rigid\"\n    ),\n    CaretakingStrategy(\n        name=\"Community Engagement\",\n        approach=\"community-based\",\n        involvement=\"mixed\",\n        focus=\"social\",\n        intensity=\"low\",\n        cost_level=\"low\",\n        flexibility=\"customizable\"\n    ),\n    CaretakingStrategy(\n        name=\"Fitness Program\",\n        approach=\"fitness-oriented\",\n        involvement=\"professional\",\n        focus=\"physical\",\n        intensity=\"high\",\n        cost_level=\"medium\",\n        flexibility=\"flexible\"\n    ),\n    CaretakingStrategy(\n        name=\"Cognitive Therapy\",\n        approach=\"therapeutic\",\n        involvement=\"professional\",\n        focus=\"mental\",\n        intensity=\"medium\",\n        cost_level=\"medium\",\n        flexibility=\"customizable\"\n    ),\n    CaretakingStrategy(\n        name=\"Nutritional Guidance\",\n        approach=\"nutritional\",\n        involvement=\"family\",\n        focus=\"physical\",\n        intensity=\"low\",\n        cost_level=\"low\",\n        flexibility=\"flexible\"\n    ),\n    CaretakingStrategy(\n        name=\"Respite Care\",\n        approach=\"supportive\",\n        involvement=\"mixed\",\n        focus=\"emotional\",\n        intensity=\"medium\",\n        cost_level=\"high\",\n        flexibility=\"rigid\"\n    ),\n    CaretakingStrategy(\n        name=\"Home Health Care\",\n        approach=\"clinical\",\n        involvement=\"professional\",\n        focus=\"physical\",\n        intensity=\"high\",\n        cost_level=\"high\",\n        flexibility=\"customizable\"\n    ),\n    CaretakingStrategy(\n        name=\"Mindfulness Practice\",\n        approach=\"holistic\",\n        involvement=\"individual\",\n        focus=\"mental\",\n        intensity=\"low\",\n        cost_level=\"low\",\n        flexibility=\"flexible\"\n    ),\n    CaretakingStrategy(\n        name=\"Social Activities\",\n        approach=\"community-based\",\n        involvement=\"mixed\",\n        focus=\"social\",\n        intensity=\"medium\",\n        cost_level=\"medium\",\n        flexibility=\"customizable\"\n    )\n]\n```",
    "goal": {
      "name": null,
      "approach": "supportive",
      "involvement": "family",
      "focus": "emotional",
      "intensity": "medium",
      "cost_level": "high",
      "flexibility": "rigid"
    },
    "database": [
      {
        "name": "Palliative Care",
        "approach": "clinical",
        "involvement": "professional",
        "focus": "physical",
        "intensity": "medium",
        "cost_level": "high",
        "flexibility": "customizable"
      },
      {
        "name": "Nutritional Guidance",
        "approach": "nutritional",
        "involvement": "family",
        "focus": "physical",
        "intensity": "low",
        "cost_level": "low",
        "flexibility": "flexible"
      },
      {
        "name": "Home Health Care",
        "approach": "clinical",
        "involvement": "professional",
        "focus": "physical",
        "intensity": "high",
        "cost_level": "high",
        "flexibility": "customizable"
      },
      {
        "name": "Holistic Wellness",
        "approach": "holistic",
        "involvement": "family",
        "focus": "mental",
        "intensity": "medium",
        "cost_level": "medium",
        "flexibility": "flexible"
      },
      {
        "name": "Clinical Support",
        "approach": "clinical",
        "involvement": "professional",
        "focus": "physical",
        "intensity": "high",
        "cost_level": "high",
        "flexibility": "rigid"
      },
      {
        "name": "Cognitive Therapy",
        "approach": "therapeutic",
        "involvement": "professional",
        "focus": "mental",
        "intensity": "medium",
        "cost_level": "medium",
        "flexibility": "customizable"
      },
      {
        "name": "Community Engagement",
        "approach": "community-based",
        "involvement": "mixed",
        "focus": "social",
        "intensity": "low",
        "cost_level": "low",
        "flexibility": "customizable"
      },
      {
        "name": "Social Activities",
        "approach": "community-based",
        "involvement": "mixed",
        "focus": "social",
        "intensity": "medium",
        "cost_level": "medium",
        "flexibility": "customizable"
      },
      {
        "name": "Respite Care",
        "approach": "supportive",
        "involvement": "mixed",
        "focus": "emotional",
        "intensity": "medium",
        "cost_level": "high",
        "flexibility": "rigid"
      },
      {
        "name": "Mindfulness Practice",
        "approach": "holistic",
        "involvement": "individual",
        "focus": "mental",
        "intensity": "low",
        "cost_level": "low",
        "flexibility": "flexible"
      },
      {
        "name": "Fitness Program",
        "approach": "fitness-oriented",
        "involvement": "professional",
        "focus": "physical",
        "intensity": "high",
        "cost_level": "medium",
        "flexibility": "flexible"
      },
      {
        "name": "Respite Care",
        "approach": "supportive",
        "involvement": "family",
        "focus": "emotional",
        "intensity": "medium",
        "cost_level": "high",
        "flexibility": "rigid"
      },
      {
        "name": "Companion Care",
        "approach": "supportive",
        "involvement": "mixed",
        "focus": "social",
        "intensity": "low",
        "cost_level": "medium",
        "flexibility": "flexible"
      }
    ],
    "status": "complete"
  }
]