[
  {
    "domain": "Sustainable Land Practices",
    "turns": [
      [
        "Hey there! What type of land practices are you considering for your property?",
        {
          "name": null,
          "practice_type": null,
          "benefit": null,
          "cost_range": null,
          "implementation_difficulty": null,
          "maintenance": null,
          "incentives_available": null,
          "region_suitability": null,
          "land_size_requirement": null
        },
        "I\u2019m open to suggestions, but I\u2019d love to know about practices that improve soil health."
      ],
      [
        "Great! Have you heard about cover cropping? It can really help with soil health.",
        {
          "name": null,
          "practice_type": "cover cropping",
          "benefit": "soil health",
          "cost_range": null,
          "implementation_difficulty": null,
          "maintenance": null,
          "incentives_available": null,
          "region_suitability": null,
          "land_size_requirement": null
        },
        "Yes, I\u2019ve heard of it! What are the costs and maintenance like for cover cropping?"
      ],
      [
        "Cover cropping typically has low costs and requires low maintenance, making it quite manageable.",
        {
          "name": null,
          "practice_type": "cover cropping",
          "benefit": "soil health",
          "cost_range": "low",
          "implementation_difficulty": null,
          "maintenance": "low",
          "incentives_available": null,
          "region_suitability": null,
          "land_size_requirement": null
        },
        "That sounds promising! Do you know if there are any incentives available for cover cropping?"
      ],
      [
        "Yes, there are incentives available for adopting cover cropping practices!",
        {
          "name": null,
          "practice_type": "cover cropping",
          "benefit": "soil health",
          "cost_range": "low",
          "implementation_difficulty": null,
          "maintenance": "low",
          "incentives_available": true,
          "region_suitability": null,
          "land_size_requirement": null
        },
        "That's great to hear! Which region is best suited for cover cropping?"
      ],
      [
        "Cover cropping is particularly suitable for California.",
        {
          "name": null,
          "practice_type": "cover cropping",
          "benefit": "soil health",
          "cost_range": "low",
          "implementation_difficulty": null,
          "maintenance": "low",
          "incentives_available": true,
          "region_suitability": "California",
          "land_size_requirement": null
        },
        "I see! What about the land size requirement for cover cropping?"
      ],
      [
        "Cover cropping works well on medium-sized land areas.",
        {
          "name": null,
          "practice_type": "cover cropping",
          "benefit": "soil health",
          "cost_range": "low",
          "implementation_difficulty": null,
          "maintenance": "low",
          "incentives_available": true,
          "region_suitability": "California",
          "land_size_requirement": "medium"
        },
        "Perfect! I think cover cropping could be a good fit for me."
      ],
      [
        "Awesome choice! Cover cropping can really benefit your land.",
        {
          "name": "Cover Cropping",
          "practice_type": "cover cropping",
          "benefit": "soil health",
          "cost_range": "low",
          "implementation_difficulty": null,
          "maintenance": "low",
          "incentives_available": true,
          "region_suitability": "California",
          "land_size_requirement": "medium"
        },
        "Thanks! I\u2019m excited to get started with it!"
      ]
    ],
    "preferences_code": "```python\npreferences = SustainableLandPracticeCriteria(\n    name='Cover Cropping',\n    practice_type='cover cropping',\n    benefit='water conservation',\n    cost_range='low',\n    implementation_difficulty='easy',\n    maintenance='low',\n    incentives_available=True,\n    region_suitability='California',\n    land_size_requirement='medium',\n)\n```",
    "red_herrings_code": "```python\n# Global variable containing a list of similar Sustainable Land Practices examples\nsimilar_landowner_knowledge = [\n    LandownerKnowledge(\n        name='Agroecological Practices',\n        practice_type='agroforestry',\n        benefit='biodiversity',\n        cost_range='medium',\n        implementation_difficulty='moderate',\n        maintenance='medium',\n        incentives_available=False,\n        region_suitability='California',\n        land_size_requirement='medium',\n    ),\n    LandownerKnowledge(\n        name='Cover Cropping',\n        practice_type='cover cropping',\n        benefit='water conservation',\n        cost_range='low',\n        implementation_difficulty='easy',\n        maintenance='low',\n        incentives_available=True,\n        region_suitability='California',\n        land_size_requirement='medium',\n    ),\n    LandownerKnowledge(\n        name='Conservation Tillage',\n        practice_type='conservation tillage',\n        benefit='soil health',\n        cost_range='high',\n        implementation_difficulty='challenging',\n        maintenance='medium',\n        incentives_available=True,\n        region_suitability='California',\n        land_size_requirement='large',\n    ),\n]\n```",
    "database_code": "```python\n# Global variable to hold a list of Sustainable Land Practices examples\nsustainable_land_practices_examples = [\n    LandownerKnowledge(\n        name=\"Cover Cropping\",\n        practice_type=\"cover cropping\",\n        benefit=\"soil health\",\n        cost_range=\"medium\",\n        implementation_difficulty=\"easy\",\n        maintenance=\"low\",\n        incentives_available=True,\n        region_suitability=\"Midwest\",\n        land_size_requirement=\"medium\"\n    ),\n    LandownerKnowledge(\n        name=\"Agroforestry\",\n        practice_type=\"agroforestry\",\n        benefit=\"biodiversity\",\n        cost_range=\"high\",\n        implementation_difficulty=\"challenging\",\n        maintenance=\"medium\",\n        incentives_available=False,\n        region_suitability=\"Southeast\",\n        land_size_requirement=\"large\"\n    ),\n    LandownerKnowledge(\n        name=\"Conservation Tillage\",\n        practice_type=\"conservation tillage\",\n        benefit=\"soil health\",\n        cost_range=\"low\",\n        implementation_difficulty=\"moderate\",\n        maintenance=\"medium\",\n        incentives_available=True,\n        region_suitability=\"Northeast\",\n        land_size_requirement=\"large\"\n    ),\n    LandownerKnowledge(\n        name=\"Crop Rotation\",\n        practice_type=\"crop rotation\",\n        benefit=\"water conservation\",\n        cost_range=\"low\",\n        implementation_difficulty=\"easy\",\n        maintenance=\"low\",\n        incentives_available=True,\n        region_suitability=\"Midwest\",\n        land_size_requirement=\"small\"\n    ),\n    LandownerKnowledge(\n        name=\"Cover Cropping for Biodiversity\",\n        practice_type=\"cover cropping\",\n        benefit=\"biodiversity\",\n        cost_range=\"medium\",\n        implementation_difficulty=\"moderate\",\n        maintenance=\"medium\",\n        incentives_available=True,\n        region_suitability=\"Pacific Northwest\",\n        land_size_requirement=\"medium\"\n    ),\n    LandownerKnowledge(\n        name=\"Agroforestry for Carbon Sequestration\",\n        practice_type=\"agroforestry\",\n        benefit=\"carbon sequestration\",\n        cost_range=\"high\",\n        implementation_difficulty=\"challenging\",\n        maintenance=\"high\",\n        incentives_available=True,\n        region_suitability=\"Southwest\",\n        land_size_requirement=\"large\"\n    ),\n    LandownerKnowledge(\n        name=\"Reduced Tillage\",\n        practice_type=\"conservation tillage\",\n        benefit=\"soil health\",\n        cost_range=\"medium\",\n        implementation_difficulty=\"easy\",\n        maintenance=\"low\",\n        incentives_available=False,\n        region_suitability=\"Great Plains\",\n        land_size_requirement=\"medium\"\n    ),\n    LandownerKnowledge(\n        name=\"Sustainable Grazing\",\n        practice_type=\"crop rotation\",\n        benefit=\"biodiversity\",\n        cost_range=\"medium\",\n        implementation_difficulty=\"moderate\",\n        maintenance=\"medium\",\n        incentives_available=True,\n        region_suitability=\"Northeast\",\n        land_size_requirement=\"large\"\n    ),\n    LandownerKnowledge(\n        name=\"Cover Cropping for Soil Erosion Control\",\n        practice_type=\"cover cropping\",\n        benefit=\"soil health\",\n        cost_range=\"low\",\n        implementation_difficulty=\"easy\",\n        maintenance=\"low\",\n        incentives_available=True,\n        region_suitability=\"Appalachian Region\",\n        land_size_requirement=\"small\"\n    ),\n    LandownerKnowledge(\n        name=\"Agroecological Practices\",\n        practice_type=\"agroforestry\",\n        benefit=\"water conservation\",\n        cost_range=\"medium\",\n        implementation_difficulty=\"moderate\",\n        maintenance=\"medium\",\n        incentives_available=False,\n        region_suitability=\"California\",\n        land_size_requirement=\"medium\"\n    )\n]\n```",
    "goal": {
      "name": "Cover Cropping",
      "practice_type": "cover cropping",
      "benefit": "water conservation",
      "cost_range": "low",
      "implementation_difficulty": "easy",
      "maintenance": "low",
      "incentives_available": true,
      "region_suitability": "California",
      "land_size_requirement": "medium"
    },
    "database": [
      {
        "name": "Conservation Tillage",
        "practice_type": "conservation tillage",
        "benefit": "soil health",
        "cost_range": "low",
        "implementation_difficulty": "moderate",
        "maintenance": "medium",
        "incentives_available": true,
        "region_suitability": "Northeast",
        "land_size_requirement": "large"
      },
      {
        "name": "Agroforestry",
        "practice_type": "agroforestry",
        "benefit": "biodiversity",
        "cost_range": "high",
        "implementation_difficulty": "challenging",
        "maintenance": "medium",
        "incentives_available": false,
        "region_suitability": "Southeast",
        "land_size_requirement": "large"
      },
      {
        "name": "Sustainable Grazing",
        "practice_type": "crop rotation",
        "benefit": "biodiversity",
        "cost_range": "medium",
        "implementation_difficulty": "moderate",
        "maintenance": "medium",
        "incentives_available": true,
        "region_suitability": "Northeast",
        "land_size_requirement": "large"
      },
      {
        "name": "Cover Cropping for Biodiversity",
        "practice_type": "cover cropping",
        "benefit": "biodiversity",
        "cost_range": "medium",
        "implementation_difficulty": "moderate",
        "maintenance": "medium",
        "incentives_available": true,
        "region_suitability": "Pacific Northwest",
        "land_size_requirement": "medium"
      },
      {
        "name": "Cover Cropping",
        "practice_type": "cover cropping",
        "benefit": "water conservation",
        "cost_range": "low",
        "implementation_difficulty": "easy",
        "maintenance": "low",
        "incentives_available": true,
        "region_suitability": "California",
        "land_size_requirement": "medium"
      },
      {
        "name": "Reduced Tillage",
        "practice_type": "conservation tillage",
        "benefit": "soil health",
        "cost_range": "medium",
        "implementation_difficulty": "easy",
        "maintenance": "low",
        "incentives_available": false,
        "region_suitability": "Great Plains",
        "land_size_requirement": "medium"
      },
      {
        "name": "Cover Cropping for Soil Erosion Control",
        "practice_type": "cover cropping",
        "benefit": "soil health",
        "cost_range": "low",
        "implementation_difficulty": "easy",
        "maintenance": "low",
        "incentives_available": true,
        "region_suitability": "Appalachian Region",
        "land_size_requirement": "small"
      },
      {
        "name": "Conservation Tillage",
        "practice_type": "conservation tillage",
        "benefit": "soil health",
        "cost_range": "high",
        "implementation_difficulty": "challenging",
        "maintenance": "medium",
        "incentives_available": true,
        "region_suitability": "California",
        "land_size_requirement": "large"
      },
      {
        "name": "Agroecological Practices",
        "practice_type": "agroforestry",
        "benefit": "water conservation",
        "cost_range": "medium",
        "implementation_difficulty": "moderate",
        "maintenance": "medium",
        "incentives_available": false,
        "region_suitability": "California",
        "land_size_requirement": "medium"
      },
      {
        "name": "Cover Cropping",
        "practice_type": "cover cropping",
        "benefit": "soil health",
        "cost_range": "medium",
        "implementation_difficulty": "easy",
        "maintenance": "low",
        "incentives_available": true,
        "region_suitability": "Midwest",
        "land_size_requirement": "medium"
      },
      {
        "name": "Agroforestry for Carbon Sequestration",
        "practice_type": "agroforestry",
        "benefit": "carbon sequestration",
        "cost_range": "high",
        "implementation_difficulty": "challenging",
        "maintenance": "high",
        "incentives_available": true,
        "region_suitability": "Southwest",
        "land_size_requirement": "large"
      },
      {
        "name": "Agroecological Practices",
        "practice_type": "agroforestry",
        "benefit": "biodiversity",
        "cost_range": "medium",
        "implementation_difficulty": "moderate",
        "maintenance": "medium",
        "incentives_available": false,
        "region_suitability": "California",
        "land_size_requirement": "medium"
      },
      {
        "name": "Crop Rotation",
        "practice_type": "crop rotation",
        "benefit": "water conservation",
        "cost_range": "low",
        "implementation_difficulty": "easy",
        "maintenance": "low",
        "incentives_available": true,
        "region_suitability": "Midwest",
        "land_size_requirement": "small"
      }
    ],
    "status": "complete"
  },
  {
    "domain": "Ecosystem Services",
    "turns": [
      [
        "That's fantastic! Now, let's explore some ecosystem services that enhance biodiversity. Any specific areas you're interested in?",
        {
          "name": "Cover Cropping",
          "type": "Supporting",
          "benefit": "Improves soil health",
          "cost": null,
          "geographic_region": "California",
          "conservation_priority": null,
          "stakeholder_support": null,
          "scalability": "Medium",
          "time_frame": null,
          "legal_compliance": null
        },
        "I\u2019m particularly interested in options that provide high conservation priority benefits."
      ],
      [
        "Great! Have you considered creating habitat corridors? They enhance biodiversity and have high conservation priority.",
        {
          "name": "Cover Cropping",
          "type": "Supporting",
          "benefit": "Improved soil health",
          "cost": null,
          "geographic_region": "California",
          "conservation_priority": "High",
          "stakeholder_support": null,
          "scalability": "Medium",
          "time_frame": null,
          "legal_compliance": null
        },
        "I haven\u2019t heard much about habitat corridors. What are the costs associated with them?"
      ],
      [
        "The costs for habitat corridors can vary, but they often have moderate implementation costs.",
        {
          "name": "Habitat Corridors",
          "type": "Supporting",
          "benefit": "Enhanced biodiversity",
          "cost": "Moderate",
          "geographic_region": null,
          "conservation_priority": "High",
          "stakeholder_support": null,
          "scalability": null,
          "time_frame": null,
          "legal_compliance": null
        },
        "That sounds manageable! Are there any specific benefits tied to habitat corridors?"
      ],
      [
        "Yes, habitat corridors significantly enhance biodiversity and allow species movement between habitats.",
        {
          "name": "Habitat Corridors",
          "type": "Supporting",
          "benefit": "Enhances biodiversity and allows species movement",
          "cost": "Moderate",
          "geographic_region": null,
          "conservation_priority": "High",
          "stakeholder_support": null,
          "scalability": null,
          "time_frame": null,
          "legal_compliance": null
        },
        "That\u2019s impressive! Do you know if there\u2019s stakeholder support for implementing habitat corridors?"
      ],
      [
        "Yes, there is generally strong stakeholder support for habitat corridors.",
        {
          "name": "Habitat Corridors",
          "type": "Supporting",
          "benefit": "Enhanced biodiversity and species movement",
          "cost": null,
          "geographic_region": null,
          "conservation_priority": "High",
          "stakeholder_support": true,
          "scalability": null,
          "time_frame": null,
          "legal_compliance": null
        },
        "That's reassuring! What\u2019s the time frame for seeing results from habitat corridors?"
      ],
      [
        "You can typically see tangible results from habitat corridors within a few years.",
        {
          "name": "Habitat Corridors",
          "type": "Supporting",
          "benefit": "Enhanced biodiversity and species movement",
          "cost": "Moderate",
          "geographic_region": null,
          "conservation_priority": "High",
          "stakeholder_support": true,
          "scalability": null,
          "time_frame": "A few years",
          "legal_compliance": null
        },
        "Sounds promising! Are there any legal compliance issues I should be aware of?"
      ],
      [
        "No, habitat corridors generally comply with legal and regulatory requirements.",
        {
          "name": "Habitat Corridors",
          "type": "Supporting",
          "benefit": "Enhanced biodiversity and species movement",
          "cost": "Moderate",
          "geographic_region": null,
          "conservation_priority": "High",
          "stakeholder_support": true,
          "scalability": null,
          "time_frame": "A few years",
          "legal_compliance": true
        },
        "That\u2019s great to know! I think habitat corridors could be a fantastic option for my land."
      ],
      [
        "Excellent choice! Habitat corridors will really boost biodiversity on your property.",
        {
          "name": "Habitat Corridors",
          "type": "Supporting",
          "benefit": "Enhances biodiversity and allows species movement",
          "cost": null,
          "geographic_region": null,
          "conservation_priority": "High",
          "stakeholder_support": true,
          "scalability": null,
          "time_frame": "A few years",
          "legal_compliance": true
        },
        "Thank you! I'm looking forward to implementing them!"
      ]
    ],
    "preferences_code": "```python\npreferences = EcosystemServicesCriteria(\n    name='Wetland Restoration',\n    type='Supporting',\n    benefit='Biodiversity enhancement',\n    cost=220.0,\n    geographic_region='California',\n    conservation_priority='High',\n    stakeholder_support=True,\n    scalability='Local',\n    time_frame='4 years',\n    legal_compliance=True,\n)\n```",
    "red_herrings_code": "```python\necosystem_services_examples = [\n    EcosystemServiceKnowledge(\n        name='Carbon Sequestration',\n        type='Regulating',\n        benefit='Reduction of greenhouse gases',\n        cost=180.0,\n        geographic_region='California',\n        conservation_priority='High',\n        stakeholder_support=False,\n        scalability='Global',\n        time_frame='5 years',\n        legal_compliance=True,\n    ),\n    EcosystemServiceKnowledge(\n        name='Soil Erosion Control',\n        type='Regulating',\n        benefit='Improvement of soil health',\n        cost=250.0,\n        geographic_region='California',\n        conservation_priority='Medium',\n        stakeholder_support=True,\n        scalability='Regional',\n        time_frame='3 years',\n        legal_compliance=True,\n    ),\n    EcosystemServiceKnowledge(\n        name='Wetland Restoration',\n        type='Supporting',\n        benefit='Biodiversity enhancement',\n        cost=220.0,\n        geographic_region='California',\n        conservation_priority='High',\n        stakeholder_support=True,\n        scalability='Local',\n        time_frame='4 years',\n        legal_compliance=True,\n    )\n]\n```",
    "database_code": "```python\n# Global variable to hold a list of Ecosystem Service examples\necosystem_services_examples = [\n    EcosystemServiceKnowledge(\n        name=\"Pollination\",\n        type=\"Provisioning\",\n        benefit=\"Increased crop yields\",\n        cost=100.0,\n        geographic_region=\"California\",\n        conservation_priority=\"High\",\n        stakeholder_support=True,\n        scalability=\"Local\",\n        time_frame=\"1 year\",\n        legal_compliance=True\n    ),\n    EcosystemServiceKnowledge(\n        name=\"Soil Erosion Control\",\n        type=\"Regulating\",\n        benefit=\"Prevention of soil loss\",\n        cost=150.0,\n        geographic_region=\"California\",\n        conservation_priority=\"Medium\",\n        stakeholder_support=True,\n        scalability=\"Regional\",\n        time_frame=\"2 years\",\n        legal_compliance=True\n    ),\n    EcosystemServiceKnowledge(\n        name=\"Carbon Sequestration\",\n        type=\"Regulating\",\n        benefit=\"Reduction of greenhouse gases\",\n        cost=200.0,\n        geographic_region=\"California\",\n        conservation_priority=\"High\",\n        stakeholder_support=False,\n        scalability=\"Global\",\n        time_frame=\"5 years\",\n        legal_compliance=True\n    ),\n    EcosystemServiceKnowledge(\n        name=\"Water Filtration\",\n        type=\"Supporting\",\n        benefit=\"Improved water quality\",\n        cost=50.0,\n        geographic_region=\"California\",\n        conservation_priority=\"Medium\",\n        stakeholder_support=True,\n        scalability=\"Local\",\n        time_frame=\"3 years\",\n        legal_compliance=True\n    ),\n    EcosystemServiceKnowledge(\n        name=\"Biodiversity Enhancement\",\n        type=\"Cultural\",\n        benefit=\"Increased ecosystem resilience\",\n        cost=75.0,\n        geographic_region=\"California\",\n        conservation_priority=\"High\",\n        stakeholder_support=True,\n        scalability=\"Regional\",\n        time_frame=\"2 years\",\n        legal_compliance=True\n    ),\n    EcosystemServiceKnowledge(\n        name=\"Nutrient Cycling\",\n        type=\"Supporting\",\n        benefit=\"Improved soil fertility\",\n        cost=80.0,\n        geographic_region=\"California\",\n        conservation_priority=\"Medium\",\n        stakeholder_support=False,\n        scalability=\"Local\",\n        time_frame=\"1 year\",\n        legal_compliance=True\n    ),\n    EcosystemServiceKnowledge(\n        name=\"Recreational Opportunities\",\n        type=\"Cultural\",\n        benefit=\"Enhanced community well-being\",\n        cost=120.0,\n        geographic_region=\"California\",\n        conservation_priority=\"Low\",\n        stakeholder_support=True,\n        scalability=\"Regional\",\n        time_frame=\"1 year\",\n        legal_compliance=True\n    ),\n    EcosystemServiceKnowledge(\n        name=\"Flood Mitigation\",\n        type=\"Regulating\",\n        benefit=\"Reduced flood risk\",\n        cost=250.0,\n        geographic_region=\"California\",\n        conservation_priority=\"High\",\n        stakeholder_support=True,\n        scalability=\"Regional\",\n        time_frame=\"3 years\",\n        legal_compliance=True\n    ),\n    EcosystemServiceKnowledge(\n        name=\"Aesthetic Value\",\n        type=\"Cultural\",\n        benefit=\"Enhanced landscape beauty\",\n        cost=30.0,\n        geographic_region=\"California\",\n        conservation_priority=\"Low\",\n        stakeholder_support=True,\n        scalability=\"Local\",\n        time_frame=\"1 year\",\n        legal_compliance=True\n    ),\n    EcosystemServiceKnowledge(\n        name=\"Pest Control\",\n        type=\"Provisioning\",\n        benefit=\"Reduced need for chemical pesticides\",\n        cost=90.0,\n        geographic_region=\"California\",\n        conservation_priority=\"Medium\",\n        stakeholder_support=True,\n        scalability=\"Local\",\n        time_frame=\"1 year\",\n        legal_compliance=True\n    )\n]\n```",
    "goal": {
      "name": null,
      "type": "Supporting",
      "benefit": "Biodiversity enhancement",
      "cost": null,
      "geographic_region": "California",
      "conservation_priority": "High",
      "stakeholder_support": true,
      "scalability": null,
      "time_frame": null,
      "legal_compliance": true
    },
    "database": [
      {
        "name": "Biodiversity Enhancement",
        "type": "Cultural",
        "benefit": "Increased ecosystem resilience",
        "cost": 75.0,
        "geographic_region": "California",
        "conservation_priority": "High",
        "stakeholder_support": true,
        "scalability": "Regional",
        "time_frame": "2 years",
        "legal_compliance": true
      },
      {
        "name": "Flood Mitigation",
        "type": "Regulating",
        "benefit": "Reduced flood risk",
        "cost": 250.0,
        "geographic_region": "California",
        "conservation_priority": "High",
        "stakeholder_support": true,
        "scalability": "Regional",
        "time_frame": "3 years",
        "legal_compliance": true
      },
      {
        "name": "Water Filtration",
        "type": "Supporting",
        "benefit": "Improved water quality",
        "cost": 50.0,
        "geographic_region": "California",
        "conservation_priority": "Medium",
        "stakeholder_support": true,
        "scalability": "Local",
        "time_frame": "3 years",
        "legal_compliance": true
      },
      {
        "name": "Soil Erosion Control",
        "type": "Regulating",
        "benefit": "Improvement of soil health",
        "cost": 250.0,
        "geographic_region": "California",
        "conservation_priority": "Medium",
        "stakeholder_support": true,
        "scalability": "Regional",
        "time_frame": "3 years",
        "legal_compliance": true
      },
      {
        "name": "Soil Erosion Control",
        "type": "Regulating",
        "benefit": "Prevention of soil loss",
        "cost": 150.0,
        "geographic_region": "California",
        "conservation_priority": "Medium",
        "stakeholder_support": true,
        "scalability": "Regional",
        "time_frame": "2 years",
        "legal_compliance": true
      },
      {
        "name": "Recreational Opportunities",
        "type": "Cultural",
        "benefit": "Enhanced community well-being",
        "cost": 120.0,
        "geographic_region": "California",
        "conservation_priority": "Low",
        "stakeholder_support": true,
        "scalability": "Regional",
        "time_frame": "1 year",
        "legal_compliance": true
      },
      {
        "name": "Aesthetic Value",
        "type": "Cultural",
        "benefit": "Enhanced landscape beauty",
        "cost": 30.0,
        "geographic_region": "California",
        "conservation_priority": "Low",
        "stakeholder_support": true,
        "scalability": "Local",
        "time_frame": "1 year",
        "legal_compliance": true
      },
      {
        "name": "Nutrient Cycling",
        "type": "Supporting",
        "benefit": "Improved soil fertility",
        "cost": 80.0,
        "geographic_region": "California",
        "conservation_priority": "Medium",
        "stakeholder_support": false,
        "scalability": "Local",
        "time_frame": "1 year",
        "legal_compliance": true
      },
      {
        "name": "Carbon Sequestration",
        "type": "Regulating",
        "benefit": "Reduction of greenhouse gases",
        "cost": 200.0,
        "geographic_region": "California",
        "conservation_priority": "High",
        "stakeholder_support": false,
        "scalability": "Global",
        "time_frame": "5 years",
        "legal_compliance": true
      },
      {
        "name": "Wetland Restoration",
        "type": "Supporting",
        "benefit": "Biodiversity enhancement",
        "cost": 220.0,
        "geographic_region": "California",
        "conservation_priority": "High",
        "stakeholder_support": true,
        "scalability": "Local",
        "time_frame": "4 years",
        "legal_compliance": true
      },
      {
        "name": "Carbon Sequestration",
        "type": "Regulating",
        "benefit": "Reduction of greenhouse gases",
        "cost": 180.0,
        "geographic_region": "California",
        "conservation_priority": "High",
        "stakeholder_support": false,
        "scalability": "Global",
        "time_frame": "5 years",
        "legal_compliance": true
      },
      {
        "name": "Pest Control",
        "type": "Provisioning",
        "benefit": "Reduced need for chemical pesticides",
        "cost": 90.0,
        "geographic_region": "California",
        "conservation_priority": "Medium",
        "stakeholder_support": true,
        "scalability": "Local",
        "time_frame": "1 year",
        "legal_compliance": true
      },
      {
        "name": "Pollination",
        "type": "Provisioning",
        "benefit": "Increased crop yields",
        "cost": 100.0,
        "geographic_region": "California",
        "conservation_priority": "High",
        "stakeholder_support": true,
        "scalability": "Local",
        "time_frame": "1 year",
        "legal_compliance": true
      }
    ],
    "status": "complete"
  },
  {
    "domain": "Conservation Incentives",
    "turns": [
      [
        "That's awesome! Now, let\u2019s find some financial subsidies for you. Are you open to collaborating with other farmers or ranchers?",
        {
          "name": null,
          "type": "Subsidy",
          "benefit": "Financial",
          "eligibility": null,
          "duration": null,
          "geographic_focus": "California",
          "sponsoring_agency": null,
          "application_deadline": null,
          "match_requirement": null
        },
        "Yes, I\u2019m open to collaborating with others! What options do you recommend?"
      ],
      [
        "I recommend looking into subsidies from the USDA Natural Resources Conservation Service.",
        {
          "name": null,
          "type": "Subsidy",
          "benefit": "Financial",
          "eligibility": "Collaboration with other farmers or ranchers",
          "duration": null,
          "geographic_focus": "California",
          "sponsoring_agency": "USDA Natural Resources Conservation Service",
          "application_deadline": null,
          "match_requirement": null
        },
        "That sounds good! Are there specific programs you have in mind?"
      ],
      [
        "Yes, there's a subsidy program focused on collaborative partnerships involving farmers and ranchers.",
        {
          "name": null,
          "type": "Subsidy",
          "benefit": "Financial",
          "eligibility": "Collaborative partnerships involving farmers and ranchers",
          "duration": null,
          "geographic_focus": "California",
          "sponsoring_agency": "USDA Natural Resources Conservation Service",
          "application_deadline": null,
          "match_requirement": null
        },
        "That sounds promising! What are the eligibility requirements for that program?"
      ],
      [
        "The eligibility requires forming collaborative partnerships among farmers and ranchers.",
        {
          "name": null,
          "type": "Subsidy",
          "benefit": "Financial",
          "eligibility": "Forming collaborative partnerships among farmers and ranchers",
          "duration": null,
          "geographic_focus": "California",
          "sponsoring_agency": "USDA Natural Resources Conservation Service",
          "application_deadline": null,
          "match_requirement": null
        },
        "Got it! What\u2019s the application deadline for that subsidy program?"
      ],
      [
        "The application deadline for that subsidy program varies, so it's best to check regularly.",
        {
          "name": null,
          "type": "Subsidy",
          "benefit": "Financial",
          "eligibility": "Forming collaborative partnerships among farmers and ranchers",
          "duration": null,
          "geographic_focus": "California",
          "sponsoring_agency": "USDA Natural Resources Conservation Service",
          "application_deadline": "Varies",
          "match_requirement": null
        },
        "Thanks for the heads-up! Is there a matching contribution required for this subsidy?"
      ],
      [
        "Yes, a matching contribution is required for this subsidy program.",
        {
          "name": null,
          "type": "Subsidy",
          "benefit": "Financial",
          "eligibility": "Forming collaborative partnerships among farmers and ranchers",
          "duration": null,
          "geographic_focus": "California",
          "sponsoring_agency": "USDA Natural Resources Conservation Service",
          "application_deadline": "Varies, check regularly",
          "match_requirement": "Yes"
        },
        "Understood! I\u2019ll keep that in mind. I think this subsidy could really help me out!"
      ],
      [
        "Absolutely! It\u2019s a great way to support your conservation efforts.",
        {
          "name": null,
          "type": "Subsidy",
          "benefit": "Financial",
          "eligibility": "Forming collaborative partnerships among farmers and ranchers",
          "duration": null,
          "geographic_focus": "California",
          "sponsoring_agency": "USDA Natural Resources Conservation Service",
          "application_deadline": "Varies, check regularly",
          "match_requirement": "Yes"
        },
        "Thank you! I appreciate your help in finding these options!"
      ],
      [
        "You're very welcome! I'm glad I could assist you!",
        {
          "name": null,
          "type": "Subsidy",
          "benefit": "Financial",
          "eligibility": "Forming collaborative partnerships among farmers and ranchers",
          "duration": null,
          "geographic_focus": "California",
          "sponsoring_agency": "USDA Natural Resources Conservation Service",
          "application_deadline": "Varies",
          "match_requirement": "Yes"
        },
        "I\u2019m grateful for your guidance! Looking forward to getting started!"
      ],
      [
        "I'm excited for you too! Best of luck with your conservation efforts!",
        {
          "name": null,
          "type": "Subsidy",
          "benefit": "Financial",
          "eligibility": "Forming collaborative partnerships among farmers and ranchers",
          "duration": null,
          "geographic_focus": "California",
          "sponsoring_agency": "USDA Natural Resources Conservation Service",
          "application_deadline": "Varies, check regularly",
          "match_requirement": "Yes"
        },
        "Thanks! I\u2019ll keep you updated on my progress!"
      ],
      [
        "I\u2019d love that! Looking forward to hearing about your success!",
        {
          "name": null,
          "type": "Subsidy",
          "benefit": "Financial",
          "eligibility": "Forming collaborative partnerships among farmers and ranchers",
          "duration": null,
          "geographic_focus": "California",
          "sponsoring_agency": "USDA Natural Resources Conservation Service",
          "application_deadline": "Varies, check regularly",
          "match_requirement": "Yes"
        },
        "Me too! Talk soon!"
      ],
      [
        "Talk soon! Take care!",
        {
          "name": null,
          "type": "Subsidy",
          "benefit": "Financial",
          "eligibility": "Forming collaborative partnerships among farmers and ranchers",
          "duration": null,
          "geographic_focus": "California",
          "sponsoring_agency": "USDA Natural Resources Conservation Service",
          "application_deadline": "Varies, check regularly",
          "match_requirement": "Yes"
        },
        "You too! Bye!"
      ]
    ],
    "preferences_code": "```python\npreferences = ConservationIncentiveCriteria(\n    name='Regional Conservation Partnership Program (RCPP)',\n    type='Subsidy',\n    benefit='Financial',\n    eligibility='Collaborative partnerships involving farmers and ranchers',\n    duration='Long-term',\n    geographic_focus='Regional',\n    sponsoring_agency='USDA Natural Resources Conservation Service',\n    application_deadline='Varies',\n    match_requirement='Yes'\n)\n```",
    "red_herrings_code": "```python\nconservation_incentives_list = [\n    ConservationIncentive(\n        name='Conservation Stewardship Program (CSP)',\n        type='Grant',\n        benefit='Financial',\n        eligibility='Farmers and ranchers in the U.S.',\n        duration='Long-term',\n        geographic_focus='Nationwide',\n        sponsoring_agency='USDA Natural Resources Conservation Service',\n        application_deadline='Rolling',\n        match_requirement='No',\n    ),\n    ConservationIncentive(\n        name='Environmental Quality Incentives Program (EQIP)',\n        type='Subsidy',\n        benefit='Environmental',\n        eligibility='Farmers and ranchers in the U.S.',\n        duration='Short-term',\n        geographic_focus='Nationwide',\n        sponsoring_agency='USDA Natural Resources Conservation Service',\n        application_deadline='Rolling',\n        match_requirement='No',\n    ),\n    ConservationIncentive(\n        name='Regional Conservation Partnership Program (RCPP)',\n        type='Subsidy',\n        benefit='Financial',\n        eligibility='Collaborative partnerships involving farmers and ranchers',\n        duration='Long-term',\n        geographic_focus='Regional',\n        sponsoring_agency='USDA Natural Resources Conservation Service',\n        application_deadline='Varies',\n        match_requirement='Yes',\n    ),\n]\n```",
    "database_code": "```python\n# Global variable representing a list of Conservation Incentives examples\nconservation_incentives = [\n    ConservationIncentive(\n        name=\"California Wildlife Conservation Grant\",\n        type=\"Grant\",\n        benefit=\"Financial\",\n        eligibility=\"California landowners with eligible wildlife habitat\",\n        duration=\"Long-term\",\n        geographic_focus=\"California\",\n        sponsoring_agency=\"California Department of Fish and Wildlife\",\n        application_deadline=\"April 30, 2024\",\n        match_requirement=\"Yes\"\n    ),\n    ConservationIncentive(\n        name=\"Environmental Quality Incentives Program (EQIP)\",\n        type=\"Subsidy\",\n        benefit=\"Financial\",\n        eligibility=\"Farmers and ranchers in the U.S.\",\n        duration=\"Short-term\",\n        geographic_focus=\"Nationwide\",\n        sponsoring_agency=\"USDA Natural Resources Conservation Service\",\n        application_deadline=\"Rolling\",\n        match_requirement=\"No\"\n    ),\n    ConservationIncentive(\n        name=\"Conservation Stewardship Program (CSP)\",\n        type=\"Technical Assistance\",\n        benefit=\"Environmental\",\n        eligibility=\"Agricultural producers in the U.S.\",\n        duration=\"Long-term\",\n        geographic_focus=\"Nationwide\",\n        sponsoring_agency=\"USDA Natural Resources Conservation Service\",\n        application_deadline=\"Ongoing\",\n        match_requirement=\"No\"\n    ),\n    ConservationIncentive(\n        name=\"Tax Credit for Land Conservation\",\n        type=\"Tax Credit\",\n        benefit=\"Financial\",\n        eligibility=\"Landowners donating land or easements\",\n        duration=\"One-time\",\n        geographic_focus=\"Nationwide\",\n        sponsoring_agency=\"IRS\",\n        application_deadline=\"N/A\",\n        match_requirement=\"No\"\n    ),\n    ConservationIncentive(\n        name=\"Wetlands Reserve Program (WRP)\",\n        type=\"Grant\",\n        benefit=\"Environmental\",\n        eligibility=\"Landowners with wetlands\",\n        duration=\"Long-term\",\n        geographic_focus=\"Nationwide\",\n        sponsoring_agency=\"USDA Natural Resources Conservation Service\",\n        application_deadline=\"Rolling\",\n        match_requirement=\"Yes\"\n    ),\n    ConservationIncentive(\n        name=\"Forest Legacy Program\",\n        type=\"Grant\",\n        benefit=\"Financial\",\n        eligibility=\"Private forest landowners\",\n        duration=\"Long-term\",\n        geographic_focus=\"Nationwide\",\n        sponsoring_agency=\"USDA Forest Service\",\n        application_deadline=\"October 1, 2024\",\n        match_requirement=\"Yes\"\n    ),\n    ConservationIncentive(\n        name=\"Pollinator Habitat Program\",\n        type=\"Subsidy\",\n        benefit=\"Environmental\",\n        eligibility=\"Farmers and ranchers interested in pollinator habitat\",\n        duration=\"Short-term\",\n        geographic_focus=\"California\",\n        sponsoring_agency=\"California Department of Food and Agriculture\",\n        application_deadline=\"May 15, 2024\",\n        match_requirement=\"No\"\n    ),\n    ConservationIncentive(\n        name=\"Sustainable Agriculture Research and Education (SARE)\",\n        type=\"Grant\",\n        benefit=\"Financial\",\n        eligibility=\"Farmers and researchers in sustainable agriculture\",\n        duration=\"One-time\",\n        geographic_focus=\"Nationwide\",\n        sponsoring_agency=\"USDA\",\n        application_deadline=\"December 1, 2024\",\n        match_requirement=\"No\"\n    ),\n    ConservationIncentive(\n        name=\"Grassland Reserve Program (GRP)\",\n        type=\"Grant\",\n        benefit=\"Environmental\",\n        eligibility=\"Landowners with grassland ecosystems\",\n        duration=\"Long-term\",\n        geographic_focus=\"Nationwide\",\n        sponsoring_agency=\"USDA Natural Resources Conservation Service\",\n        application_deadline=\"Rolling\",\n        match_requirement=\"Yes\"\n    ),\n    ConservationIncentive(\n        name=\"Urban Tree Canopy Grant\",\n        type=\"Grant\",\n        benefit=\"Environmental\",\n        eligibility=\"Cities implementing urban forestry programs\",\n        duration=\"Short-term\",\n        geographic_focus=\"Urban areas in the U.S.\",\n        sponsoring_agency=\"USDA Forest Service\",\n        application_deadline=\"June 30, 2024\",\n        match_requirement=\"No\"\n    )\n]\n```",
    "goal": {
      "name": null,
      "type": "Subsidy",
      "benefit": "Financial",
      "eligibility": "Collaborative partnerships involving farmers and ranchers",
      "duration": "Long-term",
      "geographic_focus": "Regional",
      "sponsoring_agency": "USDA Natural Resources Conservation Service",
      "application_deadline": "Varies",
      "match_requirement": "Yes"
    },
    "database": [
      {
        "name": "Forest Legacy Program",
        "type": "Grant",
        "benefit": "Financial",
        "eligibility": "Private forest landowners",
        "duration": "Long-term",
        "geographic_focus": "Nationwide",
        "sponsoring_agency": "USDA Forest Service",
        "application_deadline": "October 1, 2024",
        "match_requirement": "Yes"
      },
      {
        "name": "Grassland Reserve Program (GRP)",
        "type": "Grant",
        "benefit": "Environmental",
        "eligibility": "Landowners with grassland ecosystems",
        "duration": "Long-term",
        "geographic_focus": "Nationwide",
        "sponsoring_agency": "USDA Natural Resources Conservation Service",
        "application_deadline": "Rolling",
        "match_requirement": "Yes"
      },
      {
        "name": "California Wildlife Conservation Grant",
        "type": "Grant",
        "benefit": "Financial",
        "eligibility": "California landowners with eligible wildlife habitat",
        "duration": "Long-term",
        "geographic_focus": "California",
        "sponsoring_agency": "California Department of Fish and Wildlife",
        "application_deadline": "April 30, 2024",
        "match_requirement": "Yes"
      },
      {
        "name": "Sustainable Agriculture Research and Education (SARE)",
        "type": "Grant",
        "benefit": "Financial",
        "eligibility": "Farmers and researchers in sustainable agriculture",
        "duration": "One-time",
        "geographic_focus": "Nationwide",
        "sponsoring_agency": "USDA",
        "application_deadline": "December 1, 2024",
        "match_requirement": "No"
      },
      {
        "name": "Urban Tree Canopy Grant",
        "type": "Grant",
        "benefit": "Environmental",
        "eligibility": "Cities implementing urban forestry programs",
        "duration": "Short-term",
        "geographic_focus": "Urban areas in the U.S.",
        "sponsoring_agency": "USDA Forest Service",
        "application_deadline": "June 30, 2024",
        "match_requirement": "No"
      },
      {
        "name": "Environmental Quality Incentives Program (EQIP)",
        "type": "Subsidy",
        "benefit": "Environmental",
        "eligibility": "Farmers and ranchers in the U.S.",
        "duration": "Short-term",
        "geographic_focus": "Nationwide",
        "sponsoring_agency": "USDA Natural Resources Conservation Service",
        "application_deadline": "Rolling",
        "match_requirement": "No"
      },
      {
        "name": "Conservation Stewardship Program (CSP)",
        "type": "Technical Assistance",
        "benefit": "Environmental",
        "eligibility": "Agricultural producers in the U.S.",
        "duration": "Long-term",
        "geographic_focus": "Nationwide",
        "sponsoring_agency": "USDA Natural Resources Conservation Service",
        "application_deadline": "Ongoing",
        "match_requirement": "No"
      },
      {
        "name": "Environmental Quality Incentives Program (EQIP)",
        "type": "Subsidy",
        "benefit": "Financial",
        "eligibility": "Farmers and ranchers in the U.S.",
        "duration": "Short-term",
        "geographic_focus": "Nationwide",
        "sponsoring_agency": "USDA Natural Resources Conservation Service",
        "application_deadline": "Rolling",
        "match_requirement": "No"
      },
      {
        "name": "Conservation Stewardship Program (CSP)",
        "type": "Grant",
        "benefit": "Financial",
        "eligibility": "Farmers and ranchers in the U.S.",
        "duration": "Long-term",
        "geographic_focus": "Nationwide",
        "sponsoring_agency": "USDA Natural Resources Conservation Service",
        "application_deadline": "Rolling",
        "match_requirement": "No"
      },
      {
        "name": "Regional Conservation Partnership Program (RCPP)",
        "type": "Subsidy",
        "benefit": "Financial",
        "eligibility": "Collaborative partnerships involving farmers and ranchers",
        "duration": "Long-term",
        "geographic_focus": "Regional",
        "sponsoring_agency": "USDA Natural Resources Conservation Service",
        "application_deadline": "Varies",
        "match_requirement": "Yes"
      },
      {
        "name": "Wetlands Reserve Program (WRP)",
        "type": "Grant",
        "benefit": "Environmental",
        "eligibility": "Landowners with wetlands",
        "duration": "Long-term",
        "geographic_focus": "Nationwide",
        "sponsoring_agency": "USDA Natural Resources Conservation Service",
        "application_deadline": "Rolling",
        "match_requirement": "Yes"
      },
      {
        "name": "Tax Credit for Land Conservation",
        "type": "Tax Credit",
        "benefit": "Financial",
        "eligibility": "Landowners donating land or easements",
        "duration": "One-time",
        "geographic_focus": "Nationwide",
        "sponsoring_agency": "IRS",
        "application_deadline": "N/A",
        "match_requirement": "No"
      },
      {
        "name": "Pollinator Habitat Program",
        "type": "Subsidy",
        "benefit": "Environmental",
        "eligibility": "Farmers and ranchers interested in pollinator habitat",
        "duration": "Short-term",
        "geographic_focus": "California",
        "sponsoring_agency": "California Department of Food and Agriculture",
        "application_deadline": "May 15, 2024",
        "match_requirement": "No"
      }
    ],
    "status": "complete"
  }
]