[
  {
    "searcher": "Conservation Biologist",
    "recommender": "Landowner",
    "dialogue": "A conservation biologist is consulting with a landowner to choose sustainable land practices, ecosystem services, and conservation incentives.",
    "item_type": "Sustainable Land Practices",
    "criteria": [
      "Type",
      "Benefit",
      "Cost"
    ],
    "searcher_schema_code": "```python\nfrom dataclasses import dataclass\nfrom typing import Optional, Literal\n\n@dataclass\nclass SustainableLandPracticeCriteria:\n    \"\"\"\n    A dataclass to represent the criteria and preferences for finding Sustainable Land Practices.\n    Each field corresponds to an optional preference or criterion.\n    \"\"\"\n\n    name: Optional[str] = None\n    \"\"\"The specific name of a Sustainable Land Practice, if known.\"\"\"\n\n    practice_type: Optional[Literal['crop rotation', 'agroforestry', 'conservation tillage', 'cover cropping']] = None\n    \"\"\"The type of Sustainable Land Practice being considered.\"\"\"\n\n    benefit: Optional[Literal['soil health', 'biodiversity', 'water conservation', 'carbon sequestration']] = None\n    \"\"\"The primary environmental or ecosystem benefit of the practice.\"\"\"\n\n    cost_range: Optional[Literal['low', 'medium', 'high']] = None\n    \"\"\"The cost range associated with implementing the practice.\"\"\"\n\n    implementation_difficulty: Optional[Literal['easy', 'moderate', 'challenging']] = None\n    \"\"\"The difficulty level of implementing the practice on the land.\"\"\"\n\n    maintenance: Optional[Literal['low', 'medium', 'high']] = None\n    \"\"\"The level of ongoing maintenance required for the practice.\"\"\"\n\n    incentives_available: Optional[bool] = None\n    \"\"\"Specify if there are incentives available for adopting the practice.\"\"\"\n\n    region_suitability: Optional[str] = None\n    \"\"\"The geographical region where the practice is most suitable or recommended.\"\"\"\n\n    land_size_requirement: Optional[Literal['small', 'medium', 'large']] = None\n    \"\"\"The size of land required to effectively implement the practice.\"\"\"\n```",
    "recommender_schema_code": "```python\nfrom dataclasses import dataclass\nfrom typing import Optional, Literal\n\n@dataclass\nclass LandownerKnowledge:\n    \"\"\"\n    A dataclass to represent the Landowner's knowledge of a specific Sustainable Land Practice.\n    It mirrors the SustainableLandPracticeCriteria dataclass to allow comparison of known attributes.\n    \"\"\"\n\n    name: Optional[str] = None\n    \"\"\"The specific name of a Sustainable Land Practice known by the landowner.\"\"\"\n\n    practice_type: Optional[Literal['crop rotation', 'agroforestry', 'conservation tillage', 'cover cropping']] = None\n    \"\"\"The type of Sustainable Land Practice known by the landowner.\"\"\"\n\n    benefit: Optional[Literal['soil health', 'biodiversity', 'water conservation', 'carbon sequestration']] = None\n    \"\"\"The primary environmental or ecosystem benefit known by the landowner.\"\"\"\n\n    cost_range: Optional[Literal['low', 'medium', 'high']] = None\n    \"\"\"The cost range known by the landowner.\"\"\"\n\n    implementation_difficulty: Optional[Literal['easy', 'moderate', 'challenging']] = None\n    \"\"\"The difficulty level of implementation known by the landowner.\"\"\"\n\n    maintenance: Optional[Literal['low', 'medium', 'high']] = None\n    \"\"\"The level of ongoing maintenance known by the landowner.\"\"\"\n\n    incentives_available: Optional[bool] = None\n    \"\"\"Whether incentives are known to be available by the landowner.\"\"\"\n\n    region_suitability: Optional[str] = None\n    \"\"\"The geographical region where the practice is known to be suitable.\"\"\"\n\n    land_size_requirement: Optional[Literal['small', 'medium', 'large']] = None\n    \"\"\"The size of land required known by the landowner.\"\"\"\n\n    def matches_criteria(self, criteria: SustainableLandPracticeCriteria) -> bool:\n        \"\"\"\n        Checks if the landowner's knowledge matches the given Sustainable Land Practice criteria.\n        \n        Args:\n            criteria (SustainableLandPracticeCriteria): The criteria to match against.\n        \n        Returns:\n            bool: True if all specified criteria match the known attributes, False otherwise.\n        \"\"\"\n        \n        # Iterate over each field in the criteria and compare it with the corresponding field in the LandownerKnowledge\n        for field in criteria.__dataclass_fields__:\n            criteria_value = getattr(criteria, field)\n            knowledge_value = getattr(self, field)\n            \n            # If a criteria value is specified, it must match the knowledge value\n            if criteria_value is not None and criteria_value != knowledge_value:\n                return False\n        \n        return True\n```\n",
    "searcher_schema": {
      "name": {
        "type": "typing.Optional[str]",
        "desc": "The specific name of a Sustainable Land Practice, if known."
      },
      "practice_type": {
        "type": "typing.Optional[typing.Literal['crop rotation', 'agroforestry', 'conservation tillage', 'cover cropping']]",
        "desc": "The type of Sustainable Land Practice being considered."
      },
      "benefit": {
        "type": "typing.Optional[typing.Literal['soil health', 'biodiversity', 'water conservation', 'carbon sequestration']]",
        "desc": "The primary environmental or ecosystem benefit of the practice."
      },
      "cost_range": {
        "type": "typing.Optional[typing.Literal['low', 'medium', 'high']]",
        "desc": "The cost range associated with implementing the practice."
      },
      "implementation_difficulty": {
        "type": "typing.Optional[typing.Literal['easy', 'moderate', 'challenging']]",
        "desc": "The difficulty level of implementing the practice on the land."
      },
      "maintenance": {
        "type": "typing.Optional[typing.Literal['low', 'medium', 'high']]",
        "desc": "The level of ongoing maintenance required for the practice."
      },
      "incentives_available": {
        "type": "typing.Optional[bool]",
        "desc": "Specify if there are incentives available for adopting the practice."
      },
      "region_suitability": {
        "type": "typing.Optional[str]",
        "desc": "The geographical region where the practice is most suitable or recommended."
      },
      "land_size_requirement": {
        "type": "typing.Optional[typing.Literal['small', 'medium', 'large']]",
        "desc": "The size of land required to effectively implement the practice."
      }
    }
  },
  {
    "searcher": "Conservation Biologist",
    "recommender": "Landowner",
    "dialogue": "A conservation biologist is consulting with a landowner to choose sustainable land practices, ecosystem services, and conservation incentives.",
    "item_type": "Ecosystem Services",
    "criteria": [
      "Type",
      "Benefit",
      "Cost"
    ],
    "searcher_schema_code": "```python\nfrom dataclasses import dataclass\nfrom typing import Optional, Literal\n\n@dataclass\nclass EcosystemServicesCriteria:\n    \"\"\"\n    A dataclass to represent the criteria and preferences for finding an Ecosystem Service.\n    \"\"\"\n    \n    name: Optional[str] = None\n    \"\"\"The specific name of the Ecosystem Service being searched for.\"\"\"\n    \n    type: Optional[Literal['Provisioning', 'Regulating', 'Cultural', 'Supporting']] = None\n    \"\"\"The type of Ecosystem Service, with possible values: 'Provisioning', 'Regulating', 'Cultural', or 'Supporting'.\"\"\"\n    \n    benefit: Optional[str] = None\n    \"\"\"The benefits provided by the Ecosystem Service, such as 'carbon sequestration', 'water purification', etc.\"\"\"\n    \n    cost: Optional[float] = None\n    \"\"\"The cost associated with implementing or maintaining the Ecosystem Service.\"\"\"\n    \n    geographic_region: Optional[str] = None\n    \"\"\"The geographic region where the Ecosystem Service is implemented or considered.\"\"\"\n    \n    conservation_priority: Optional[Literal['Low', 'Medium', 'High']] = None\n    \"\"\"The priority level for conservation, with possible values: 'Low', 'Medium', or 'High'.\"\"\"\n    \n    stakeholder_support: Optional[bool] = None\n    \"\"\"Indicates whether there is stakeholder support for the Ecosystem Service.\"\"\"\n    \n    scalability: Optional[Literal['Local', 'Regional', 'Global']] = None\n    \"\"\"The scalability level of the Ecosystem Service, with possible values: 'Local', 'Regional', or 'Global'.\"\"\"\n    \n    time_frame: Optional[str] = None\n    \"\"\"The time frame required for the Ecosystem Service to show tangible results.\"\"\"\n    \n    legal_compliance: Optional[bool] = None\n    \"\"\"Indicates if the Ecosystem Service complies with legal and regulatory requirements.\"\"\"\n```\n",
    "recommender_schema_code": "```python\nfrom dataclasses import dataclass\nfrom typing import Optional, Literal\n\n@dataclass\nclass EcosystemServiceKnowledge:\n    \"\"\"\n    A dataclass to represent the Landowner's knowledge of an Ecosystem Service.\n    \"\"\"\n    \n    name: Optional[str] = None\n    \"\"\"The specific name of the Ecosystem Service the Landowner knows about.\"\"\"\n\n    type: Optional[Literal['Provisioning', 'Regulating', 'Cultural', 'Supporting']] = None\n    \"\"\"The type of Ecosystem Service known to the Landowner.\"\"\"\n\n    benefit: Optional[str] = None\n    \"\"\"The benefits provided by the Ecosystem Service known to the Landowner.\"\"\"\n\n    cost: Optional[float] = None\n    \"\"\"The cost known to the Landowner associated with the Ecosystem Service.\"\"\"\n\n    geographic_region: Optional[str] = None\n    \"\"\"The geographic region known to the Landowner where the Ecosystem Service is implemented.\"\"\"\n\n    conservation_priority: Optional[Literal['Low', 'Medium', 'High']] = None\n    \"\"\"The conservation priority level known to the Landowner.\"\"\"\n\n    stakeholder_support: Optional[bool] = None\n    \"\"\"The Landowner's knowledge of whether there is stakeholder support for the Ecosystem Service.\"\"\"\n\n    scalability: Optional[Literal['Local', 'Regional', 'Global']] = None\n    \"\"\"The scalability level known to the Landowner of the Ecosystem Service.\"\"\"\n\n    time_frame: Optional[str] = None\n    \"\"\"The time frame known to the Landowner required for the Ecosystem Service to show results.\"\"\"\n\n    legal_compliance: Optional[bool] = None\n    \"\"\"The Landowner's knowledge of the Ecosystem Service's compliance with legal and regulatory requirements.\"\"\"\n\n    def matches_criteria(self, criteria: EcosystemServicesCriteria) -> bool:\n        \"\"\"\n        Checks if the Landowner's knowledge of the Ecosystem Service matches the given search criteria.\n        \n        :param criteria: EcosystemServicesCriteria object with desired characteristics.\n        :return: True if the known service matches the criteria; otherwise, False.\n        \"\"\"\n        if criteria.name is not None and self.name != criteria.name:\n            return False\n        if criteria.type is not None and self.type != criteria.type:\n            return False\n        if criteria.benefit is not None and self.benefit != criteria.benefit:\n            return False\n        if criteria.cost is not None and self.cost != criteria.cost:\n            return False\n        if criteria.geographic_region is not None and self.geographic_region != criteria.geographic_region:\n            return False\n        if criteria.conservation_priority is not None and self.conservation_priority != criteria.conservation_priority:\n            return False\n        if criteria.stakeholder_support is not None and self.stakeholder_support != criteria.stakeholder_support:\n            return False\n        if criteria.scalability is not None and self.scalability != criteria.scalability:\n            return False\n        if criteria.time_frame is not None and self.time_frame != criteria.time_frame:\n            return False\n        if criteria.legal_compliance is not None and self.legal_compliance != criteria.legal_compliance:\n            return False\n        return True\n```",
    "searcher_schema": {
      "name": {
        "type": "typing.Optional[str]",
        "desc": "The specific name of the Ecosystem Service being searched for."
      },
      "type": {
        "type": "typing.Optional[typing.Literal['Provisioning', 'Regulating', 'Cultural', 'Supporting']]",
        "desc": "The type of Ecosystem Service, with possible values: 'Provisioning', 'Regulating', 'Cultural', or 'Supporting'."
      },
      "benefit": {
        "type": "typing.Optional[str]",
        "desc": "The benefits provided by the Ecosystem Service, such as 'carbon sequestration', 'water purification', etc."
      },
      "cost": {
        "type": "typing.Optional[float]",
        "desc": "The cost associated with implementing or maintaining the Ecosystem Service."
      },
      "geographic_region": {
        "type": "typing.Optional[str]",
        "desc": "The geographic region where the Ecosystem Service is implemented or considered."
      },
      "conservation_priority": {
        "type": "typing.Optional[typing.Literal['High', 'Medium', 'Low']]",
        "desc": "The priority level for conservation, with possible values: 'Low', 'Medium', or 'High'."
      },
      "stakeholder_support": {
        "type": "typing.Optional[bool]",
        "desc": "Indicates whether there is stakeholder support for the Ecosystem Service."
      },
      "scalability": {
        "type": "typing.Optional[typing.Literal['Local', 'Regional', 'Global']]",
        "desc": "The scalability level of the Ecosystem Service, with possible values: 'Local', 'Regional', or 'Global'."
      },
      "time_frame": {
        "type": "typing.Optional[str]",
        "desc": "The time frame required for the Ecosystem Service to show tangible results."
      },
      "legal_compliance": {
        "type": "typing.Optional[bool]",
        "desc": "Indicates if the Ecosystem Service complies with legal and regulatory requirements."
      }
    }
  },
  {
    "searcher": "Conservation Biologist",
    "recommender": "Landowner",
    "dialogue": "A conservation biologist is consulting with a landowner to choose sustainable land practices, ecosystem services, and conservation incentives.",
    "item_type": "Conservation Incentives",
    "criteria": [
      "Type",
      "Benefit",
      "Eligibility"
    ],
    "searcher_schema_code": "```python\nfrom dataclasses import dataclass\nfrom typing import Optional, Literal\n\n@dataclass\nclass ConservationIncentiveCriteria:\n    \"\"\"\n    Represents the criteria and preferences for finding a conservation incentive.\n    \"\"\"\n\n    name: Optional[str] = None\n    \"\"\"A specific name of the conservation incentive to look for.\"\"\"\n\n    type: Optional[Literal['Tax Credit', 'Grant', 'Subsidy', 'Technical Assistance']] = None\n    \"\"\"The type of conservation incentive preferred, chosen from a fixed set of options.\"\"\"\n\n    benefit: Optional[Literal['Financial', 'Environmental', 'Social']] = None\n    \"\"\"The primary benefit of the conservation incentive, selected from predefined options.\"\"\"\n\n    eligibility: Optional[str] = None\n    \"\"\"Criteria or description of eligibility requirements for the conservation incentive.\"\"\"\n\n    duration: Optional[Literal['Short-term', 'Long-term', 'One-time']] = None\n    \"\"\"The expected duration of the incentive's impact or support, from predefined choices.\"\"\"\n\n    geographic_focus: Optional[str] = None\n    \"\"\"A description of the geographic focus or area of applicability for the incentive.\"\"\"\n\n    sponsoring_agency: Optional[str] = None\n    \"\"\"The name of the agency or organization sponsoring the conservation incentive.\"\"\"\n\n    application_deadline: Optional[str] = None\n    \"\"\"Information on application deadlines for the conservation incentive, if applicable.\"\"\"\n\n    match_requirement: Optional[Literal['Yes', 'No']] = None\n    \"\"\"Indicates whether a matching contribution is required for the incentive.\"\"\"\n```\n",
    "recommender_schema_code": "```python\nfrom dataclasses import dataclass\nfrom typing import Optional, Literal\n\n@dataclass\nclass ConservationIncentive:\n    \"\"\"\n    Represents the landowner's knowledge of a specific conservation incentive.\n    \"\"\"\n\n    name: Optional[str] = None\n    \"\"\"The name of the conservation incentive.\"\"\"\n\n    type: Optional[Literal['Tax Credit', 'Grant', 'Subsidy', 'Technical Assistance']] = None\n    \"\"\"The type of conservation incentive.\"\"\"\n\n    benefit: Optional[Literal['Financial', 'Environmental', 'Social']] = None\n    \"\"\"The primary benefit of the conservation incentive.\"\"\"\n\n    eligibility: Optional[str] = None\n    \"\"\"Eligibility requirements for the conservation incentive.\"\"\"\n\n    duration: Optional[Literal['Short-term', 'Long-term', 'One-time']] = None\n    \"\"\"The expected duration of the incentive's impact or support.\"\"\"\n\n    geographic_focus: Optional[str] = None\n    \"\"\"The geographic focus or area of applicability for the incentive.\"\"\"\n\n    sponsoring_agency: Optional[str] = None\n    \"\"\"The agency or organization sponsoring the conservation incentive.\"\"\"\n\n    application_deadline: Optional[str] = None\n    \"\"\"Application deadline for the conservation incentive.\"\"\"\n\n    match_requirement: Optional[Literal['Yes', 'No']] = None\n    \"\"\"Whether a matching contribution is required for the incentive.\"\"\"\n\n    def matches_criteria(self, criteria: ConservationIncentiveCriteria) -> bool:\n        \"\"\"\n        Determines if this conservation incentive matches the given search criteria.\n        \n        :param criteria: The search criteria to match against.\n        :return: True if the incentive matches all specified criteria, False otherwise.\n        \"\"\"\n        if criteria.name and self.name != criteria.name:\n            return False\n        if criteria.type and self.type != criteria.type:\n            return False\n        if criteria.benefit and self.benefit != criteria.benefit:\n            return False\n        if criteria.eligibility and self.eligibility != criteria.eligibility:\n            return False\n        if criteria.duration and self.duration != criteria.duration:\n            return False\n        if criteria.geographic_focus and self.geographic_focus != criteria.geographic_focus:\n            return False\n        if criteria.sponsoring_agency and self.sponsoring_agency != criteria.sponsoring_agency:\n            return False\n        if criteria.application_deadline and self.application_deadline != criteria.application_deadline:\n            return False\n        if criteria.match_requirement and self.match_requirement != criteria.match_requirement:\n            return False\n        return True\n```",
    "searcher_schema": {
      "name": {
        "type": "typing.Optional[str]",
        "desc": "A specific name of the conservation incentive to look for."
      },
      "type": {
        "type": "typing.Optional[typing.Literal['Tax Credit', 'Grant', 'Subsidy', 'Technical Assistance']]",
        "desc": "The type of conservation incentive preferred, chosen from a fixed set of options."
      },
      "benefit": {
        "type": "typing.Optional[typing.Literal['Financial', 'Environmental', 'Social']]",
        "desc": "The primary benefit of the conservation incentive, selected from predefined options."
      },
      "eligibility": {
        "type": "typing.Optional[str]",
        "desc": "Criteria or description of eligibility requirements for the conservation incentive."
      },
      "duration": {
        "type": "typing.Optional[typing.Literal['Short-term', 'Long-term', 'One-time']]",
        "desc": "The expected duration of the incentive's impact or support, from predefined choices."
      },
      "geographic_focus": {
        "type": "typing.Optional[str]",
        "desc": "A description of the geographic focus or area of applicability for the incentive."
      },
      "sponsoring_agency": {
        "type": "typing.Optional[str]",
        "desc": "The name of the agency or organization sponsoring the conservation incentive."
      },
      "application_deadline": {
        "type": "typing.Optional[str]",
        "desc": "Information on application deadlines for the conservation incentive, if applicable."
      },
      "match_requirement": {
        "type": "typing.Optional[typing.Literal['Yes', 'No']]",
        "desc": "Indicates whether a matching contribution is required for the incentive."
      }
    }
  }
]