[
  {
    "domain": "Wardrobe Selections",
    "turns": [
      [
        "I'm looking for some everyday outfits. What styles do you suggest?",
        {
          "name": null,
          "color": null,
          "style": "casual",
          "occasion": "everyday",
          "material": null,
          "pattern": null,
          "season": null,
          "price_range": null
        },
        "I suggest casual or sporty styles for everyday outfits. Do you have a color preference?"
      ],
      [
        "Not really, I'm open to any color. What about materials?",
        {
          "name": null,
          "color": null,
          "style": "casual",
          "occasion": "everyday",
          "material": null,
          "pattern": null,
          "season": null,
          "price_range": null
        },
        "Cotton and polyester are great for everyday wear. Any specific patterns you like?"
      ],
      [
        "I prefer striped patterns. How about the season?",
        {
          "name": null,
          "color": null,
          "style": "casual",
          "occasion": "everyday",
          "material": "cotton",
          "pattern": "striped",
          "season": null,
          "price_range": null
        },
        "For everyday outfits, autumn or winter would be ideal. Does that work for you?"
      ],
      [
        "Yes, autumn works perfectly! What price range are you considering?",
        {
          "name": null,
          "color": null,
          "style": "casual",
          "occasion": "everyday",
          "material": "cotton",
          "pattern": "striped",
          "season": "autumn",
          "price_range": null
        },
        "Are you looking for something in the $30 to $90 range?"
      ],
      [
        "I'd like to keep it between $30 and $70. Can we find options in that range?",
        {
          "name": null,
          "color": null,
          "style": "casual",
          "occasion": "everyday",
          "material": "cotton and polyester",
          "pattern": "striped",
          "season": "autumn",
          "price_range": "$30 to $70"
        },
        "Sure! You might like the Checked Pants or the Plaid Trousers. Would you like to know more about either?"
      ],
      [
        "I\u2019m interested in the Checked Pants. What details can you share?",
        {
          "name": null,
          "color": null,
          "style": "casual",
          "occasion": "everyday",
          "material": "cotton",
          "pattern": "striped",
          "season": "autumn",
          "price_range": "$30 to $70"
        },
        "The Checked Pants are brown, casual, made of cotton, suitable for autumn, and priced between $40 and $80. Does that sound good?"
      ],
      [
        "That sounds great! How would you style the Checked Pants?",
        {
          "name": null,
          "color": null,
          "style": "casual",
          "occasion": "everyday",
          "material": "cotton",
          "pattern": "checked",
          "season": "autumn",
          "price_range": "$30 to $70"
        },
        "You could pair them with a simple white t-shirt and a denim jacket for a casual look. How does that sound?"
      ],
      [
        "That sounds perfect! What accessories would you recommend?",
        {
          "name": null,
          "color": null,
          "style": "casual",
          "occasion": "everyday",
          "material": "cotton",
          "pattern": "striped",
          "season": "autumn",
          "price_range": "$30 to $70"
        },
        "I recommend some white sneakers and a crossbody bag for a chic touch. Would you like to add any jewelry?"
      ],
      [
        "A simple watch would be nice. Does that complete the look?",
        {
          "name": null,
          "color": null,
          "style": "casual",
          "occasion": "everyday",
          "material": "cotton",
          "pattern": "checked",
          "season": "autumn",
          "price_range": "$30 to $70"
        },
        "Yes, a simple watch would definitely complete the look! You're all set!"
      ]
    ],
    "preferences_code": "```python\npreferences = WardrobeSelectionCriteria(\n    name=None,\n    color='brown',\n    style='casual',\n    occasion='everyday',\n    material='linen',\n    pattern='striped',\n    season='autumn',\n    price_range='$30-$70',\n)\n```",
    "red_herrings_code": "```python\n# Global variable containing a list of similar WardrobeSelection examples\nsimilar_wardrobe_selections = [\n    WardrobeSelection(\n        name='Checked Pants',\n        color='black',\n        style='casual',\n        occasion='everyday',\n        material='cotton',\n        pattern='checked',\n        season='autumn',\n        price_range='$50-$90',\n    ),\n    WardrobeSelection(\n        name='Plaid Trousers',\n        color='brown',\n        style='casual',\n        occasion='everyday',\n        material='linen',\n        pattern='striped',\n        season='autumn',\n        price_range='$30-$70',\n    ),\n    WardrobeSelection(\n        name='Checked Trousers',\n        color='brown',\n        style='formal',\n        occasion='office',\n        material='wool',\n        pattern='checked',\n        season='autumn',\n        price_range='$60-$100',\n    )\n]\n```",
    "database_code": "```python\n# Global variable representing a list of wardrobe selections examples\nwardrobe_selections = [\n    WardrobeSelection(name=\"Summer Dress\", color=\"red\", style=\"casual\", occasion=\"beach\", material=\"cotton\", pattern=\"floral\", season=\"summer\", price_range=\"$50-$100\"),\n    WardrobeSelection(name=\"Office Blazer\", color=\"navy\", style=\"formal\", occasion=\"office\", material=\"wool\", pattern=\"solid\", season=\"autumn\", price_range=\"$100-$200\"),\n    WardrobeSelection(name=\"Party Skirt\", color=\"black\", style=\"formal\", occasion=\"party\", material=\"silk\", pattern=\"solid\", season=\"spring\", price_range=\"$75-$150\"),\n    WardrobeSelection(name=\"Sporty Tracksuit\", color=\"gray\", style=\"sporty\", occasion=\"everyday\", material=\"polyester\", pattern=\"striped\", season=\"winter\", price_range=\"$40-$90\"),\n    WardrobeSelection(name=\"Vintage T-Shirt\", color=\"white\", style=\"vintage\", occasion=\"everyday\", material=\"cotton\", pattern=\"checked\", season=\"summer\", price_range=\"$20-$50\"),\n    WardrobeSelection(name=\"Bohemian Maxi Dress\", color=\"green\", style=\"bohemian\", occasion=\"party\", material=\"linen\", pattern=\"floral\", season=\"spring\", price_range=\"$60-$120\"),\n    WardrobeSelection(name=\"Casual Shorts\", color=\"blue\", style=\"casual\", occasion=\"beach\", material=\"denim\", pattern=\"solid\", season=\"summer\", price_range=\"$30-$70\"),\n    WardrobeSelection(name=\"Formal Suit\", color=\"black\", style=\"formal\", occasion=\"wedding\", material=\"wool\", pattern=\"solid\", season=\"autumn\", price_range=\"$200-$400\"),\n    WardrobeSelection(name=\"Floral Blouse\", color=\"pink\", style=\"bohemian\", occasion=\"office\", material=\"silk\", pattern=\"floral\", season=\"spring\", price_range=\"$50-$100\"),\n    WardrobeSelection(name=\"Checked Pants\", color=\"brown\", style=\"casual\", occasion=\"everyday\", material=\"cotton\", pattern=\"checked\", season=\"autumn\", price_range=\"$40-$80\")\n]\n```",
    "goal": {
      "name": null,
      "color": null,
      "style": null,
      "occasion": "everyday",
      "material": "linen",
      "pattern": "striped",
      "season": "autumn",
      "price_range": "$30-$70"
    },
    "database": [
      {
        "name": "Sporty Tracksuit",
        "color": "gray",
        "style": "sporty",
        "occasion": "everyday",
        "material": "polyester",
        "pattern": "striped",
        "season": "winter",
        "price_range": "$40-$90"
      },
      {
        "name": "Checked Pants",
        "color": "black",
        "style": "casual",
        "occasion": "everyday",
        "material": "cotton",
        "pattern": "checked",
        "season": "autumn",
        "price_range": "$50-$90"
      },
      {
        "name": "Casual Shorts",
        "color": "blue",
        "style": "casual",
        "occasion": "beach",
        "material": "denim",
        "pattern": "solid",
        "season": "summer",
        "price_range": "$30-$70"
      },
      {
        "name": "Formal Suit",
        "color": "black",
        "style": "formal",
        "occasion": "wedding",
        "material": "wool",
        "pattern": "solid",
        "season": "autumn",
        "price_range": "$200-$400"
      },
      {
        "name": "Office Blazer",
        "color": "navy",
        "style": "formal",
        "occasion": "office",
        "material": "wool",
        "pattern": "solid",
        "season": "autumn",
        "price_range": "$100-$200"
      },
      {
        "name": "Bohemian Maxi Dress",
        "color": "green",
        "style": "bohemian",
        "occasion": "party",
        "material": "linen",
        "pattern": "floral",
        "season": "spring",
        "price_range": "$60-$120"
      },
      {
        "name": "Plaid Trousers",
        "color": "brown",
        "style": "casual",
        "occasion": "everyday",
        "material": "linen",
        "pattern": "striped",
        "season": "autumn",
        "price_range": "$30-$70"
      },
      {
        "name": "Checked Trousers",
        "color": "brown",
        "style": "formal",
        "occasion": "office",
        "material": "wool",
        "pattern": "checked",
        "season": "autumn",
        "price_range": "$60-$100"
      },
      {
        "name": "Floral Blouse",
        "color": "pink",
        "style": "bohemian",
        "occasion": "office",
        "material": "silk",
        "pattern": "floral",
        "season": "spring",
        "price_range": "$50-$100"
      },
      {
        "name": "Checked Pants",
        "color": "brown",
        "style": "casual",
        "occasion": "everyday",
        "material": "cotton",
        "pattern": "checked",
        "season": "autumn",
        "price_range": "$40-$80"
      },
      {
        "name": "Summer Dress",
        "color": "red",
        "style": "casual",
        "occasion": "beach",
        "material": "cotton",
        "pattern": "floral",
        "season": "summer",
        "price_range": "$50-$100"
      },
      {
        "name": "Vintage T-Shirt",
        "color": "white",
        "style": "vintage",
        "occasion": "everyday",
        "material": "cotton",
        "pattern": "checked",
        "season": "summer",
        "price_range": "$20-$50"
      },
      {
        "name": "Party Skirt",
        "color": "black",
        "style": "formal",
        "occasion": "party",
        "material": "silk",
        "pattern": "solid",
        "season": "spring",
        "price_range": "$75-$150"
      }
    ],
    "status": "complete"
  },
  {
    "domain": "Stylistic Influences",
    "turns": [
      [
        "Thanks! Now, I'm curious about some vintage styles. What do you think about the 70s and 80s influences?",
        {
          "name": null,
          "influence": null,
          "era": null,
          "origin": null,
          "style_type": "casual",
          "color_palette": null,
          "key_designers": null,
          "fabric_preference": "cotton",
          "accessory_focus": "simple watch"
        },
        "The 70s and 80s had vibrant colors and bold patterns, perfect for a retro vibe! Interested in exploring that further?"
      ],
      [
        "Absolutely! What specific pieces do you recommend for that vibe?",
        {
          "name": null,
          "influence": null,
          "era": null,
          "origin": null,
          "style_type": "casual",
          "color_palette": null,
          "key_designers": null,
          "fabric_preference": "cotton",
          "accessory_focus": "simple watch"
        },
        "I recommend high-waisted jeans, oversized blazers, and graphic tees for a 70s and 80s look. Sound good?"
      ],
      [
        "That sounds fantastic! What about accessories for that style?",
        {
          "name": null,
          "influence": "casual",
          "era": null,
          "origin": null,
          "style_type": "casual",
          "color_palette": null,
          "key_designers": null,
          "fabric_preference": "cotton",
          "accessory_focus": "simple watch"
        },
        "Chunky jewelry and retro sunglasses would be great accessories for that style! What do you think?"
      ],
      [
        "I love that idea! Can we finalize this vintage 70s and 80s look?",
        {
          "name": null,
          "influence": "vintage",
          "era": null,
          "origin": null,
          "style_type": "vintage",
          "color_palette": null,
          "key_designers": null,
          "fabric_preference": "cotton",
          "accessory_focus": "chunky jewelry and retro sunglasses"
        },
        "Absolutely! You've got high-waisted jeans, an oversized blazer, a graphic tee, chunky jewelry, and retro sunglasses. Ready to rock it?"
      ]
    ],
    "preferences_code": "```python\npreferences = StylisticInfluencesCriteria(\n    name='Retro',\n    influence='Nostalgic styles from the 70s and 80s',\n    era=1970,\n    origin='Global',\n    style_type='vintage',\n    color_palette='Bright colors',\n    key_designers='Yves Saint Laurent, Halston',\n    fabric_preference='cotton',\n    accessory_focus='Chunky jewelry',\n)\n```",
    "red_herrings_code": "```python\n# Global variable containing a list of similar Stylistic Influences examples\nsimilar_stylistic_influences = [\n    StylisticInfluencesKnowledge(\n        name='Retro',\n        influence='Nostalgic styles from the 70s and 80s',\n        era=1970,\n        origin='Global',\n        style_type='vintage',\n        color_palette='Bright colors',\n        key_designers='Yves Saint Laurent, Halston',\n        fabric_preference='cotton',\n        accessory_focus='Chunky jewelry'\n    ),\n    StylisticInfluencesKnowledge(\n        name='Classic',\n        influence='Timeless styles that never go out of fashion',\n        era=1950,\n        origin='Global',\n        style_type='formal',\n        color_palette='Neutral tones',\n        key_designers='Givenchy, Balenciaga',\n        fabric_preference='wool',\n        accessory_focus='Brooches, scarves'\n    ),\n    StylisticInfluencesKnowledge(\n        name='Bohemian',\n        influence='Free-spirited styles with an artistic flair',\n        era=1960,\n        origin='Global',\n        style_type='bohemian',\n        color_palette='Earthy tones',\n        key_designers='Etro, Free People',\n        fabric_preference='cotton',\n        accessory_focus='Fringe bags, layered necklaces'\n    )\n]\n```",
    "database_code": "```python\n# Global variable to hold a list of Stylistic Influences examples\nstylistic_influences_list = [\n    StylisticInfluencesKnowledge(\n        name=\"Minimalism\",\n        influence=\"Simplicity and functionality\",\n        era=1990,\n        origin=\"Global\",\n        style_type='casual',\n        color_palette=\"Neutral tones\",\n        key_designers=\"Jil Sander, Calvin Klein\",\n        fabric_preference='cotton',\n        accessory_focus=\"Simple jewelry\"\n    ),\n    StylisticInfluencesKnowledge(\n        name=\"Bohemian\",\n        influence=\"Free-spirited and artistic\",\n        era=1960,\n        origin=\"Global\",\n        style_type='bohemian',\n        color_palette=\"Earthy tones\",\n        key_designers=\"Etro, Free People\",\n        fabric_preference='cotton',\n        accessory_focus=\"Layered necklaces, hats\"\n    ),\n    StylisticInfluencesKnowledge(\n        name=\"Vintage\",\n        influence=\"Classic styles from past decades\",\n        era=1920,\n        origin=\"Global\",\n        style_type='vintage',\n        color_palette=\"Muted colors\",\n        key_designers=\"Chanel, Dior\",\n        fabric_preference='silk',\n        accessory_focus=\"Pearls, gloves\"\n    ),\n    StylisticInfluencesKnowledge(\n        name=\"Avant-Garde\",\n        influence=\"Experimental and innovative\",\n        era=2000,\n        origin=\"Global\",\n        style_type='avant-garde',\n        color_palette=\"Bold colors\",\n        key_designers=\"Issey Miyake, Alexander McQueen\",\n        fabric_preference='synthetic',\n        accessory_focus=\"Statement pieces\"\n    ),\n    StylisticInfluencesKnowledge(\n        name=\"Streetwear\",\n        influence=\"Urban and casual\",\n        era=2010,\n        origin=\"USA\",\n        style_type='casual',\n        color_palette=\"Bright colors\",\n        key_designers=\"Supreme, Off-White\",\n        fabric_preference='cotton',\n        accessory_focus=\"Caps, sneakers\"\n    ),\n    StylisticInfluencesKnowledge(\n        name=\"Classic\",\n        influence=\"Timeless and elegant\",\n        era=1950,\n        origin=\"Europe\",\n        style_type='formal',\n        color_palette=\"Black, white, navy\",\n        key_designers=\"Armani, Ralph Lauren\",\n        fabric_preference='wool',\n        accessory_focus=\"Watches, leather bags\"\n    ),\n    StylisticInfluencesKnowledge(\n        name=\"Goth\",\n        influence=\"Dark and mysterious\",\n        era=1980,\n        origin=\"UK\",\n        style_type='casual',\n        color_palette=\"Black, deep shades\",\n        key_designers=\"Vivienne Westwood\",\n        fabric_preference='leather',\n        accessory_focus=\"Chokers, silver jewelry\"\n    ),\n    StylisticInfluencesKnowledge(\n        name=\"Preppy\",\n        influence=\"Classic collegiate style\",\n        era=1980,\n        origin=\"USA\",\n        style_type='casual',\n        color_palette=\"Bright colors, pastels\",\n        key_designers=\"Ralph Lauren, Lacoste\",\n        fabric_preference='cotton',\n        accessory_focus=\"Polo shirts, loafers\"\n    ),\n    StylisticInfluencesKnowledge(\n        name=\"Sporty\",\n        influence=\"Athletic and functional\",\n        era=2000,\n        origin=\"Global\",\n        style_type='casual',\n        color_palette=\"Vibrant colors\",\n        key_designers=\"Adidas, Nike\",\n        fabric_preference='synthetic',\n        accessory_focus=\"Athletic shoes, backpacks\"\n    ),\n    StylisticInfluencesKnowledge(\n        name=\"Romantic\",\n        influence=\"Soft and feminine\",\n        era=2010,\n        origin=\"Global\",\n        style_type='formal',\n        color_palette=\"Pastels, floral patterns\",\n        key_designers=\"Valentino, Marchesa\",\n        fabric_preference='silk',\n        accessory_focus=\"Delicate earrings, floral crowns\"\n    )\n]\n```",
    "goal": {
      "name": null,
      "influence": "Nostalgic styles from the 70s and 80s",
      "era": null,
      "origin": null,
      "style_type": "vintage",
      "color_palette": null,
      "key_designers": null,
      "fabric_preference": "cotton",
      "accessory_focus": "Chunky jewelry"
    },
    "database": [
      {
        "name": "Retro",
        "influence": "Nostalgic styles from the 70s and 80s",
        "era": 1970,
        "origin": "Global",
        "style_type": "vintage",
        "color_palette": "Bright colors",
        "key_designers": "Yves Saint Laurent, Halston",
        "fabric_preference": "cotton",
        "accessory_focus": "Chunky jewelry"
      },
      {
        "name": "Vintage",
        "influence": "Classic styles from past decades",
        "era": 1920,
        "origin": "Global",
        "style_type": "vintage",
        "color_palette": "Muted colors",
        "key_designers": "Chanel, Dior",
        "fabric_preference": "silk",
        "accessory_focus": "Pearls, gloves"
      },
      {
        "name": "Goth",
        "influence": "Dark and mysterious",
        "era": 1980,
        "origin": "UK",
        "style_type": "casual",
        "color_palette": "Black, deep shades",
        "key_designers": "Vivienne Westwood",
        "fabric_preference": "leather",
        "accessory_focus": "Chokers, silver jewelry"
      },
      {
        "name": "Minimalism",
        "influence": "Simplicity and functionality",
        "era": 1990,
        "origin": "Global",
        "style_type": "casual",
        "color_palette": "Neutral tones",
        "key_designers": "Jil Sander, Calvin Klein",
        "fabric_preference": "cotton",
        "accessory_focus": "Simple jewelry"
      },
      {
        "name": "Classic",
        "influence": "Timeless and elegant",
        "era": 1950,
        "origin": "Europe",
        "style_type": "formal",
        "color_palette": "Black, white, navy",
        "key_designers": "Armani, Ralph Lauren",
        "fabric_preference": "wool",
        "accessory_focus": "Watches, leather bags"
      },
      {
        "name": "Sporty",
        "influence": "Athletic and functional",
        "era": 2000,
        "origin": "Global",
        "style_type": "casual",
        "color_palette": "Vibrant colors",
        "key_designers": "Adidas, Nike",
        "fabric_preference": "synthetic",
        "accessory_focus": "Athletic shoes, backpacks"
      },
      {
        "name": "Romantic",
        "influence": "Soft and feminine",
        "era": 2010,
        "origin": "Global",
        "style_type": "formal",
        "color_palette": "Pastels, floral patterns",
        "key_designers": "Valentino, Marchesa",
        "fabric_preference": "silk",
        "accessory_focus": "Delicate earrings, floral crowns"
      },
      {
        "name": "Bohemian",
        "influence": "Free-spirited styles with an artistic flair",
        "era": 1960,
        "origin": "Global",
        "style_type": "bohemian",
        "color_palette": "Earthy tones",
        "key_designers": "Etro, Free People",
        "fabric_preference": "cotton",
        "accessory_focus": "Fringe bags, layered necklaces"
      },
      {
        "name": "Streetwear",
        "influence": "Urban and casual",
        "era": 2010,
        "origin": "USA",
        "style_type": "casual",
        "color_palette": "Bright colors",
        "key_designers": "Supreme, Off-White",
        "fabric_preference": "cotton",
        "accessory_focus": "Caps, sneakers"
      },
      {
        "name": "Avant-Garde",
        "influence": "Experimental and innovative",
        "era": 2000,
        "origin": "Global",
        "style_type": "avant-garde",
        "color_palette": "Bold colors",
        "key_designers": "Issey Miyake, Alexander McQueen",
        "fabric_preference": "synthetic",
        "accessory_focus": "Statement pieces"
      },
      {
        "name": "Preppy",
        "influence": "Classic collegiate style",
        "era": 1980,
        "origin": "USA",
        "style_type": "casual",
        "color_palette": "Bright colors, pastels",
        "key_designers": "Ralph Lauren, Lacoste",
        "fabric_preference": "cotton",
        "accessory_focus": "Polo shirts, loafers"
      },
      {
        "name": "Classic",
        "influence": "Timeless styles that never go out of fashion",
        "era": 1950,
        "origin": "Global",
        "style_type": "formal",
        "color_palette": "Neutral tones",
        "key_designers": "Givenchy, Balenciaga",
        "fabric_preference": "wool",
        "accessory_focus": "Brooches, scarves"
      },
      {
        "name": "Bohemian",
        "influence": "Free-spirited and artistic",
        "era": 1960,
        "origin": "Global",
        "style_type": "bohemian",
        "color_palette": "Earthy tones",
        "key_designers": "Etro, Free People",
        "fabric_preference": "cotton",
        "accessory_focus": "Layered necklaces, hats"
      }
    ],
    "status": "complete"
  },
  {
    "domain": "Accessory Pairings",
    "turns": [
      [
        "Yes, I'm ready! Now, can you help me find some red plastic glasses?",
        {
          "name": null,
          "type": "glasses",
          "material": "plastic",
          "occasion": "casual",
          "color": "red",
          "brand": null,
          "budget": null,
          "season": "autumn"
        },
        "I don't have red plastic glasses available, but I do have Retro Cat-Eye Sunglasses in red. Would you like to consider those?"
      ]
    ],
    "preferences_code": "```python\npreferences = AccessoryPairingCriteria(\n    name='Retro Cat-Eye Sunglasses',\n    type='glasses',\n    material='plastic',\n    occasion='casual',\n    color='red',\n    brand='Brand B',\n    budget=30.0,\n    season='summer'\n)\n```",
    "red_herrings_code": "```python\naccessory_examples = [\n    Accessory(\n        name='Vintage Sunglasses',\n        type='glasses',\n        material='plastic',\n        occasion='casual',\n        color='black',\n        brand='Brand A',\n        price=30.0,\n        season='summer',\n    ),\n    Accessory(\n        name='Retro Cat-Eye Sunglasses',\n        type='glasses',\n        material='plastic',\n        occasion='casual',\n        color='red',\n        brand='Brand B',\n        price=28.0,\n        season='summer',\n    ),\n    Accessory(\n        name='Classic Round Sunglasses',\n        type='glasses',\n        material='metal',\n        occasion='casual',\n        color='gold',\n        brand='Brand D',\n        price=35.0,\n        season='summer',\n    ),\n]\n```",
    "database_code": "```python\naccessory_pairings = [\n    Accessory(\n        name=\"Leather Handbag\",\n        type=\"handbag\",\n        material=\"leather\",\n        occasion=\"casual\",\n        color=\"black\",\n        brand=\"Brand A\",\n        price=50.0,\n        season=\"autumn\"\n    ),\n    Accessory(\n        name=\"Chunky Necklace\",\n        type=\"jewelry\",\n        material=\"metal\",\n        occasion=\"party\",\n        color=\"gold\",\n        brand=\"Brand B\",\n        price=30.0,\n        season=\"winter\"\n    ),\n    Accessory(\n        name=\"Retro Sunglasses\",\n        type=\"glasses\",\n        material=\"plastic\",\n        occasion=\"casual\",\n        color=\"tortoise\",\n        brand=\"Brand C\",\n        price=25.0,\n        season=\"summer\"\n    ),\n    Accessory(\n        name=\"Wool Scarf\",\n        type=\"scarf\",\n        material=\"fabric\",\n        occasion=\"casual\",\n        color=\"red\",\n        brand=\"Brand D\",\n        price=40.0,\n        season=\"autumn\"\n    ),\n    Accessory(\n        name=\"Fedora Hat\",\n        type=\"hat\",\n        material=\"fabric\",\n        occasion=\"casual\",\n        color=\"beige\",\n        brand=\"Brand E\",\n        price=35.0,\n        season=\"spring\"\n    ),\n    Accessory(\n        name=\"Leather Belt\",\n        type=\"belt\",\n        material=\"leather\",\n        occasion=\"business\",\n        color=\"brown\",\n        brand=\"Brand F\",\n        price=45.0,\n        season=\"autumn\"\n    ),\n    Accessory(\n        name=\"Statement Earrings\",\n        type=\"jewelry\",\n        material=\"metal\",\n        occasion=\"party\",\n        color=\"silver\",\n        brand=\"Brand G\",\n        price=20.0,\n        season=\"summer\"\n    ),\n    Accessory(\n        name=\"Canvas Tote Bag\",\n        type=\"handbag\",\n        material=\"fabric\",\n        occasion=\"casual\",\n        color=\"blue\",\n        brand=\"Brand H\",\n        price=30.0,\n        season=\"spring\"\n    ),\n    Accessory(\n        name=\"Beaded Bracelet\",\n        type=\"jewelry\",\n        material=\"metal\",\n        occasion=\"casual\",\n        color=\"multi\",\n        brand=\"Brand I\",\n        price=15.0,\n        season=\"summer\"\n    ),\n    Accessory(\n        name=\"Sporty Cap\",\n        type=\"hat\",\n        material=\"fabric\",\n        occasion=\"sporty\",\n        color=\"black\",\n        brand=\"Brand J\",\n        price=25.0,\n        season=\"summer\"\n    ),\n]\n```",
    "goal": {
      "name": null,
      "type": "glasses",
      "material": "plastic",
      "occasion": "casual",
      "color": "red",
      "brand": "Brand B",
      "budget": 30.0,
      "season": "summer"
    },
    "database": [
      {
        "name": "Leather Handbag",
        "type": "handbag",
        "material": "leather",
        "occasion": "casual",
        "color": "black",
        "brand": "Brand A",
        "price": 50.0,
        "season": "autumn"
      },
      {
        "name": "Canvas Tote Bag",
        "type": "handbag",
        "material": "fabric",
        "occasion": "casual",
        "color": "blue",
        "brand": "Brand H",
        "price": 30.0,
        "season": "spring"
      },
      {
        "name": "Statement Earrings",
        "type": "jewelry",
        "material": "metal",
        "occasion": "party",
        "color": "silver",
        "brand": "Brand G",
        "price": 20.0,
        "season": "summer"
      },
      {
        "name": "Chunky Necklace",
        "type": "jewelry",
        "material": "metal",
        "occasion": "party",
        "color": "gold",
        "brand": "Brand B",
        "price": 30.0,
        "season": "winter"
      },
      {
        "name": "Retro Sunglasses",
        "type": "glasses",
        "material": "plastic",
        "occasion": "casual",
        "color": "tortoise",
        "brand": "Brand C",
        "price": 25.0,
        "season": "summer"
      },
      {
        "name": "Wool Scarf",
        "type": "scarf",
        "material": "fabric",
        "occasion": "casual",
        "color": "red",
        "brand": "Brand D",
        "price": 40.0,
        "season": "autumn"
      },
      {
        "name": "Beaded Bracelet",
        "type": "jewelry",
        "material": "metal",
        "occasion": "casual",
        "color": "multi",
        "brand": "Brand I",
        "price": 15.0,
        "season": "summer"
      },
      {
        "name": "Leather Belt",
        "type": "belt",
        "material": "leather",
        "occasion": "business",
        "color": "brown",
        "brand": "Brand F",
        "price": 45.0,
        "season": "autumn"
      },
      {
        "name": "Classic Round Sunglasses",
        "type": "glasses",
        "material": "metal",
        "occasion": "casual",
        "color": "gold",
        "brand": "Brand D",
        "price": 35.0,
        "season": "summer"
      },
      {
        "name": "Retro Cat-Eye Sunglasses",
        "type": "glasses",
        "material": "plastic",
        "occasion": "casual",
        "color": "red",
        "brand": "Brand B",
        "price": 28.0,
        "season": "summer"
      },
      {
        "name": "Fedora Hat",
        "type": "hat",
        "material": "fabric",
        "occasion": "casual",
        "color": "beige",
        "brand": "Brand E",
        "price": 35.0,
        "season": "spring"
      },
      {
        "name": "Sporty Cap",
        "type": "hat",
        "material": "fabric",
        "occasion": "sporty",
        "color": "black",
        "brand": "Brand J",
        "price": 25.0,
        "season": "summer"
      },
      {
        "name": "Vintage Sunglasses",
        "type": "glasses",
        "material": "plastic",
        "occasion": "casual",
        "color": "black",
        "brand": "Brand A",
        "price": 30.0,
        "season": "summer"
      }
    ],
    "status": "complete"
  }
]