[
  {
    "domain": "Performing Artists",
    "turns": [
      [
        "Hey, do we have any high-popularity Metal artists from New York available for our festival?",
        {
          "name": null,
          "genre": "Metal",
          "popularity": "high",
          "availability": null,
          "budget": null,
          "location": "New York",
          "festival_experience": null,
          "language": null
        },
        "We have a Metallica Tribute Band from New York, and they're available!"
      ],
      [
        "That sounds great! What's their fee?",
        {
          "name": "Metallica Tribute Band",
          "genre": "Metal",
          "popularity": "high",
          "availability": true,
          "budget": null,
          "location": "New York",
          "festival_experience": null,
          "language": null
        },
        "Their fee is $3,500."
      ],
      [
        "Perfect, they fit within our budget. Do they have extensive festival experience?",
        {
          "name": "Metallica Tribute Band",
          "genre": "Metal",
          "popularity": "high",
          "availability": true,
          "budget": 3500,
          "location": "New York",
          "festival_experience": "extensive",
          "language": null
        },
        "Yes, they have extensive festival experience!"
      ],
      [
        "Awesome! Let\u2019s go ahead and book them for the festival then!",
        {
          "name": "Metallica Tribute Band",
          "genre": "Metal",
          "popularity": "high",
          "availability": true,
          "budget": 3500,
          "location": "New York",
          "festival_experience": "extensive",
          "language": null
        },
        "Great choice! I'll mark the Metallica Tribute Band for booking."
      ]
    ],
    "preferences_code": "```python\npreferences = ArtistCriteria(\n    name='Metallica Tribute Band',\n    genre='Metal',\n    popularity='high',\n    availability=True,\n    budget=4000.0,  # Setting a budget slightly above the target artist's fee\n    location='New York',\n    festival_experience='extensive',\n    language='English'\n)\n```",
    "red_herrings_code": "```python\n# Global variable representing a list of Performing Artist examples\nsimilar_performing_artists = [\n    PerformingArtist(\n        name='Heavy Metal Band',\n        genre='Metal',\n        popularity='medium',\n        availability=True,\n        fee=4500.0,\n        location='Chicago',\n        festival_experience='some',\n        language='English',\n    ),\n    PerformingArtist(\n        name='Metallica Tribute Band',\n        genre='Metal',\n        popularity='high',\n        availability=True,\n        fee=3500.0,\n        location='New York',\n        festival_experience='extensive',\n        language='English',\n    ),\n    PerformingArtist(\n        name='Alternative Metal Group',\n        genre='Metal',\n        popularity='medium',\n        availability=False,\n        fee=3000.0,\n        location='Los Angeles',\n        festival_experience='some',\n        language='English',\n    ),\n]\n```",
    "database_code": "```python\n# Global variable representing a list of Performing Artists examples\nperforming_artists: list[PerformingArtist] = [\n    PerformingArtist(\n        name=\"The Rock Band\",\n        genre=\"Rock\",\n        popularity=\"high\",\n        availability=True,\n        fee=5000.0,\n        location=\"Los Angeles\",\n        festival_experience=\"extensive\",\n        language=\"English\"\n    ),\n    PerformingArtist(\n        name=\"Jazz Trio\",\n        genre=\"Jazz\",\n        popularity=\"medium\",\n        availability=True,\n        fee=3000.0,\n        location=\"New York\",\n        festival_experience=\"some\",\n        language=\"English\"\n    ),\n    PerformingArtist(\n        name=\"Hip Hop Star\",\n        genre=\"Hip Hop\",\n        popularity=\"high\",\n        availability=False,\n        fee=10000.0,\n        location=\"Atlanta\",\n        festival_experience=\"extensive\",\n        language=\"English\"\n    ),\n    PerformingArtist(\n        name=\"Indie Folk Band\",\n        genre=\"Folk\",\n        popularity=\"medium\",\n        availability=True,\n        fee=2000.0,\n        location=\"Portland\",\n        festival_experience=\"some\",\n        language=\"English\"\n    ),\n    PerformingArtist(\n        name=\"Classical Symphony\",\n        genre=\"Classical\",\n        popularity=\"high\",\n        availability=True,\n        fee=8000.0,\n        location=\"Vienna\",\n        festival_experience=\"extensive\",\n        language=\"German\"\n    ),\n    PerformingArtist(\n        name=\"Pop Diva\",\n        genre=\"Pop\",\n        popularity=\"high\",\n        availability=True,\n        fee=15000.0,\n        location=\"Los Angeles\",\n        festival_experience=\"extensive\",\n        language=\"English\"\n    ),\n    PerformingArtist(\n        name=\"Metal Band\",\n        genre=\"Metal\",\n        popularity=\"medium\",\n        availability=True,\n        fee=4000.0,\n        location=\"Chicago\",\n        festival_experience=\"some\",\n        language=\"English\"\n    ),\n    PerformingArtist(\n        name=\"Reggae Group\",\n        genre=\"Reggae\",\n        popularity=\"low\",\n        availability=True,\n        fee=1500.0,\n        location=\"Miami\",\n        festival_experience=\"none\",\n        language=\"English\"\n    ),\n    PerformingArtist(\n        name=\"Electronic DJ\",\n        genre=\"Electronic\",\n        popularity=\"high\",\n        availability=True,\n        fee=7000.0,\n        location=\"Berlin\",\n        festival_experience=\"extensive\",\n        language=\"English\"\n    ),\n    PerformingArtist(\n        name=\"Country Singer\",\n        genre=\"Country\",\n        popularity=\"medium\",\n        availability=False,\n        fee=3500.0,\n        location=\"Nashville\",\n        festival_experience=\"some\",\n        language=\"English\"\n    )\n]\n```",
    "goal": {
      "name": null,
      "genre": "Metal",
      "popularity": "high",
      "availability": true,
      "budget": 4000.0,
      "location": "New York",
      "festival_experience": "extensive",
      "language": "English"
    },
    "database": [
      {
        "name": "Pop Diva",
        "genre": "Pop",
        "popularity": "high",
        "availability": true,
        "fee": 15000.0,
        "location": "Los Angeles",
        "festival_experience": "extensive",
        "language": "English"
      },
      {
        "name": "Electronic DJ",
        "genre": "Electronic",
        "popularity": "high",
        "availability": true,
        "fee": 7000.0,
        "location": "Berlin",
        "festival_experience": "extensive",
        "language": "English"
      },
      {
        "name": "Metallica Tribute Band",
        "genre": "Metal",
        "popularity": "high",
        "availability": true,
        "fee": 3500.0,
        "location": "New York",
        "festival_experience": "extensive",
        "language": "English"
      },
      {
        "name": "Country Singer",
        "genre": "Country",
        "popularity": "medium",
        "availability": false,
        "fee": 3500.0,
        "location": "Nashville",
        "festival_experience": "some",
        "language": "English"
      },
      {
        "name": "Metal Band",
        "genre": "Metal",
        "popularity": "medium",
        "availability": true,
        "fee": 4000.0,
        "location": "Chicago",
        "festival_experience": "some",
        "language": "English"
      },
      {
        "name": "Indie Folk Band",
        "genre": "Folk",
        "popularity": "medium",
        "availability": true,
        "fee": 2000.0,
        "location": "Portland",
        "festival_experience": "some",
        "language": "English"
      },
      {
        "name": "Heavy Metal Band",
        "genre": "Metal",
        "popularity": "medium",
        "availability": true,
        "fee": 4500.0,
        "location": "Chicago",
        "festival_experience": "some",
        "language": "English"
      },
      {
        "name": "The Rock Band",
        "genre": "Rock",
        "popularity": "high",
        "availability": true,
        "fee": 5000.0,
        "location": "Los Angeles",
        "festival_experience": "extensive",
        "language": "English"
      },
      {
        "name": "Classical Symphony",
        "genre": "Classical",
        "popularity": "high",
        "availability": true,
        "fee": 8000.0,
        "location": "Vienna",
        "festival_experience": "extensive",
        "language": "German"
      },
      {
        "name": "Jazz Trio",
        "genre": "Jazz",
        "popularity": "medium",
        "availability": true,
        "fee": 3000.0,
        "location": "New York",
        "festival_experience": "some",
        "language": "English"
      },
      {
        "name": "Alternative Metal Group",
        "genre": "Metal",
        "popularity": "medium",
        "availability": false,
        "fee": 3000.0,
        "location": "Los Angeles",
        "festival_experience": "some",
        "language": "English"
      },
      {
        "name": "Hip Hop Star",
        "genre": "Hip Hop",
        "popularity": "high",
        "availability": false,
        "fee": 10000.0,
        "location": "Atlanta",
        "festival_experience": "extensive",
        "language": "English"
      },
      {
        "name": "Reggae Group",
        "genre": "Reggae",
        "popularity": "low",
        "availability": true,
        "fee": 1500.0,
        "location": "Miami",
        "festival_experience": "none",
        "language": "English"
      }
    ],
    "status": "complete"
  },
  {
    "domain": "Headline Acts",
    "turns": [
      [
        "Thanks! Now, do we have any other international Metal acts available within our budget?",
        {
          "name": "Metallica Tribute Band",
          "fame": "local",
          "budget": 3500,
          "performance_duration": null,
          "genre": "Metal",
          "availability": true,
          "technical_requirements": null,
          "audience_size": null
        },
        "No, we only have the Metallica Tribute Band as the international Metal act within your budget."
      ],
      [
        "Got it, let's stick with the Metallica Tribute Band then!",
        {
          "name": "Metallica Tribute Band",
          "fame": "international",
          "budget": 3500,
          "performance_duration": null,
          "genre": "Metal",
          "availability": true,
          "technical_requirements": null,
          "audience_size": null
        },
        "Sounds good! I'll finalize the booking for the Metallica Tribute Band."
      ]
    ],
    "preferences_code": "```python\npreferences = HeadlineActCriteria(\n    name='Metallica Tribute Band',\n    fame='international',\n    budget=3500.0,\n    performance_duration=75,\n    genre='Metal',\n    availability=True,\n    technical_requirements='Full band setup, stage lights',\n    audience_size=6000,\n)\n```",
    "red_herrings_code": "```python\n# Global variable representing a list of similar Headline Acts\nsimilar_headline_acts = [\n    HeadlineAct(\n        name='Metallica Tribute Band 2',\n        fame='national',\n        budget=3000.0,\n        performance_duration=90,\n        genre='Metal',\n        availability=True,\n        technical_requirements='Full band setup, stage lights',\n        audience_size=4500,\n    ),\n    HeadlineAct(\n        name='Metallica Tribute Band',\n        fame='international',\n        budget=4000.0,\n        performance_duration=75,\n        genre='Metal',\n        availability=True,\n        technical_requirements='Full band setup, stage lights',\n        audience_size=6000,\n    ),\n    HeadlineAct(\n        name='Metallica Cover Group',\n        fame='national',\n        budget=3500.0,\n        performance_duration=90,\n        genre='Metal',\n        availability=False,\n        technical_requirements='Full band setup, stage lights',\n        audience_size=5000,\n    ),\n]\n```",
    "database_code": "```python\n# Global variable containing a list of Headline Acts examples\nheadline_acts = [\n    HeadlineAct(\n        name=\"Metallica Tribute Band\",\n        fame='national',\n        budget=3500.0,\n        performance_duration=90,\n        genre=\"Metal\",\n        availability=True,\n        technical_requirements=\"Full band setup, stage lights\",\n        audience_size=5000\n    ),\n    HeadlineAct(\n        name=\"The Rolling Stones Experience\",\n        fame='international',\n        budget=10000.0,\n        performance_duration=120,\n        genre=\"Rock\",\n        availability=True,\n        technical_requirements=\"Full band setup, sound check required\",\n        audience_size=10000\n    ),\n    HeadlineAct(\n        name=\"Local Punk Band\",\n        fame='local',\n        budget=1500.0,\n        performance_duration=45,\n        genre=\"Punk\",\n        availability=True,\n        technical_requirements=\"Basic sound system\",\n        audience_size=300\n    ),\n    HeadlineAct(\n        name=\"Jazz Fusion Ensemble\",\n        fame='national',\n        budget=5000.0,\n        performance_duration=60,\n        genre=\"Jazz\",\n        availability=False,\n        technical_requirements=\"Stage setup for 7 musicians\",\n        audience_size=800\n    ),\n    HeadlineAct(\n        name=\"Pop Star Duo\",\n        fame='international',\n        budget=20000.0,\n        performance_duration=75,\n        genre=\"Pop\",\n        availability=True,\n        technical_requirements=\"Full band setup, lighting effects\",\n        audience_size=15000\n    ),\n    HeadlineAct(\n        name=\"Indie Rock Band\",\n        fame='national',\n        budget=3000.0,\n        performance_duration=50,\n        genre=\"Indie\",\n        availability=True,\n        technical_requirements=\"Basic sound system\",\n        audience_size=2000\n    ),\n    HeadlineAct(\n        name=\"Classical Symphony Orchestra\",\n        fame='international',\n        budget=25000.0,\n        performance_duration=120,\n        genre=\"Classical\",\n        availability=True,\n        technical_requirements=\"Full orchestra setup, chairs, and stands\",\n        audience_size=2000\n    ),\n    HeadlineAct(\n        name=\"Hip Hop Collective\",\n        fame='national',\n        budget=7000.0,\n        performance_duration=60,\n        genre=\"Hip Hop\",\n        availability=True,\n        technical_requirements=\"DJ setup, microphones\",\n        audience_size=5000\n    ),\n    HeadlineAct(\n        name=\"Local Folk Artist\",\n        fame='local',\n        budget=1000.0,\n        performance_duration=30,\n        genre=\"Folk\",\n        availability=True,\n        technical_requirements=\"Acoustic setup\",\n        audience_size=150\n    ),\n    HeadlineAct(\n        name=\"Electronic Dance Music DJ\",\n        fame='national',\n        budget=8000.0,\n        performance_duration=90,\n        genre=\"EDM\",\n        availability=True,\n        technical_requirements=\"DJ booth, lighting\",\n        audience_size=3000\n    )\n]\n```",
    "goal": {
      "name": null,
      "fame": "international",
      "budget": 3500.0,
      "performance_duration": 75,
      "genre": "Metal",
      "availability": true,
      "technical_requirements": "Full band setup, stage lights",
      "audience_size": 6000
    },
    "database": [
      {
        "name": "Local Punk Band",
        "fame": "local",
        "budget": 1500.0,
        "performance_duration": 45,
        "genre": "Punk",
        "availability": true,
        "technical_requirements": "Basic sound system",
        "audience_size": 300
      },
      {
        "name": "Metallica Tribute Band",
        "fame": "international",
        "budget": 4000.0,
        "performance_duration": 75,
        "genre": "Metal",
        "availability": true,
        "technical_requirements": "Full band setup, stage lights",
        "audience_size": 6000
      },
      {
        "name": "Jazz Fusion Ensemble",
        "fame": "national",
        "budget": 5000.0,
        "performance_duration": 60,
        "genre": "Jazz",
        "availability": false,
        "technical_requirements": "Stage setup for 7 musicians",
        "audience_size": 800
      },
      {
        "name": "Metallica Tribute Band 2",
        "fame": "national",
        "budget": 3000.0,
        "performance_duration": 90,
        "genre": "Metal",
        "availability": true,
        "technical_requirements": "Full band setup, stage lights",
        "audience_size": 4500
      },
      {
        "name": "Electronic Dance Music DJ",
        "fame": "national",
        "budget": 8000.0,
        "performance_duration": 90,
        "genre": "EDM",
        "availability": true,
        "technical_requirements": "DJ booth, lighting",
        "audience_size": 3000
      },
      {
        "name": "The Rolling Stones Experience",
        "fame": "international",
        "budget": 10000.0,
        "performance_duration": 120,
        "genre": "Rock",
        "availability": true,
        "technical_requirements": "Full band setup, sound check required",
        "audience_size": 10000
      },
      {
        "name": "Pop Star Duo",
        "fame": "international",
        "budget": 20000.0,
        "performance_duration": 75,
        "genre": "Pop",
        "availability": true,
        "technical_requirements": "Full band setup, lighting effects",
        "audience_size": 15000
      },
      {
        "name": "Classical Symphony Orchestra",
        "fame": "international",
        "budget": 25000.0,
        "performance_duration": 120,
        "genre": "Classical",
        "availability": true,
        "technical_requirements": "Full orchestra setup, chairs, and stands",
        "audience_size": 2000
      },
      {
        "name": "Metallica Tribute Band",
        "fame": "national",
        "budget": 3500.0,
        "performance_duration": 90,
        "genre": "Metal",
        "availability": true,
        "technical_requirements": "Full band setup, stage lights",
        "audience_size": 5000
      },
      {
        "name": "Metallica Cover Group",
        "fame": "national",
        "budget": 3500.0,
        "performance_duration": 90,
        "genre": "Metal",
        "availability": false,
        "technical_requirements": "Full band setup, stage lights",
        "audience_size": 5000
      },
      {
        "name": "Local Folk Artist",
        "fame": "local",
        "budget": 1000.0,
        "performance_duration": 30,
        "genre": "Folk",
        "availability": true,
        "technical_requirements": "Acoustic setup",
        "audience_size": 150
      },
      {
        "name": "Hip Hop Collective",
        "fame": "national",
        "budget": 7000.0,
        "performance_duration": 60,
        "genre": "Hip Hop",
        "availability": true,
        "technical_requirements": "DJ setup, microphones",
        "audience_size": 5000
      },
      {
        "name": "Indie Rock Band",
        "fame": "national",
        "budget": 3000.0,
        "performance_duration": 50,
        "genre": "Indie",
        "availability": true,
        "technical_requirements": "Basic sound system",
        "audience_size": 2000
      }
    ],
    "status": "complete"
  },
  {
    "domain": "Set Times",
    "turns": [
      [
        "Thanks! Now, can we look for any Ambient acts for the morning slot?",
        {
          "name": null,
          "peak_audience_time": "morning",
          "duration": null,
          "overlap": null,
          "genre_preference": "Ambient",
          "stage_size": null,
          "accessibility": null,
          "popularity": null
        },
        "Sure! We have \"Sunrise Serenity,\" an Ambient act available in the morning. Would you like to know more?"
      ],
      [
        "Yes, what\u2019s their duration and fee?",
        {
          "name": null,
          "peak_audience_time": "morning",
          "duration": null,
          "overlap": null,
          "genre_preference": "Ambient",
          "stage_size": null,
          "accessibility": null,
          "popularity": null
        },
        "\"Sunrise Serenity\" has a duration of 40 minutes, and their fee is $2,000."
      ],
      [
        "That works! Do they have accessibility features for their stage setup?",
        {
          "name": null,
          "peak_audience_time": "morning",
          "duration": 40,
          "overlap": null,
          "genre_preference": "Ambient",
          "stage_size": null,
          "accessibility": null,
          "popularity": null
        },
        "Yes, \"Sunrise Serenity\" has accessibility features for their stage setup."
      ],
      [
        "Perfect! Let's go ahead and book \"Sunrise Serenity\" for the morning slot!",
        {
          "name": "Metallica Tribute Band",
          "peak_audience_time": null,
          "duration": null,
          "overlap": null,
          "genre_preference": "Metal",
          "stage_size": null,
          "accessibility": null,
          "popularity": "high"
        },
        "Great choice! I'll finalize the booking for \"Sunrise Serenity.\""
      ],
      [
        "Thanks! Just to confirm, do we have any other Ambient acts in case we need a backup?",
        {
          "name": null,
          "peak_audience_time": "morning",
          "duration": 40,
          "overlap": null,
          "genre_preference": "Ambient",
          "stage_size": null,
          "accessibility": true,
          "popularity": "high"
        },
        "No, \"Sunrise Serenity\" is the only Ambient act we have available."
      ],
      [
        "Understood, I'm glad we secured them!",
        {
          "name": "Metallica Tribute Band",
          "peak_audience_time": null,
          "duration": null,
          "overlap": null,
          "genre_preference": "Metal",
          "stage_size": null,
          "accessibility": null,
          "popularity": "high"
        },
        "Absolutely! I'm glad too! If you need anything else, just let me know!"
      ],
      [
        "Will do, thanks for your help!",
        {
          "name": "Metallica Tribute Band",
          "peak_audience_time": null,
          "duration": null,
          "overlap": null,
          "genre_preference": "Metal",
          "stage_size": null,
          "accessibility": null,
          "popularity": "high"
        },
        "You're welcome! Enjoy the festival planning!"
      ],
      [
        "Thanks, you too!",
        {
          "name": null,
          "peak_audience_time": "morning",
          "duration": 40,
          "overlap": null,
          "genre_preference": "Ambient",
          "stage_size": null,
          "accessibility": true,
          "popularity": "high"
        },
        "Thank you! Take care!"
      ],
      [
        "You too! Bye!",
        {
          "name": null,
          "peak_audience_time": "morning",
          "duration": 40,
          "overlap": null,
          "genre_preference": "Ambient",
          "stage_size": null,
          "accessibility": true,
          "popularity": "high"
        },
        "Bye!"
      ],
      [
        "See you!",
        {
          "name": "Metallica Tribute Band",
          "peak_audience_time": null,
          "duration": null,
          "overlap": null,
          "genre_preference": "Metal",
          "stage_size": null,
          "accessibility": null,
          "popularity": "high"
        },
        "See you!"
      ],
      [
        "Catch you later!",
        {
          "name": "Metallica Tribute Band",
          "peak_audience_time": null,
          "duration": null,
          "overlap": null,
          "genre_preference": "Metal",
          "stage_size": null,
          "accessibility": null,
          "popularity": "high"
        },
        "Catch you later!"
      ],
      [
        "Take care!",
        {
          "name": null,
          "peak_audience_time": "morning",
          "duration": 40,
          "overlap": null,
          "genre_preference": "Ambient",
          "stage_size": null,
          "accessibility": true,
          "popularity": "high"
        },
        "You too!"
      ],
      [
        "Thanks!",
        {
          "name": null,
          "peak_audience_time": "morning",
          "duration": 40,
          "overlap": null,
          "genre_preference": "Ambient",
          "stage_size": null,
          "accessibility": true,
          "popularity": "high"
        },
        "You're welcome!"
      ],
      [
        "Appreciate it!",
        {
          "name": null,
          "peak_audience_time": "morning",
          "duration": 40,
          "overlap": null,
          "genre_preference": "Ambient",
          "stage_size": null,
          "accessibility": true,
          "popularity": "high"
        },
        "Anytime!"
      ],
      [
        "Great!",
        {
          "name": null,
          "peak_audience_time": "morning",
          "duration": 40,
          "overlap": null,
          "genre_preference": "Ambient",
          "stage_size": null,
          "accessibility": true,
          "popularity": "high"
        },
        "Glad to hear it!"
      ],
      [
        "Absolutely!",
        {
          "name": null,
          "peak_audience_time": "morning",
          "duration": 40,
          "overlap": null,
          "genre_preference": "Ambient",
          "stage_size": null,
          "accessibility": true,
          "popularity": "high"
        },
        "Awesome!"
      ],
      [
        "Indeed!",
        {
          "name": "Metallica Tribute Band",
          "peak_audience_time": null,
          "duration": null,
          "overlap": null,
          "genre_preference": "Metal",
          "stage_size": null,
          "accessibility": null,
          "popularity": "high"
        },
        "Exactly!"
      ],
      [
        "Right on!",
        {
          "name": "Metallica Tribute Band",
          "peak_audience_time": null,
          "duration": null,
          "overlap": null,
          "genre_preference": "Metal",
          "stage_size": null,
          "accessibility": null,
          "popularity": "high"
        },
        "For sure!"
      ],
      [
        "Definitely!",
        {
          "name": null,
          "peak_audience_time": "morning",
          "duration": 40,
          "overlap": null,
          "genre_preference": "Ambient",
          "stage_size": null,
          "accessibility": true,
          "popularity": "high"
        },
        "Absolutely!"
      ],
      [
        "Exactly!",
        {
          "name": null,
          "peak_audience_time": "morning",
          "duration": 40,
          "overlap": null,
          "genre_preference": "Ambient",
          "stage_size": null,
          "accessibility": true,
          "popularity": "high"
        },
        "Exactly!"
      ],
      [
        "Totally!",
        {
          "name": null,
          "peak_audience_time": "morning",
          "duration": 40,
          "overlap": null,
          "genre_preference": "Ambient",
          "stage_size": null,
          "accessibility": true,
          "popularity": "high"
        },
        "Totally!"
      ],
      [
        "For sure!",
        {
          "name": null,
          "peak_audience_time": "morning",
          "duration": 40,
          "overlap": null,
          "genre_preference": "Ambient",
          "stage_size": null,
          "accessibility": true,
          "popularity": "high"
        },
        "For sure!"
      ],
      [
        "Absolutely!",
        {
          "name": null,
          "peak_audience_time": "morning",
          "duration": 40,
          "overlap": null,
          "genre_preference": "Ambient",
          "stage_size": null,
          "accessibility": true,
          "popularity": "high"
        },
        "Absolutely!"
      ],
      [
        "Exactly!",
        {
          "name": null,
          "peak_audience_time": "morning",
          "duration": 40,
          "overlap": null,
          "genre_preference": "Ambient",
          "stage_size": null,
          "accessibility": true,
          "popularity": "high"
        },
        "Exactly!"
      ],
      [
        "Right!",
        {
          "name": null,
          "peak_audience_time": "morning",
          "duration": 40,
          "overlap": null,
          "genre_preference": "Ambient",
          "stage_size": null,
          "accessibility": true,
          "popularity": "high"
        },
        "Right!"
      ],
      [
        "Indeed!",
        {
          "name": null,
          "peak_audience_time": "morning",
          "duration": 40,
          "overlap": null,
          "genre_preference": "Ambient",
          "stage_size": null,
          "accessibility": true,
          "popularity": "high"
        },
        "Indeed!"
      ],
      [
        "Absolutely!",
        {
          "name": null,
          "peak_audience_time": "morning",
          "duration": 40,
          "overlap": null,
          "genre_preference": "Ambient",
          "stage_size": null,
          "accessibility": true,
          "popularity": "high"
        },
        "Absolutely!"
      ],
      [
        "Exactly!",
        {
          "name": null,
          "peak_audience_time": "morning",
          "duration": 40,
          "overlap": null,
          "genre_preference": "Ambient",
          "stage_size": null,
          "accessibility": true,
          "popularity": "high"
        },
        "Exactly!"
      ],
      [
        "For sure!",
        {
          "name": null,
          "peak_audience_time": "morning",
          "duration": 40,
          "overlap": null,
          "genre_preference": "Ambient",
          "stage_size": null,
          "accessibility": true,
          "popularity": "high"
        },
        "For sure!"
      ],
      [
        "Definitely!",
        {
          "name": null,
          "peak_audience_time": "morning",
          "duration": 40,
          "overlap": null,
          "genre_preference": "Ambient",
          "stage_size": null,
          "accessibility": true,
          "popularity": "high"
        },
        "Definitely!"
      ]
    ],
    "preferences_code": "```python\npreferences = SetTimeCriteria(\n    name='Sunrise Serenity',\n    peak_audience_time='morning',\n    duration=40,\n    overlap='none',\n    genre_preference='Ambient',\n    stage_size='large',\n    accessibility=True,\n    popularity='medium',\n)\n```",
    "red_herrings_code": "```python\nset_times_examples = [\n    SetTime(\n        name='Morning Vibes',\n        peak_audience_time='morning',\n        duration=45,\n        overlap='none',\n        genre='Chill',\n        stage_size='large',\n        accessibility=True,\n        popularity='medium',\n    ),\n    SetTime(\n        name='Chill Out Session',\n        peak_audience_time='morning',\n        duration=40,\n        overlap='minimal',\n        genre='Chill',\n        stage_size='large',\n        accessibility=True,\n        popularity='medium',\n    ),\n    SetTime(\n        name='Sunrise Serenity',\n        peak_audience_time='morning',\n        duration=40,\n        overlap='none',\n        genre='Ambient',\n        stage_size='large',\n        accessibility=True,\n        popularity='medium',\n    ),\n]\n```",
    "database_code": "```python\nset_times_list = [\n    SetTime(name=\"Morning Metal Blast\", peak_audience_time='morning', duration=60, overlap='none', genre='Metal', stage_size='large', accessibility=True, popularity='high'),\n    SetTime(name=\"Afternoon Rock Fest\", peak_audience_time='afternoon', duration=45, overlap='minimal', genre='Rock', stage_size='medium', accessibility=False, popularity='medium'),\n    SetTime(name=\"Evening Jam Session\", peak_audience_time='evening', duration=90, overlap='moderate', genre='Jazz', stage_size='small', accessibility=True, popularity='low'),\n    SetTime(name=\"Night Metal Mayhem\", peak_audience_time='night', duration=75, overlap='any', genre='Metal', stage_size='large', accessibility=False, popularity='high'),\n    SetTime(name=\"Sunset Acoustic Vibes\", peak_audience_time='evening', duration=30, overlap='none', genre='Acoustic', stage_size='small', accessibility=True, popularity='medium'),\n    SetTime(name=\"Late Night Groove\", peak_audience_time='night', duration=120, overlap='minimal', genre='Funk', stage_size='medium', accessibility=False, popularity='high'),\n    SetTime(name=\"Midday Punk Riot\", peak_audience_time='afternoon', duration=50, overlap='moderate', genre='Punk', stage_size='small', accessibility=True, popularity='low'),\n    SetTime(name=\"Early Morning Chill\", peak_audience_time='morning', duration=40, overlap='none', genre='Chill', stage_size='large', accessibility=True, popularity='medium'),\n    SetTime(name=\"Dusk Electronic Beats\", peak_audience_time='evening', duration=80, overlap='any', genre='Electronic', stage_size='medium', accessibility=False, popularity='high'),\n    SetTime(name=\"Twilight Indie Showcase\", peak_audience_time='night', duration=55, overlap='minimal', genre='Indie', stage_size='small', accessibility=True, popularity='low'),\n]\n```",
    "goal": {
      "name": null,
      "peak_audience_time": "morning",
      "duration": 40,
      "overlap": "none",
      "genre_preference": "Ambient",
      "stage_size": "large",
      "accessibility": true,
      "popularity": "medium"
    },
    "database": [
      {
        "name": "Night Metal Mayhem",
        "peak_audience_time": "night",
        "duration": 75,
        "overlap": "any",
        "genre": "Metal",
        "stage_size": "large",
        "accessibility": false,
        "popularity": "high"
      },
      {
        "name": "Morning Vibes",
        "peak_audience_time": "morning",
        "duration": 45,
        "overlap": "none",
        "genre": "Chill",
        "stage_size": "large",
        "accessibility": true,
        "popularity": "medium"
      },
      {
        "name": "Chill Out Session",
        "peak_audience_time": "morning",
        "duration": 40,
        "overlap": "minimal",
        "genre": "Chill",
        "stage_size": "large",
        "accessibility": true,
        "popularity": "medium"
      },
      {
        "name": "Late Night Groove",
        "peak_audience_time": "night",
        "duration": 120,
        "overlap": "minimal",
        "genre": "Funk",
        "stage_size": "medium",
        "accessibility": false,
        "popularity": "high"
      },
      {
        "name": "Sunset Acoustic Vibes",
        "peak_audience_time": "evening",
        "duration": 30,
        "overlap": "none",
        "genre": "Acoustic",
        "stage_size": "small",
        "accessibility": true,
        "popularity": "medium"
      },
      {
        "name": "Sunrise Serenity",
        "peak_audience_time": "morning",
        "duration": 40,
        "overlap": "none",
        "genre": "Ambient",
        "stage_size": "large",
        "accessibility": true,
        "popularity": "medium"
      },
      {
        "name": "Morning Metal Blast",
        "peak_audience_time": "morning",
        "duration": 60,
        "overlap": "none",
        "genre": "Metal",
        "stage_size": "large",
        "accessibility": true,
        "popularity": "high"
      },
      {
        "name": "Midday Punk Riot",
        "peak_audience_time": "afternoon",
        "duration": 50,
        "overlap": "moderate",
        "genre": "Punk",
        "stage_size": "small",
        "accessibility": true,
        "popularity": "low"
      },
      {
        "name": "Twilight Indie Showcase",
        "peak_audience_time": "night",
        "duration": 55,
        "overlap": "minimal",
        "genre": "Indie",
        "stage_size": "small",
        "accessibility": true,
        "popularity": "low"
      },
      {
        "name": "Early Morning Chill",
        "peak_audience_time": "morning",
        "duration": 40,
        "overlap": "none",
        "genre": "Chill",
        "stage_size": "large",
        "accessibility": true,
        "popularity": "medium"
      },
      {
        "name": "Evening Jam Session",
        "peak_audience_time": "evening",
        "duration": 90,
        "overlap": "moderate",
        "genre": "Jazz",
        "stage_size": "small",
        "accessibility": true,
        "popularity": "low"
      },
      {
        "name": "Afternoon Rock Fest",
        "peak_audience_time": "afternoon",
        "duration": 45,
        "overlap": "minimal",
        "genre": "Rock",
        "stage_size": "medium",
        "accessibility": false,
        "popularity": "medium"
      },
      {
        "name": "Dusk Electronic Beats",
        "peak_audience_time": "evening",
        "duration": 80,
        "overlap": "any",
        "genre": "Electronic",
        "stage_size": "medium",
        "accessibility": false,
        "popularity": "high"
      }
    ],
    "status": "incomplete"
  }
]