[
  {
    "domain": "Performing Artists",
    "turns": [
      [
        "Hey, do we have any popular rock bands available for the festival?",
        {
          "name": null,
          "genre": "rock",
          "popularity": "high",
          "availability": null,
          "budget": null,
          "location": null,
          "festival_experience": null,
          "language": null
        },
        "Yes, we have \"The Rock Collective\" and \"The Rock Band\" available. Would you like to know more about them?"
      ],
      [
        "Sure, can you tell me about \"The Rock Collective\"?",
        {
          "name": null,
          "genre": "rock",
          "popularity": "high",
          "availability": true,
          "budget": null,
          "location": null,
          "festival_experience": null,
          "language": null
        },
        "\"The Rock Collective\" is a high-popularity rock band, available for the festival, and their fee is $5,500."
      ],
      [
        "That sounds great! Do they have extensive festival experience?",
        {
          "name": "The Rock Collective",
          "genre": "rock",
          "popularity": "high",
          "availability": true,
          "budget": 5500,
          "location": null,
          "festival_experience": null,
          "language": null
        },
        "Yes, they have extensive festival experience! Would you like to book them?"
      ],
      [
        "Absolutely, let's go ahead and book \"The Rock Collective\"!",
        {
          "name": "The Rock Collective",
          "genre": "rock",
          "popularity": "high",
          "availability": true,
          "budget": 5500,
          "location": null,
          "festival_experience": "extensive",
          "language": null
        },
        "Great choice! I'll finalize the booking for \"The Rock Collective.\""
      ]
    ],
    "preferences_code": "```python\npreferences = ArtistCriteria(\n    name='The Rock Collective',\n    genre='Rock',\n    popularity='high',\n    availability=True,\n    budget=6000.0,  # Assuming the budget is set slightly above the fee of the target artist\n    location='San Francisco',\n    festival_experience='extensive',\n    language='English'\n)\n```",
    "red_herrings_code": "```python\n# Global variable containing a list of Performing Artist examples\nperforming_artists_list = [\n    PerformingArtist(\n        name='The Rock Collective',\n        genre='Rock',\n        popularity='high',\n        availability=True,\n        fee=5500.0,\n        location='San Francisco',\n        festival_experience='extensive',\n        language='English',\n    ),\n    PerformingArtist(\n        name='The Indie Band',\n        genre='Indie',\n        popularity='medium',\n        availability=True,\n        fee=3000.0,\n        location='New York',\n        festival_experience='some',\n        language='English',\n    ),\n    PerformingArtist(\n        name='The Jazz Ensemble',\n        genre='Jazz',\n        popularity='high',\n        availability=False,\n        fee=7000.0,\n        location='Chicago',\n        festival_experience='extensive',\n        language='English',\n    ),\n]\n```",
    "database_code": "```python\n# Global variable representing a list of Performing Artists examples\nperforming_artists: list[PerformingArtist] = [\n    PerformingArtist(\n        name=\"The Rock Band\",\n        genre=\"Rock\",\n        popularity=\"high\",\n        availability=True,\n        fee=5000.0,\n        location=\"Los Angeles\",\n        festival_experience=\"extensive\",\n        language=\"English\"\n    ),\n    PerformingArtist(\n        name=\"Jazz Trio\",\n        genre=\"Jazz\",\n        popularity=\"medium\",\n        availability=True,\n        fee=3000.0,\n        location=\"New York\",\n        festival_experience=\"some\",\n        language=\"English\"\n    ),\n    PerformingArtist(\n        name=\"Hip Hop Star\",\n        genre=\"Hip Hop\",\n        popularity=\"high\",\n        availability=False,\n        fee=10000.0,\n        location=\"Atlanta\",\n        festival_experience=\"extensive\",\n        language=\"English\"\n    ),\n    PerformingArtist(\n        name=\"Indie Folk Band\",\n        genre=\"Folk\",\n        popularity=\"medium\",\n        availability=True,\n        fee=2000.0,\n        location=\"Portland\",\n        festival_experience=\"some\",\n        language=\"English\"\n    ),\n    PerformingArtist(\n        name=\"Classical Symphony\",\n        genre=\"Classical\",\n        popularity=\"high\",\n        availability=True,\n        fee=8000.0,\n        location=\"Vienna\",\n        festival_experience=\"extensive\",\n        language=\"German\"\n    ),\n    PerformingArtist(\n        name=\"Pop Diva\",\n        genre=\"Pop\",\n        popularity=\"high\",\n        availability=True,\n        fee=15000.0,\n        location=\"Los Angeles\",\n        festival_experience=\"extensive\",\n        language=\"English\"\n    ),\n    PerformingArtist(\n        name=\"Metal Band\",\n        genre=\"Metal\",\n        popularity=\"medium\",\n        availability=True,\n        fee=4000.0,\n        location=\"Chicago\",\n        festival_experience=\"some\",\n        language=\"English\"\n    ),\n    PerformingArtist(\n        name=\"Reggae Group\",\n        genre=\"Reggae\",\n        popularity=\"low\",\n        availability=True,\n        fee=1500.0,\n        location=\"Miami\",\n        festival_experience=\"none\",\n        language=\"English\"\n    ),\n    PerformingArtist(\n        name=\"Electronic DJ\",\n        genre=\"Electronic\",\n        popularity=\"high\",\n        availability=True,\n        fee=7000.0,\n        location=\"Berlin\",\n        festival_experience=\"extensive\",\n        language=\"English\"\n    ),\n    PerformingArtist(\n        name=\"Country Singer\",\n        genre=\"Country\",\n        popularity=\"medium\",\n        availability=False,\n        fee=3500.0,\n        location=\"Nashville\",\n        festival_experience=\"some\",\n        language=\"English\"\n    )\n]\n```",
    "goal": {
      "name": "The Rock Collective",
      "genre": "Rock",
      "popularity": "high",
      "availability": true,
      "budget": 6000.0,
      "location": "San Francisco",
      "festival_experience": "extensive",
      "language": "English"
    },
    "database": [
      {
        "name": "Hip Hop Star",
        "genre": "Hip Hop",
        "popularity": "high",
        "availability": false,
        "fee": 10000.0,
        "location": "Atlanta",
        "festival_experience": "extensive",
        "language": "English"
      },
      {
        "name": "The Rock Collective",
        "genre": "Rock",
        "popularity": "high",
        "availability": true,
        "fee": 5500.0,
        "location": "San Francisco",
        "festival_experience": "extensive",
        "language": "English"
      },
      {
        "name": "Reggae Group",
        "genre": "Reggae",
        "popularity": "low",
        "availability": true,
        "fee": 1500.0,
        "location": "Miami",
        "festival_experience": "none",
        "language": "English"
      },
      {
        "name": "Jazz Trio",
        "genre": "Jazz",
        "popularity": "medium",
        "availability": true,
        "fee": 3000.0,
        "location": "New York",
        "festival_experience": "some",
        "language": "English"
      },
      {
        "name": "Pop Diva",
        "genre": "Pop",
        "popularity": "high",
        "availability": true,
        "fee": 15000.0,
        "location": "Los Angeles",
        "festival_experience": "extensive",
        "language": "English"
      },
      {
        "name": "The Rock Band",
        "genre": "Rock",
        "popularity": "high",
        "availability": true,
        "fee": 5000.0,
        "location": "Los Angeles",
        "festival_experience": "extensive",
        "language": "English"
      },
      {
        "name": "The Jazz Ensemble",
        "genre": "Jazz",
        "popularity": "high",
        "availability": false,
        "fee": 7000.0,
        "location": "Chicago",
        "festival_experience": "extensive",
        "language": "English"
      },
      {
        "name": "Metal Band",
        "genre": "Metal",
        "popularity": "medium",
        "availability": true,
        "fee": 4000.0,
        "location": "Chicago",
        "festival_experience": "some",
        "language": "English"
      },
      {
        "name": "Electronic DJ",
        "genre": "Electronic",
        "popularity": "high",
        "availability": true,
        "fee": 7000.0,
        "location": "Berlin",
        "festival_experience": "extensive",
        "language": "English"
      },
      {
        "name": "Country Singer",
        "genre": "Country",
        "popularity": "medium",
        "availability": false,
        "fee": 3500.0,
        "location": "Nashville",
        "festival_experience": "some",
        "language": "English"
      },
      {
        "name": "Classical Symphony",
        "genre": "Classical",
        "popularity": "high",
        "availability": true,
        "fee": 8000.0,
        "location": "Vienna",
        "festival_experience": "extensive",
        "language": "German"
      },
      {
        "name": "The Indie Band",
        "genre": "Indie",
        "popularity": "medium",
        "availability": true,
        "fee": 3000.0,
        "location": "New York",
        "festival_experience": "some",
        "language": "English"
      },
      {
        "name": "Indie Folk Band",
        "genre": "Folk",
        "popularity": "medium",
        "availability": true,
        "fee": 2000.0,
        "location": "Portland",
        "festival_experience": "some",
        "language": "English"
      }
    ],
    "status": "complete"
  },
  {
    "domain": "Headline Acts",
    "turns": [
      [
        "Thanks! Now, do we have any local reggae acts available?",
        {
          "name": "The Rock Collective",
          "fame": "national",
          "budget": 5500,
          "performance_duration": null,
          "genre": "rock",
          "availability": true,
          "technical_requirements": null,
          "audience_size": null
        },
        "Yes, we have several local reggae acts available, including \"Tropical Beats,\" \"Reggae Fusion,\" and \"Reggae Rhythms.\" Would you like details on any of them?"
      ],
      [
        "Can you give me more details about \"Reggae Fusion\"?",
        {
          "name": "The Rock Collective",
          "fame": "national",
          "budget": 5500,
          "performance_duration": null,
          "genre": "rock",
          "availability": true,
          "technical_requirements": null,
          "audience_size": null
        },
        "\"Reggae Fusion\" has a budget of $4,500, a performance duration of 75 minutes, and requires an advanced sound system."
      ],
      [
        "That fits our criteria perfectly! Are they available for the festival?",
        {
          "name": "The Rock Collective",
          "fame": "national",
          "budget": 5500,
          "performance_duration": 75,
          "genre": "rock",
          "availability": true,
          "technical_requirements": "advanced sound system",
          "audience_size": null
        },
        "Yes, \"Reggae Fusion\" is available for the festival! Would you like to book them?"
      ],
      [
        "Yes, let's book \"Reggae Fusion\" as well!",
        {
          "name": "Reggae Fusion",
          "fame": "local",
          "budget": 4500,
          "performance_duration": 75,
          "genre": "reggae",
          "availability": true,
          "technical_requirements": "advanced sound system",
          "audience_size": null
        },
        "Awesome! I'll finalize the booking for \"Reggae Fusion.\""
      ],
      [
        "Thanks! We're all set for the festival lineup now!",
        {
          "name": "The Rock Collective",
          "fame": "national",
          "budget": 5500,
          "performance_duration": 75,
          "genre": "rock",
          "availability": true,
          "technical_requirements": "advanced sound system",
          "audience_size": null
        },
        "You're welcome! Excited for the festival!"
      ]
    ],
    "preferences_code": "```python\npreferences = HeadlineActCriteria(\n    name='Reggae Fusion',\n    fame='local',\n    budget=4500,\n    performance_duration=75,\n    genre='Reggae',\n    availability=True,\n    technical_requirements='Advanced sound system',\n    audience_size=7000,\n)\n```",
    "red_herrings_code": "```python\nheadline_acts_examples = [\n    HeadlineAct(\n        name='Island Vibes',\n        fame='local',\n        budget=3500,\n        performance_duration=60,\n        genre='Reggae',\n        availability=True,\n        technical_requirements='Basic sound system',\n        audience_size=5000,\n    ),\n    HeadlineAct(\n        name='Reggae Fusion',\n        fame='local',\n        budget=4500,\n        performance_duration=75,\n        genre='Reggae',\n        availability=True,\n        technical_requirements='Advanced sound system',\n        audience_size=7000,\n    ),\n    HeadlineAct(\n        name='Tropical Beats',\n        fame='local',\n        budget=4000,\n        performance_duration=50,\n        genre='Reggae',\n        availability=True,\n        technical_requirements='Basic sound system',\n        audience_size=5500,\n    ),\n]\n```",
    "database_code": "```python\n# Global variable to store a list of sample Headline Acts\nheadline_acts = [\n    HeadlineAct(\n        name=\"The Rock Collective\",\n        fame=\"national\",\n        budget=5500,\n        performance_duration=90,\n        genre=\"Rock\",\n        availability=True,\n        technical_requirements=\"Full band setup, stage lights\",\n        audience_size=10000\n    ),\n    HeadlineAct(\n        name=\"Indie Vibes\",\n        fame=\"local\",\n        budget=3000,\n        performance_duration=60,\n        genre=\"Indie\",\n        availability=True,\n        technical_requirements=\"Basic sound system\",\n        audience_size=5000\n    ),\n    HeadlineAct(\n        name=\"Pop Icons\",\n        fame=\"international\",\n        budget=20000,\n        performance_duration=120,\n        genre=\"Pop\",\n        availability=False,\n        technical_requirements=\"Full stage setup, large screens\",\n        audience_size=30000\n    ),\n    HeadlineAct(\n        name=\"Metal Warriors\",\n        fame=\"national\",\n        budget=8000,\n        performance_duration=75,\n        genre=\"Metal\",\n        availability=True,\n        technical_requirements=\"Heavy sound system\",\n        audience_size=15000\n    ),\n    HeadlineAct(\n        name=\"Jazz Legends\",\n        fame=\"international\",\n        budget=12000,\n        performance_duration=90,\n        genre=\"Jazz\",\n        availability=True,\n        technical_requirements=\"Acoustic setup\",\n        audience_size=8000\n    ),\n    HeadlineAct(\n        name=\"Folk Tales\",\n        fame=\"local\",\n        budget=2500,\n        performance_duration=45,\n        genre=\"Folk\",\n        availability=True,\n        technical_requirements=\"Basic sound system\",\n        audience_size=3000\n    ),\n    HeadlineAct(\n        name=\"Hip Hop Stars\",\n        fame=\"national\",\n        budget=10000,\n        performance_duration=60,\n        genre=\"Hip Hop\",\n        availability=False,\n        technical_requirements=\"DJ setup, lighting\",\n        audience_size=20000\n    ),\n    HeadlineAct(\n        name=\"Classical Symphony\",\n        fame=\"international\",\n        budget=15000,\n        performance_duration=120,\n        genre=\"Classical\",\n        availability=True,\n        technical_requirements=\"Orchestral setup\",\n        audience_size=5000\n    ),\n    HeadlineAct(\n        name=\"Electronic Beats\",\n        fame=\"national\",\n        budget=7000,\n        performance_duration=90,\n        genre=\"Electronic\",\n        availability=True,\n        technical_requirements=\"DJ setup, LED screens\",\n        audience_size=12000\n    ),\n    HeadlineAct(\n        name=\"Reggae Rhythms\",\n        fame=\"local\",\n        budget=4000,\n        performance_duration=60,\n        genre=\"Reggae\",\n        availability=True,\n        technical_requirements=\"Basic sound system\",\n        audience_size=6000\n    )\n]\n```",
    "goal": {
      "name": "Reggae Fusion",
      "fame": "local",
      "budget": 4500,
      "performance_duration": 75,
      "genre": "Reggae",
      "availability": true,
      "technical_requirements": "Advanced sound system",
      "audience_size": 7000
    },
    "database": [
      {
        "name": "Pop Icons",
        "fame": "international",
        "budget": 20000,
        "performance_duration": 120,
        "genre": "Pop",
        "availability": false,
        "technical_requirements": "Full stage setup, large screens",
        "audience_size": 30000
      },
      {
        "name": "Hip Hop Stars",
        "fame": "national",
        "budget": 10000,
        "performance_duration": 60,
        "genre": "Hip Hop",
        "availability": false,
        "technical_requirements": "DJ setup, lighting",
        "audience_size": 20000
      },
      {
        "name": "Tropical Beats",
        "fame": "local",
        "budget": 4000,
        "performance_duration": 50,
        "genre": "Reggae",
        "availability": true,
        "technical_requirements": "Basic sound system",
        "audience_size": 5500
      },
      {
        "name": "Indie Vibes",
        "fame": "local",
        "budget": 3000,
        "performance_duration": 60,
        "genre": "Indie",
        "availability": true,
        "technical_requirements": "Basic sound system",
        "audience_size": 5000
      },
      {
        "name": "Jazz Legends",
        "fame": "international",
        "budget": 12000,
        "performance_duration": 90,
        "genre": "Jazz",
        "availability": true,
        "technical_requirements": "Acoustic setup",
        "audience_size": 8000
      },
      {
        "name": "Electronic Beats",
        "fame": "national",
        "budget": 7000,
        "performance_duration": 90,
        "genre": "Electronic",
        "availability": true,
        "technical_requirements": "DJ setup, LED screens",
        "audience_size": 12000
      },
      {
        "name": "The Rock Collective",
        "fame": "national",
        "budget": 5500,
        "performance_duration": 90,
        "genre": "Rock",
        "availability": true,
        "technical_requirements": "Full band setup, stage lights",
        "audience_size": 10000
      },
      {
        "name": "Reggae Fusion",
        "fame": "local",
        "budget": 4500,
        "performance_duration": 75,
        "genre": "Reggae",
        "availability": true,
        "technical_requirements": "Advanced sound system",
        "audience_size": 7000
      },
      {
        "name": "Island Vibes",
        "fame": "local",
        "budget": 3500,
        "performance_duration": 60,
        "genre": "Reggae",
        "availability": true,
        "technical_requirements": "Basic sound system",
        "audience_size": 5000
      },
      {
        "name": "Classical Symphony",
        "fame": "international",
        "budget": 15000,
        "performance_duration": 120,
        "genre": "Classical",
        "availability": true,
        "technical_requirements": "Orchestral setup",
        "audience_size": 5000
      },
      {
        "name": "Folk Tales",
        "fame": "local",
        "budget": 2500,
        "performance_duration": 45,
        "genre": "Folk",
        "availability": true,
        "technical_requirements": "Basic sound system",
        "audience_size": 3000
      },
      {
        "name": "Metal Warriors",
        "fame": "national",
        "budget": 8000,
        "performance_duration": 75,
        "genre": "Metal",
        "availability": true,
        "technical_requirements": "Heavy sound system",
        "audience_size": 15000
      },
      {
        "name": "Reggae Rhythms",
        "fame": "local",
        "budget": 4000,
        "performance_duration": 60,
        "genre": "Reggae",
        "availability": true,
        "technical_requirements": "Basic sound system",
        "audience_size": 6000
      }
    ],
    "status": "complete"
  },
  {
    "domain": "Set Times",
    "turns": [
      [
        "Absolutely! Now, can you help me find set times that have minimal overlap?",
        {
          "name": null,
          "peak_audience_time": null,
          "duration": null,
          "overlap": "minimal",
          "genre_preference": null,
          "stage_size": null,
          "accessibility": null,
          "popularity": null
        },
        "Sure! Do you have any specific genres or peak audience times in mind?"
      ],
      [
        "No specific genres or peak times, just focusing on minimal overlap for a large stage.",
        {
          "name": null,
          "peak_audience_time": null,
          "duration": null,
          "overlap": "minimal",
          "genre_preference": null,
          "stage_size": "large",
          "accessibility": null,
          "popularity": null
        },
        "Got it! Here are the options with minimal overlap for a large stage: \"Evening Rock\" and \"Afternoon Rock.\" Would you like more details on either?"
      ],
      [
        "Can you tell me more about \"Evening Rock\"?",
        {
          "name": null,
          "peak_audience_time": null,
          "duration": null,
          "overlap": "minimal",
          "genre_preference": null,
          "stage_size": "large",
          "accessibility": null,
          "popularity": null
        },
        "\"Evening Rock\" has a duration of 90 minutes, scheduled for the evening, and has a medium popularity."
      ],
      [
        "That sounds good! Is there any overlap with other acts during that time?",
        {
          "name": null,
          "peak_audience_time": "evening",
          "duration": 90,
          "overlap": "minimal",
          "genre_preference": null,
          "stage_size": "large",
          "accessibility": null,
          "popularity": "medium"
        },
        "No, \"Evening Rock\" has minimal overlap with other acts. Would you like to book it?"
      ],
      [
        "Yes, let's book \"Evening Rock\"!",
        {
          "name": "Evening Rock",
          "peak_audience_time": "evening",
          "duration": 90,
          "overlap": "minimal",
          "genre_preference": null,
          "stage_size": "large",
          "accessibility": null,
          "popularity": "medium"
        },
        "Great choice! I'll finalize the booking for \"Evening Rock.\""
      ]
    ],
    "preferences_code": "```python\npreferences = SetTimeCriteria(\n    name='Afternoon Indie',\n    peak_audience_time='afternoon',\n    duration=75,\n    overlap='minimal',\n    genre_preference='indie',\n    stage_size='large',\n    accessibility=False,\n    popularity='medium',\n)\n```",
    "red_herrings_code": "```python\n# Global variable representing a list of SetTime examples\nset_time_examples = [\n    SetTime(\n        name='Evening Rock',\n        peak_audience_time='evening',\n        duration=90,\n        overlap='minimal',\n        genre='rock',\n        stage_size='large',\n        accessibility=False,\n        popularity='medium',\n    ),\n    SetTime(\n        name='Afternoon Indie',\n        peak_audience_time='afternoon',\n        duration=75,\n        overlap='minimal',\n        genre='indie',\n        stage_size='large',\n        accessibility=False,\n        popularity='medium',\n    ),\n    SetTime(\n        name='Afternoon Rock',\n        peak_audience_time='afternoon',\n        duration=90,\n        overlap='none',\n        genre='rock',\n        stage_size='medium',\n        accessibility=False,\n        popularity='low',\n    ),\n]\n```",
    "database_code": "```python\n# Global variable to hold a list of Set Times examples\nset_times_examples = [\n    SetTime(name=\"Morning Vibes\", peak_audience_time='morning', duration=60, overlap='none', genre='reggae', stage_size='small', accessibility=True, popularity='high'),\n    SetTime(name=\"Afternoon Rock\", peak_audience_time='afternoon', duration=90, overlap='minimal', genre='rock', stage_size='large', accessibility=False, popularity='medium'),\n    SetTime(name=\"Evening Chill\", peak_audience_time='evening', duration=75, overlap='moderate', genre='acoustic', stage_size='medium', accessibility=True, popularity='low'),\n    SetTime(name=\"Night Beats\", peak_audience_time='night', duration=120, overlap='any', genre='electronic', stage_size='large', accessibility=False, popularity='high'),\n    SetTime(name=\"Sunset Reggae\", peak_audience_time='evening', duration=45, overlap='none', genre='reggae', stage_size='medium', accessibility=True, popularity='medium'),\n    SetTime(name=\"Late Night Rock\", peak_audience_time='night', duration=90, overlap='minimal', genre='rock', stage_size='large', accessibility=False, popularity='high'),\n    SetTime(name=\"Morning Acoustic\", peak_audience_time='morning', duration=30, overlap='none', genre='acoustic', stage_size='small', accessibility=True, popularity='low'),\n    SetTime(name=\"Afternoon Jazz\", peak_audience_time='afternoon', duration=60, overlap='moderate', genre='jazz', stage_size='medium', accessibility=True, popularity='medium'),\n    SetTime(name=\"Evening Hip Hop\", peak_audience_time='evening', duration=75, overlap='any', genre='hip hop', stage_size='large', accessibility=False, popularity='high'),\n    SetTime(name=\"Night Folk\", peak_audience_time='night', duration=50, overlap='minimal', genre='folk', stage_size='small', accessibility=True, popularity='low'),\n]\n```",
    "goal": {
      "name": null,
      "peak_audience_time": null,
      "duration": null,
      "overlap": "minimal",
      "genre_preference": null,
      "stage_size": "large",
      "accessibility": false,
      "popularity": "medium"
    },
    "database": [
      {
        "name": "Evening Rock",
        "peak_audience_time": "evening",
        "duration": 90,
        "overlap": "minimal",
        "genre": "rock",
        "stage_size": "large",
        "accessibility": false,
        "popularity": "medium"
      },
      {
        "name": "Night Beats",
        "peak_audience_time": "night",
        "duration": 120,
        "overlap": "any",
        "genre": "electronic",
        "stage_size": "large",
        "accessibility": false,
        "popularity": "high"
      },
      {
        "name": "Evening Hip Hop",
        "peak_audience_time": "evening",
        "duration": 75,
        "overlap": "any",
        "genre": "hip hop",
        "stage_size": "large",
        "accessibility": false,
        "popularity": "high"
      },
      {
        "name": "Afternoon Indie",
        "peak_audience_time": "afternoon",
        "duration": 75,
        "overlap": "minimal",
        "genre": "indie",
        "stage_size": "large",
        "accessibility": false,
        "popularity": "medium"
      },
      {
        "name": "Sunset Reggae",
        "peak_audience_time": "evening",
        "duration": 45,
        "overlap": "none",
        "genre": "reggae",
        "stage_size": "medium",
        "accessibility": true,
        "popularity": "medium"
      },
      {
        "name": "Afternoon Jazz",
        "peak_audience_time": "afternoon",
        "duration": 60,
        "overlap": "moderate",
        "genre": "jazz",
        "stage_size": "medium",
        "accessibility": true,
        "popularity": "medium"
      },
      {
        "name": "Morning Vibes",
        "peak_audience_time": "morning",
        "duration": 60,
        "overlap": "none",
        "genre": "reggae",
        "stage_size": "small",
        "accessibility": true,
        "popularity": "high"
      },
      {
        "name": "Night Folk",
        "peak_audience_time": "night",
        "duration": 50,
        "overlap": "minimal",
        "genre": "folk",
        "stage_size": "small",
        "accessibility": true,
        "popularity": "low"
      },
      {
        "name": "Afternoon Rock",
        "peak_audience_time": "afternoon",
        "duration": 90,
        "overlap": "none",
        "genre": "rock",
        "stage_size": "medium",
        "accessibility": false,
        "popularity": "low"
      },
      {
        "name": "Morning Acoustic",
        "peak_audience_time": "morning",
        "duration": 30,
        "overlap": "none",
        "genre": "acoustic",
        "stage_size": "small",
        "accessibility": true,
        "popularity": "low"
      },
      {
        "name": "Evening Chill",
        "peak_audience_time": "evening",
        "duration": 75,
        "overlap": "moderate",
        "genre": "acoustic",
        "stage_size": "medium",
        "accessibility": true,
        "popularity": "low"
      },
      {
        "name": "Late Night Rock",
        "peak_audience_time": "night",
        "duration": 90,
        "overlap": "minimal",
        "genre": "rock",
        "stage_size": "large",
        "accessibility": false,
        "popularity": "high"
      },
      {
        "name": "Afternoon Rock",
        "peak_audience_time": "afternoon",
        "duration": 90,
        "overlap": "minimal",
        "genre": "rock",
        "stage_size": "large",
        "accessibility": false,
        "popularity": "medium"
      }
    ],
    "status": "complete"
  }
]