[
  {
    "domain": "Performing Artists",
    "turns": [
      [
        "Hey, do we have any Rock artists available in Chicago?",
        {
          "name": null,
          "genre": "Rock",
          "popularity": null,
          "availability": null,
          "budget": null,
          "location": "Chicago",
          "festival_experience": null,
          "language": null
        },
        "Yes, we have a Metal Band available in Chicago. Would you like more details?"
      ],
      [
        "I\u2019m looking specifically for Rock artists, not Metal. Any other options?",
        {
          "name": null,
          "genre": "Rock",
          "popularity": null,
          "availability": null,
          "budget": null,
          "location": "Chicago",
          "festival_experience": null,
          "language": null
        },
        "The only Rock artist available is The Rock Band, also in Los Angeles. Would that work for you?"
      ],
      [
        "They're in Los Angeles, and I'm focused on Chicago. Any Chicago artists available?",
        {
          "name": null,
          "genre": "Rock",
          "popularity": null,
          "availability": null,
          "budget": null,
          "location": "Chicago",
          "festival_experience": null,
          "language": null
        },
        "Unfortunately, the Rock Star in Chicago is not available. Would you like to consider other genres?"
      ],
      [
        "I\u2019d prefer to stick with Rock for now; let\u2019s keep looking. Any other Rock artists in Chicago?",
        {
          "name": null,
          "genre": "Rock",
          "popularity": null,
          "availability": null,
          "budget": null,
          "location": "Chicago",
          "festival_experience": null,
          "language": null
        },
        "There are no other Rock artists available in Chicago. Would you like to explore artists from nearby locations?"
      ],
      [
        "Sure, which nearby locations do you have in mind?",
        {
          "name": null,
          "genre": "Rock",
          "popularity": null,
          "availability": null,
          "budget": null,
          "location": "Chicago",
          "festival_experience": null,
          "language": null
        },
        "We have artists available in Los Angeles, New York, Miami, and Berlin. Which location interests you?"
      ],
      [
        "Let\u2019s check out Los Angeles first; any Rock artists there?",
        {
          "name": null,
          "genre": "Rock",
          "popularity": null,
          "availability": null,
          "budget": null,
          "location": "Los Angeles",
          "festival_experience": null,
          "language": null
        },
        "In Los Angeles, we have The Rock Band and Dance Queen, but only The Rock Band is a Rock artist. Would you like more info on them?"
      ],
      [
        "Yes, please share more details about The Rock Band.",
        {
          "name": null,
          "genre": "Rock",
          "popularity": null,
          "availability": null,
          "budget": null,
          "location": "Los Angeles",
          "festival_experience": null,
          "language": null
        },
        "The Rock Band is a high-popularity Rock artist, available for a fee of $5,000 and has extensive festival experience. Would you like to book them?"
      ],
      [
        "That sounds great, but they're outside my budget. Any other options?",
        {
          "name": null,
          "genre": "Rock",
          "popularity": null,
          "availability": null,
          "budget": null,
          "location": "Los Angeles",
          "festival_experience": "extensive",
          "language": null
        },
        "The only other Rock option is in Chicago, but they\u2019re unavailable. Would you like to consider artists from other genres within your budget?"
      ],
      [
        "I\u2019m still keen on Rock; let\u2019s keep looking for any more options.",
        {
          "name": null,
          "genre": "Rock",
          "popularity": "high",
          "availability": null,
          "budget": null,
          "location": "Chicago",
          "festival_experience": null,
          "language": null
        },
        "Unfortunately, there are no other Rock artists available. Would you like to explore artists in different genres or locations?"
      ],
      [
        "Alright, let\u2019s explore artists in different genres; what do you recommend?",
        {
          "name": null,
          "genre": "Rock",
          "popularity": "high",
          "availability": null,
          "budget": null,
          "location": null,
          "festival_experience": null,
          "language": null
        },
        "How about the Electronic DJ from Berlin? They\u2019re high in popularity and available for $7,000. Interested?"
      ],
      [
        "That sounds promising! Does the DJ have festival experience?",
        {
          "name": null,
          "genre": "Rock",
          "popularity": "high",
          "availability": null,
          "budget": 5000,
          "location": null,
          "festival_experience": null,
          "language": null
        },
        "Yes, the Electronic DJ has extensive festival experience. Would you like to book them?"
      ],
      [
        "Yes, let\u2019s go ahead and book the Electronic DJ from Berlin!",
        {
          "name": "Electronic DJ",
          "genre": "Electronic",
          "popularity": "high",
          "availability": true,
          "budget": 7000,
          "location": "Berlin",
          "festival_experience": "extensive",
          "language": null
        },
        "Great choice! The Electronic DJ is all set for your festival. Thank you!"
      ]
    ],
    "preferences_code": "```python\npreferences = ArtistCriteria(\n    name='Rock Star',\n    genre='Rock',\n    popularity='high',\n    availability=False,\n    budget=25000.0,  # Assuming the festival can afford up to $25,000\n    location='Chicago',\n    festival_experience='extensive',\n    language='English'\n)\n```",
    "red_herrings_code": "```python\nperforming_artists = [\n    PerformingArtist(\n        name='Dance Queen',\n        genre='Pop',\n        popularity='high',\n        availability=True,\n        fee=14000.0,\n        location='Los Angeles',\n        festival_experience='extensive',\n        language='English',\n    ),\n    PerformingArtist(\n        name='Soulful Singer',\n        genre='Soul',\n        popularity='medium',\n        availability=True,\n        fee=12000.0,\n        location='New York',\n        festival_experience='some',\n        language='English',\n    ),\n    PerformingArtist(\n        name='Rock Star',\n        genre='Rock',\n        popularity='high',\n        availability=False,\n        fee=20000.0,\n        location='Chicago',\n        festival_experience='extensive',\n        language='English',\n    ),\n]\n```",
    "database_code": "```python\n# Global variable representing a list of Performing Artists examples\nperforming_artists: list[PerformingArtist] = [\n    PerformingArtist(\n        name=\"The Rock Band\",\n        genre=\"Rock\",\n        popularity=\"high\",\n        availability=True,\n        fee=5000.0,\n        location=\"Los Angeles\",\n        festival_experience=\"extensive\",\n        language=\"English\"\n    ),\n    PerformingArtist(\n        name=\"Jazz Trio\",\n        genre=\"Jazz\",\n        popularity=\"medium\",\n        availability=True,\n        fee=3000.0,\n        location=\"New York\",\n        festival_experience=\"some\",\n        language=\"English\"\n    ),\n    PerformingArtist(\n        name=\"Hip Hop Star\",\n        genre=\"Hip Hop\",\n        popularity=\"high\",\n        availability=False,\n        fee=10000.0,\n        location=\"Atlanta\",\n        festival_experience=\"extensive\",\n        language=\"English\"\n    ),\n    PerformingArtist(\n        name=\"Indie Folk Band\",\n        genre=\"Folk\",\n        popularity=\"medium\",\n        availability=True,\n        fee=2000.0,\n        location=\"Portland\",\n        festival_experience=\"some\",\n        language=\"English\"\n    ),\n    PerformingArtist(\n        name=\"Classical Symphony\",\n        genre=\"Classical\",\n        popularity=\"high\",\n        availability=True,\n        fee=8000.0,\n        location=\"Vienna\",\n        festival_experience=\"extensive\",\n        language=\"German\"\n    ),\n    PerformingArtist(\n        name=\"Pop Diva\",\n        genre=\"Pop\",\n        popularity=\"high\",\n        availability=True,\n        fee=15000.0,\n        location=\"Los Angeles\",\n        festival_experience=\"extensive\",\n        language=\"English\"\n    ),\n    PerformingArtist(\n        name=\"Metal Band\",\n        genre=\"Metal\",\n        popularity=\"medium\",\n        availability=True,\n        fee=4000.0,\n        location=\"Chicago\",\n        festival_experience=\"some\",\n        language=\"English\"\n    ),\n    PerformingArtist(\n        name=\"Reggae Group\",\n        genre=\"Reggae\",\n        popularity=\"low\",\n        availability=True,\n        fee=1500.0,\n        location=\"Miami\",\n        festival_experience=\"none\",\n        language=\"English\"\n    ),\n    PerformingArtist(\n        name=\"Electronic DJ\",\n        genre=\"Electronic\",\n        popularity=\"high\",\n        availability=True,\n        fee=7000.0,\n        location=\"Berlin\",\n        festival_experience=\"extensive\",\n        language=\"English\"\n    ),\n    PerformingArtist(\n        name=\"Country Singer\",\n        genre=\"Country\",\n        popularity=\"medium\",\n        availability=False,\n        fee=3500.0,\n        location=\"Nashville\",\n        festival_experience=\"some\",\n        language=\"English\"\n    )\n]\n```",
    "goal": {
      "name": null,
      "genre": "Rock",
      "popularity": null,
      "availability": false,
      "budget": 25000.0,
      "location": "Chicago",
      "festival_experience": null,
      "language": null
    },
    "database": [
      {
        "name": "Rock Star",
        "genre": "Rock",
        "popularity": "high",
        "availability": false,
        "fee": 20000.0,
        "location": "Chicago",
        "festival_experience": "extensive",
        "language": "English"
      },
      {
        "name": "Hip Hop Star",
        "genre": "Hip Hop",
        "popularity": "high",
        "availability": false,
        "fee": 10000.0,
        "location": "Atlanta",
        "festival_experience": "extensive",
        "language": "English"
      },
      {
        "name": "Jazz Trio",
        "genre": "Jazz",
        "popularity": "medium",
        "availability": true,
        "fee": 3000.0,
        "location": "New York",
        "festival_experience": "some",
        "language": "English"
      },
      {
        "name": "Reggae Group",
        "genre": "Reggae",
        "popularity": "low",
        "availability": true,
        "fee": 1500.0,
        "location": "Miami",
        "festival_experience": "none",
        "language": "English"
      },
      {
        "name": "Electronic DJ",
        "genre": "Electronic",
        "popularity": "high",
        "availability": true,
        "fee": 7000.0,
        "location": "Berlin",
        "festival_experience": "extensive",
        "language": "English"
      },
      {
        "name": "Dance Queen",
        "genre": "Pop",
        "popularity": "high",
        "availability": true,
        "fee": 14000.0,
        "location": "Los Angeles",
        "festival_experience": "extensive",
        "language": "English"
      },
      {
        "name": "Metal Band",
        "genre": "Metal",
        "popularity": "medium",
        "availability": true,
        "fee": 4000.0,
        "location": "Chicago",
        "festival_experience": "some",
        "language": "English"
      },
      {
        "name": "Classical Symphony",
        "genre": "Classical",
        "popularity": "high",
        "availability": true,
        "fee": 8000.0,
        "location": "Vienna",
        "festival_experience": "extensive",
        "language": "German"
      },
      {
        "name": "Country Singer",
        "genre": "Country",
        "popularity": "medium",
        "availability": false,
        "fee": 3500.0,
        "location": "Nashville",
        "festival_experience": "some",
        "language": "English"
      },
      {
        "name": "Indie Folk Band",
        "genre": "Folk",
        "popularity": "medium",
        "availability": true,
        "fee": 2000.0,
        "location": "Portland",
        "festival_experience": "some",
        "language": "English"
      },
      {
        "name": "The Rock Band",
        "genre": "Rock",
        "popularity": "high",
        "availability": true,
        "fee": 5000.0,
        "location": "Los Angeles",
        "festival_experience": "extensive",
        "language": "English"
      },
      {
        "name": "Pop Diva",
        "genre": "Pop",
        "popularity": "high",
        "availability": true,
        "fee": 15000.0,
        "location": "Los Angeles",
        "festival_experience": "extensive",
        "language": "English"
      },
      {
        "name": "Soulful Singer",
        "genre": "Soul",
        "popularity": "medium",
        "availability": true,
        "fee": 12000.0,
        "location": "New York",
        "festival_experience": "some",
        "language": "English"
      }
    ],
    "status": "complete"
  },
  {
    "domain": "Headline Acts",
    "turns": [
      [
        "Thanks! Now, can we look for a Jazz artist as a headline act?",
        {
          "name": "Electronic DJ",
          "fame": "international",
          "budget": 7000,
          "performance_duration": null,
          "genre": "Electronic",
          "availability": true,
          "technical_requirements": null,
          "audience_size": null
        },
        "Sure! We have a couple of Jazz artists available. Would you like to know about them?"
      ],
      [
        "Yes, please tell me about the Jazz artists available!",
        {
          "name": null,
          "fame": null,
          "budget": 5000,
          "performance_duration": null,
          "genre": "Electronic",
          "availability": true,
          "technical_requirements": null,
          "audience_size": null
        },
        "We have the Regional Jazz Band for $2,500 and the Local Jazz Ensemble for $2,000. Which one interests you?"
      ],
      [
        "I\u2019m interested in the Regional Jazz Band; does it fit my criteria?",
        {
          "name": "Electronic DJ",
          "fame": "international",
          "budget": 7000,
          "performance_duration": null,
          "genre": "Electronic",
          "availability": true,
          "technical_requirements": null,
          "audience_size": null
        },
        "Yes, the Regional Jazz Band fits your criteria and is available for booking. Would you like to proceed?"
      ],
      [
        "Yes, let\u2019s proceed with booking the Regional Jazz Band!",
        {
          "name": "Regional Jazz Band",
          "fame": null,
          "budget": 2500,
          "performance_duration": null,
          "genre": "Jazz",
          "availability": true,
          "technical_requirements": null,
          "audience_size": null
        },
        "Fantastic choice! The Regional Jazz Band is booked for your festival. Thank you!"
      ]
    ],
    "preferences_code": "```python\npreferences = HeadlineActCriteria(\n    name='Regional Jazz Band',\n    fame='national',\n    budget=2500,\n    performance_duration=120,\n    genre='Jazz',\n    availability=True,\n    technical_requirements='Medium stage setup',\n    audience_size=600,\n)\n```",
    "red_herrings_code": "```python\nheadline_acts_list = [\n    HeadlineAct(\n        name='Local Jazz Quartet',\n        fame='local',\n        budget=1800,\n        performance_duration=90,\n        genre='Jazz',\n        availability=True,\n        technical_requirements='Small stage setup',\n        audience_size=400,\n    ),\n    HeadlineAct(\n        name='Regional Jazz Band',\n        fame='national',\n        budget=2500,\n        performance_duration=120,\n        genre='Jazz',\n        availability=True,\n        technical_requirements='Medium stage setup',\n        audience_size=600,\n    ),\n    HeadlineAct(\n        name='Local Blues Band',\n        fame='local',\n        budget=2200,\n        performance_duration=120,\n        genre='Blues',\n        availability=True,\n        technical_requirements='Small stage setup',\n        audience_size=500,\n    ),\n]\n```",
    "database_code": "```python\nheadline_acts = [\n    HeadlineAct(\n        name=\"The Rock Band\",\n        fame=\"national\",\n        budget=5000,\n        performance_duration=90,\n        genre=\"Rock\",\n        availability=True,\n        technical_requirements=\"Full stage setup\",\n        audience_size=10000\n    ),\n    HeadlineAct(\n        name=\"Dance Queen\",\n        fame=\"international\",\n        budget=7000,\n        performance_duration=60,\n        genre=\"Electronic\",\n        availability=True,\n        technical_requirements=\"DJ booth, lighting\",\n        audience_size=15000\n    ),\n    HeadlineAct(\n        name=\"Local Jazz Ensemble\",\n        fame=\"local\",\n        budget=2000,\n        performance_duration=120,\n        genre=\"Jazz\",\n        availability=True,\n        technical_requirements=\"Small stage setup\",\n        audience_size=500\n    ),\n    HeadlineAct(\n        name=\"Indie Folk Trio\",\n        fame=\"national\",\n        budget=3000,\n        performance_duration=75,\n        genre=\"Folk\",\n        availability=False,\n        technical_requirements=\"Acoustic setup\",\n        audience_size=2000\n    ),\n    HeadlineAct(\n        name=\"Metal Titans\",\n        fame=\"international\",\n        budget=10000,\n        performance_duration=90,\n        genre=\"Metal\",\n        availability=True,\n        technical_requirements=\"Full rock setup\",\n        audience_size=20000\n    ),\n    HeadlineAct(\n        name=\"Pop Sensation\",\n        fame=\"international\",\n        budget=15000,\n        performance_duration=60,\n        genre=\"Pop\",\n        availability=True,\n        technical_requirements=\"Full stage production\",\n        audience_size=25000\n    ),\n    HeadlineAct(\n        name=\"Classic Rock Legends\",\n        fame=\"national\",\n        budget=12000,\n        performance_duration=120,\n        genre=\"Rock\",\n        availability=True,\n        technical_requirements=\"Full band setup\",\n        audience_size=30000\n    ),\n    HeadlineAct(\n        name=\"Hip-Hop Star\",\n        fame=\"international\",\n        budget=8000,\n        performance_duration=75,\n        genre=\"Hip-Hop\",\n        availability=False,\n        technical_requirements=\"DJ and stage setup\",\n        audience_size=10000\n    ),\n    HeadlineAct(\n        name=\"Reggae Vibes\",\n        fame=\"local\",\n        budget=2500,\n        performance_duration=90,\n        genre=\"Reggae\",\n        availability=True,\n        technical_requirements=\"Small stage setup\",\n        audience_size=3000\n    ),\n    HeadlineAct(\n        name=\"Electronic Beats\",\n        fame=\"national\",\n        budget=6000,\n        performance_duration=60,\n        genre=\"Electronic\",\n        availability=True,\n        technical_requirements=\"DJ booth, sound system\",\n        audience_size=12000\n    )\n]\n```",
    "goal": {
      "name": null,
      "fame": "national",
      "budget": 2500,
      "performance_duration": 120,
      "genre": "Jazz",
      "availability": true,
      "technical_requirements": "Medium stage setup",
      "audience_size": 600
    },
    "database": [
      {
        "name": "Classic Rock Legends",
        "fame": "national",
        "budget": 12000,
        "performance_duration": 120,
        "genre": "Rock",
        "availability": true,
        "technical_requirements": "Full band setup",
        "audience_size": 30000
      },
      {
        "name": "Dance Queen",
        "fame": "international",
        "budget": 7000,
        "performance_duration": 60,
        "genre": "Electronic",
        "availability": true,
        "technical_requirements": "DJ booth, lighting",
        "audience_size": 15000
      },
      {
        "name": "Regional Jazz Band",
        "fame": "national",
        "budget": 2500,
        "performance_duration": 120,
        "genre": "Jazz",
        "availability": true,
        "technical_requirements": "Medium stage setup",
        "audience_size": 600
      },
      {
        "name": "Local Jazz Ensemble",
        "fame": "local",
        "budget": 2000,
        "performance_duration": 120,
        "genre": "Jazz",
        "availability": true,
        "technical_requirements": "Small stage setup",
        "audience_size": 500
      },
      {
        "name": "Hip-Hop Star",
        "fame": "international",
        "budget": 8000,
        "performance_duration": 75,
        "genre": "Hip-Hop",
        "availability": false,
        "technical_requirements": "DJ and stage setup",
        "audience_size": 10000
      },
      {
        "name": "Electronic Beats",
        "fame": "national",
        "budget": 6000,
        "performance_duration": 60,
        "genre": "Electronic",
        "availability": true,
        "technical_requirements": "DJ booth, sound system",
        "audience_size": 12000
      },
      {
        "name": "Local Blues Band",
        "fame": "local",
        "budget": 2200,
        "performance_duration": 120,
        "genre": "Blues",
        "availability": true,
        "technical_requirements": "Small stage setup",
        "audience_size": 500
      },
      {
        "name": "Local Jazz Quartet",
        "fame": "local",
        "budget": 1800,
        "performance_duration": 90,
        "genre": "Jazz",
        "availability": true,
        "technical_requirements": "Small stage setup",
        "audience_size": 400
      },
      {
        "name": "Reggae Vibes",
        "fame": "local",
        "budget": 2500,
        "performance_duration": 90,
        "genre": "Reggae",
        "availability": true,
        "technical_requirements": "Small stage setup",
        "audience_size": 3000
      },
      {
        "name": "Metal Titans",
        "fame": "international",
        "budget": 10000,
        "performance_duration": 90,
        "genre": "Metal",
        "availability": true,
        "technical_requirements": "Full rock setup",
        "audience_size": 20000
      },
      {
        "name": "Pop Sensation",
        "fame": "international",
        "budget": 15000,
        "performance_duration": 60,
        "genre": "Pop",
        "availability": true,
        "technical_requirements": "Full stage production",
        "audience_size": 25000
      },
      {
        "name": "Indie Folk Trio",
        "fame": "national",
        "budget": 3000,
        "performance_duration": 75,
        "genre": "Folk",
        "availability": false,
        "technical_requirements": "Acoustic setup",
        "audience_size": 2000
      },
      {
        "name": "The Rock Band",
        "fame": "national",
        "budget": 5000,
        "performance_duration": 90,
        "genre": "Rock",
        "availability": true,
        "technical_requirements": "Full stage setup",
        "audience_size": 10000
      }
    ],
    "status": "complete"
  },
  {
    "domain": "Set Times",
    "turns": [
      [
        "Awesome! Now, can we find a suitable set time for the Electronic DJ?",
        {
          "name": null,
          "peak_audience_time": null,
          "duration": null,
          "overlap": null,
          "genre_preference": "Electronic",
          "stage_size": null,
          "accessibility": null,
          "popularity": "high"
        },
        "Sure! What specific criteria do you have in mind for the set time?"
      ],
      [
        "I\u2019m looking for an evening slot, around 120 minutes, preferably on a medium stage.",
        {
          "name": null,
          "peak_audience_time": "evening",
          "duration": 120,
          "overlap": null,
          "genre_preference": null,
          "stage_size": "medium",
          "accessibility": null,
          "popularity": null
        },
        "We have the \"Evening Electronic Remix\" option, which is 120 minutes on a medium stage. Would you like to book that?"
      ],
      [
        "Yes, let\u2019s book the \"Evening Electronic Remix\" set time!",
        {
          "name": "Evening Electronic Remix",
          "peak_audience_time": "evening",
          "duration": 120,
          "overlap": null,
          "genre_preference": "Electronic",
          "stage_size": "medium",
          "accessibility": null,
          "popularity": "high"
        },
        "Great choice! The \"Evening Electronic Remix\" set time is booked for the Electronic DJ. Thank you!"
      ]
    ],
    "preferences_code": "```python\npreferences = SetTimeCriteria(\n    name='Evening Electronic Remix',\n    peak_audience_time='evening',\n    duration=120,\n    overlap='moderate',\n    genre_preference='Electronic',\n    stage_size='medium',\n    accessibility=True,\n    popularity='high',\n)\n```",
    "red_herrings_code": "```python\n# Global variable representing a list of Set Times examples\nset_times_examples = [\n    SetTime(\n        name='Evening Electronic Remix',\n        peak_audience_time='evening',\n        duration=120,\n        overlap='moderate',\n        genre='Electronic',\n        stage_size='medium',\n        accessibility=True,\n        popularity='high',\n    ),\n    SetTime(\n        name='Late Night Electronic',\n        peak_audience_time='night',\n        duration=90,\n        overlap='minimal',\n        genre='Electronic',\n        stage_size='medium',\n        accessibility=True,\n        popularity='high',\n    ),\n    SetTime(\n        name='Afternoon Electronic Vibes',\n        peak_audience_time='afternoon',\n        duration=120,\n        overlap='moderate',\n        genre='Electronic',\n        stage_size='large',\n        accessibility=False,\n        popularity='medium',\n    ),\n]\n```",
    "database_code": "```python\nset_times_examples = [\n    SetTime(name=\"Morning Jazz\", peak_audience_time='morning', duration=60, overlap='none', genre='Jazz', stage_size='small', accessibility=True, popularity='medium'),\n    SetTime(name=\"Afternoon Rock\", peak_audience_time='afternoon', duration=90, overlap='minimal', genre='Rock', stage_size='large', accessibility=False, popularity='high'),\n    SetTime(name=\"Evening Electronic\", peak_audience_time='evening', duration=120, overlap='moderate', genre='Electronic', stage_size='medium', accessibility=True, popularity='high'),\n    SetTime(name=\"Night Blues\", peak_audience_time='night', duration=75, overlap='any', genre='Blues', stage_size='small', accessibility=False, popularity='low'),\n    SetTime(name=\"Afternoon Folk\", peak_audience_time='afternoon', duration=45, overlap='none', genre='Folk', stage_size='medium', accessibility=True, popularity='medium'),\n    SetTime(name=\"Morning Indie\", peak_audience_time='morning', duration=50, overlap='minimal', genre='Indie', stage_size='small', accessibility=True, popularity='high'),\n    SetTime(name=\"Evening Pop\", peak_audience_time='evening', duration=80, overlap='moderate', genre='Pop', stage_size='large', accessibility=False, popularity='high'),\n    SetTime(name=\"Night Hip-Hop\", peak_audience_time='night', duration=90, overlap='any', genre='Hip-Hop', stage_size='medium', accessibility=True, popularity='medium'),\n    SetTime(name=\"Morning Reggae\", peak_audience_time='morning', duration=70, overlap='none', genre='Reggae', stage_size='small', accessibility=True, popularity='low'),\n    SetTime(name=\"Afternoon Metal\", peak_audience_time='afternoon', duration=100, overlap='minimal', genre='Metal', stage_size='large', accessibility=False, popularity='high'),\n]\n```",
    "goal": {
      "name": null,
      "peak_audience_time": "evening",
      "duration": 120,
      "overlap": null,
      "genre_preference": "Electronic",
      "stage_size": "medium",
      "accessibility": null,
      "popularity": "high"
    },
    "database": [
      {
        "name": "Morning Reggae",
        "peak_audience_time": "morning",
        "duration": 70,
        "overlap": "none",
        "genre": "Reggae",
        "stage_size": "small",
        "accessibility": true,
        "popularity": "low"
      },
      {
        "name": "Afternoon Metal",
        "peak_audience_time": "afternoon",
        "duration": 100,
        "overlap": "minimal",
        "genre": "Metal",
        "stage_size": "large",
        "accessibility": false,
        "popularity": "high"
      },
      {
        "name": "Night Blues",
        "peak_audience_time": "night",
        "duration": 75,
        "overlap": "any",
        "genre": "Blues",
        "stage_size": "small",
        "accessibility": false,
        "popularity": "low"
      },
      {
        "name": "Evening Electronic",
        "peak_audience_time": "evening",
        "duration": 120,
        "overlap": "moderate",
        "genre": "Electronic",
        "stage_size": "medium",
        "accessibility": true,
        "popularity": "high"
      },
      {
        "name": "Late Night Electronic",
        "peak_audience_time": "night",
        "duration": 90,
        "overlap": "minimal",
        "genre": "Electronic",
        "stage_size": "medium",
        "accessibility": true,
        "popularity": "high"
      },
      {
        "name": "Afternoon Rock",
        "peak_audience_time": "afternoon",
        "duration": 90,
        "overlap": "minimal",
        "genre": "Rock",
        "stage_size": "large",
        "accessibility": false,
        "popularity": "high"
      },
      {
        "name": "Morning Jazz",
        "peak_audience_time": "morning",
        "duration": 60,
        "overlap": "none",
        "genre": "Jazz",
        "stage_size": "small",
        "accessibility": true,
        "popularity": "medium"
      },
      {
        "name": "Afternoon Electronic Vibes",
        "peak_audience_time": "afternoon",
        "duration": 120,
        "overlap": "moderate",
        "genre": "Electronic",
        "stage_size": "large",
        "accessibility": false,
        "popularity": "medium"
      },
      {
        "name": "Evening Electronic Remix",
        "peak_audience_time": "evening",
        "duration": 120,
        "overlap": "moderate",
        "genre": "Electronic",
        "stage_size": "medium",
        "accessibility": true,
        "popularity": "high"
      },
      {
        "name": "Morning Indie",
        "peak_audience_time": "morning",
        "duration": 50,
        "overlap": "minimal",
        "genre": "Indie",
        "stage_size": "small",
        "accessibility": true,
        "popularity": "high"
      },
      {
        "name": "Afternoon Folk",
        "peak_audience_time": "afternoon",
        "duration": 45,
        "overlap": "none",
        "genre": "Folk",
        "stage_size": "medium",
        "accessibility": true,
        "popularity": "medium"
      },
      {
        "name": "Night Hip-Hop",
        "peak_audience_time": "night",
        "duration": 90,
        "overlap": "any",
        "genre": "Hip-Hop",
        "stage_size": "medium",
        "accessibility": true,
        "popularity": "medium"
      },
      {
        "name": "Evening Pop",
        "peak_audience_time": "evening",
        "duration": 80,
        "overlap": "moderate",
        "genre": "Pop",
        "stage_size": "large",
        "accessibility": false,
        "popularity": "high"
      }
    ],
    "status": "complete"
  }
]