[
  {
    "domain": "Paintings",
    "turns": [
      [
        "Hey, have you seen any medium-sized oil paintings with a warm color palette?",
        {
          "name": null,
          "style": null,
          "size": "Medium",
          "color_palette": "Warm",
          "medium": "Oil",
          "theme": null
        },
        "Yes, I found two: \"The Embrace\" and \"The Lovers.\" Would you like to know more about them?"
      ],
      [
        "Yes, tell me about \"The Lovers.\"",
        {
          "name": "The Lovers",
          "style": null,
          "size": "Medium",
          "color_palette": "Warm",
          "medium": "Oil",
          "theme": null
        },
        "\"The Lovers\" is a medium-sized oil painting with a warm color palette, themed around love."
      ],
      [
        "That sounds perfect! Can we go ahead with \"The Lovers\" for the exhibit?",
        {
          "name": "The Lovers",
          "style": null,
          "size": "Medium",
          "color_palette": "Warm",
          "medium": "Oil",
          "theme": "Love"
        },
        "Absolutely, \"The Lovers\" is yours for the exhibit!"
      ]
    ],
    "preferences_code": "```python\npreferences = PaintingCriteria(\n    name='The Lovers',\n    style=None,\n    size='Medium',\n    color_palette='Warm',\n    medium='Oil',\n    theme='Love'\n)\n```",
    "red_herrings_code": "```python\n# Global variable representing a list of similar Painting examples\nsimilar_paintings = [\n    Painting(\n        name='The Lovers',\n        style='Symbolism',\n        size='Medium',\n        color_palette='Warm',\n        medium='Oil',\n        theme='Love',\n    ),\n    Painting(\n        name='The Embrace',\n        style='Expressionism',\n        size='Medium',\n        color_palette='Warm',\n        medium='Oil',\n        theme='Affection',\n    ),\n    Painting(\n        name='The Kiss of Life',\n        style='Symbolism',\n        size='Large',\n        color_palette='Cool',\n        medium='Watercolor',\n        theme='Love',\n    ),\n]\n```",
    "database_code": "```python\n# Global variable containing a list of Painting examples\npaintings_collection = [\n    Painting(name=\"Starry Night\", style=\"Post-Impressionism\", size=\"Large\", color_palette=\"Cool\", medium=\"Oil\", theme=\"Night\"),\n    Painting(name=\"The Persistence of Memory\", style=\"Surrealism\", size=\"Medium\", color_palette=\"Warm\", medium=\"Oil\", theme=\"Time\"),\n    Painting(name=\"The Scream\", style=\"Expressionism\", size=\"Large\", color_palette=\"Vibrant\", medium=\"Pastel\", theme=\"Emotion\"),\n    Painting(name=\"Girl with a Pearl Earring\", style=\"Baroque\", size=\"Medium\", color_palette=\"Cool\", medium=\"Oil\", theme=\"Portrait\"),\n    Painting(name=\"Composition VIII\", style=\"Abstract\", size=\"Large\", color_palette=\"Vibrant\", medium=\"Oil\", theme=\"Geometric\"),\n    Painting(name=\"Water Lilies\", style=\"Impressionism\", size=\"Large\", color_palette=\"Cool\", medium=\"Oil\", theme=\"Nature\"),\n    Painting(name=\"The Kiss\", style=\"Symbolism\", size=\"Medium\", color_palette=\"Warm\", medium=\"Oil\", theme=\"Love\"),\n    Painting(name=\"The Great Wave off Kanagawa\", style=\"Ukiyo-e\", size=\"Large\", color_palette=\"Cool\", medium=\"Woodblock print\", theme=\"Nature\"),\n    Painting(name=\"Self-Portrait with Bandaged Ear\", style=\"Post-Impressionism\", size=\"Medium\", color_palette=\"Warm\", medium=\"Oil\", theme=\"Self-portrait\"),\n    Painting(name=\"The Night Watch\", style=\"Baroque\", size=\"Large\", color_palette=\"Vibrant\", medium=\"Oil\", theme=\"Historical\"),\n]\n```",
    "goal": {
      "name": "The Lovers",
      "style": null,
      "size": "Medium",
      "color_palette": "Warm",
      "medium": "Oil",
      "theme": "Love"
    },
    "database": [
      {
        "name": "The Kiss of Life",
        "style": "Symbolism",
        "size": "Large",
        "color_palette": "Cool",
        "medium": "Watercolor",
        "theme": "Love"
      },
      {
        "name": "The Embrace",
        "style": "Expressionism",
        "size": "Medium",
        "color_palette": "Warm",
        "medium": "Oil",
        "theme": "Affection"
      },
      {
        "name": "The Persistence of Memory",
        "style": "Surrealism",
        "size": "Medium",
        "color_palette": "Warm",
        "medium": "Oil",
        "theme": "Time"
      },
      {
        "name": "Starry Night",
        "style": "Post-Impressionism",
        "size": "Large",
        "color_palette": "Cool",
        "medium": "Oil",
        "theme": "Night"
      },
      {
        "name": "The Great Wave off Kanagawa",
        "style": "Ukiyo-e",
        "size": "Large",
        "color_palette": "Cool",
        "medium": "Woodblock print",
        "theme": "Nature"
      },
      {
        "name": "Girl with a Pearl Earring",
        "style": "Baroque",
        "size": "Medium",
        "color_palette": "Cool",
        "medium": "Oil",
        "theme": "Portrait"
      },
      {
        "name": "The Lovers",
        "style": "Symbolism",
        "size": "Medium",
        "color_palette": "Warm",
        "medium": "Oil",
        "theme": "Love"
      },
      {
        "name": "Water Lilies",
        "style": "Impressionism",
        "size": "Large",
        "color_palette": "Cool",
        "medium": "Oil",
        "theme": "Nature"
      },
      {
        "name": "The Scream",
        "style": "Expressionism",
        "size": "Large",
        "color_palette": "Vibrant",
        "medium": "Pastel",
        "theme": "Emotion"
      },
      {
        "name": "The Kiss",
        "style": "Symbolism",
        "size": "Medium",
        "color_palette": "Warm",
        "medium": "Oil",
        "theme": "Love"
      },
      {
        "name": "The Night Watch",
        "style": "Baroque",
        "size": "Large",
        "color_palette": "Vibrant",
        "medium": "Oil",
        "theme": "Historical"
      },
      {
        "name": "Self-Portrait with Bandaged Ear",
        "style": "Post-Impressionism",
        "size": "Medium",
        "color_palette": "Warm",
        "medium": "Oil",
        "theme": "Self-portrait"
      },
      {
        "name": "Composition VIII",
        "style": "Abstract",
        "size": "Large",
        "color_palette": "Vibrant",
        "medium": "Oil",
        "theme": "Geometric"
      }
    ],
    "status": "complete"
  },
  {
    "domain": "Frames",
    "turns": [
      [
        "Great! Now, do you have any vintage wooden frames in dark brown for medium-sized paintings?",
        {
          "name": null,
          "material": "wood",
          "color": "dark brown",
          "style": "vintage",
          "size_compatibility": "medium",
          "price_range": null
        },
        "Yes, we have \"Vintage Walnut\" and \"Elegant Oak\" in dark brown for medium-sized paintings. Would you like details on both?"
      ],
      [
        "Yes, please share the details of \"Vintage Walnut.\"",
        {
          "name": "Vintage Walnut",
          "material": "wood",
          "color": "dark brown",
          "style": "vintage",
          "size_compatibility": "medium",
          "price_range": null
        },
        "\"Vintage Walnut\" is a medium-sized vintage wooden frame, dark brown color, priced at $160."
      ],
      [
        "That sounds ideal! Can you tell me about \"Elegant Oak\" as well?",
        {
          "name": "Vintage Walnut",
          "material": "wood",
          "color": "dark brown",
          "style": "vintage",
          "size_compatibility": "medium",
          "price_range": [
            160,
            160
          ]
        },
        "\"Elegant Oak\" is also a medium-sized dark brown wooden frame, priced at $150."
      ],
      [
        "Both frames sound great! I think I\u2019ll go with the \"Vintage Walnut\" frame for \"The Lovers.\"",
        {
          "name": "Vintage Walnut",
          "material": "wood",
          "color": "dark brown",
          "style": "vintage",
          "size_compatibility": "medium",
          "price_range": [
            160,
            160
          ]
        },
        "Perfect choice! \"Vintage Walnut\" frame for \"The Lovers\" is confirmed!"
      ]
    ],
    "preferences_code": "```python\npreferences = FrameCriteria(\n    name='Vintage Walnut',\n    material='wood',\n    color='dark brown',\n    style='vintage',\n    size_compatibility='medium',\n    price_range=(150.0, 170.0)\n)\n```",
    "red_herrings_code": "```python\n# Global variable representing a list of Frame examples\nsimilar_frames = [\n    Frame(\n        name='Rustic Maple',\n        material='wood',\n        color='light brown',\n        style='classic',\n        size_compatibility='medium',\n        price=120.0,\n    ),\n    Frame(\n        name='Sleek Aluminum',\n        material='metal',\n        color='silver',\n        style='modern',\n        size_compatibility='medium',\n        price=180.0,\n    ),\n    Frame(\n        name='Vintage Walnut',\n        material='wood',\n        color='dark brown',\n        style='vintage',\n        size_compatibility='medium',\n        price=160.0,\n    ),\n]\n```",
    "database_code": "```python\n# Global variable representing a list of Frame examples in the gallery's inventory.\nframes_inventory = [\n    Frame(name=\"Elegant Oak\", material=\"wood\", color=\"dark brown\", style=\"classic\", size_compatibility=\"medium\", price=150.0),\n    Frame(name=\"Sleek Metal\", material=\"metal\", color=\"silver\", style=\"modern\", size_compatibility=\"large\", price=200.0),\n    Frame(name=\"Vintage Charm\", material=\"composite\", color=\"antique gold\", style=\"vintage\", size_compatibility=\"medium\", price=120.0),\n    Frame(name=\"Minimalist Black\", material=\"plastic\", color=\"black\", style=\"minimalist\", size_compatibility=\"small\", price=80.0),\n    Frame(name=\"Ornate Frame\", material=\"wood\", color=\"gold\", style=\"ornate\", size_compatibility=\"large\", price=250.0),\n    Frame(name=\"Rustic Wood\", material=\"wood\", color=\"light brown\", style=\"classic\", size_compatibility=\"custom\", price=175.0),\n    Frame(name=\"Contemporary White\", material=\"plastic\", color=\"white\", style=\"modern\", size_compatibility=\"medium\", price=90.0),\n    Frame(name=\"Art Deco Frame\", material=\"metal\", color=\"brass\", style=\"vintage\", size_compatibility=\"large\", price=300.0),\n    Frame(name=\"Simple Black\", material=\"plastic\", color=\"black\", style=\"minimalist\", size_compatibility=\"small\", price=70.0),\n    Frame(name=\"Elegant Silver\", material=\"metal\", color=\"silver\", style=\"modern\", size_compatibility=\"medium\", price=180.0),\n]\n```",
    "goal": {
      "name": null,
      "material": "wood",
      "color": "dark brown",
      "style": "vintage",
      "size_compatibility": "medium",
      "price_range": [
        150.0,
        170.0
      ]
    },
    "database": [
      {
        "name": "Contemporary White",
        "material": "plastic",
        "color": "white",
        "style": "modern",
        "size_compatibility": "medium",
        "price": 90.0
      },
      {
        "name": "Rustic Wood",
        "material": "wood",
        "color": "light brown",
        "style": "classic",
        "size_compatibility": "custom",
        "price": 175.0
      },
      {
        "name": "Minimalist Black",
        "material": "plastic",
        "color": "black",
        "style": "minimalist",
        "size_compatibility": "small",
        "price": 80.0
      },
      {
        "name": "Art Deco Frame",
        "material": "metal",
        "color": "brass",
        "style": "vintage",
        "size_compatibility": "large",
        "price": 300.0
      },
      {
        "name": "Elegant Silver",
        "material": "metal",
        "color": "silver",
        "style": "modern",
        "size_compatibility": "medium",
        "price": 180.0
      },
      {
        "name": "Sleek Metal",
        "material": "metal",
        "color": "silver",
        "style": "modern",
        "size_compatibility": "large",
        "price": 200.0
      },
      {
        "name": "Vintage Walnut",
        "material": "wood",
        "color": "dark brown",
        "style": "vintage",
        "size_compatibility": "medium",
        "price": 160.0
      },
      {
        "name": "Vintage Charm",
        "material": "composite",
        "color": "antique gold",
        "style": "vintage",
        "size_compatibility": "medium",
        "price": 120.0
      },
      {
        "name": "Elegant Oak",
        "material": "wood",
        "color": "dark brown",
        "style": "classic",
        "size_compatibility": "medium",
        "price": 150.0
      },
      {
        "name": "Sleek Aluminum",
        "material": "metal",
        "color": "silver",
        "style": "modern",
        "size_compatibility": "medium",
        "price": 180.0
      },
      {
        "name": "Simple Black",
        "material": "plastic",
        "color": "black",
        "style": "minimalist",
        "size_compatibility": "small",
        "price": 70.0
      },
      {
        "name": "Ornate Frame",
        "material": "wood",
        "color": "gold",
        "style": "ornate",
        "size_compatibility": "large",
        "price": 250.0
      },
      {
        "name": "Rustic Maple",
        "material": "wood",
        "color": "light brown",
        "style": "classic",
        "size_compatibility": "medium",
        "price": 120.0
      }
    ],
    "status": "complete"
  },
  {
    "domain": "Promotional Materials",
    "turns": [
      [
        "Thanks! Now, can we look for a poster for \"Art in the Park\"?",
        {
          "name": "Art in the Park",
          "type": "poster",
          "design": null,
          "quantity": null,
          "distribution": null,
          "budget": null
        },
        "Sure! What specific design or distribution are you looking for in the \"Art in the Park\" poster?"
      ],
      [
        "I'm envisioning vibrant colors with a park background for the design.",
        {
          "name": "Art in the Park",
          "type": "poster",
          "design": "vibrant colors with a park background",
          "quantity": null,
          "distribution": null,
          "budget": null
        },
        "We have an \"Art in the Park Poster\" with vibrant colors and a park background available. Would you like to go for that?"
      ],
      [
        "Yes, that sounds perfect! How many do you recommend we print?",
        {
          "name": "Art in the Park Poster",
          "type": "poster",
          "design": "vibrant colors with a park background",
          "quantity": null,
          "distribution": null,
          "budget": null
        },
        "We have 300 available; printing all would ensure plenty for distribution."
      ],
      [
        "Let's go with 300 posters then! What's the budget for that?",
        {
          "name": "Art in the Park Poster",
          "type": "poster",
          "design": "vibrant colors with a park background",
          "quantity": 300,
          "distribution": null,
          "budget": null
        },
        "The budget for the 300 \"Art in the Park Posters\" is $150."
      ]
    ],
    "preferences_code": "```python\npreferences = PromotionalMaterialCriteria(\n    name='Art in the Park Poster',\n    type='poster',\n    design='Vibrant colors with park background',\n    quantity=300,\n    distribution='local',\n    budget=150.0,\n)\n```",
    "red_herrings_code": "```python\n# Global variable containing a list of PromotionalMaterial examples\npromotional_materials = [\n    PromotionalMaterial(\n        name='Art in the Park Poster',\n        type='poster',\n        design='Vibrant colors with park background',\n        quantity=300,\n        distribution='local',\n        budget=150.0,\n    ),\n    PromotionalMaterial(\n        name='Art in the Park Brochure',\n        type='brochure',\n        design='Vibrant colors with park background',\n        quantity=400,\n        distribution='national',\n        budget=180.0,\n    ),\n    PromotionalMaterial(\n        name='Art in the Park Flyer',\n        type='flyer',\n        design='Muted colors with park background',\n        quantity=500,\n        distribution='local',\n        budget=160.0,\n    ),\n]\n```",
    "database_code": "```python\n# Global variable representing a list of promotional materials examples\npromotional_materials = [\n    PromotionalMaterial(name=\"Spring Art Festival Flyer\", type='flyer', design=\"Colorful floral design\", quantity=500, distribution='local', budget=200.0),\n    PromotionalMaterial(name=\"Summer Exhibition Poster\", type='poster', design=\"Bold abstract art\", quantity=300, distribution='national', budget=150.0),\n    PromotionalMaterial(name=\"Annual Gallery Catalog\", type='catalog', design=\"Elegant layout with featured artists\", quantity=100, distribution='international', budget=400.0),\n    PromotionalMaterial(name=\"Digital Art Showcase Brochure\", type='brochure', design=\"Interactive digital format\", quantity=1000, distribution='national', budget=100.0),\n    PromotionalMaterial(name=\"Fall Color Palette Poster\", type='poster', design=\"Warm autumn colors\", quantity=250, distribution='local', budget=120.0),\n    PromotionalMaterial(name=\"Winter Wonderland Flyer\", type='flyer', design=\"Snowy landscape imagery\", quantity=600, distribution='local', budget=180.0),\n    PromotionalMaterial(name=\"Gallery Opening Night Brochure\", type='brochure', design=\"Sophisticated design with RSVP details\", quantity=150, distribution='national', budget=220.0),\n    PromotionalMaterial(name=\"Contemporary Art Exhibition Catalog\", type='catalog', design=\"Modern design with artist bios\", quantity=80, distribution='international', budget=350.0),\n    PromotionalMaterial(name=\"Art in the Park Flyer\", type='flyer', design=\"Vibrant colors with park background\", quantity=400, distribution='local', budget=160.0),\n    PromotionalMaterial(name=\"Digital Art Fair Poster\", type='poster', design=\"Futuristic digital art\", quantity=200, distribution='national', budget=140.0)\n]\n```",
    "goal": {
      "name": "Art in the Park Poster",
      "type": "poster",
      "design": "Vibrant colors with park background",
      "quantity": 300,
      "distribution": "local",
      "budget": 150.0
    },
    "database": [
      {
        "name": "Art in the Park Brochure",
        "type": "brochure",
        "design": "Vibrant colors with park background",
        "quantity": 400,
        "distribution": "national",
        "budget": 180.0
      },
      {
        "name": "Annual Gallery Catalog",
        "type": "catalog",
        "design": "Elegant layout with featured artists",
        "quantity": 100,
        "distribution": "international",
        "budget": 400.0
      },
      {
        "name": "Art in the Park Flyer",
        "type": "flyer",
        "design": "Muted colors with park background",
        "quantity": 500,
        "distribution": "local",
        "budget": 160.0
      },
      {
        "name": "Digital Art Showcase Brochure",
        "type": "brochure",
        "design": "Interactive digital format",
        "quantity": 1000,
        "distribution": "national",
        "budget": 100.0
      },
      {
        "name": "Fall Color Palette Poster",
        "type": "poster",
        "design": "Warm autumn colors",
        "quantity": 250,
        "distribution": "local",
        "budget": 120.0
      },
      {
        "name": "Summer Exhibition Poster",
        "type": "poster",
        "design": "Bold abstract art",
        "quantity": 300,
        "distribution": "national",
        "budget": 150.0
      },
      {
        "name": "Contemporary Art Exhibition Catalog",
        "type": "catalog",
        "design": "Modern design with artist bios",
        "quantity": 80,
        "distribution": "international",
        "budget": 350.0
      },
      {
        "name": "Winter Wonderland Flyer",
        "type": "flyer",
        "design": "Snowy landscape imagery",
        "quantity": 600,
        "distribution": "local",
        "budget": 180.0
      },
      {
        "name": "Art in the Park Flyer",
        "type": "flyer",
        "design": "Vibrant colors with park background",
        "quantity": 400,
        "distribution": "local",
        "budget": 160.0
      },
      {
        "name": "Art in the Park Poster",
        "type": "poster",
        "design": "Vibrant colors with park background",
        "quantity": 300,
        "distribution": "local",
        "budget": 150.0
      },
      {
        "name": "Digital Art Fair Poster",
        "type": "poster",
        "design": "Futuristic digital art",
        "quantity": 200,
        "distribution": "national",
        "budget": 140.0
      },
      {
        "name": "Gallery Opening Night Brochure",
        "type": "brochure",
        "design": "Sophisticated design with RSVP details",
        "quantity": 150,
        "distribution": "national",
        "budget": 220.0
      },
      {
        "name": "Spring Art Festival Flyer",
        "type": "flyer",
        "design": "Colorful floral design",
        "quantity": 500,
        "distribution": "local",
        "budget": 200.0
      }
    ],
    "status": "complete"
  }
]