[
  {
    "domain": "Book Pitches",
    "turns": [
      [
        "Hey, do you have any novel pitches that might fit with a Big Five publisher?",
        {
          "name": null,
          "genre": null,
          "target_audience": null,
          "length": "Novel",
          "agent_preference": null,
          "submission_strategy": null,
          "publisher_type": "Big Five"
        },
        "Sure! Are you looking for a specific genre or target audience?"
      ],
      [
        "Not really, I'm open to any genre or audience.",
        {
          "name": null,
          "genre": null,
          "target_audience": null,
          "length": null,
          "agent_preference": null,
          "submission_strategy": null,
          "publisher_type": "Big Five"
        },
        "Great! Here are a couple of options: \"Love in the Time of Algorithms\" and \"Mystery of the Old Manor.\" Interested in either?"
      ],
      [
        "\"Love in the Time of Algorithms\" sounds intriguing! What\u2019s the submission strategy for that one?",
        {
          "name": "Love in the Time of Algorithms",
          "genre": null,
          "target_audience": null,
          "length": null,
          "agent_preference": null,
          "submission_strategy": null,
          "publisher_type": "Big Five"
        },
        "The submission strategy for \"Love in the Time of Algorithms\" is simultaneous. Would you like to go with that?"
      ],
      [
        "Actually, I prefer an exclusive submission strategy. Do you have any other options?",
        {
          "name": "Love in the Time of Algorithms",
          "genre": null,
          "target_audience": null,
          "length": null,
          "agent_preference": null,
          "submission_strategy": "Exclusive",
          "publisher_type": "Big Five"
        },
        "Yes! \"Mystery of the Old Manor\" also has an exclusive submission strategy. Would you like to consider that one?"
      ],
      [
        "Yes, \"Mystery of the Old Manor\" sounds great! Let's go with that one.",
        {
          "name": "Mystery of the Old Manor",
          "genre": null,
          "target_audience": null,
          "length": null,
          "agent_preference": null,
          "submission_strategy": "Exclusive",
          "publisher_type": "Big Five"
        },
        "Perfect choice! \"Mystery of the Old Manor\" it is. I'll help you move forward with that."
      ]
    ],
    "preferences_code": "```python\npreferences = BookPitchCriteria(\n    name='Secrets of the Old Manor',\n    genre='Mystery',\n    target_audience='Adult',\n    length='Novel',\n    agent_preference='Flexible',\n    submission_strategy='Exclusive',\n    publisher_type='Big Five'\n)\n```",
    "red_herrings_code": "```python\n# Global variable containing a list of BookPitch examples\nbook_pitches = [\n    BookPitch(\n        title='Secrets of the Old Manor',\n        genre='Mystery',\n        target_audience='Adult',\n        length='Novel',\n        agent_preference='Flexible',\n        submission_strategy='Exclusive',\n        publisher_type='Big Five',\n    ),\n    BookPitch(\n        title='Mystery of the Abandoned House',\n        genre='Mystery',\n        target_audience='Adult',\n        length='Novella',\n        agent_preference='High Priority',\n        submission_strategy='Simultaneous',\n        publisher_type='Independent',\n    ),\n    BookPitch(\n        title='The Enigma of the Lost Treasure',\n        genre='Mystery',\n        target_audience='Young Adult',\n        length='Novel',\n        agent_preference='Flexible',\n        submission_strategy='Exclusive',\n        publisher_type='Big Five',\n    ),\n]\n```",
    "database_code": "```python\n# Global variable containing a list of BookPitch examples\nbook_pitches = [\n    BookPitch(\n        title=\"The Lost Treasure\",\n        genre='Adventure',\n        target_audience='Young Adult',\n        length='Novel',\n        agent_preference='High Priority',\n        submission_strategy='Simultaneous',\n        publisher_type='Independent'\n    ),\n    BookPitch(\n        title=\"Mystery of the Old Manor\",\n        genre='Mystery',\n        target_audience='Adult',\n        length='Novel',\n        agent_preference='Flexible',\n        submission_strategy='Exclusive',\n        publisher_type='Big Five'\n    ),\n    BookPitch(\n        title=\"A Journey Through Time\",\n        genre='Science Fiction',\n        target_audience='Young Adult',\n        length='Novella',\n        agent_preference='Low Priority',\n        submission_strategy='Query First',\n        publisher_type='Self-Publishing'\n    ),\n    BookPitch(\n        title=\"Love in the Time of Algorithms\",\n        genre='Romance',\n        target_audience='Adult',\n        length='Novel',\n        agent_preference='High Priority',\n        submission_strategy='Simultaneous',\n        publisher_type='Big Five'\n    ),\n    BookPitch(\n        title=\"The Haunted Library\",\n        genre='Fantasy',\n        target_audience='Children',\n        length='Short Story',\n        agent_preference='Flexible',\n        submission_strategy='Exclusive',\n        publisher_type='Independent'\n    ),\n    BookPitch(\n        title=\"Secrets of the Past\",\n        genre='Historical',\n        target_audience='Adult',\n        length='Novel',\n        agent_preference='Low Priority',\n        submission_strategy='Query First',\n        publisher_type='Academic'\n    ),\n    BookPitch(\n        title=\"The Science of Love\",\n        genre='Non-Fiction',\n        target_audience='Adult',\n        length='Novella',\n        agent_preference='High Priority',\n        submission_strategy='Simultaneous',\n        publisher_type='Big Five'\n    ),\n    BookPitch(\n        title=\"Chasing Shadows\",\n        genre='Thriller',\n        target_audience='Young Adult',\n        length='Novel',\n        agent_preference='Flexible',\n        submission_strategy='Exclusive',\n        publisher_type='Self-Publishing'\n    ),\n    BookPitch(\n        title=\"A Biography of a Legend\",\n        genre='Biography',\n        target_audience='Adult',\n        length='Novel',\n        agent_preference='Low Priority',\n        submission_strategy='Query First',\n        publisher_type='Independent'\n    ),\n    BookPitch(\n        title=\"Fantasy Realms\",\n        genre='Fantasy',\n        target_audience='Children',\n        length='Short Story',\n        agent_preference='High Priority',\n        submission_strategy='Simultaneous',\n        publisher_type='Academic'\n    )\n]\n```",
    "goal": {
      "name": null,
      "genre": null,
      "target_audience": null,
      "length": "Novel",
      "agent_preference": "Flexible",
      "submission_strategy": "Exclusive",
      "publisher_type": "Big Five"
    },
    "database": [
      {
        "title": "The Enigma of the Lost Treasure",
        "genre": "Mystery",
        "target_audience": "Young Adult",
        "length": "Novel",
        "agent_preference": "Flexible",
        "submission_strategy": "Exclusive",
        "publisher_type": "Big Five"
      },
      {
        "title": "Love in the Time of Algorithms",
        "genre": "Romance",
        "target_audience": "Adult",
        "length": "Novel",
        "agent_preference": "High Priority",
        "submission_strategy": "Simultaneous",
        "publisher_type": "Big Five"
      },
      {
        "title": "Secrets of the Past",
        "genre": "Historical",
        "target_audience": "Adult",
        "length": "Novel",
        "agent_preference": "Low Priority",
        "submission_strategy": "Query First",
        "publisher_type": "Academic"
      },
      {
        "title": "A Journey Through Time",
        "genre": "Science Fiction",
        "target_audience": "Young Adult",
        "length": "Novella",
        "agent_preference": "Low Priority",
        "submission_strategy": "Query First",
        "publisher_type": "Self-Publishing"
      },
      {
        "title": "Mystery of the Old Manor",
        "genre": "Mystery",
        "target_audience": "Adult",
        "length": "Novel",
        "agent_preference": "Flexible",
        "submission_strategy": "Exclusive",
        "publisher_type": "Big Five"
      },
      {
        "title": "The Lost Treasure",
        "genre": "Adventure",
        "target_audience": "Young Adult",
        "length": "Novel",
        "agent_preference": "High Priority",
        "submission_strategy": "Simultaneous",
        "publisher_type": "Independent"
      },
      {
        "title": "Mystery of the Abandoned House",
        "genre": "Mystery",
        "target_audience": "Adult",
        "length": "Novella",
        "agent_preference": "High Priority",
        "submission_strategy": "Simultaneous",
        "publisher_type": "Independent"
      },
      {
        "title": "Secrets of the Old Manor",
        "genre": "Mystery",
        "target_audience": "Adult",
        "length": "Novel",
        "agent_preference": "Flexible",
        "submission_strategy": "Exclusive",
        "publisher_type": "Big Five"
      },
      {
        "title": "The Haunted Library",
        "genre": "Fantasy",
        "target_audience": "Children",
        "length": "Short Story",
        "agent_preference": "Flexible",
        "submission_strategy": "Exclusive",
        "publisher_type": "Independent"
      },
      {
        "title": "Chasing Shadows",
        "genre": "Thriller",
        "target_audience": "Young Adult",
        "length": "Novel",
        "agent_preference": "Flexible",
        "submission_strategy": "Exclusive",
        "publisher_type": "Self-Publishing"
      },
      {
        "title": "The Science of Love",
        "genre": "Non-Fiction",
        "target_audience": "Adult",
        "length": "Novella",
        "agent_preference": "High Priority",
        "submission_strategy": "Simultaneous",
        "publisher_type": "Big Five"
      },
      {
        "title": "A Biography of a Legend",
        "genre": "Biography",
        "target_audience": "Adult",
        "length": "Novel",
        "agent_preference": "Low Priority",
        "submission_strategy": "Query First",
        "publisher_type": "Independent"
      },
      {
        "title": "Fantasy Realms",
        "genre": "Fantasy",
        "target_audience": "Children",
        "length": "Short Story",
        "agent_preference": "High Priority",
        "submission_strategy": "Simultaneous",
        "publisher_type": "Academic"
      }
    ],
    "status": "complete"
  },
  {
    "domain": "Submission Strategies",
    "turns": [
      [
        "Thanks! Can we look for submission strategies that are digital and open year-round?",
        {
          "name": "Mystery of the Old Manor",
          "format": "digital",
          "submission_window": null,
          "response_time": null,
          "genre": null,
          "audience": null,
          "agent_preference": "no",
          "simultaneous_submissions": "not allowed",
          "word_count_range": null
        },
        "Sure! Are you looking for any specific genre or word count range for those digital submissions?"
      ],
      [
        "Yes, it should be in the mystery genre with a word count between 70,000 and 90,000 words.",
        {
          "name": "Mystery of the Old Manor",
          "format": "digital",
          "submission_window": null,
          "response_time": null,
          "genre": "mystery",
          "audience": null,
          "agent_preference": "no",
          "simultaneous_submissions": "not allowed",
          "word_count_range": "70,000-90,000"
        },
        "I found a match! The \"Fast Track\" strategy fits your criteria. Would you like to go with that one?"
      ],
      [
        "Yes, \"Fast Track\" sounds perfect! Let\u2019s proceed with that submission strategy.",
        {
          "name": "Fast Track",
          "format": "digital",
          "submission_window": null,
          "response_time": null,
          "genre": "mystery",
          "audience": null,
          "agent_preference": "no",
          "simultaneous_submissions": "not allowed",
          "word_count_range": "70,000-90,000"
        },
        "Awesome choice! I'll help you with the \"Fast Track\" submission strategy."
      ]
    ],
    "preferences_code": "```python\npreferences = SubmissionStrategyCriteria(\n    name=None,\n    format='digital',\n    submission_window='Open year-round',\n    response_time='3 weeks',\n    genre='Mystery',\n    audience='adult',\n    agent_preference='no',\n    simultaneous_submissions='not allowed',\n    word_count_range='70,000 - 90,000'\n)\n```",
    "red_herrings_code": "```python\n# Global variable to hold a list of similar Submission Strategies\nsimilar_submission_strategies = [\n    SubmissionStrategy(\n        name='Quick Response',\n        format='digital',\n        submission_window='Open year-round',\n        response_time='3 weeks',\n        genre='Thriller',\n        audience='adult',\n        agent_preference='no',\n        simultaneous_submissions='allowed',\n        word_count_range='75,000 - 100,000',\n    ),\n    SubmissionStrategy(\n        name='Fast Track',\n        format='digital',\n        submission_window='Open year-round',\n        response_time='2 weeks',\n        genre='Mystery',\n        audience='adult',\n        agent_preference='no',\n        simultaneous_submissions='allowed',\n        word_count_range='80,000 - 120,000',\n    ),\n    SubmissionStrategy(\n        name='Rapid Review',\n        format='both',\n        submission_window='Open year-round',\n        response_time='1 week',\n        genre='Thriller',\n        audience='adult',\n        agent_preference='no',\n        simultaneous_submissions='not allowed',\n        word_count_range='80,000 - 120,000',\n    )\n]\n```",
    "database_code": "```python\n# Global variable to store a list of example Submission Strategies\nsubmission_strategies = [\n    SubmissionStrategy(\n        name=\"Exclusive Print\",\n        format='print',\n        submission_window=\"January to March\",\n        response_time=\"3 months\",\n        genre=\"Mystery\",\n        audience='adult',\n        agent_preference='yes',\n        simultaneous_submissions='not allowed',\n        word_count_range=\"70,000 - 90,000\"\n    ),\n    SubmissionStrategy(\n        name=\"Digital First\",\n        format='digital',\n        submission_window=\"Open year-round\",\n        response_time=\"1 month\",\n        genre=\"Fantasy\",\n        audience='young adult',\n        agent_preference='no',\n        simultaneous_submissions='allowed',\n        word_count_range=\"50,000 - 80,000\"\n    ),\n    SubmissionStrategy(\n        name=\"Both Formats\",\n        format='both',\n        submission_window=\"April to June\",\n        response_time=\"6 weeks\",\n        genre=\"Romance\",\n        audience='adult',\n        agent_preference='yes',\n        simultaneous_submissions='allowed',\n        word_count_range=\"60,000 - 100,000\"\n    ),\n    SubmissionStrategy(\n        name=\"Children's Exclusive\",\n        format='print',\n        submission_window=\"September to December\",\n        response_time=\"2 months\",\n        genre=\"Children's\",\n        audience='children',\n        agent_preference='yes',\n        simultaneous_submissions='not allowed',\n        word_count_range=\"20,000 - 40,000\"\n    ),\n    SubmissionStrategy(\n        name=\"Quick Response\",\n        format='digital',\n        submission_window=\"Open year-round\",\n        response_time=\"2 weeks\",\n        genre=\"Thriller\",\n        audience='adult',\n        agent_preference='no',\n        simultaneous_submissions='allowed',\n        word_count_range=\"80,000 - 120,000\"\n    ),\n    SubmissionStrategy(\n        name=\"Seasonal Submission\",\n        format='print',\n        submission_window=\"Summer months\",\n        response_time=\"4 months\",\n        genre=\"Historical Fiction\",\n        audience='adult',\n        agent_preference='yes',\n        simultaneous_submissions='not allowed',\n        word_count_range=\"90,000 - 120,000\"\n    ),\n    SubmissionStrategy(\n        name=\"Open Submissions\",\n        format='both',\n        submission_window=\"January to December\",\n        response_time=\"1 month\",\n        genre=\"Science Fiction\",\n        audience='young adult',\n        agent_preference='no',\n        simultaneous_submissions='allowed',\n        word_count_range=\"50,000 - 90,000\"\n    ),\n    SubmissionStrategy(\n        name=\"Traditional Print Only\",\n        format='print',\n        submission_window=\"March to May\",\n        response_time=\"3 months\",\n        genre=\"Literary Fiction\",\n        audience='adult',\n        agent_preference='yes',\n        simultaneous_submissions='not allowed',\n        word_count_range=\"70,000 - 100,000\"\n    ),\n    SubmissionStrategy(\n        name=\"Digital-Only\",\n        format='digital',\n        submission_window=\"Open year-round\",\n        response_time=\"1 month\",\n        genre=\"Non-Fiction\",\n        audience='adult',\n        agent_preference='no',\n        simultaneous_submissions='allowed',\n        word_count_range=\"40,000 - 80,000\"\n    ),\n    SubmissionStrategy(\n        name=\"Special Event Submission\",\n        format='both',\n        submission_window=\"October for Halloween\",\n        response_time=\"2 months\",\n        genre=\"Horror\",\n        audience='adult',\n        agent_preference='yes',\n        simultaneous_submissions='not allowed',\n        word_count_range=\"60,000 - 90,000\"\n    )\n]\n```",
    "goal": {
      "name": null,
      "format": "digital",
      "submission_window": "Open year-round",
      "response_time": "3 weeks",
      "genre": "Mystery",
      "audience": "adult",
      "agent_preference": "no",
      "simultaneous_submissions": "not allowed",
      "word_count_range": "70,000 - 90,000"
    },
    "database": [
      {
        "name": "Exclusive Print",
        "format": "print",
        "submission_window": "January to March",
        "response_time": "3 months",
        "genre": "Mystery",
        "audience": "adult",
        "agent_preference": "yes",
        "simultaneous_submissions": "not allowed",
        "word_count_range": "70,000 - 90,000"
      },
      {
        "name": "Digital First",
        "format": "digital",
        "submission_window": "Open year-round",
        "response_time": "1 month",
        "genre": "Fantasy",
        "audience": "young adult",
        "agent_preference": "no",
        "simultaneous_submissions": "allowed",
        "word_count_range": "50,000 - 80,000"
      },
      {
        "name": "Fast Track",
        "format": "digital",
        "submission_window": "Open year-round",
        "response_time": "2 weeks",
        "genre": "Mystery",
        "audience": "adult",
        "agent_preference": "no",
        "simultaneous_submissions": "allowed",
        "word_count_range": "80,000 - 120,000"
      },
      {
        "name": "Quick Response",
        "format": "digital",
        "submission_window": "Open year-round",
        "response_time": "3 weeks",
        "genre": "Thriller",
        "audience": "adult",
        "agent_preference": "no",
        "simultaneous_submissions": "allowed",
        "word_count_range": "75,000 - 100,000"
      },
      {
        "name": "Digital-Only",
        "format": "digital",
        "submission_window": "Open year-round",
        "response_time": "1 month",
        "genre": "Non-Fiction",
        "audience": "adult",
        "agent_preference": "no",
        "simultaneous_submissions": "allowed",
        "word_count_range": "40,000 - 80,000"
      },
      {
        "name": "Quick Response",
        "format": "digital",
        "submission_window": "Open year-round",
        "response_time": "2 weeks",
        "genre": "Thriller",
        "audience": "adult",
        "agent_preference": "no",
        "simultaneous_submissions": "allowed",
        "word_count_range": "80,000 - 120,000"
      },
      {
        "name": "Open Submissions",
        "format": "both",
        "submission_window": "January to December",
        "response_time": "1 month",
        "genre": "Science Fiction",
        "audience": "young adult",
        "agent_preference": "no",
        "simultaneous_submissions": "allowed",
        "word_count_range": "50,000 - 90,000"
      },
      {
        "name": "Traditional Print Only",
        "format": "print",
        "submission_window": "March to May",
        "response_time": "3 months",
        "genre": "Literary Fiction",
        "audience": "adult",
        "agent_preference": "yes",
        "simultaneous_submissions": "not allowed",
        "word_count_range": "70,000 - 100,000"
      },
      {
        "name": "Seasonal Submission",
        "format": "print",
        "submission_window": "Summer months",
        "response_time": "4 months",
        "genre": "Historical Fiction",
        "audience": "adult",
        "agent_preference": "yes",
        "simultaneous_submissions": "not allowed",
        "word_count_range": "90,000 - 120,000"
      },
      {
        "name": "Special Event Submission",
        "format": "both",
        "submission_window": "October for Halloween",
        "response_time": "2 months",
        "genre": "Horror",
        "audience": "adult",
        "agent_preference": "yes",
        "simultaneous_submissions": "not allowed",
        "word_count_range": "60,000 - 90,000"
      },
      {
        "name": "Children's Exclusive",
        "format": "print",
        "submission_window": "September to December",
        "response_time": "2 months",
        "genre": "Children's",
        "audience": "children",
        "agent_preference": "yes",
        "simultaneous_submissions": "not allowed",
        "word_count_range": "20,000 - 40,000"
      },
      {
        "name": "Both Formats",
        "format": "both",
        "submission_window": "April to June",
        "response_time": "6 weeks",
        "genre": "Romance",
        "audience": "adult",
        "agent_preference": "yes",
        "simultaneous_submissions": "allowed",
        "word_count_range": "60,000 - 100,000"
      },
      {
        "name": "Rapid Review",
        "format": "both",
        "submission_window": "Open year-round",
        "response_time": "1 week",
        "genre": "Thriller",
        "audience": "adult",
        "agent_preference": "no",
        "simultaneous_submissions": "not allowed",
        "word_count_range": "80,000 - 120,000"
      }
    ],
    "status": "complete"
  },
  {
    "domain": "Publishing Houses",
    "turns": [
      [
        "That\u2019s great! Now, can you help me find some suitable publishing houses?",
        {
          "name": null,
          "reputation": null,
          "focus": "Fiction",
          "distribution": null,
          "size": null,
          "advance_policy": null,
          "publishing_speed": null,
          "relationship_with_authors": null,
          "editorial_support": null
        },
        "Absolutely! What specific characteristics are you looking for in a publishing house?"
      ],
      [
        "I'm looking for a small publishing house with a high reputation that focuses on children's books.",
        {
          "name": null,
          "reputation": "High",
          "focus": "Children",
          "distribution": null,
          "size": "Small",
          "advance_policy": null,
          "publishing_speed": null,
          "relationship_with_authors": null,
          "editorial_support": null
        },
        "I found \"Children's Books Co.\"\u2014it's a small, high-reputation publishing house focused on children's books. Does that sound good?"
      ],
      [
        "That sounds promising! What\u2019s their distribution capability?",
        {
          "name": "Children's Books Co.",
          "reputation": "High",
          "focus": "Children",
          "distribution": null,
          "size": "Small",
          "advance_policy": null,
          "publishing_speed": null,
          "relationship_with_authors": null,
          "editorial_support": null
        },
        "\"Children's Books Co.\" has international distribution capability. Would you like to proceed with them?"
      ],
      [
        "Actually, I prefer a national distribution. Do you have other options?",
        {
          "name": null,
          "reputation": "High",
          "focus": "Children",
          "distribution": "National",
          "size": "Small",
          "advance_policy": null,
          "publishing_speed": null,
          "relationship_with_authors": null,
          "editorial_support": null
        },
        "Yes! \"Young Readers Press\" is a small, high-reputation publishing house focused on children's books with national distribution. Interested in that one?"
      ],
      [
        "Yes, \"Young Readers Press\" sounds like a great fit! Let's go with them.",
        {
          "name": "Young Readers Press",
          "reputation": "High",
          "focus": "Children",
          "distribution": "National",
          "size": "Small",
          "advance_policy": null,
          "publishing_speed": null,
          "relationship_with_authors": null,
          "editorial_support": null
        },
        "Fantastic choice! \"Young Readers Press\" it is. I'll help you move forward with that!"
      ]
    ],
    "preferences_code": "```python\npreferences = PublishingHouseCriteria(\n    name='Young Readers Press',\n    reputation='High',\n    focus='Children',\n    distribution='National',\n    size='Small',\n    advance_policy='Limited',\n    publishing_speed='Fast',\n    relationship_with_authors='Good',\n    editorial_support='Minimal',\n)\n```",
    "red_herrings_code": "```python\ntarget_publishinghouseknowledge = PublishingHouseKnowledge(\n    name=\"Children's Books Co.\",\n    reputation='High',\n    focus='Children',\n    distribution='International',\n    size='Small',\n    advance_policy='Limited',\n    publishing_speed='Fast',\n    relationship_with_authors='Good',\n    editorial_support='Minimal',\n)\n\n# Global variable representing a list of similar Publishing Houses\nsimilar_publishing_houses = [\n    PublishingHouseKnowledge(\n        name=\"Young Readers Press\",\n        reputation='High',\n        focus='Children',\n        distribution='National',\n        size='Small',\n        advance_policy='Limited',\n        publishing_speed='Fast',\n        relationship_with_authors='Good',\n        editorial_support='Minimal',\n    ),\n    PublishingHouseKnowledge(\n        name=\"Imagination Press\",\n        reputation='Medium',\n        focus='Children',\n        distribution='International',\n        size='Medium',\n        advance_policy='Moderate',\n        publishing_speed='Average',\n        relationship_with_authors='Good',\n        editorial_support='Adequate',\n    ),\n    PublishingHouseKnowledge(\n        name=\"Tiny Tales Publishing\",\n        reputation='High',\n        focus='Children',\n        distribution='International',\n        size='Small',\n        advance_policy='Limited',\n        publishing_speed='Slow',\n        relationship_with_authors='Fair',\n        editorial_support='Minimal',\n    ),\n]\n```",
    "database_code": "```python\n# Global variable representing a list of Publishing House examples\npublishing_houses = [\n    PublishingHouseKnowledge(\n        name=\"Mystery Press\",\n        reputation='High',\n        focus='Fiction',\n        distribution='International',\n        size='Medium',\n        advance_policy='Generous',\n        publishing_speed='Fast',\n        relationship_with_authors='Excellent',\n        editorial_support='Strong'\n    ),\n    PublishingHouseKnowledge(\n        name=\"Fictional World\",\n        reputation='Medium',\n        focus='Fiction',\n        distribution='National',\n        size='Large',\n        advance_policy='Moderate',\n        publishing_speed='Average',\n        relationship_with_authors='Good',\n        editorial_support='Adequate'\n    ),\n    PublishingHouseKnowledge(\n        name=\"Children's Books Co.\",\n        reputation='High',\n        focus='Children',\n        distribution='International',\n        size='Small',\n        advance_policy='Limited',\n        publishing_speed='Fast',\n        relationship_with_authors='Good',\n        editorial_support='Minimal'\n    ),\n    PublishingHouseKnowledge(\n        name=\"Academic Insights\",\n        reputation='High',\n        focus='Academic',\n        distribution='National',\n        size='Medium',\n        advance_policy='Moderate',\n        publishing_speed='Slow',\n        relationship_with_authors='Fair',\n        editorial_support='Strong'\n    ),\n    PublishingHouseKnowledge(\n        name=\"Poetic Expressions\",\n        reputation='Low',\n        focus='Poetry',\n        distribution='Local',\n        size='Small',\n        advance_policy='Limited',\n        publishing_speed='Average',\n        relationship_with_authors='Poor',\n        editorial_support='Minimal'\n    ),\n    PublishingHouseKnowledge(\n        name=\"Thriller House\",\n        reputation='Medium',\n        focus='Fiction',\n        distribution='National',\n        size='Large',\n        advance_policy='Generous',\n        publishing_speed='Fast',\n        relationship_with_authors='Excellent',\n        editorial_support='Adequate'\n    ),\n    PublishingHouseKnowledge(\n        name=\"Non-Fiction Narratives\",\n        reputation='High',\n        focus='Non-Fiction',\n        distribution='International',\n        size='Medium',\n        advance_policy='Moderate',\n        publishing_speed='Average',\n        relationship_with_authors='Good',\n        editorial_support='Strong'\n    ),\n    PublishingHouseKnowledge(\n        name=\"Local Lore Press\",\n        reputation='Medium',\n        focus='Fiction',\n        distribution='Local',\n        size='Small',\n        advance_policy='Limited',\n        publishing_speed='Slow',\n        relationship_with_authors='Fair',\n        editorial_support='Minimal'\n    ),\n    PublishingHouseKnowledge(\n        name=\"Scholarly Publications\",\n        reputation='High',\n        focus='Academic',\n        distribution='International',\n        size='Large',\n        advance_policy='Generous',\n        publishing_speed='Average',\n        relationship_with_authors='Good',\n        editorial_support='Strong'\n    ),\n    PublishingHouseKnowledge(\n        name=\"Young Readers Publishing\",\n        reputation='Medium',\n        focus='Children',\n        distribution='National',\n        size='Medium',\n        advance_policy='Moderate',\n        publishing_speed='Fast',\n        relationship_with_authors='Excellent',\n        editorial_support='Adequate'\n    )\n]\n```",
    "goal": {
      "name": null,
      "reputation": "High",
      "focus": "Children",
      "distribution": "National",
      "size": "Small",
      "advance_policy": "Limited",
      "publishing_speed": "Fast",
      "relationship_with_authors": "Good",
      "editorial_support": "Minimal"
    },
    "database": [
      {
        "name": "Local Lore Press",
        "reputation": "Medium",
        "focus": "Fiction",
        "distribution": "Local",
        "size": "Small",
        "advance_policy": "Limited",
        "publishing_speed": "Slow",
        "relationship_with_authors": "Fair",
        "editorial_support": "Minimal"
      },
      {
        "name": "Scholarly Publications",
        "reputation": "High",
        "focus": "Academic",
        "distribution": "International",
        "size": "Large",
        "advance_policy": "Generous",
        "publishing_speed": "Average",
        "relationship_with_authors": "Good",
        "editorial_support": "Strong"
      },
      {
        "name": "Non-Fiction Narratives",
        "reputation": "High",
        "focus": "Non-Fiction",
        "distribution": "International",
        "size": "Medium",
        "advance_policy": "Moderate",
        "publishing_speed": "Average",
        "relationship_with_authors": "Good",
        "editorial_support": "Strong"
      },
      {
        "name": "Young Readers Publishing",
        "reputation": "Medium",
        "focus": "Children",
        "distribution": "National",
        "size": "Medium",
        "advance_policy": "Moderate",
        "publishing_speed": "Fast",
        "relationship_with_authors": "Excellent",
        "editorial_support": "Adequate"
      },
      {
        "name": "Tiny Tales Publishing",
        "reputation": "High",
        "focus": "Children",
        "distribution": "International",
        "size": "Small",
        "advance_policy": "Limited",
        "publishing_speed": "Slow",
        "relationship_with_authors": "Fair",
        "editorial_support": "Minimal"
      },
      {
        "name": "Fictional World",
        "reputation": "Medium",
        "focus": "Fiction",
        "distribution": "National",
        "size": "Large",
        "advance_policy": "Moderate",
        "publishing_speed": "Average",
        "relationship_with_authors": "Good",
        "editorial_support": "Adequate"
      },
      {
        "name": "Mystery Press",
        "reputation": "High",
        "focus": "Fiction",
        "distribution": "International",
        "size": "Medium",
        "advance_policy": "Generous",
        "publishing_speed": "Fast",
        "relationship_with_authors": "Excellent",
        "editorial_support": "Strong"
      },
      {
        "name": "Thriller House",
        "reputation": "Medium",
        "focus": "Fiction",
        "distribution": "National",
        "size": "Large",
        "advance_policy": "Generous",
        "publishing_speed": "Fast",
        "relationship_with_authors": "Excellent",
        "editorial_support": "Adequate"
      },
      {
        "name": "Children's Books Co.",
        "reputation": "High",
        "focus": "Children",
        "distribution": "International",
        "size": "Small",
        "advance_policy": "Limited",
        "publishing_speed": "Fast",
        "relationship_with_authors": "Good",
        "editorial_support": "Minimal"
      },
      {
        "name": "Young Readers Press",
        "reputation": "High",
        "focus": "Children",
        "distribution": "National",
        "size": "Small",
        "advance_policy": "Limited",
        "publishing_speed": "Fast",
        "relationship_with_authors": "Good",
        "editorial_support": "Minimal"
      },
      {
        "name": "Imagination Press",
        "reputation": "Medium",
        "focus": "Children",
        "distribution": "International",
        "size": "Medium",
        "advance_policy": "Moderate",
        "publishing_speed": "Average",
        "relationship_with_authors": "Good",
        "editorial_support": "Adequate"
      },
      {
        "name": "Academic Insights",
        "reputation": "High",
        "focus": "Academic",
        "distribution": "National",
        "size": "Medium",
        "advance_policy": "Moderate",
        "publishing_speed": "Slow",
        "relationship_with_authors": "Fair",
        "editorial_support": "Strong"
      },
      {
        "name": "Poetic Expressions",
        "reputation": "Low",
        "focus": "Poetry",
        "distribution": "Local",
        "size": "Small",
        "advance_policy": "Limited",
        "publishing_speed": "Average",
        "relationship_with_authors": "Poor",
        "editorial_support": "Minimal"
      }
    ],
    "status": "complete"
  }
]