[
  {
    "searcher": "Project Manager",
    "recommender": "Team",
    "dialogue": "A project manager is discussing with a team the selection of deadlines, milestones, and deliverables.",
    "item_type": "Deadlines",
    "criteria": [
      "Type",
      "Timeframe",
      "Importance"
    ],
    "searcher_schema_code": "```python\nfrom dataclasses import dataclass\nfrom typing import Optional, Literal\n\n@dataclass\nclass DeadlineCriteria:\n    \"\"\"Dataclass to represent criteria and preferences for searching deadlines.\"\"\"\n    \n    name: Optional[str] = None\n    \"\"\"The specific name of the deadline if searching for a particular deadline.\"\"\"\n    \n    type: Optional[Literal['milestone', 'deliverable', 'meeting', 'review']] = None\n    \"\"\"The type of deadline, constrained to specific values like 'milestone', 'deliverable', 'meeting', or 'review'.\"\"\"\n    \n    timeframe: Optional[Literal['short-term', 'mid-term', 'long-term']] = None\n    \"\"\"The timeframe for the deadline, which can be 'short-term', 'mid-term', or 'long-term'.\"\"\"\n    \n    importance: Optional[Literal['high', 'medium', 'low']] = None\n    \"\"\"The level of importance of the deadline, which can be 'high', 'medium', or 'low'.\"\"\"\n    \n    start_date: Optional[str] = None\n    \"\"\"The start date for the deadline search, formatted as a string (YYYY-MM-DD).\"\"\"\n    \n    end_date: Optional[str] = None\n    \"\"\"The end date for the deadline search, formatted as a string (YYYY-MM-DD).\"\"\"\n    \n    completed: Optional[bool] = None\n    \"\"\"A boolean indicating whether to include only completed deadlines.\"\"\"\n```\n",
    "recommender_schema_code": "```python\nfrom dataclasses import dataclass\nfrom typing import Optional, Literal\n\n@dataclass\nclass Deadline:\n    \"\"\"Dataclass to represent each deadline with details that can be matched against search criteria.\"\"\"\n\n    name: Optional[str] = None\n    \"\"\"The name of the deadline.\"\"\"\n\n    type: Optional[Literal['milestone', 'deliverable', 'meeting', 'review']] = None\n    \"\"\"The type of the deadline.\"\"\"\n\n    timeframe: Optional[Literal['short-term', 'mid-term', 'long-term']] = None\n    \"\"\"The timeframe of the deadline.\"\"\"\n\n    importance: Optional[Literal['high', 'medium', 'low']] = None\n    \"\"\"The importance level of the deadline.\"\"\"\n\n    start_date: Optional[str] = None\n    \"\"\"The start date of the deadline, formatted as a string (YYYY-MM-DD).\"\"\"\n\n    end_date: Optional[str] = None\n    \"\"\"The end date of the deadline, formatted as a string (YYYY-MM-DD).\"\"\"\n\n    completed: Optional[bool] = None\n    \"\"\"Whether the deadline has been completed.\"\"\"\n\n    def matches_criteria(self, criteria: DeadlineCriteria) -> bool:\n        \"\"\"Determine if this deadline matches the given search criteria.\"\"\"\n        if criteria.name and self.name != criteria.name:\n            return False\n        if criteria.type and self.type != criteria.type:\n            return False\n        if criteria.timeframe and self.timeframe != criteria.timeframe:\n            return False\n        if criteria.importance and self.importance != criteria.importance:\n            return False\n        if criteria.start_date and (self.start_date is None or self.start_date < criteria.start_date):\n            return False\n        if criteria.end_date and (self.end_date is None or self.end_date > criteria.end_date):\n            return False\n        if criteria.completed is not None and self.completed != criteria.completed:\n            return False\n        return True\n```",
    "searcher_schema": {
      "name": {
        "type": "typing.Optional[str]",
        "desc": "The specific name of the deadline if searching for a particular deadline."
      },
      "type": {
        "type": "typing.Optional[typing.Literal['milestone', 'deliverable', 'meeting', 'review']]",
        "desc": "The type of deadline, constrained to specific values like 'milestone', 'deliverable', 'meeting', or 'review'."
      },
      "timeframe": {
        "type": "typing.Optional[typing.Literal['short-term', 'mid-term', 'long-term']]",
        "desc": "The timeframe for the deadline, which can be 'short-term', 'mid-term', or 'long-term'."
      },
      "importance": {
        "type": "typing.Optional[typing.Literal['low', 'medium', 'high']]",
        "desc": "The level of importance of the deadline, which can be 'high', 'medium', or 'low'."
      },
      "start_date": {
        "type": "typing.Optional[str]",
        "desc": "The start date for the deadline search, formatted as a string (YYYY-MM-DD)."
      },
      "end_date": {
        "type": "typing.Optional[str]",
        "desc": "The end date for the deadline search, formatted as a string (YYYY-MM-DD)."
      },
      "completed": {
        "type": "typing.Optional[bool]",
        "desc": "A boolean indicating whether to include only completed deadlines."
      }
    }
  },
  {
    "searcher": "Project Manager",
    "recommender": "Team",
    "dialogue": "A project manager is discussing with a team the selection of deadlines, milestones, and deliverables.",
    "item_type": "Milestones",
    "criteria": [
      "Type",
      "Timeframe",
      "Importance"
    ],
    "searcher_schema_code": "```python\nfrom dataclasses import dataclass\nfrom typing import Optional, Literal\n\n@dataclass\nclass MilestoneCriteria:\n    \"\"\"\n    Represents the criteria and preferences for finding a Milestone.\n    Each field is optional and represents a potential preference or filter\n    for the search process.\n    \"\"\"\n    \n    name: Optional[str] = None\n    \"\"\"The specific name of the Milestone, if searching for a particular one.\"\"\"\n    \n    type: Optional[Literal['Start', 'Mid', 'End']] = None\n    \"\"\"\n    The type of the Milestone, which indicates whether it's at the start,\n    middle, or end of a project phase.\n    \"\"\"\n    \n    timeframe: Optional[Literal['Short-term', 'Medium-term', 'Long-term']] = None\n    \"\"\"\n    The timeframe for the Milestone, indicating the expected duration\n    or period in project terms.\n    \"\"\"\n    \n    importance: Optional[Literal['Critical', 'High', 'Medium', 'Low']] = None\n    \"\"\"\n    The importance level of the Milestone, which helps prioritize\n    the search based on the project's priorities.\n    \"\"\"\n    \n    delivery_date: Optional[str] = None\n    \"\"\"\n    The expected delivery date for the Milestone, which can be used\n    to filter milestones by specific time constraints.\n    \"\"\"\n    \n    responsible_party: Optional[str] = None\n    \"\"\"\n    The party responsible for the Milestone, useful for narrowing\n    down the search based on the team or individual in charge.\n    \"\"\"\n```\n",
    "recommender_schema_code": "```python\nfrom dataclasses import dataclass\nfrom typing import Optional, Literal\n\n@dataclass\nclass Milestone:\n    \"\"\"\n    Represents a Milestone with various attributes known to the team.\n    Each field is optional and can be set to None to indicate missing information.\n    \"\"\"\n\n    name: Optional[str] = None\n    \"\"\"The specific name of the Milestone.\"\"\"\n\n    type: Optional[Literal['Start', 'Mid', 'End']] = None\n    \"\"\"The type of the Milestone, indicating its position in the project phase.\"\"\"\n\n    timeframe: Optional[Literal['Short-term', 'Medium-term', 'Long-term']] = None\n    \"\"\"The timeframe for the Milestone, indicating the expected duration.\"\"\"\n\n    importance: Optional[Literal['Critical', 'High', 'Medium', 'Low']] = None\n    \"\"\"The importance level of the Milestone.\"\"\"\n\n    delivery_date: Optional[str] = None\n    \"\"\"The expected delivery date for the Milestone.\"\"\"\n\n    responsible_party: Optional[str] = None\n    \"\"\"The party responsible for the Milestone.\"\"\"\n\n    def matches_criteria(self, criteria: MilestoneCriteria) -> bool:\n        \"\"\"\n        Determines if the Milestone matches the given search criteria.\n        \n        Args:\n            criteria (MilestoneCriteria): The criteria to match the milestone against.\n        \n        Returns:\n            bool: True if the Milestone matches all specified criteria, False otherwise.\n        \"\"\"\n        if criteria.name and self.name != criteria.name:\n            return False\n        if criteria.type and self.type != criteria.type:\n            return False\n        if criteria.timeframe and self.timeframe != criteria.timeframe:\n            return False\n        if criteria.importance and self.importance != criteria.importance:\n            return False\n        if criteria.delivery_date and self.delivery_date != criteria.delivery_date:\n            return False\n        if criteria.responsible_party and self.responsible_party != criteria.responsible_party:\n            return False\n        return True\n```",
    "searcher_schema": {
      "name": {
        "type": "typing.Optional[str]",
        "desc": "The specific name of the Milestone, if searching for a particular one."
      },
      "type": {
        "type": "typing.Optional[typing.Literal['Start', 'Mid', 'End']]",
        "desc": "The type of the Milestone, which indicates whether it's at the start,\n    middle, or end of a project phase."
      },
      "timeframe": {
        "type": "typing.Optional[typing.Literal['Short-term', 'Medium-term', 'Long-term']]",
        "desc": "The timeframe for the Milestone, indicating the expected duration\n    or period in project terms."
      },
      "importance": {
        "type": "typing.Optional[typing.Literal['Critical', 'High', 'Medium', 'Low']]",
        "desc": "The importance level of the Milestone, which helps prioritize\n    the search based on the project's priorities."
      },
      "delivery_date": {
        "type": "typing.Optional[str]",
        "desc": "The expected delivery date for the Milestone, which can be used\n    to filter milestones by specific time constraints."
      },
      "responsible_party": {
        "type": "typing.Optional[str]",
        "desc": "The party responsible for the Milestone, useful for narrowing\n    down the search based on the team or individual in charge."
      }
    }
  },
  {
    "searcher": "Project Manager",
    "recommender": "Team",
    "dialogue": "A project manager is discussing with a team the selection of deadlines, milestones, and deliverables.",
    "item_type": "Deliverables",
    "criteria": [
      "Type",
      "Timeframe",
      "Importance"
    ],
    "searcher_schema_code": "```python\nfrom dataclasses import dataclass\nfrom typing import Optional, Literal\n\n@dataclass\nclass DeliverableCriteria:\n    \"\"\"\n    A dataclass to represent the criteria and preferences for finding a Deliverable.\n    Each field represents an optional preference or criterion.\n    \"\"\"\n    \n    name: Optional[str] = None\n    \"\"\"The specific name of the Deliverable, if searching for a specific one.\"\"\"\n    \n    type: Optional[Literal['document', 'software', 'presentation', 'report']] = None\n    \"\"\"The type of Deliverable, defined as a fixed set of possible values.\"\"\"\n    \n    timeframe: Optional[Literal['short-term', 'medium-term', 'long-term']] = None\n    \"\"\"The preferred timeframe for the Deliverable, represented by fixed set values.\"\"\"\n    \n    importance: Optional[Literal['low', 'medium', 'high', 'critical']] = None\n    \"\"\"The importance level of the Deliverable, defined as a fixed set of values.\"\"\"\n    \n    status: Optional[Literal['not started', 'in progress', 'completed']] = None\n    \"\"\"The current status of the Deliverable, given as a fixed set of status values.\"\"\"\n```\n",
    "recommender_schema_code": "```python\nfrom dataclasses import dataclass\nfrom typing import Optional, Literal\n\n@dataclass\nclass Deliverable:\n    \"\"\"\n    A dataclass to represent the knowledge of each Deliverable by the team.\n    Each field is optional and defaults to None, representing potentially missing information.\n    \"\"\"\n    name: Optional[str] = None\n    \"\"\"The name of the Deliverable.\"\"\"\n\n    type: Optional[Literal['document', 'software', 'presentation', 'report']] = None\n    \"\"\"The type of Deliverable, defined by a fixed set of possible values.\"\"\"\n\n    timeframe: Optional[Literal['short-term', 'medium-term', 'long-term']] = None\n    \"\"\"The timeframe for the Deliverable, represented by a fixed set of values.\"\"\"\n\n    importance: Optional[Literal['low', 'medium', 'high', 'critical']] = None\n    \"\"\"The importance level of the Deliverable, defined as a fixed set of values.\"\"\"\n\n    status: Optional[Literal['not started', 'in progress', 'completed']] = None\n    \"\"\"The current status of the Deliverable, given as a fixed set of status values.\"\"\"\n\n    def matches_criteria(self, criteria: DeliverableCriteria) -> bool:\n        \"\"\"\n        Determines if the Deliverable matches the given search criteria.\n        \n        Args:\n            criteria (DeliverableCriteria): The search criteria to match against.\n\n        Returns:\n            bool: True if the Deliverable matches all non-None criteria, False otherwise.\n        \"\"\"\n        return all(\n            (getattr(criteria, field) is None or getattr(self, field) == getattr(criteria, field))\n            for field in self.__dataclass_fields__\n        )\n```",
    "searcher_schema": {
      "name": {
        "type": "typing.Optional[str]",
        "desc": "The specific name of the Deliverable, if searching for a specific one."
      },
      "type": {
        "type": "typing.Optional[typing.Literal['document', 'software', 'presentation', 'report']]",
        "desc": "The type of Deliverable, defined as a fixed set of possible values."
      },
      "timeframe": {
        "type": "typing.Optional[typing.Literal['short-term', 'medium-term', 'long-term']]",
        "desc": "The preferred timeframe for the Deliverable, represented by fixed set values."
      },
      "importance": {
        "type": "typing.Optional[typing.Literal['low', 'medium', 'high', 'critical']]",
        "desc": "The importance level of the Deliverable, defined as a fixed set of values."
      },
      "status": {
        "type": "typing.Optional[typing.Literal['not started', 'in progress', 'completed']]",
        "desc": "The current status of the Deliverable, given as a fixed set of status values."
      }
    }
  }
]