[
  {
    "domain": "Artifacts",
    "turns": [
      [
        "Hey, do we have any artifacts from the 1800s made of willow?",
        {
          "name": null,
          "time_period": "1800s",
          "material": "willow",
          "cultural_significance": null,
          "condition": null,
          "display_theme": null,
          "educational_program": null
        },
        "Yes, we have a Native American Basket from the 1800s made of willow."
      ],
      [
        "Great! What's the condition of that basket?",
        {
          "name": "Native American Basket",
          "time_period": "1800s",
          "material": "willow",
          "cultural_significance": null,
          "condition": null,
          "display_theme": null,
          "educational_program": null
        },
        "The condition of the Native American Basket is good."
      ],
      [
        "Perfect! Is it suitable for educational programs?",
        {
          "name": "Native American Basket",
          "time_period": "1800s",
          "material": "willow",
          "cultural_significance": null,
          "condition": "good",
          "display_theme": null,
          "educational_program": null
        },
        "Yes, the Native American Basket is suitable for educational programs."
      ],
      [
        "Awesome! Can we display it under the theme of Indigenous Cultures?",
        {
          "name": "Native American Basket",
          "time_period": "1800s",
          "material": "willow",
          "cultural_significance": null,
          "condition": "good",
          "display_theme": "Indigenous Cultures",
          "educational_program": true
        },
        "Yes, it fits perfectly under the theme of Indigenous Cultures."
      ]
    ],
    "preferences_code": "```python\npreferences = ArtifactSearchCriteria(\n    name='Native American Basket',\n    time_period='1800 AD',\n    material='Willow',\n    cultural_significance='Native American',\n    condition='good',\n    display_theme='Indigenous Cultures',\n    educational_program=True\n)\n```",
    "red_herrings_code": "```python\n# A global variable containing a list of Artifact examples representing similar artifacts\nsimilar_artifacts = [\n    Artifact(\n        name='Native American Basket',\n        time_period='1800 AD',\n        material='Willow',\n        cultural_significance='Native American',\n        condition='good',\n        display_theme='Indigenous Cultures',\n        educational_program=True,\n    ),\n    Artifact(\n        name='Native American Pottery',\n        time_period='1900 AD',\n        material='Clay',\n        cultural_significance='Native American',\n        condition='fair',\n        display_theme='Indigenous Cultures',\n        educational_program=False,\n    ),\n    Artifact(\n        name='Native American Jewelry',\n        time_period='1800 AD',\n        material='Silver',\n        cultural_significance='Native American',\n        condition='excellent',\n        display_theme='Indigenous Cultures',\n        educational_program=True,\n    )\n]\n```",
    "database_code": "```python\n# Global variable to store a list of example artifacts\nARTIFACTS = [\n    Artifact(\n        name=\"Ancient Vase\",\n        time_period=\"500 BC\",\n        material=\"Ceramic\",\n        cultural_significance=\"Greek\",\n        condition=\"excellent\",\n        display_theme=\"Ancient Art\",\n        educational_program=True\n    ),\n    Artifact(\n        name=\"Medieval Sword\",\n        time_period=\"1200 AD\",\n        material=\"Steel\",\n        cultural_significance=\"European\",\n        condition=\"good\",\n        display_theme=\"Medieval Warfare\",\n        educational_program=True\n    ),\n    Artifact(\n        name=\"Egyptian Amulet\",\n        time_period=\"300 BC\",\n        material=\"Gold\",\n        cultural_significance=\"Egyptian\",\n        condition=\"fair\",\n        display_theme=\"Ancient Egypt\",\n        educational_program=False\n    ),\n    Artifact(\n        name=\"Renaissance Painting\",\n        time_period=\"1500 AD\",\n        material=\"Canvas\",\n        cultural_significance=\"Italian\",\n        condition=\"excellent\",\n        display_theme=\"Renaissance Art\",\n        educational_program=True\n    ),\n    Artifact(\n        name=\"Native American Pottery\",\n        time_period=\"1800 AD\",\n        material=\"Clay\",\n        cultural_significance=\"Native American\",\n        condition=\"good\",\n        display_theme=\"Indigenous Cultures\",\n        educational_program=True\n    ),\n    Artifact(\n        name=\"Victorian Dress\",\n        time_period=\"1890 AD\",\n        material=\"Silk\",\n        cultural_significance=\"British\",\n        condition=\"fair\",\n        display_theme=\"Fashion History\",\n        educational_program=False\n    ),\n    Artifact(\n        name=\"World War II Medal\",\n        time_period=\"1945 AD\",\n        material=\"Bronze\",\n        cultural_significance=\"American\",\n        condition=\"good\",\n        display_theme=\"Military History\",\n        educational_program=True\n    ),\n    Artifact(\n        name=\"Prehistoric Tool\",\n        time_period=\"10,000 BC\",\n        material=\"Stone\",\n        cultural_significance=\"Prehistoric\",\n        condition=\"poor\",\n        display_theme=\"Early Human Life\",\n        educational_program=True\n    ),\n    Artifact(\n        name=\"Ming Dynasty Vase\",\n        time_period=\"1500 AD\",\n        material=\"Porcelain\",\n        cultural_significance=\"Chinese\",\n        condition=\"excellent\",\n        display_theme=\"Asian Art\",\n        educational_program=True\n    ),\n    Artifact(\n        name=\"Modern Sculpture\",\n        time_period=\"2000 AD\",\n        material=\"Metal\",\n        cultural_significance=\"Contemporary\",\n        condition=\"good\",\n        display_theme=\"Modern Art\",\n        educational_program=False\n    )\n]\n```",
    "goal": {
      "name": null,
      "time_period": "1800 AD",
      "material": "Willow",
      "cultural_significance": "Native American",
      "condition": "good",
      "display_theme": "Indigenous Cultures",
      "educational_program": true
    },
    "database": [
      {
        "name": "Ming Dynasty Vase",
        "time_period": "1500 AD",
        "material": "Porcelain",
        "cultural_significance": "Chinese",
        "condition": "excellent",
        "display_theme": "Asian Art",
        "educational_program": true
      },
      {
        "name": "Medieval Sword",
        "time_period": "1200 AD",
        "material": "Steel",
        "cultural_significance": "European",
        "condition": "good",
        "display_theme": "Medieval Warfare",
        "educational_program": true
      },
      {
        "name": "Renaissance Painting",
        "time_period": "1500 AD",
        "material": "Canvas",
        "cultural_significance": "Italian",
        "condition": "excellent",
        "display_theme": "Renaissance Art",
        "educational_program": true
      },
      {
        "name": "Native American Jewelry",
        "time_period": "1800 AD",
        "material": "Silver",
        "cultural_significance": "Native American",
        "condition": "excellent",
        "display_theme": "Indigenous Cultures",
        "educational_program": true
      },
      {
        "name": "Egyptian Amulet",
        "time_period": "300 BC",
        "material": "Gold",
        "cultural_significance": "Egyptian",
        "condition": "fair",
        "display_theme": "Ancient Egypt",
        "educational_program": false
      },
      {
        "name": "Native American Pottery",
        "time_period": "1800 AD",
        "material": "Clay",
        "cultural_significance": "Native American",
        "condition": "good",
        "display_theme": "Indigenous Cultures",
        "educational_program": true
      },
      {
        "name": "Native American Basket",
        "time_period": "1800 AD",
        "material": "Willow",
        "cultural_significance": "Native American",
        "condition": "good",
        "display_theme": "Indigenous Cultures",
        "educational_program": true
      },
      {
        "name": "Ancient Vase",
        "time_period": "500 BC",
        "material": "Ceramic",
        "cultural_significance": "Greek",
        "condition": "excellent",
        "display_theme": "Ancient Art",
        "educational_program": true
      },
      {
        "name": "Modern Sculpture",
        "time_period": "2000 AD",
        "material": "Metal",
        "cultural_significance": "Contemporary",
        "condition": "good",
        "display_theme": "Modern Art",
        "educational_program": false
      },
      {
        "name": "Victorian Dress",
        "time_period": "1890 AD",
        "material": "Silk",
        "cultural_significance": "British",
        "condition": "fair",
        "display_theme": "Fashion History",
        "educational_program": false
      },
      {
        "name": "Prehistoric Tool",
        "time_period": "10,000 BC",
        "material": "Stone",
        "cultural_significance": "Prehistoric",
        "condition": "poor",
        "display_theme": "Early Human Life",
        "educational_program": true
      },
      {
        "name": "World War II Medal",
        "time_period": "1945 AD",
        "material": "Bronze",
        "cultural_significance": "American",
        "condition": "good",
        "display_theme": "Military History",
        "educational_program": true
      },
      {
        "name": "Native American Pottery",
        "time_period": "1900 AD",
        "material": "Clay",
        "cultural_significance": "Native American",
        "condition": "fair",
        "display_theme": "Indigenous Cultures",
        "educational_program": false
      }
    ],
    "status": "complete"
  },
  {
    "domain": "Display Themes",
    "turns": [
      [
        "That's fantastic! Now, do we have any long-term display themes focused on Economic History?",
        {
          "name": null,
          "theme": "Indigenous Cultures",
          "target_audience": null,
          "duration": "Long-term",
          "educational_program": true,
          "interactive": null,
          "historical_period": "1800s"
        },
        "Yes, we have \"World War II\" and \"The Gilded Age\" as long-term display themes in Economic History."
      ],
      [
        "Could \"The Gilded Age\" theme work well for families?",
        {
          "name": "The Gilded Age",
          "theme": "Economic History",
          "target_audience": "Families",
          "duration": "Long-term",
          "educational_program": true,
          "interactive": null,
          "historical_period": null
        },
        "Yes, \"The Gilded Age\" is suitable for families and includes educational programs."
      ],
      [
        "Sounds good! Is it interactive, or is it more traditional?",
        {
          "name": "The Gilded Age",
          "theme": "Economic History",
          "target_audience": "Families",
          "duration": "Long-term",
          "educational_program": true,
          "interactive": null,
          "historical_period": null
        },
        "\"The Gilded Age\" is more traditional and not interactive."
      ],
      [
        "That's fine! Let's go with \"The Gilded Age\" for our long-term display theme on Economic History then.",
        {
          "name": "The Gilded Age",
          "theme": "Economic History",
          "target_audience": "Families",
          "duration": "Long-term",
          "educational_program": true,
          "interactive": false,
          "historical_period": null
        },
        "Great choice! \"The Gilded Age\" will be an excellent addition."
      ]
    ],
    "preferences_code": "```python\npreferences = DisplayThemeCriteria(\n    name='The Gilded Age',\n    theme='Economic History',\n    target_audience='Families',\n    duration='Long-term',\n    educational_program=True,\n    interactive=False,\n    historical_period='Late 19th Century',\n)\n```",
    "red_herrings_code": "```python\n# Global variable to hold a list of Display Theme examples\ndisplay_themes_examples = [\n    DisplayTheme(\n        name='The Age of Enlightenment',\n        theme='Philosophical History',\n        target_audience='Adults',\n        duration='Permanent',\n        educational_program=True,\n        interactive=True,\n        historical_period='17th-18th Century',\n    ),\n    DisplayTheme(\n        name='The Gilded Age',\n        theme='Economic History',\n        target_audience='Families',\n        duration='Long-term',\n        educational_program=True,\n        interactive=False,\n        historical_period='Late 19th Century',\n    ),\n    DisplayTheme(\n        name='The Industrial Age',\n        theme='Technological Advancements',\n        target_audience='Adults',\n        duration='Permanent',\n        educational_program=False,\n        interactive=True,\n        historical_period='19th Century',\n    ),\n]\n```",
    "database_code": "```python\n# Global variable to store a list of Display Theme examples\ndisplay_themes = [\n    DisplayTheme(\n        name=\"Indigenous Cultures\",\n        theme=\"Cultural Heritage\",\n        target_audience=\"Families\",\n        duration=\"Long-term\",\n        educational_program=True,\n        interactive=False,\n        historical_period=\"1800s\"\n    ),\n    DisplayTheme(\n        name=\"The Age of Exploration\",\n        theme=\"Historical Events\",\n        target_audience=\"Adults\",\n        duration=\"Short-term\",\n        educational_program=True,\n        interactive=True,\n        historical_period=\"15th-17th Century\"\n    ),\n    DisplayTheme(\n        name=\"Art of the Renaissance\",\n        theme=\"Art History\",\n        target_audience=\"Scholars\",\n        duration=\"Permanent\",\n        educational_program=False,\n        interactive=False,\n        historical_period=\"14th-17th Century\"\n    ),\n    DisplayTheme(\n        name=\"Innovations in Technology\",\n        theme=\"Science and Technology\",\n        target_audience=\"Children\",\n        duration=\"Short-term\",\n        educational_program=True,\n        interactive=True,\n        historical_period=\"20th Century\"\n    ),\n    DisplayTheme(\n        name=\"Ancient Civilizations\",\n        theme=\"Archaeology\",\n        target_audience=\"Families\",\n        duration=\"Long-term\",\n        educational_program=True,\n        interactive=False,\n        historical_period=\"3000 BC - 500 AD\"\n    ),\n    DisplayTheme(\n        name=\"The Industrial Revolution\",\n        theme=\"Economic History\",\n        target_audience=\"Adults\",\n        duration=\"Permanent\",\n        educational_program=True,\n        interactive=True,\n        historical_period=\"18th-19th Century\"\n    ),\n    DisplayTheme(\n        name=\"Nature and Conservation\",\n        theme=\"Environmental Science\",\n        target_audience=\"Children\",\n        duration=\"Short-term\",\n        educational_program=True,\n        interactive=True,\n        historical_period=\"21st Century\"\n    ),\n    DisplayTheme(\n        name=\"World War II\",\n        theme=\"Military History\",\n        target_audience=\"Adults\",\n        duration=\"Long-term\",\n        educational_program=True,\n        interactive=False,\n        historical_period=\"1939-1945\"\n    ),\n    DisplayTheme(\n        name=\"Folk Tales and Legends\",\n        theme=\"Cultural Studies\",\n        target_audience=\"Families\",\n        duration=\"Short-term\",\n        educational_program=True,\n        interactive=True,\n        historical_period=\"Various\"\n    ),\n    DisplayTheme(\n        name=\"The Evolution of Fashion\",\n        theme=\"Social History\",\n        target_audience=\"Scholars\",\n        duration=\"Permanent\",\n        educational_program=False,\n        interactive=False,\n        historical_period=\"18th-21st Century\"\n    )\n]\n```",
    "goal": {
      "name": null,
      "theme": "Economic History",
      "target_audience": "Families",
      "duration": "Long-term",
      "educational_program": true,
      "interactive": false,
      "historical_period": "Late 19th Century"
    },
    "database": [
      {
        "name": "Folk Tales and Legends",
        "theme": "Cultural Studies",
        "target_audience": "Families",
        "duration": "Short-term",
        "educational_program": true,
        "interactive": true,
        "historical_period": "Various"
      },
      {
        "name": "Art of the Renaissance",
        "theme": "Art History",
        "target_audience": "Scholars",
        "duration": "Permanent",
        "educational_program": false,
        "interactive": false,
        "historical_period": "14th-17th Century"
      },
      {
        "name": "The Industrial Revolution",
        "theme": "Economic History",
        "target_audience": "Adults",
        "duration": "Permanent",
        "educational_program": true,
        "interactive": true,
        "historical_period": "18th-19th Century"
      },
      {
        "name": "Innovations in Technology",
        "theme": "Science and Technology",
        "target_audience": "Children",
        "duration": "Short-term",
        "educational_program": true,
        "interactive": true,
        "historical_period": "20th Century"
      },
      {
        "name": "Nature and Conservation",
        "theme": "Environmental Science",
        "target_audience": "Children",
        "duration": "Short-term",
        "educational_program": true,
        "interactive": true,
        "historical_period": "21st Century"
      },
      {
        "name": "The Age of Exploration",
        "theme": "Historical Events",
        "target_audience": "Adults",
        "duration": "Short-term",
        "educational_program": true,
        "interactive": true,
        "historical_period": "15th-17th Century"
      },
      {
        "name": "The Age of Enlightenment",
        "theme": "Philosophical History",
        "target_audience": "Adults",
        "duration": "Permanent",
        "educational_program": true,
        "interactive": true,
        "historical_period": "17th-18th Century"
      },
      {
        "name": "Indigenous Cultures",
        "theme": "Cultural Heritage",
        "target_audience": "Families",
        "duration": "Long-term",
        "educational_program": true,
        "interactive": false,
        "historical_period": "1800s"
      },
      {
        "name": "World War II",
        "theme": "Military History",
        "target_audience": "Adults",
        "duration": "Long-term",
        "educational_program": true,
        "interactive": false,
        "historical_period": "1939-1945"
      },
      {
        "name": "Ancient Civilizations",
        "theme": "Archaeology",
        "target_audience": "Families",
        "duration": "Long-term",
        "educational_program": true,
        "interactive": false,
        "historical_period": "3000 BC - 500 AD"
      },
      {
        "name": "The Industrial Age",
        "theme": "Technological Advancements",
        "target_audience": "Adults",
        "duration": "Permanent",
        "educational_program": false,
        "interactive": true,
        "historical_period": "19th Century"
      },
      {
        "name": "The Evolution of Fashion",
        "theme": "Social History",
        "target_audience": "Scholars",
        "duration": "Permanent",
        "educational_program": false,
        "interactive": false,
        "historical_period": "18th-21st Century"
      },
      {
        "name": "The Gilded Age",
        "theme": "Economic History",
        "target_audience": "Families",
        "duration": "Long-term",
        "educational_program": true,
        "interactive": false,
        "historical_period": "Late 19th Century"
      }
    ],
    "status": "complete"
  },
  {
    "domain": "Educational Programs",
    "turns": [
      [
        "Thanks! Now, do we have any free tours specifically about \"The Gilded Age\"?",
        {
          "name": null,
          "age_group": null,
          "program_type": "Tour",
          "duration": null,
          "location": null,
          "cost": "Free",
          "topic": "The Gilded Age",
          "facilitator_name": null
        },
        "Yes, we have a free tour called \"Gilded Age History Tour.\""
      ],
      [
        "Perfect! How long is that tour?",
        {
          "name": "Gilded Age History Tour",
          "age_group": null,
          "program_type": "Tour",
          "duration": null,
          "location": null,
          "cost": "Free",
          "topic": "The Gilded Age",
          "facilitator_name": null
        },
        "The \"Gilded Age History Tour\" lasts for 60 minutes."
      ]
    ],
    "preferences_code": "```python\npreferences = EducationalProgramCriteria(\n    name='Gilded Age History Tour',\n    age_group='Adults',\n    program_type='Tour',\n    duration=60,\n    location='Museum Grounds',\n    cost='Free',\n    topic='The Gilded Age',\n    facilitator_name='Mr. James Wilson',\n)\n```",
    "red_herrings_code": "```python\n# Global variable to store a list of example Educational Programs\neducational_programs_examples = [\n    EducationalProgram(\n        name='The Gilded Age Workshop',\n        age_group='Adults',\n        program_type='Workshop',\n        duration=120,\n        location='Main Hall',\n        cost='Paid',\n        topic='The Gilded Age',\n        facilitator_name='Dr. Emily Johnson',\n    ),\n    EducationalProgram(\n        name='Gilded Age History Tour',\n        age_group='Adults',\n        program_type='Tour',\n        duration=60,\n        location='Museum Grounds',\n        cost='Free',\n        topic='The Gilded Age',\n        facilitator_name='Mr. James Wilson',\n    ),\n    EducationalProgram(\n        name='The Gilded Age Insights',\n        age_group='Teens',\n        program_type='Lecture',\n        duration=90,\n        location='Conference Room',\n        cost='Paid',\n        topic='The Gilded Age',\n        facilitator_name='Dr. Sarah Brown',\n    ),\n]\n```",
    "database_code": "```python\n# Global variable to store a list of Educational Programs examples\neducational_programs = [\n    EducationalProgram(\n        name=\"Art Workshop\",\n        age_group=\"Children\",\n        program_type=\"Workshop\",\n        duration=60,\n        location=\"Art Room\",\n        cost=\"Free\",\n        topic=\"Creative Expression\",\n        facilitator_name=\"Alice Johnson\"\n    ),\n    EducationalProgram(\n        name=\"History Lecture\",\n        age_group=\"Adults\",\n        program_type=\"Lecture\",\n        duration=90,\n        location=\"Main Hall\",\n        cost=\"Paid\",\n        topic=\"The Gilded Age\",\n        facilitator_name=\"Dr. Robert Smith\"\n    ),\n    EducationalProgram(\n        name=\"Nature Tour\",\n        age_group=\"Families\",\n        program_type=\"Tour\",\n        duration=120,\n        location=\"Outdoor Grounds\",\n        cost=\"Free\",\n        topic=\"Local Flora and Fauna\",\n        facilitator_name=\"Emily Davis\"\n    ),\n    EducationalProgram(\n        name=\"Science Fair\",\n        age_group=\"Teens\",\n        program_type=\"Interactive\",\n        duration=180,\n        location=\"Science Lab\",\n        cost=\"Paid\",\n        topic=\"Innovations in Technology\",\n        facilitator_name=\"Dr. Linda Brown\"\n    ),\n    EducationalProgram(\n        name=\"Cultural Stories\",\n        age_group=\"Seniors\",\n        program_type=\"Lecture\",\n        duration=45,\n        location=\"Community Room\",\n        cost=\"Free\",\n        topic=\"Indigenous Cultures\",\n        facilitator_name=\"Mary Thompson\"\n    ),\n    EducationalProgram(\n        name=\"Photography Workshop\",\n        age_group=\"Adults\",\n        program_type=\"Workshop\",\n        duration=90,\n        location=\"Photography Studio\",\n        cost=\"Paid\",\n        topic=\"Capturing Moments\",\n        facilitator_name=\"James Lee\"\n    ),\n    EducationalProgram(\n        name=\"Kids Science Day\",\n        age_group=\"Children\",\n        program_type=\"Interactive\",\n        duration=120,\n        location=\"Science Lab\",\n        cost=\"Free\",\n        topic=\"Fun with Science\",\n        facilitator_name=\"Sara Wilson\"\n    ),\n    EducationalProgram(\n        name=\"Historical Debate\",\n        age_group=\"Teens\",\n        program_type=\"Lecture\",\n        duration=60,\n        location=\"Debate Hall\",\n        cost=\"Paid\",\n        topic=\"The Gilded Age\",\n        facilitator_name=\"Mr. David Clark\"\n    ),\n    EducationalProgram(\n        name=\"Gardening Basics\",\n        age_group=\"Adults\",\n        program_type=\"Workshop\",\n        duration=90,\n        location=\"Garden Area\",\n        cost=\"Free\",\n        topic=\"Sustainable Practices\",\n        facilitator_name=\"Anna Green\"\n    ),\n    EducationalProgram(\n        name=\"Family Art Day\",\n        age_group=\"Families\",\n        program_type=\"Workshop\",\n        duration=120,\n        location=\"Art Room\",\n        cost=\"Paid\",\n        topic=\"Family Creations\",\n        facilitator_name=\"Laura White\"\n    )\n]\n```",
    "goal": {
      "name": null,
      "age_group": "Adults",
      "program_type": "Tour",
      "duration": 60,
      "location": "Museum Grounds",
      "cost": "Free",
      "topic": "The Gilded Age",
      "facilitator_name": "Mr. James Wilson"
    },
    "database": [
      {
        "name": "Photography Workshop",
        "age_group": "Adults",
        "program_type": "Workshop",
        "duration": 90,
        "location": "Photography Studio",
        "cost": "Paid",
        "topic": "Capturing Moments",
        "facilitator_name": "James Lee"
      },
      {
        "name": "Kids Science Day",
        "age_group": "Children",
        "program_type": "Interactive",
        "duration": 120,
        "location": "Science Lab",
        "cost": "Free",
        "topic": "Fun with Science",
        "facilitator_name": "Sara Wilson"
      },
      {
        "name": "Historical Debate",
        "age_group": "Teens",
        "program_type": "Lecture",
        "duration": 60,
        "location": "Debate Hall",
        "cost": "Paid",
        "topic": "The Gilded Age",
        "facilitator_name": "Mr. David Clark"
      },
      {
        "name": "Gilded Age History Tour",
        "age_group": "Adults",
        "program_type": "Tour",
        "duration": 60,
        "location": "Museum Grounds",
        "cost": "Free",
        "topic": "The Gilded Age",
        "facilitator_name": "Mr. James Wilson"
      },
      {
        "name": "Family Art Day",
        "age_group": "Families",
        "program_type": "Workshop",
        "duration": 120,
        "location": "Art Room",
        "cost": "Paid",
        "topic": "Family Creations",
        "facilitator_name": "Laura White"
      },
      {
        "name": "Cultural Stories",
        "age_group": "Seniors",
        "program_type": "Lecture",
        "duration": 45,
        "location": "Community Room",
        "cost": "Free",
        "topic": "Indigenous Cultures",
        "facilitator_name": "Mary Thompson"
      },
      {
        "name": "Art Workshop",
        "age_group": "Children",
        "program_type": "Workshop",
        "duration": 60,
        "location": "Art Room",
        "cost": "Free",
        "topic": "Creative Expression",
        "facilitator_name": "Alice Johnson"
      },
      {
        "name": "Nature Tour",
        "age_group": "Families",
        "program_type": "Tour",
        "duration": 120,
        "location": "Outdoor Grounds",
        "cost": "Free",
        "topic": "Local Flora and Fauna",
        "facilitator_name": "Emily Davis"
      },
      {
        "name": "The Gilded Age Insights",
        "age_group": "Teens",
        "program_type": "Lecture",
        "duration": 90,
        "location": "Conference Room",
        "cost": "Paid",
        "topic": "The Gilded Age",
        "facilitator_name": "Dr. Sarah Brown"
      },
      {
        "name": "Science Fair",
        "age_group": "Teens",
        "program_type": "Interactive",
        "duration": 180,
        "location": "Science Lab",
        "cost": "Paid",
        "topic": "Innovations in Technology",
        "facilitator_name": "Dr. Linda Brown"
      },
      {
        "name": "History Lecture",
        "age_group": "Adults",
        "program_type": "Lecture",
        "duration": 90,
        "location": "Main Hall",
        "cost": "Paid",
        "topic": "The Gilded Age",
        "facilitator_name": "Dr. Robert Smith"
      },
      {
        "name": "Gardening Basics",
        "age_group": "Adults",
        "program_type": "Workshop",
        "duration": 90,
        "location": "Garden Area",
        "cost": "Free",
        "topic": "Sustainable Practices",
        "facilitator_name": "Anna Green"
      },
      {
        "name": "The Gilded Age Workshop",
        "age_group": "Adults",
        "program_type": "Workshop",
        "duration": 120,
        "location": "Main Hall",
        "cost": "Paid",
        "topic": "The Gilded Age",
        "facilitator_name": "Dr. Emily Johnson"
      }
    ],
    "status": "complete"
  }
]