[
  {
    "domain": "Expedition Routes",
    "turns": [
      [
        "I'm looking for a moderate difficulty expedition, any suggestions?",
        {
          "name": null,
          "difficulty_level": "Moderate",
          "duration": null,
          "scenic_value": null,
          "climate_preference": null,
          "wildlife_presence": null,
          "group_size_limit": null,
          "cultural_significance": null,
          "water_availability": null
        },
        "Sure! How long are you planning to spend on the expedition?"
      ],
      [
        "I'm thinking about a duration of five days.",
        {
          "name": null,
          "difficulty_level": "Moderate",
          "duration": 5,
          "scenic_value": null,
          "climate_preference": null,
          "wildlife_presence": null,
          "group_size_limit": null,
          "cultural_significance": null,
          "water_availability": null
        },
        "Great! Would you prefer a route with wildlife presence?"
      ],
      [
        "Actually, I prefer a route without wildlife presence.",
        {
          "name": null,
          "difficulty_level": "Moderate",
          "duration": 5,
          "scenic_value": null,
          "climate_preference": null,
          "wildlife_presence": false,
          "group_size_limit": null,
          "cultural_significance": null,
          "water_availability": null
        },
        "Got it! There's a Desert Adventure or a Desert Trek, both moderate and five days, but the Desert Trek has cultural significance. Which one sounds better?"
      ],
      [
        "The Desert Trek sounds perfect since it has cultural significance!",
        {
          "name": "Desert Trek",
          "difficulty_level": "Moderate",
          "duration": 5,
          "scenic_value": null,
          "climate_preference": null,
          "wildlife_presence": false,
          "group_size_limit": null,
          "cultural_significance": true,
          "water_availability": null
        },
        "Awesome choice! The Desert Trek is a great expedition. Have fun on your adventure!"
      ]
    ],
    "preferences_code": "```python\npreferences = ExpeditionPreferences(\n    name='Desert Adventure',\n    difficulty_level='Moderate',\n    duration=5,\n    scenic_value='High',\n    climate_preference='Arid',\n    wildlife_presence=False,\n    group_size_limit=8,\n    cultural_significance=True,\n    water_availability=False,\n)\n```",
    "red_herrings_code": "```python\n# Global variable to hold a list of example Expedition Routes\nexpedition_routes_examples = [\n    ExpeditionRoute(\n        name='Desert Adventure',\n        difficulty_level='Moderate',\n        duration=5,\n        scenic_value='High',\n        climate_type='Arid',\n        wildlife_presence=False,\n        group_size_limit=8,\n        cultural_significance=True,\n        water_availability=False,\n    ),\n    ExpeditionRoute(\n        name='Mountain Hike',\n        difficulty_level='Easy',\n        duration=5,\n        scenic_value='Medium',\n        climate_type='Temperate',\n        wildlife_presence=True,\n        group_size_limit=6,\n        cultural_significance=False,\n        water_availability=True,\n    ),\n    ExpeditionRoute(\n        name='Savannah Safari',\n        difficulty_level='Moderate',\n        duration=4,\n        scenic_value='High',\n        climate_type='Tropical',\n        wildlife_presence=True,\n        group_size_limit=10,\n        cultural_significance=True,\n        water_availability=True,\n    ),\n]\n```",
    "database_code": "```python\n# Global variable containing a list of ExpeditionRoute examples\nexpedition_routes = [\n    ExpeditionRoute(\n        name=\"Mountain Adventure\",\n        difficulty_level=\"Hard\",\n        duration=7,\n        scenic_value=\"High\",\n        climate_type=\"Temperate\",\n        wildlife_presence=True,\n        group_size_limit=10,\n        cultural_significance=False,\n        water_availability=True\n    ),\n    ExpeditionRoute(\n        name=\"Desert Trek\",\n        difficulty_level=\"Moderate\",\n        duration=5,\n        scenic_value=\"Medium\",\n        climate_type=\"Arid\",\n        wildlife_presence=False,\n        group_size_limit=8,\n        cultural_significance=True,\n        water_availability=False\n    ),\n    ExpeditionRoute(\n        name=\"Tropical Rainforest Expedition\",\n        difficulty_level=\"Easy\",\n        duration=10,\n        scenic_value=\"High\",\n        climate_type=\"Tropical\",\n        wildlife_presence=True,\n        group_size_limit=12,\n        cultural_significance=False,\n        water_availability=True\n    ),\n    ExpeditionRoute(\n        name=\"Polar Exploration\",\n        difficulty_level=\"Extreme\",\n        duration=14,\n        scenic_value=\"Medium\",\n        climate_type=\"Polar\",\n        wildlife_presence=True,\n        group_size_limit=6,\n        cultural_significance=True,\n        water_availability=False\n    ),\n    ExpeditionRoute(\n        name=\"Cultural Heritage Trail\",\n        difficulty_level=\"Moderate\",\n        duration=3,\n        scenic_value=\"High\",\n        climate_type=\"Temperate\",\n        wildlife_presence=False,\n        group_size_limit=15,\n        cultural_significance=True,\n        water_availability=True\n    ),\n    ExpeditionRoute(\n        name=\"Mountain Biking Trail\",\n        difficulty_level=\"Moderate\",\n        duration=4,\n        scenic_value=\"Medium\",\n        climate_type=\"Temperate\",\n        wildlife_presence=False,\n        group_size_limit=10,\n        cultural_significance=False,\n        water_availability=True\n    ),\n    ExpeditionRoute(\n        name=\"Coastal Hiking Route\",\n        difficulty_level=\"Easy\",\n        duration=2,\n        scenic_value=\"High\",\n        climate_type=\"Temperate\",\n        wildlife_presence=True,\n        group_size_limit=20,\n        cultural_significance=False,\n        water_availability=True\n    ),\n    ExpeditionRoute(\n        name=\"Highland Safari\",\n        difficulty_level=\"Hard\",\n        duration=8,\n        scenic_value=\"High\",\n        climate_type=\"Tropical\",\n        wildlife_presence=True,\n        group_size_limit=5,\n        cultural_significance=False,\n        water_availability=True\n    ),\n    ExpeditionRoute(\n        name=\"Canyon Adventure\",\n        difficulty_level=\"Hard\",\n        duration=6,\n        scenic_value=\"Medium\",\n        climate_type=\"Arid\",\n        wildlife_presence=True,\n        group_size_limit=10,\n        cultural_significance=False,\n        water_availability=True\n    ),\n    ExpeditionRoute(\n        name=\"Historical Route\",\n        difficulty_level=\"Easy\",\n        duration=3,\n        scenic_value=\"Medium\",\n        climate_type=\"Temperate\",\n        wildlife_presence=False,\n        group_size_limit=12,\n        cultural_significance=True,\n        water_availability=True\n    )\n]\n```",
    "goal": {
      "name": null,
      "difficulty_level": "Moderate",
      "duration": 5,
      "scenic_value": "High",
      "climate_preference": "Arid",
      "wildlife_presence": false,
      "group_size_limit": 8,
      "cultural_significance": true,
      "water_availability": false
    },
    "database": [
      {
        "name": "Historical Route",
        "difficulty_level": "Easy",
        "duration": 3,
        "scenic_value": "Medium",
        "climate_type": "Temperate",
        "wildlife_presence": false,
        "group_size_limit": 12,
        "cultural_significance": true,
        "water_availability": true
      },
      {
        "name": "Mountain Adventure",
        "difficulty_level": "Hard",
        "duration": 7,
        "scenic_value": "High",
        "climate_type": "Temperate",
        "wildlife_presence": true,
        "group_size_limit": 10,
        "cultural_significance": false,
        "water_availability": true
      },
      {
        "name": "Canyon Adventure",
        "difficulty_level": "Hard",
        "duration": 6,
        "scenic_value": "Medium",
        "climate_type": "Arid",
        "wildlife_presence": true,
        "group_size_limit": 10,
        "cultural_significance": false,
        "water_availability": true
      },
      {
        "name": "Coastal Hiking Route",
        "difficulty_level": "Easy",
        "duration": 2,
        "scenic_value": "High",
        "climate_type": "Temperate",
        "wildlife_presence": true,
        "group_size_limit": 20,
        "cultural_significance": false,
        "water_availability": true
      },
      {
        "name": "Tropical Rainforest Expedition",
        "difficulty_level": "Easy",
        "duration": 10,
        "scenic_value": "High",
        "climate_type": "Tropical",
        "wildlife_presence": true,
        "group_size_limit": 12,
        "cultural_significance": false,
        "water_availability": true
      },
      {
        "name": "Cultural Heritage Trail",
        "difficulty_level": "Moderate",
        "duration": 3,
        "scenic_value": "High",
        "climate_type": "Temperate",
        "wildlife_presence": false,
        "group_size_limit": 15,
        "cultural_significance": true,
        "water_availability": true
      },
      {
        "name": "Desert Adventure",
        "difficulty_level": "Moderate",
        "duration": 5,
        "scenic_value": "High",
        "climate_type": "Arid",
        "wildlife_presence": false,
        "group_size_limit": 8,
        "cultural_significance": true,
        "water_availability": false
      },
      {
        "name": "Mountain Hike",
        "difficulty_level": "Easy",
        "duration": 5,
        "scenic_value": "Medium",
        "climate_type": "Temperate",
        "wildlife_presence": true,
        "group_size_limit": 6,
        "cultural_significance": false,
        "water_availability": true
      },
      {
        "name": "Polar Exploration",
        "difficulty_level": "Extreme",
        "duration": 14,
        "scenic_value": "Medium",
        "climate_type": "Polar",
        "wildlife_presence": true,
        "group_size_limit": 6,
        "cultural_significance": true,
        "water_availability": false
      },
      {
        "name": "Mountain Biking Trail",
        "difficulty_level": "Moderate",
        "duration": 4,
        "scenic_value": "Medium",
        "climate_type": "Temperate",
        "wildlife_presence": false,
        "group_size_limit": 10,
        "cultural_significance": false,
        "water_availability": true
      },
      {
        "name": "Highland Safari",
        "difficulty_level": "Hard",
        "duration": 8,
        "scenic_value": "High",
        "climate_type": "Tropical",
        "wildlife_presence": true,
        "group_size_limit": 5,
        "cultural_significance": false,
        "water_availability": true
      },
      {
        "name": "Savannah Safari",
        "difficulty_level": "Moderate",
        "duration": 4,
        "scenic_value": "High",
        "climate_type": "Tropical",
        "wildlife_presence": true,
        "group_size_limit": 10,
        "cultural_significance": true,
        "water_availability": true
      },
      {
        "name": "Desert Trek",
        "difficulty_level": "Moderate",
        "duration": 5,
        "scenic_value": "Medium",
        "climate_type": "Arid",
        "wildlife_presence": false,
        "group_size_limit": 8,
        "cultural_significance": true,
        "water_availability": false
      }
    ],
    "status": "complete"
  },
  {
    "domain": "Survival Gear",
    "turns": [
      [
        "Thanks! Now, can you help me find a good backpack for the trek?",
        {
          "name": null,
          "type": "Backpack",
          "weight": null,
          "durability": null,
          "water_resistance": null,
          "material": null,
          "color": null,
          "price_range": null,
          "brand": null
        },
        "Of course! What weight range are you comfortable with for the backpack?"
      ],
      [
        "I\u2019d like it to weigh no more than 1 kilogram.",
        {
          "name": null,
          "type": "Backpack",
          "weight": 1.0,
          "durability": null,
          "water_resistance": null,
          "material": null,
          "color": null,
          "price_range": null,
          "brand": null
        },
        "Great! Do you have a preference for water resistance in the backpack?"
      ],
      [
        "Yes, I prefer it to be water-resistant.",
        {
          "name": null,
          "type": "Backpack",
          "weight": 1.0,
          "durability": null,
          "water_resistance": "Water-resistant",
          "material": null,
          "color": null,
          "price_range": null,
          "brand": null
        },
        "I found a couple of options: the Compact Daypack at 0.9 kg and the Daypack at 0.8 kg, both water-resistant. Which one do you prefer?"
      ],
      [
        "I\u2019ll go with the Compact Daypack at 0.9 kg.",
        {
          "name": "Compact Daypack",
          "type": "Backpack",
          "weight": 1.0,
          "durability": null,
          "water_resistance": "Water-resistant",
          "material": null,
          "color": null,
          "price_range": null,
          "brand": null
        },
        "Excellent choice! The Compact Daypack is a great option. Enjoy your trek!"
      ]
    ],
    "preferences_code": "```python\npreferences = SurvivalGearCriteria(\n    name='Hiking Backpack',\n    type='Backpack',\n    weight=1.0,\n    durability='High',\n    water_resistance='Water-resistant',\n    material='Canvas',\n    color='Green',\n    price_range=(50.0, 100.0),\n    brand='MountainGear'\n)\n```",
    "red_herrings_code": "```python\n# Global variable representing a list of similar Survival Gear examples\nsimilar_survival_gears = [\n    SurvivalGear(\n        name='Lightweight Backpack',\n        type='Backpack',\n        weight=0.7,\n        durability='Medium',\n        water_resistance='Water-resistant',\n        material='Polyester',\n        color='Blue',\n        price=49.99,\n        brand='TrailBlazer'\n    ),\n    SurvivalGear(\n        name='Compact Daypack',\n        type='Backpack',\n        weight=0.9,\n        durability='Low',\n        water_resistance='Waterproof',\n        material='Nylon',\n        color='Black',\n        price=64.99,\n        brand='HikeLite'\n    ),\n    SurvivalGear(\n        name='Hiking Backpack',\n        type='Backpack',\n        weight=1.0,\n        durability='High',\n        water_resistance='Water-resistant',\n        material='Canvas',\n        color='Green',\n        price=79.99,\n        brand='MountainGear'\n    )\n]\n```",
    "database_code": "```python\n# Global variable containing a list of Survival Gear examples\nsurvival_gear_list = [\n    SurvivalGear(name=\"Alpine Tent\", type=\"Tent\", weight=3.5, durability=\"High\", \n                  water_resistance=\"Waterproof\", material=\"Nylon\", color=\"Green\", \n                  price=299.99, brand=\"MountainGear\"),\n    SurvivalGear(name=\"Explorer Backpack\", type=\"Backpack\", weight=1.2, durability=\"Medium\", \n                  water_resistance=\"Water-resistant\", material=\"Polyester\", color=\"Blue\", \n                  price=89.99, brand=\"TrailBlazers\"),\n    SurvivalGear(name=\"Compact First Aid Kit\", type=\"First Aid Kit\", weight=0.5, durability=\"High\", \n                  water_resistance=\"None\", material=\"Plastic\", color=\"Red\", \n                  price=29.99, brand=\"SafeTravel\"),\n    SurvivalGear(name=\"Fire Starter Kit\", type=\"Fire Starter\", weight=0.2, durability=\"Medium\", \n                  water_resistance=\"None\", material=\"Metal\", color=\"Silver\", \n                  price=15.99, brand=\"SurvivalPro\"),\n    SurvivalGear(name=\"Survival Knife\", type=\"Knife\", weight=0.3, durability=\"High\", \n                  water_resistance=\"None\", material=\"Stainless Steel\", color=\"Black\", \n                  price=49.99, brand=\"EdgeMaster\"),\n    SurvivalGear(name=\"Portable Water Filter\", type=\"Water Filter\", weight=0.4, durability=\"Medium\", \n                  water_resistance=\"None\", material=\"Plastic\", color=\"Clear\", \n                  price=39.99, brand=\"AquaPure\"),\n    SurvivalGear(name=\"Heavy-Duty Tent\", type=\"Tent\", weight=5.0, durability=\"High\", \n                  water_resistance=\"Waterproof\", material=\"Canvas\", color=\"Brown\", \n                  price=399.99, brand=\"CampMaster\"),\n    SurvivalGear(name=\"Daypack\", type=\"Backpack\", weight=0.8, durability=\"Low\", \n                  water_resistance=\"Water-resistant\", material=\"Nylon\", color=\"Gray\", \n                  price=59.99, brand=\"HikeLite\"),\n    SurvivalGear(name=\"Deluxe First Aid Kit\", type=\"First Aid Kit\", weight=1.0, durability=\"High\", \n                  water_resistance=\"Water-resistant\", material=\"Fabric\", color=\"Black\", \n                  price=59.99, brand=\"HealthGuard\"),\n    SurvivalGear(name=\"Emergency Fire Starter\", type=\"Fire Starter\", weight=0.1, durability=\"Medium\", \n                  water_resistance=\"None\", material=\"Plastic\", color=\"Orange\", \n                  price=9.99, brand=\"FireSafe\")\n]\n```",
    "goal": {
      "name": null,
      "type": "Backpack",
      "weight": 1.0,
      "durability": "High",
      "water_resistance": "Water-resistant",
      "material": "Canvas",
      "color": "Green",
      "price_range": [
        50.0,
        100.0
      ],
      "brand": "MountainGear"
    },
    "database": [
      {
        "name": "Compact Daypack",
        "type": "Backpack",
        "weight": 0.9,
        "durability": "Low",
        "water_resistance": "Waterproof",
        "material": "Nylon",
        "color": "Black",
        "price": 64.99,
        "brand": "HikeLite"
      },
      {
        "name": "Portable Water Filter",
        "type": "Water Filter",
        "weight": 0.4,
        "durability": "Medium",
        "water_resistance": "None",
        "material": "Plastic",
        "color": "Clear",
        "price": 39.99,
        "brand": "AquaPure"
      },
      {
        "name": "Fire Starter Kit",
        "type": "Fire Starter",
        "weight": 0.2,
        "durability": "Medium",
        "water_resistance": "None",
        "material": "Metal",
        "color": "Silver",
        "price": 15.99,
        "brand": "SurvivalPro"
      },
      {
        "name": "Daypack",
        "type": "Backpack",
        "weight": 0.8,
        "durability": "Low",
        "water_resistance": "Water-resistant",
        "material": "Nylon",
        "color": "Gray",
        "price": 59.99,
        "brand": "HikeLite"
      },
      {
        "name": "Survival Knife",
        "type": "Knife",
        "weight": 0.3,
        "durability": "High",
        "water_resistance": "None",
        "material": "Stainless Steel",
        "color": "Black",
        "price": 49.99,
        "brand": "EdgeMaster"
      },
      {
        "name": "Heavy-Duty Tent",
        "type": "Tent",
        "weight": 5.0,
        "durability": "High",
        "water_resistance": "Waterproof",
        "material": "Canvas",
        "color": "Brown",
        "price": 399.99,
        "brand": "CampMaster"
      },
      {
        "name": "Hiking Backpack",
        "type": "Backpack",
        "weight": 1.0,
        "durability": "High",
        "water_resistance": "Water-resistant",
        "material": "Canvas",
        "color": "Green",
        "price": 79.99,
        "brand": "MountainGear"
      },
      {
        "name": "Deluxe First Aid Kit",
        "type": "First Aid Kit",
        "weight": 1.0,
        "durability": "High",
        "water_resistance": "Water-resistant",
        "material": "Fabric",
        "color": "Black",
        "price": 59.99,
        "brand": "HealthGuard"
      },
      {
        "name": "Emergency Fire Starter",
        "type": "Fire Starter",
        "weight": 0.1,
        "durability": "Medium",
        "water_resistance": "None",
        "material": "Plastic",
        "color": "Orange",
        "price": 9.99,
        "brand": "FireSafe"
      },
      {
        "name": "Compact First Aid Kit",
        "type": "First Aid Kit",
        "weight": 0.5,
        "durability": "High",
        "water_resistance": "None",
        "material": "Plastic",
        "color": "Red",
        "price": 29.99,
        "brand": "SafeTravel"
      },
      {
        "name": "Explorer Backpack",
        "type": "Backpack",
        "weight": 1.2,
        "durability": "Medium",
        "water_resistance": "Water-resistant",
        "material": "Polyester",
        "color": "Blue",
        "price": 89.99,
        "brand": "TrailBlazers"
      },
      {
        "name": "Alpine Tent",
        "type": "Tent",
        "weight": 3.5,
        "durability": "High",
        "water_resistance": "Waterproof",
        "material": "Nylon",
        "color": "Green",
        "price": 299.99,
        "brand": "MountainGear"
      },
      {
        "name": "Lightweight Backpack",
        "type": "Backpack",
        "weight": 0.7,
        "durability": "Medium",
        "water_resistance": "Water-resistant",
        "material": "Polyester",
        "color": "Blue",
        "price": 49.99,
        "brand": "TrailBlazer"
      }
    ],
    "status": "complete"
  },
  {
    "domain": "Team Members",
    "turns": [
      [
        "Thanks! Now, can you help me find some team members for the trek?",
        {
          "name": null,
          "experience_level": null,
          "skills": null,
          "max_team_size": null,
          "preferred_language": null,
          "availability": null,
          "location_preference": null
        },
        "Absolutely! What experience level are you looking for in team members?"
      ],
      [
        "I'm looking for advanced experience level team members.",
        {
          "name": null,
          "experience_level": "advanced",
          "skills": null,
          "max_team_size": null,
          "preferred_language": null,
          "availability": null,
          "location_preference": null
        },
        "Got it! Do you have any specific skills in mind that you want them to have?"
      ],
      [
        "Yes, I need team members skilled in climbing and first aid.",
        {
          "name": null,
          "experience_level": "advanced",
          "skills": [
            "climbing",
            "first aid"
          ],
          "max_team_size": null,
          "preferred_language": null,
          "availability": null,
          "location_preference": null
        },
        "I found two options: Fiona with climbing skills and Alice with navigation and first aid skills. Which would you prefer?"
      ],
      [
        "I'll choose Alice since she has first aid skills.",
        {
          "name": "Alice",
          "experience_level": "advanced",
          "skills": [
            "climbing",
            "first aid"
          ],
          "max_team_size": null,
          "preferred_language": null,
          "availability": null,
          "location_preference": null
        },
        "Great choice! Alice will be a valuable team member. Would you like to find another team member as well?"
      ],
      [
        "Yes, I\u2019d like to find one more team member.",
        {
          "name": null,
          "experience_level": "advanced",
          "skills": [
            "climbing",
            "first aid"
          ],
          "max_team_size": null,
          "preferred_language": null,
          "availability": null,
          "location_preference": null
        },
        "Sure! Are you looking for another advanced team member, or are you open to different experience levels?"
      ],
      [
        "I prefer another advanced team member.",
        {
          "name": null,
          "experience_level": "advanced",
          "skills": [
            "climbing",
            "first aid"
          ],
          "max_team_size": null,
          "preferred_language": null,
          "availability": null,
          "location_preference": null
        },
        "Okay! The only other advanced option is Sam, who has survival skills and navigation. Would you like to go with him?"
      ],
      [
        "Yes, let's go with Sam!",
        {
          "name": null,
          "experience_level": "advanced",
          "skills": [
            "climbing",
            "first aid"
          ],
          "max_team_size": null,
          "preferred_language": null,
          "availability": null,
          "location_preference": null
        },
        "Perfect! You have Alice and Sam on your team. You're all set for your trek!"
      ]
    ],
    "preferences_code": "```python\npreferences = TeamMemberCriteria(\n    name='Alex',\n    experience_level='advanced',\n    skills=['climbing', 'first aid'],\n    preferred_language=['English'],\n    availability='short-term',\n    location_preference='California'\n)\n```",
    "red_herrings_code": "```python\n# Global variable representing a list of Team Members examples\nteam_members = [\n    TeamMember(\n        name='Jade',\n        experience_level='intermediate',\n        skills=['climbing', 'survival skills'],\n        preferred_language=['English', 'Chinese'],\n        availability='long-term',\n        location='Nevada',\n    ),\n    TeamMember(\n        name='Alex',\n        experience_level='advanced',\n        skills=['climbing', 'first aid'],\n        preferred_language=['English'],\n        availability='short-term',\n        location='California',\n    ),\n    TeamMember(\n        name='Sam',\n        experience_level='advanced',\n        skills=['survival skills', 'navigation'],\n        preferred_language=['Chinese'],\n        availability='long-term',\n        location='Nevada',\n    ),\n]\n```",
    "database_code": "```python\n# Global variable to hold a list of Team Members examples\nteam_members = [\n    TeamMember(\n        name=\"Alice\",\n        experience_level=\"advanced\",\n        skills=[\"navigation\", \"first aid\"],\n        preferred_language=[\"English\", \"Spanish\"],\n        availability=\"long-term\",\n        location=\"California\"\n    ),\n    TeamMember(\n        name=\"Bob\",\n        experience_level=\"intermediate\",\n        skills=[\"cooking\", \"camp setup\"],\n        preferred_language=[\"English\"],\n        availability=\"short-term\",\n        location=\"Texas\"\n    ),\n    TeamMember(\n        name=\"Charlie\",\n        experience_level=\"beginner\",\n        skills=[\"photography\"],\n        preferred_language=[\"English\"],\n        availability=\"immediate\",\n        location=\"New York\"\n    ),\n    TeamMember(\n        name=\"Diana\",\n        experience_level=\"expert\",\n        skills=[\"navigation\", \"wildlife tracking\"],\n        preferred_language=[\"English\", \"French\"],\n        availability=\"long-term\",\n        location=\"Colorado\"\n    ),\n    TeamMember(\n        name=\"Ethan\",\n        experience_level=\"intermediate\",\n        skills=[\"first aid\", \"cooking\"],\n        preferred_language=[\"English\"],\n        availability=\"immediate\",\n        location=\"Oregon\"\n    ),\n    TeamMember(\n        name=\"Fiona\",\n        experience_level=\"advanced\",\n        skills=[\"climbing\", \"navigation\"],\n        preferred_language=[\"English\", \"German\"],\n        availability=\"short-term\",\n        location=\"Washington\"\n    ),\n    TeamMember(\n        name=\"George\",\n        experience_level=\"beginner\",\n        skills=[\"camp setup\"],\n        preferred_language=[\"English\"],\n        availability=\"immediate\",\n        location=\"Florida\"\n    ),\n    TeamMember(\n        name=\"Hannah\",\n        experience_level=\"expert\",\n        skills=[\"survival skills\", \"navigation\"],\n        preferred_language=[\"English\", \"Italian\"],\n        availability=\"long-term\",\n        location=\"Alaska\"\n    ),\n    TeamMember(\n        name=\"Ian\",\n        experience_level=\"intermediate\",\n        skills=[\"first aid\", \"cooking\", \"navigation\"],\n        preferred_language=[\"English\"],\n        availability=\"short-term\",\n        location=\"Arizona\"\n    ),\n    TeamMember(\n        name=\"Jade\",\n        experience_level=\"advanced\",\n        skills=[\"climbing\", \"survival skills\"],\n        preferred_language=[\"English\", \"Chinese\"],\n        availability=\"long-term\",\n        location=\"Nevada\"\n    )\n]\n```",
    "goal": {
      "name": null,
      "experience_level": "advanced",
      "skills": [
        "climbing",
        "first aid"
      ],
      "max_team_size": null,
      "preferred_language": null,
      "availability": "short-term",
      "location_preference": "California"
    },
    "database": [
      {
        "name": "Fiona",
        "experience_level": "advanced",
        "skills": [
          "climbing",
          "navigation"
        ],
        "preferred_language": [
          "English",
          "German"
        ],
        "availability": "short-term",
        "location": "Washington"
      },
      {
        "name": "Charlie",
        "experience_level": "beginner",
        "skills": [
          "photography"
        ],
        "preferred_language": [
          "English"
        ],
        "availability": "immediate",
        "location": "New York"
      },
      {
        "name": "Alice",
        "experience_level": "advanced",
        "skills": [
          "navigation",
          "first aid"
        ],
        "preferred_language": [
          "English",
          "Spanish"
        ],
        "availability": "long-term",
        "location": "California"
      },
      {
        "name": "Jade",
        "experience_level": "advanced",
        "skills": [
          "climbing",
          "survival skills"
        ],
        "preferred_language": [
          "English",
          "Chinese"
        ],
        "availability": "long-term",
        "location": "Nevada"
      },
      {
        "name": "Diana",
        "experience_level": "expert",
        "skills": [
          "navigation",
          "wildlife tracking"
        ],
        "preferred_language": [
          "English",
          "French"
        ],
        "availability": "long-term",
        "location": "Colorado"
      },
      {
        "name": "Ian",
        "experience_level": "intermediate",
        "skills": [
          "first aid",
          "cooking",
          "navigation"
        ],
        "preferred_language": [
          "English"
        ],
        "availability": "short-term",
        "location": "Arizona"
      },
      {
        "name": "Hannah",
        "experience_level": "expert",
        "skills": [
          "survival skills",
          "navigation"
        ],
        "preferred_language": [
          "English",
          "Italian"
        ],
        "availability": "long-term",
        "location": "Alaska"
      },
      {
        "name": "Ethan",
        "experience_level": "intermediate",
        "skills": [
          "first aid",
          "cooking"
        ],
        "preferred_language": [
          "English"
        ],
        "availability": "immediate",
        "location": "Oregon"
      },
      {
        "name": "Jade",
        "experience_level": "intermediate",
        "skills": [
          "climbing",
          "survival skills"
        ],
        "preferred_language": [
          "English",
          "Chinese"
        ],
        "availability": "long-term",
        "location": "Nevada"
      },
      {
        "name": "Alex",
        "experience_level": "advanced",
        "skills": [
          "climbing",
          "first aid"
        ],
        "preferred_language": [
          "English"
        ],
        "availability": "short-term",
        "location": "California"
      },
      {
        "name": "Bob",
        "experience_level": "intermediate",
        "skills": [
          "cooking",
          "camp setup"
        ],
        "preferred_language": [
          "English"
        ],
        "availability": "short-term",
        "location": "Texas"
      },
      {
        "name": "Sam",
        "experience_level": "advanced",
        "skills": [
          "survival skills",
          "navigation"
        ],
        "preferred_language": [
          "Chinese"
        ],
        "availability": "long-term",
        "location": "Nevada"
      },
      {
        "name": "George",
        "experience_level": "beginner",
        "skills": [
          "camp setup"
        ],
        "preferred_language": [
          "English"
        ],
        "availability": "immediate",
        "location": "Florida"
      }
    ],
    "status": "complete"
  }
]