[
  {
    "domain": "Expedition Routes",
    "turns": [
      [
        "I'm looking for a moderate expedition route, can you suggest anything?",
        {
          "name": null,
          "difficulty_level": "Moderate",
          "duration": null,
          "scenic_value": null,
          "climate_preference": null,
          "wildlife_presence": null,
          "group_size_limit": null,
          "cultural_significance": null,
          "water_availability": null
        },
        "Sure! How long do you want the expedition to last?"
      ],
      [
        "I prefer it to last about 5 days.",
        {
          "name": null,
          "difficulty_level": "Moderate",
          "duration": 5,
          "scenic_value": null,
          "climate_preference": null,
          "wildlife_presence": null,
          "group_size_limit": null,
          "cultural_significance": null,
          "water_availability": null
        },
        "Great! How about the Mountain Biking Adventure? It lasts 5 days and is moderate. Would you like more details?"
      ],
      [
        "Yes, can you tell me about the scenic value of that route?",
        {
          "name": "Mountain Biking Adventure",
          "difficulty_level": "Moderate",
          "duration": 5,
          "scenic_value": null,
          "climate_preference": null,
          "wildlife_presence": null,
          "group_size_limit": null,
          "cultural_significance": null,
          "water_availability": null
        },
        "The scenic value of the Mountain Biking Adventure is medium. Does that work for you?"
      ],
      [
        "That sounds good! What about the climate during the expedition?",
        {
          "name": "Mountain Biking Adventure",
          "difficulty_level": "Moderate",
          "duration": 5,
          "scenic_value": "Medium",
          "climate_preference": null,
          "wildlife_presence": null,
          "group_size_limit": null,
          "cultural_significance": null,
          "water_availability": null
        },
        "The climate for the Mountain Biking Adventure is temperate. Does that suit your preference?"
      ],
      [
        "Yes, that fits perfectly! Is there wildlife presence on this route?",
        {
          "name": "Mountain Biking Adventure",
          "difficulty_level": "Moderate",
          "duration": 5,
          "scenic_value": "Medium",
          "climate_preference": "Temperate",
          "wildlife_presence": null,
          "group_size_limit": null,
          "cultural_significance": null,
          "water_availability": null
        },
        "No, there isn't wildlife presence on the Mountain Biking Adventure. Is that okay with you?"
      ],
      [
        "That's fine with me! How many team members can join this expedition?",
        {
          "name": "Mountain Biking Adventure",
          "difficulty_level": "Moderate",
          "duration": 5,
          "scenic_value": "Medium",
          "climate_preference": "Temperate",
          "wildlife_presence": false,
          "group_size_limit": null,
          "cultural_significance": null,
          "water_availability": null
        },
        "The group size limit for the Mountain Biking Adventure is 10 members. Does that work for your team?"
      ],
      [
        "Yes, that works! Is there water availability on this route?",
        {
          "name": "Mountain Biking Adventure",
          "difficulty_level": "Moderate",
          "duration": 5,
          "scenic_value": "Medium",
          "climate_preference": "Temperate",
          "wildlife_presence": false,
          "group_size_limit": 10,
          "cultural_significance": null,
          "water_availability": null
        },
        "Yes, there is water availability on the Mountain Biking Adventure. Are you ready to confirm your choice?"
      ],
      [
        "Yes, I'm ready to confirm the Mountain Biking Adventure!",
        {
          "name": "Mountain Biking Adventure",
          "difficulty_level": "Moderate",
          "duration": 5,
          "scenic_value": "Medium",
          "climate_preference": "Temperate",
          "wildlife_presence": false,
          "group_size_limit": 10,
          "cultural_significance": null,
          "water_availability": true
        },
        "Awesome choice! Enjoy your Mountain Biking Adventure! Safe travels!"
      ]
    ],
    "preferences_code": "```python\npreferences = ExpeditionPreferences(\n    name='Mountain Biking Adventure',\n    difficulty_level='Moderate',\n    duration=5,\n    scenic_value='Medium',\n    climate_preference='Temperate',\n    wildlife_presence=False,\n    group_size_limit=10,\n    cultural_significance=False,\n    water_availability=True,\n)\n```",
    "red_herrings_code": "```python\n# Global variable containing a list of similar Expedition Routes examples\nsimilar_expedition_routes = [\n    ExpeditionRoute(\n        name='Mountain Biking Adventure',\n        difficulty_level='Moderate',\n        duration=5,\n        scenic_value='Medium',\n        climate_type='Temperate',\n        wildlife_presence=False,\n        group_size_limit=10,\n        cultural_significance=False,\n        water_availability=True,\n    ),\n    ExpeditionRoute(\n        name='Hiking Trail',\n        difficulty_level='Easy',\n        duration=4,\n        scenic_value='High',\n        climate_type='Temperate',\n        wildlife_presence=True,\n        group_size_limit=8,\n        cultural_significance=True,\n        water_availability=True,\n    ),\n    ExpeditionRoute(\n        name='Cycling Path',\n        difficulty_level='Moderate',\n        duration=3,\n        scenic_value='Medium',\n        climate_type='Temperate',\n        wildlife_presence=False,\n        group_size_limit=12,\n        cultural_significance=False,\n        water_availability=False,\n    )\n]\n```",
    "database_code": "```python\n# Global variable containing a list of ExpeditionRoute examples\nexpedition_routes = [\n    ExpeditionRoute(\n        name=\"Mountain Adventure\",\n        difficulty_level=\"Hard\",\n        duration=7,\n        scenic_value=\"High\",\n        climate_type=\"Temperate\",\n        wildlife_presence=True,\n        group_size_limit=10,\n        cultural_significance=False,\n        water_availability=True\n    ),\n    ExpeditionRoute(\n        name=\"Desert Trek\",\n        difficulty_level=\"Moderate\",\n        duration=5,\n        scenic_value=\"Medium\",\n        climate_type=\"Arid\",\n        wildlife_presence=False,\n        group_size_limit=8,\n        cultural_significance=True,\n        water_availability=False\n    ),\n    ExpeditionRoute(\n        name=\"Tropical Rainforest Expedition\",\n        difficulty_level=\"Easy\",\n        duration=10,\n        scenic_value=\"High\",\n        climate_type=\"Tropical\",\n        wildlife_presence=True,\n        group_size_limit=12,\n        cultural_significance=False,\n        water_availability=True\n    ),\n    ExpeditionRoute(\n        name=\"Polar Exploration\",\n        difficulty_level=\"Extreme\",\n        duration=14,\n        scenic_value=\"Medium\",\n        climate_type=\"Polar\",\n        wildlife_presence=True,\n        group_size_limit=6,\n        cultural_significance=True,\n        water_availability=False\n    ),\n    ExpeditionRoute(\n        name=\"Cultural Heritage Trail\",\n        difficulty_level=\"Moderate\",\n        duration=3,\n        scenic_value=\"High\",\n        climate_type=\"Temperate\",\n        wildlife_presence=False,\n        group_size_limit=15,\n        cultural_significance=True,\n        water_availability=True\n    ),\n    ExpeditionRoute(\n        name=\"Mountain Biking Trail\",\n        difficulty_level=\"Moderate\",\n        duration=4,\n        scenic_value=\"Medium\",\n        climate_type=\"Temperate\",\n        wildlife_presence=False,\n        group_size_limit=10,\n        cultural_significance=False,\n        water_availability=True\n    ),\n    ExpeditionRoute(\n        name=\"Coastal Hiking Route\",\n        difficulty_level=\"Easy\",\n        duration=2,\n        scenic_value=\"High\",\n        climate_type=\"Temperate\",\n        wildlife_presence=True,\n        group_size_limit=20,\n        cultural_significance=False,\n        water_availability=True\n    ),\n    ExpeditionRoute(\n        name=\"Highland Safari\",\n        difficulty_level=\"Hard\",\n        duration=8,\n        scenic_value=\"High\",\n        climate_type=\"Tropical\",\n        wildlife_presence=True,\n        group_size_limit=5,\n        cultural_significance=False,\n        water_availability=True\n    ),\n    ExpeditionRoute(\n        name=\"Canyon Adventure\",\n        difficulty_level=\"Hard\",\n        duration=6,\n        scenic_value=\"Medium\",\n        climate_type=\"Arid\",\n        wildlife_presence=True,\n        group_size_limit=10,\n        cultural_significance=False,\n        water_availability=True\n    ),\n    ExpeditionRoute(\n        name=\"Historical Route\",\n        difficulty_level=\"Easy\",\n        duration=3,\n        scenic_value=\"Medium\",\n        climate_type=\"Temperate\",\n        wildlife_presence=False,\n        group_size_limit=12,\n        cultural_significance=True,\n        water_availability=True\n    )\n]\n```",
    "goal": {
      "name": null,
      "difficulty_level": "Moderate",
      "duration": 5,
      "scenic_value": "Medium",
      "climate_preference": "Temperate",
      "wildlife_presence": false,
      "group_size_limit": 10,
      "cultural_significance": false,
      "water_availability": true
    },
    "database": [
      {
        "name": "Hiking Trail",
        "difficulty_level": "Easy",
        "duration": 4,
        "scenic_value": "High",
        "climate_type": "Temperate",
        "wildlife_presence": true,
        "group_size_limit": 8,
        "cultural_significance": true,
        "water_availability": true
      },
      {
        "name": "Polar Exploration",
        "difficulty_level": "Extreme",
        "duration": 14,
        "scenic_value": "Medium",
        "climate_type": "Polar",
        "wildlife_presence": true,
        "group_size_limit": 6,
        "cultural_significance": true,
        "water_availability": false
      },
      {
        "name": "Mountain Biking Adventure",
        "difficulty_level": "Moderate",
        "duration": 5,
        "scenic_value": "Medium",
        "climate_type": "Temperate",
        "wildlife_presence": false,
        "group_size_limit": 10,
        "cultural_significance": false,
        "water_availability": true
      },
      {
        "name": "Highland Safari",
        "difficulty_level": "Hard",
        "duration": 8,
        "scenic_value": "High",
        "climate_type": "Tropical",
        "wildlife_presence": true,
        "group_size_limit": 5,
        "cultural_significance": false,
        "water_availability": true
      },
      {
        "name": "Canyon Adventure",
        "difficulty_level": "Hard",
        "duration": 6,
        "scenic_value": "Medium",
        "climate_type": "Arid",
        "wildlife_presence": true,
        "group_size_limit": 10,
        "cultural_significance": false,
        "water_availability": true
      },
      {
        "name": "Desert Trek",
        "difficulty_level": "Moderate",
        "duration": 5,
        "scenic_value": "Medium",
        "climate_type": "Arid",
        "wildlife_presence": false,
        "group_size_limit": 8,
        "cultural_significance": true,
        "water_availability": false
      },
      {
        "name": "Coastal Hiking Route",
        "difficulty_level": "Easy",
        "duration": 2,
        "scenic_value": "High",
        "climate_type": "Temperate",
        "wildlife_presence": true,
        "group_size_limit": 20,
        "cultural_significance": false,
        "water_availability": true
      },
      {
        "name": "Cycling Path",
        "difficulty_level": "Moderate",
        "duration": 3,
        "scenic_value": "Medium",
        "climate_type": "Temperate",
        "wildlife_presence": false,
        "group_size_limit": 12,
        "cultural_significance": false,
        "water_availability": false
      },
      {
        "name": "Cultural Heritage Trail",
        "difficulty_level": "Moderate",
        "duration": 3,
        "scenic_value": "High",
        "climate_type": "Temperate",
        "wildlife_presence": false,
        "group_size_limit": 15,
        "cultural_significance": true,
        "water_availability": true
      },
      {
        "name": "Mountain Biking Trail",
        "difficulty_level": "Moderate",
        "duration": 4,
        "scenic_value": "Medium",
        "climate_type": "Temperate",
        "wildlife_presence": false,
        "group_size_limit": 10,
        "cultural_significance": false,
        "water_availability": true
      },
      {
        "name": "Tropical Rainforest Expedition",
        "difficulty_level": "Easy",
        "duration": 10,
        "scenic_value": "High",
        "climate_type": "Tropical",
        "wildlife_presence": true,
        "group_size_limit": 12,
        "cultural_significance": false,
        "water_availability": true
      },
      {
        "name": "Historical Route",
        "difficulty_level": "Easy",
        "duration": 3,
        "scenic_value": "Medium",
        "climate_type": "Temperate",
        "wildlife_presence": false,
        "group_size_limit": 12,
        "cultural_significance": true,
        "water_availability": true
      },
      {
        "name": "Mountain Adventure",
        "difficulty_level": "Hard",
        "duration": 7,
        "scenic_value": "High",
        "climate_type": "Temperate",
        "wildlife_presence": true,
        "group_size_limit": 10,
        "cultural_significance": false,
        "water_availability": true
      }
    ],
    "status": "complete"
  },
  {
    "domain": "Survival Gear",
    "turns": [
      [
        "Thanks! Now, can you help me find a tent?",
        {
          "name": null,
          "type": "Tent",
          "weight": null,
          "durability": null,
          "water_resistance": null,
          "material": null,
          "color": null,
          "price_range": null,
          "brand": null
        },
        "Of course! What specific features are you looking for in a tent?"
      ],
      [
        "I need a high-durability, water-resistant tent made of polyester.",
        {
          "name": null,
          "type": "Tent",
          "weight": null,
          "durability": "High",
          "water_resistance": "Water-resistant",
          "material": "polyester",
          "color": null,
          "price_range": null,
          "brand": null
        },
        "I have a great option for you: the Hiking Backpack, which is water-resistant, durable, and made of polyester. Would you like more details?"
      ],
      [
        "Actually, I'm looking specifically for a tent, not a backpack.",
        {
          "name": null,
          "type": "Tent",
          "weight": null,
          "durability": "High",
          "water_resistance": "Water-resistant",
          "material": "Polyester",
          "color": null,
          "price_range": null,
          "brand": null
        },
        "Got it! I recommend the Lightweight Sleeping Bag; it's high-durability, water-resistant, and made of polyester. Does that sound good?"
      ],
      [
        "I appreciate the suggestion, but I really need a tent. Can you find one that matches my criteria?",
        {
          "name": null,
          "type": "Tent",
          "weight": null,
          "durability": "High",
          "water_resistance": "Water-resistant",
          "material": "Polyester",
          "color": null,
          "price_range": null,
          "brand": null
        },
        "Sure! The Insulated Sleeping Bag is a high-durability, water-resistant tent made of synthetic material. Would you like to consider that?"
      ],
      [
        "I need a tent, not a sleeping bag. Can you find a tent that fits my criteria?",
        {
          "name": null,
          "type": "Tent",
          "weight": null,
          "durability": "High",
          "water_resistance": "Water-resistant",
          "material": "Polyester",
          "color": null,
          "price_range": null,
          "brand": null
        },
        "I apologize for that! The All-Weather Sleeping Bag is a high-durability tent, waterproof, but it's made of nylon. Would you like to consider it?"
      ],
      [
        "I'm looking for a polyester tent specifically. Do you have any options like that?",
        {
          "name": null,
          "type": "Tent",
          "weight": null,
          "durability": "High",
          "water_resistance": "Water-resistant",
          "material": "Polyester",
          "color": null,
          "price_range": null,
          "brand": null
        },
        "Yes! The Compact Sleeping Bag is a high-durability, water-resistant tent made of polyester. Does that work for you?"
      ],
      [
        "That sounds promising, but I need to confirm the weight. Is it under 2 kg?",
        {
          "name": null,
          "type": "Tent",
          "weight": 2.0,
          "durability": "High",
          "water_resistance": "Water-resistant",
          "material": "Polyester",
          "color": null,
          "price_range": null,
          "brand": null
        },
        "Yes, the Compact Sleeping Bag weighs 1.2 kg, which is under 2 kg. Are you ready to confirm your choice?"
      ],
      [
        "Not yet, can you tell me the price of the Compact Sleeping Bag?",
        {
          "name": null,
          "type": "Tent",
          "weight": 2.0,
          "durability": "High",
          "water_resistance": "Water-resistant",
          "material": "Polyester",
          "color": null,
          "price_range": null,
          "brand": null
        },
        "The price of the Compact Sleeping Bag is $99.99. Does that fit your budget?"
      ],
      [
        "Yes, that fits perfectly! Can you confirm the color options available?",
        {
          "name": null,
          "type": "Tent",
          "weight": 2.0,
          "durability": "High",
          "water_resistance": "Water-resistant",
          "material": "Polyester",
          "color": null,
          "price_range": [
            99.99,
            99.99
          ],
          "brand": null
        },
        "The Compact Sleeping Bag is available in blue. Would you like to go ahead and confirm your choice?"
      ],
      [
        "I was hoping for a red option. Do you have any other tents in red?",
        {
          "name": null,
          "type": "Tent",
          "weight": 2.0,
          "durability": "High",
          "water_resistance": "Water-resistant",
          "material": "Polyester",
          "color": null,
          "price_range": [
            0,
            100
          ],
          "brand": null
        },
        "Yes, the Insulated Sleeping Bag is available in orange, but I don't have a red tent option. Would you like to consider it?"
      ],
      [
        "I need a red tent specifically. Can you check for any other options?",
        {
          "name": null,
          "type": "Tent",
          "weight": 2.0,
          "durability": "High",
          "water_resistance": "Water-resistant",
          "material": "Polyester",
          "color": "Red",
          "price_range": null,
          "brand": null
        },
        "I apologize, but I don't have any red tent options available. Would you like to reconsider the Compact Sleeping Bag in blue?"
      ],
      [
        "Since I can't find a red tent, I'll go with the Compact Sleeping Bag in blue. Let's confirm it!",
        {
          "name": "Compact Sleeping Bag",
          "type": "Tent",
          "weight": 1.2,
          "durability": "High",
          "water_resistance": "Water-resistant",
          "material": "Polyester",
          "color": "Blue",
          "price_range": [
            99.99,
            99.99
          ],
          "brand": null
        },
        "Great choice! The Compact Sleeping Bag in blue is confirmed. Enjoy your adventure!"
      ]
    ],
    "preferences_code": "```python\npreferences = SurvivalGearCriteria(\n    name='Lightweight Sleeping Bag',\n    type='Tent',\n    weight=2.0,  # maximum acceptable weight\n    durability='High',\n    water_resistance='Water-resistant',\n    material='Polyester',\n    color='Red',\n    price_range=(100.00, 120.00),  # acceptable price range\n    brand='Cozy Camp'\n)\n```",
    "red_herrings_code": "```python\n# Global variable to represent a list of similar Survival Gear examples\nsimilar_survival_gears = [\n    SurvivalGear(\n        name='Compact Sleeping Bag',\n        type='Tent',\n        weight=1.2,\n        durability='High',\n        water_resistance='Water-resistant',\n        material='Synthetic',\n        color='Blue',\n        price=99.99,\n        brand='Cozy Camp',\n    ),\n    SurvivalGear(\n        name='All-Weather Sleeping Bag',\n        type='Tent',\n        weight=1.8,\n        durability='Medium',\n        water_resistance='Waterproof',\n        material='Nylon',\n        color='Green',\n        price=139.99,\n        brand='Outdoor Essentials',\n    ),\n    SurvivalGear(\n        name='Lightweight Sleeping Bag',\n        type='Tent',\n        weight=1.4,\n        durability='High',\n        water_resistance='Water-resistant',\n        material='Polyester',\n        color='Red',\n        price=109.99,\n        brand='Cozy Camp',\n    ),\n]\n```",
    "database_code": "```python\n# Global variable to store a list of Survival Gear examples\nsurvival_gear_list = [\n    SurvivalGear(name=\"Mountain Tent\", type=\"Tent\", weight=2.5, durability=\"High\", \n                  water_resistance=\"Waterproof\", material=\"Nylon\", color=\"Green\", \n                  price=299.99, brand=\"Mountain Gear\"),\n    SurvivalGear(name=\"Hiking Backpack\", type=\"Backpack\", weight=1.2, durability=\"Medium\", \n                  water_resistance=\"Water-resistant\", material=\"Polyester\", color=\"Blue\", \n                  price=89.99, brand=\"Trail Blazer\"),\n    SurvivalGear(name=\"First Aid Kit\", type=\"First Aid Kit\", weight=0.5, durability=\"High\", \n                  water_resistance=\"None\", material=\"Fabric\", color=\"Red\", \n                  price=34.99, brand=\"Safety First\"),\n    SurvivalGear(name=\"Fire Starter Kit\", type=\"Fire Starter\", weight=0.3, durability=\"Medium\", \n                  water_resistance=\"None\", material=\"Metal\", color=\"Silver\", \n                  price=19.99, brand=\"Fire Masters\"),\n    SurvivalGear(name=\"Survival Knife\", type=\"Knife\", weight=0.4, durability=\"High\", \n                  water_resistance=\"None\", material=\"Steel\", color=\"Black\", \n                  price=49.99, brand=\"Edge Tools\"),\n    SurvivalGear(name=\"Portable Water Filter\", type=\"Water Filter\", weight=0.2, durability=\"High\", \n                  water_resistance=\"None\", material=\"Plastic\", color=\"White\", \n                  price=29.99, brand=\"Pure Water\"),\n    SurvivalGear(name=\"Camping Lantern\", type=\"Tent\", weight=1.0, durability=\"Medium\", \n                  water_resistance=\"Water-resistant\", material=\"Aluminum\", color=\"Yellow\", \n                  price=25.99, brand=\"Light Up\"),\n    SurvivalGear(name=\"Insulated Sleeping Bag\", type=\"Tent\", weight=1.5, durability=\"High\", \n                  water_resistance=\"Water-resistant\", material=\"Synthetic\", color=\"Orange\", \n                  price=119.99, brand=\"Cozy Camp\"),\n    SurvivalGear(name=\"Trekking Poles\", type=\"Backpack\", weight=0.6, durability=\"Medium\", \n                  water_resistance=\"None\", material=\"Carbon Fiber\", color=\"Black\", \n                  price=59.99, brand=\"Hike Pro\"),\n    SurvivalGear(name=\"Multi-tool\", type=\"Knife\", weight=0.3, durability=\"High\", \n                  water_resistance=\"None\", material=\"Stainless Steel\", color=\"Gray\", \n                  price=39.99, brand=\"Tool Master\"),\n]\n```",
    "goal": {
      "name": null,
      "type": "Tent",
      "weight": 2.0,
      "durability": "High",
      "water_resistance": "Water-resistant",
      "material": "Polyester",
      "color": "Red",
      "price_range": [
        100.0,
        120.0
      ],
      "brand": "Cozy Camp"
    },
    "database": [
      {
        "name": "Survival Knife",
        "type": "Knife",
        "weight": 0.4,
        "durability": "High",
        "water_resistance": "None",
        "material": "Steel",
        "color": "Black",
        "price": 49.99,
        "brand": "Edge Tools"
      },
      {
        "name": "First Aid Kit",
        "type": "First Aid Kit",
        "weight": 0.5,
        "durability": "High",
        "water_resistance": "None",
        "material": "Fabric",
        "color": "Red",
        "price": 34.99,
        "brand": "Safety First"
      },
      {
        "name": "Hiking Backpack",
        "type": "Backpack",
        "weight": 1.2,
        "durability": "Medium",
        "water_resistance": "Water-resistant",
        "material": "Polyester",
        "color": "Blue",
        "price": 89.99,
        "brand": "Trail Blazer"
      },
      {
        "name": "Insulated Sleeping Bag",
        "type": "Tent",
        "weight": 1.5,
        "durability": "High",
        "water_resistance": "Water-resistant",
        "material": "Synthetic",
        "color": "Orange",
        "price": 119.99,
        "brand": "Cozy Camp"
      },
      {
        "name": "Camping Lantern",
        "type": "Tent",
        "weight": 1.0,
        "durability": "Medium",
        "water_resistance": "Water-resistant",
        "material": "Aluminum",
        "color": "Yellow",
        "price": 25.99,
        "brand": "Light Up"
      },
      {
        "name": "Compact Sleeping Bag",
        "type": "Tent",
        "weight": 1.2,
        "durability": "High",
        "water_resistance": "Water-resistant",
        "material": "Synthetic",
        "color": "Blue",
        "price": 99.99,
        "brand": "Cozy Camp"
      },
      {
        "name": "Mountain Tent",
        "type": "Tent",
        "weight": 2.5,
        "durability": "High",
        "water_resistance": "Waterproof",
        "material": "Nylon",
        "color": "Green",
        "price": 299.99,
        "brand": "Mountain Gear"
      },
      {
        "name": "Multi-tool",
        "type": "Knife",
        "weight": 0.3,
        "durability": "High",
        "water_resistance": "None",
        "material": "Stainless Steel",
        "color": "Gray",
        "price": 39.99,
        "brand": "Tool Master"
      },
      {
        "name": "Portable Water Filter",
        "type": "Water Filter",
        "weight": 0.2,
        "durability": "High",
        "water_resistance": "None",
        "material": "Plastic",
        "color": "White",
        "price": 29.99,
        "brand": "Pure Water"
      },
      {
        "name": "Trekking Poles",
        "type": "Backpack",
        "weight": 0.6,
        "durability": "Medium",
        "water_resistance": "None",
        "material": "Carbon Fiber",
        "color": "Black",
        "price": 59.99,
        "brand": "Hike Pro"
      },
      {
        "name": "All-Weather Sleeping Bag",
        "type": "Tent",
        "weight": 1.8,
        "durability": "Medium",
        "water_resistance": "Waterproof",
        "material": "Nylon",
        "color": "Green",
        "price": 139.99,
        "brand": "Outdoor Essentials"
      },
      {
        "name": "Lightweight Sleeping Bag",
        "type": "Tent",
        "weight": 1.4,
        "durability": "High",
        "water_resistance": "Water-resistant",
        "material": "Polyester",
        "color": "Red",
        "price": 109.99,
        "brand": "Cozy Camp"
      },
      {
        "name": "Fire Starter Kit",
        "type": "Fire Starter",
        "weight": 0.3,
        "durability": "Medium",
        "water_resistance": "None",
        "material": "Metal",
        "color": "Silver",
        "price": 19.99,
        "brand": "Fire Masters"
      }
    ],
    "status": "complete"
  },
  {
    "domain": "Team Members",
    "turns": [
      [
        "Thanks! Now, can you help me find some team members for my expedition?",
        {
          "name": null,
          "experience_level": null,
          "skills": null,
          "max_team_size": 10,
          "preferred_language": null,
          "availability": null,
          "location_preference": null
        },
        "Absolutely! What specific skills or experience levels are you looking for in your team members?"
      ],
      [
        "I'm looking for team members with intermediate experience in hiking and cooking.",
        {
          "name": null,
          "experience_level": "intermediate",
          "skills": [
            "hiking",
            "cooking"
          ],
          "max_team_size": null,
          "preferred_language": null,
          "availability": null,
          "location_preference": null
        },
        "Got it! Would you prefer team members who are available long-term or short-term?"
      ],
      [
        "I prefer team members who are available long-term.",
        {
          "name": null,
          "experience_level": "intermediate",
          "skills": [
            "hiking",
            "cooking"
          ],
          "max_team_size": null,
          "preferred_language": null,
          "availability": "long-term",
          "location_preference": null
        },
        "I have two options for you: Ian, who has skills in navigation and first aid, and Charlie, who has skills in hiking and cooking. Would you like more details on either?"
      ],
      [
        "I'd like more details about Charlie since he has the skills I'm looking for.",
        {
          "name": null,
          "experience_level": "intermediate",
          "skills": [
            "hiking",
            "cooking"
          ],
          "max_team_size": null,
          "preferred_language": null,
          "availability": "long-term",
          "location_preference": null
        },
        "Charlie has intermediate experience, skills in hiking and cooking, is available long-term, and is located in Oregon. Does he meet your needs?"
      ],
      [
        "Yes, Charlie seems to fit perfectly! Can you tell me if he speaks English?",
        {
          "name": null,
          "experience_level": "intermediate",
          "skills": [
            "hiking",
            "cooking"
          ],
          "max_team_size": null,
          "preferred_language": null,
          "availability": "long-term",
          "location_preference": "Oregon"
        },
        "Yes, Charlie is proficient in English. Are you ready to confirm him as a team member?"
      ],
      [
        "Yes, let's confirm Charlie as a team member!",
        {
          "name": null,
          "experience_level": "intermediate",
          "skills": [
            "hiking",
            "cooking"
          ],
          "max_team_size": null,
          "preferred_language": [
            "English"
          ],
          "availability": "long-term",
          "location_preference": "Oregon"
        },
        "Charlie is confirmed as your team member! Great choice for your expedition!"
      ]
    ],
    "preferences_code": "```python\npreferences = TeamMemberCriteria(\n    name='Charlie',\n    experience_level='intermediate',\n    skills=['hiking', 'cooking'],\n    preferred_language=['English'],\n    availability='long-term',\n    location_preference='Oregon',\n)\n```",
    "red_herrings_code": "```python\n# Global variable representing a list of similar Team Members\nsimilar_team_members = [\n    TeamMember(\n        name='Alice',\n        experience_level='intermediate',\n        skills=['camping', 'first aid'],\n        preferred_language=['English'],\n        availability='short-term',\n        location='Oregon',\n    ),\n    TeamMember(\n        name='Bob',\n        experience_level='advanced',\n        skills=['camping', 'cooking'],\n        preferred_language=['English', 'Spanish'],\n        availability='short-term',\n        location='Washington',\n    ),\n    TeamMember(\n        name='Charlie',\n        experience_level='intermediate',\n        skills=['hiking', 'cooking'],\n        preferred_language=['English'],\n        availability='long-term',\n        location='Oregon',\n    )\n]\n```",
    "database_code": "```python\n# Global variable representing a list of Team Members examples\nteam_members = [\n    TeamMember(\n        name=\"Alice\",\n        experience_level=\"advanced\",\n        skills=[\"navigation\", \"first aid\"],\n        preferred_language=[\"English\", \"Spanish\"],\n        availability=\"long-term\",\n        location=\"California\"\n    ),\n    TeamMember(\n        name=\"Bob\",\n        experience_level=\"intermediate\",\n        skills=[\"camping\", \"cooking\"],\n        preferred_language=[\"English\"],\n        availability=\"short-term\",\n        location=\"Oregon\"\n    ),\n    TeamMember(\n        name=\"Charlie\",\n        experience_level=\"expert\",\n        skills=[\"rock climbing\", \"survival skills\"],\n        preferred_language=[\"English\", \"French\"],\n        availability=\"immediate\",\n        location=\"Colorado\"\n    ),\n    TeamMember(\n        name=\"Diana\",\n        experience_level=\"beginner\",\n        skills=[\"hiking\"],\n        preferred_language=[\"English\"],\n        availability=\"long-term\",\n        location=\"Washington\"\n    ),\n    TeamMember(\n        name=\"Ethan\",\n        experience_level=\"advanced\",\n        skills=[\"navigation\", \"photography\"],\n        preferred_language=[\"English\"],\n        availability=\"short-term\",\n        location=\"New York\"\n    ),\n    TeamMember(\n        name=\"Fiona\",\n        experience_level=\"intermediate\",\n        skills=[\"first aid\", \"camping\"],\n        preferred_language=[\"German\", \"English\"],\n        availability=\"long-term\",\n        location=\"Texas\"\n    ),\n    TeamMember(\n        name=\"George\",\n        experience_level=\"expert\",\n        skills=[\"mountaineering\", \"survival skills\"],\n        preferred_language=[\"English\"],\n        availability=\"immediate\",\n        location=\"Alaska\"\n    ),\n    TeamMember(\n        name=\"Hannah\",\n        experience_level=\"beginner\",\n        skills=[\"hiking\", \"cooking\"],\n        preferred_language=[\"English\"],\n        availability=\"short-term\",\n        location=\"Florida\"\n    ),\n    TeamMember(\n        name=\"Ian\",\n        experience_level=\"intermediate\",\n        skills=[\"navigation\", \"first aid\"],\n        preferred_language=[\"English\", \"Spanish\"],\n        availability=\"long-term\",\n        location=\"Nevada\"\n    ),\n    TeamMember(\n        name=\"Jasmine\",\n        experience_level=\"advanced\",\n        skills=[\"rock climbing\", \"camping\"],\n        preferred_language=[\"English\"],\n        availability=\"immediate\",\n        location=\"Utah\"\n    )\n]\n```",
    "goal": {
      "name": null,
      "experience_level": "intermediate",
      "skills": [
        "hiking",
        "cooking"
      ],
      "max_team_size": null,
      "preferred_language": [
        "English"
      ],
      "availability": "long-term",
      "location_preference": "Oregon"
    },
    "database": [
      {
        "name": "Ian",
        "experience_level": "intermediate",
        "skills": [
          "navigation",
          "first aid"
        ],
        "preferred_language": [
          "English",
          "Spanish"
        ],
        "availability": "long-term",
        "location": "Nevada"
      },
      {
        "name": "Ethan",
        "experience_level": "advanced",
        "skills": [
          "navigation",
          "photography"
        ],
        "preferred_language": [
          "English"
        ],
        "availability": "short-term",
        "location": "New York"
      },
      {
        "name": "Alice",
        "experience_level": "advanced",
        "skills": [
          "navigation",
          "first aid"
        ],
        "preferred_language": [
          "English",
          "Spanish"
        ],
        "availability": "long-term",
        "location": "California"
      },
      {
        "name": "Charlie",
        "experience_level": "expert",
        "skills": [
          "rock climbing",
          "survival skills"
        ],
        "preferred_language": [
          "English",
          "French"
        ],
        "availability": "immediate",
        "location": "Colorado"
      },
      {
        "name": "Charlie",
        "experience_level": "intermediate",
        "skills": [
          "hiking",
          "cooking"
        ],
        "preferred_language": [
          "English"
        ],
        "availability": "long-term",
        "location": "Oregon"
      },
      {
        "name": "Bob",
        "experience_level": "advanced",
        "skills": [
          "camping",
          "cooking"
        ],
        "preferred_language": [
          "English",
          "Spanish"
        ],
        "availability": "short-term",
        "location": "Washington"
      },
      {
        "name": "Diana",
        "experience_level": "beginner",
        "skills": [
          "hiking"
        ],
        "preferred_language": [
          "English"
        ],
        "availability": "long-term",
        "location": "Washington"
      },
      {
        "name": "Bob",
        "experience_level": "intermediate",
        "skills": [
          "camping",
          "cooking"
        ],
        "preferred_language": [
          "English"
        ],
        "availability": "short-term",
        "location": "Oregon"
      },
      {
        "name": "Hannah",
        "experience_level": "beginner",
        "skills": [
          "hiking",
          "cooking"
        ],
        "preferred_language": [
          "English"
        ],
        "availability": "short-term",
        "location": "Florida"
      },
      {
        "name": "Fiona",
        "experience_level": "intermediate",
        "skills": [
          "first aid",
          "camping"
        ],
        "preferred_language": [
          "German",
          "English"
        ],
        "availability": "long-term",
        "location": "Texas"
      },
      {
        "name": "Alice",
        "experience_level": "intermediate",
        "skills": [
          "camping",
          "first aid"
        ],
        "preferred_language": [
          "English"
        ],
        "availability": "short-term",
        "location": "Oregon"
      },
      {
        "name": "Jasmine",
        "experience_level": "advanced",
        "skills": [
          "rock climbing",
          "camping"
        ],
        "preferred_language": [
          "English"
        ],
        "availability": "immediate",
        "location": "Utah"
      },
      {
        "name": "George",
        "experience_level": "expert",
        "skills": [
          "mountaineering",
          "survival skills"
        ],
        "preferred_language": [
          "English"
        ],
        "availability": "immediate",
        "location": "Alaska"
      }
    ],
    "status": "complete"
  }
]